Date,Portfolio_Dollar_Value,Daily_PnL,Portfolio_Dollar_Value_Prior,EWMA_Vol_Daily,EWMA_VaR_pct_250d_95.0%,EWMA_ES_pct_250d_95.0%,EWMA_VaR_1d_$_250d_95.0%,EWMA_ES_1d_$_250d_95.0%,EWMA_VaR_10d_$_250d_95.0%,EWMA_ES_10d_$_250d_95.0%,EWMA_VaR_pct_250d_99.0%,EWMA_ES_pct_250d_99.0%,EWMA_VaR_1d_$_250d_99.0%,EWMA_ES_1d_$_250d_99.0%,EWMA_VaR_10d_$_250d_99.0%,EWMA_ES_10d_$_250d_99.0%,EWMA_VaR_pct_250d_99.5%,EWMA_ES_pct_250d_99.5%,EWMA_VaR_1d_$_250d_99.5%,EWMA_ES_1d_$_250d_99.5%,EWMA_VaR_10d_$_250d_99.5%,EWMA_ES_10d_$_250d_99.5%,EWMA_VaR_pct_500d_95.0%,EWMA_ES_pct_500d_95.0%,EWMA_VaR_1d_$_500d_95.0%,EWMA_ES_1d_$_500d_95.0%,EWMA_VaR_10d_$_500d_95.0%,EWMA_ES_10d_$_500d_95.0%,EWMA_VaR_pct_500d_99.0%,EWMA_ES_pct_500d_99.0%,EWMA_VaR_1d_$_500d_99.0%,EWMA_ES_1d_$_500d_99.0%,EWMA_VaR_10d_$_500d_99.0%,EWMA_ES_10d_$_500d_99.0%,EWMA_VaR_pct_500d_99.5%,EWMA_ES_pct_500d_99.5%,EWMA_VaR_1d_$_500d_99.5%,EWMA_ES_1d_$_500d_99.5%,EWMA_VaR_10d_$_500d_99.5%,EWMA_ES_10d_$_500d_99.5%,EWMA_VaR_pct_750d_95.0%,EWMA_ES_pct_750d_95.0%,EWMA_VaR_1d_$_750d_95.0%,EWMA_ES_1d_$_750d_95.0%,EWMA_VaR_10d_$_750d_95.0%,EWMA_ES_10d_$_750d_95.0%,EWMA_VaR_pct_750d_99.0%,EWMA_ES_pct_750d_99.0%,EWMA_VaR_1d_$_750d_99.0%,EWMA_ES_1d_$_750d_99.0%,EWMA_VaR_10d_$_750d_99.0%,EWMA_ES_10d_$_750d_99.0%,EWMA_VaR_pct_750d_99.5%,EWMA_ES_pct_750d_99.5%,EWMA_VaR_1d_$_750d_99.5%,EWMA_ES_1d_$_750d_99.5%,EWMA_VaR_10d_$_750d_99.5%,EWMA_ES_10d_$_750d_99.5%
2023-07-21,1695157.2472222454,3917.393421134912,1691239.8538011103,0.00718649973262998,0.01096980888676889,0.01394322046016429,18552.57797788514,23581.330132564904,58668.40287799802,74570.71347526545,0.01694398045097239,0.019056187341601114,28656.335020711413,32228.583493616035,90619.28805829647,101915.72960073338,0.017748176213077713,0.020112290786915475,30016.422943841895,34014.707730068345,94920.26371347682,107563.95037195181,0.012549073279386765,0.016250490597152403,21223.492858369493,27483.47734172435,67114.577336765,86910.38642147875,0.017748176213077713,0.02254687819273822,30016.422943841895,38132.17897835803,94920.26371347682,120584.5377168039,0.022294176548567617,0.02573466391232886,37704.79988661564,43523.48923270777,119233.0463625639,137633.35769317078,0.012549073279386765,0.016506541927752062,21223.492858369493,27916.521556653293,67114.577336765,88279.79246821371,0.0177822230136268,0.02173240743846499,30074.00424982493,36754.71357897569,95102.35179103029,116228.6096566822,0.02130619665768265,0.02462754709866731,36033.88892039691,41651.08915463006,113949.16194196003,131712.3087553681
2023-07-24,1700416.4269768822,5259.179754636716,1695157.2472222454,0.006990579246691058,0.010670746705218326,0.0135630962509188,18088.593610623742,22991.58090451787,57201.15547873995,72705.76266631077,0.016482048633369824,0.018536671913644182,27939.664189926363,31422.573733794983,88352.9759004106,99366.90294337359,0.017264320172228283,0.01956398355378136,29265.73745831798,33164.02850572929,92546.38777279189,104873.86646485506,0.012206956723837845,0.015807464905509494,20692.71115694204,26796.138694785725,65436.0982199148,84736.83077329438,0.017264320172228283,0.02193219851608423,29265.73745831798,37178.52526205716,92546.38777279189,117568.81987420912,0.02168638609904303,0.025033077876461415,36761.83456185255,42435.00338256243,116251.12818175214,134191.26320584677,0.011853037037608738,0.015936378135461938,20092.761635896146,27014.66689080244,63538.89125228264,85427.87760567493,0.017297438778808624,0.021139932104940064,29321.878704280545,35835.50911347537,92723.92198071332,113321.82991030352,0.020725340808801156,0.02395614360954635,35132.711673190235,40609.43045521938,111099.38926526633,128418.29472070167
2023-07-25,1700910.0434856254,493.61650874326006,1700416.4269768822,0.00681995894496013,0.010410303906661906,0.013232059366409872,17701.851772709517,22500.01110937666,55978.17040445133,71151.28248472218,0.01607976836277558,0.018084244089942702,27342.302266046765,30750.745719998165,86463.95163349094,97242.3962238686,0.016842946862089613,0.01908648195352626,28640.023522995907,32454.967446973864,90567.70657346684,102631.61851905743,0.01190901937616763,0.015421649319046365,20250.29217642142,26223.22583318329,64037.04656137997,82925.12122982586,0.016842946862089613,0.021396895475179836,28640.023522995907,36383.63255230311,90567.70657346684,115055.14841592318,0.021157082645194975,0.024422091125605633,35975.85087679704,41527.72493110615,113765.6295332443,131322.19682725443,0.011563737870198263,0.015547416141038127,19663.169831739793,26437.081803266756,62180.40268700758,83601.39318651444,0.016875257136992665,0.020623966050192385,28694.964445201196,35069.33066116066,90741.44502438568,110898.96090684635,0.020219493757006733,0.023371441783455908,34381.559329570766,39741.18353072231,108724.03698965536,125672.65686785468
2023-07-26,1701734.299346568,824.2558609426487,1700910.0434856254,0.006612577734418141,0.010093747539725278,0.012829699101265257,17168.55656672705,21822.164056240577,54291.74288829808,69007.74189157896,0.01559081500466608,0.017534338663623295,26518.573827562923,29824.332738835183,83859.09359442811,94312.82114944691,0.016330786783481547,0.018506100493101904,27777.199258046076,31477.212194471314,87839.2166757648,99539.68492695632,0.011546890091441843,0.014952708035066747,19640.221327558083,25433.21127415324,62107.83314489948,80426.87583859736,0.016330786783481547,0.020746258994624137,27777.199258046076,35287.520288710184,87839.2166757648,111588.93709172666,0.020513738389619972,0.023679464540538337,34892.02365634125,40276.639061363385,110338.26692651455,127365.91593041456,0.011212107900389701,0.015074650541398962,19070.78693641737,25640.624507901517,60307.123490863625,81082.77407410281,0.016362114568024114,0.01999683279613864,27830.485001414683,34012.81374085495,88007.72099162481,107557.9610521737,0.01960465969045081,0.022660763328016458,33345.762566605576,38543.91993767394,105448.56002565581,121886.5769542249
2023-07-27,1700690.982191282,-1043.317155286204,1701734.299346568,0.006412230225498326,0.009787927743502131,0.012440985598246534,16656.452360643434,21171.25191021281,52672.3271977216,66949.3769534631,0.01511844536703499,0.01700308425529649,25727.577033880658,28934.731671917638,81357.74210450187,91499.6555690716,0.015835997522443232,0.01794540369942724,26948.66014830892,30538.308990936126,85219.1459584672,96570.61230135648,0.011197043063776644,0.014499671726572674,19054.3922328893,24674.588706374394,60255.27888615172,78027.90064001075,0.015835997522443232,0.020117690004448935,26948.66014830892,34234.963104192364,85219.1459584672,108260.45902107623,0.019892214295679812,0.02296202545342425,33851.26335691047,39075.26629656098,107047.09388203446,123566.84167474518,0.010872404084751925,0.014617919625694762,18501.94294737808,24875.81521213612,58508.28085220361,78664.23472381479,0.0158663761395287,0.01939096987884699,27000.356482969975,32998.27854043009,85382.62412267843,104349.7190524157,0.019010678811895873,0.02197418879304215,32351.12418806427,37394.23076943679,102303.23730124855,118250.940581371
2023-07-28,1716809.8557799358,16118.87358865398,1700690.982191282,0.00621870254235135,0.0094925180479055,0.01206550389621416,16143.839842360876,20519.6936718852,51051.30408283401,64888.96889210104,0.014662155183779908,0.01648991373793182,24935.795100543648,28044.247591212785,78853.9077849853,88683.69765392308,0.01535805087937779,0.017403793015007777,26119.298634592695,29598.47383654735,82596.47457143894,93598.59258839196,0.010859104822942315,0.014062056766261844,18467.981647047854,23915.21313344342,58400.885790859065,75626.54423005355,0.01535805087937779,0.019510517491935546,26119.298634592695,33181.361156420055,82596.47457143894,104928.67711892596,0.019291846871254265,0.02226900798054994,32809.470003757226,37872.70105486698,103752.65403484604,119763.99647604127,0.0105442637811813,0.014176735822539973,17932.534326501187,24110.24677030184,56707.652690897325,76243.29474287234,0.015387512638650139,0.018805730524885017,26169.40398290667,31982.736317191273,82754.92159506718,101138.29256690988,0.018436917032275492,0.02131098524348133,31355.498536199782,36243.40042520018,99154.7925444669,114611.6954931477
2023-07-31,1723940.2214177102,7130.365637774346,1716809.8557799358,0.006456860468223545,0.009856053430760257,0.012527577031720454,16920.96966902286,21507.46771710003,53508.80437273773,68012.58468857803,0.015223672388309994,0.0171214286925211,26136.150797415474,29394.237524353604,82649.76578945894,92952.7406609465,0.015946218832091807,0.01807030684462665,27376.62565335883,31023.280887822668,86572.4917144092,98104.22809669028,0.011274976439866902,0.014600591975196874,19356.99067565007,25066.440203239436,61212.17918169585,79267.0438746506,0.015946218832091807,0.020257712641876847,27376.62565335883,34778.640719131974,86572.4917144092,109979.71859713338,0.02003066758277919,0.023121845162544147,34388.84752396698,39695.81165887343,108747.08428397747,125529.17841110694,0.010948077916826697,0.014719662900357332,18795.76806945474,25270.862341091743,59437.43747174288,79913.48343442481,0.015976808889659994,0.019525934417226935,27429.14296568077,33522.31665080786,86738.56603793695,106006.87306194018,0.019142996458004744,0.022127132986409295,32864.884988262944,37988.0799912208,103927.89160238704,120128.85670892695
2023-08-01,1722855.0245183846,-1085.1968993255869,1723940.2214177102,0.006341945953250468,0.009680642547232807,0.012304620310652563,16688.84905634223,21212.429862807232,52774.77454479318,67079.59307304391,0.014952732519433907,0.016816713934701886,25777.617010352686,28991.009544108263,81515.98240421471,91677.62182706184,0.0156624196061735,0.017748704642335876,27001.07512380383,30597.70581098605,85384.89666453301,96758.44153848541,0.011074312594752615,0.01434074123916089,19091.45290664676,24722.580627133113,60372.47502684572,78179.66441889461,0.0156624196061735,0.01989718057924956,27001.07512380383,34301.54989337965,85384.89666453301,108471.02493698552,0.01967417630328043,0.02271033934865634,33917.10385248833,39151.267445193946,107255.29981033473,123807.17840921436,0.010753231974299194,0.014457693026440087,18537.929110729354,24924.19851719041,58622.07909264451,78817.23616851307,0.015692465244105273,0.019178426012175544,27052.872007512568,33062.45998587308,85548.69279275149,104552.6786035374,0.01880230330474102,0.02173333033767751,32414.046922338177,37466.962314480006,102502.21645815963,118480.93792145069
2023-08-02,1707647.013629394,-15208.010888990711,1722855.0245183846,0.006150678980966656,0.009388683706299757,0.011933524831556876,16175.340897012426,20559.733216262674,51150.91916423035,65015.58504880924,0.01450177253058443,0.016309538064430574,24984.451668740076,28098.969601878063,79007.77336361333,88856.74384576938,0.015190056139377314,0.01721342083135365,26170.26454244254,29656.228568447063,82757.6429232627,93781.22908684742,0.01074032200956997,0.013908238316975931,18504.017739133014,23961.878266601103,58514.84191981974,75774.11233814688,0.015190056139377314,0.01929710080650618,26170.26454244254,33246.10708312694,82757.6429232627,105133.42171653804,0.01908082212438244,0.022025417421100476,32873.49026893384,37946.60107105772,103955.1038892121,119997.68884632732,0.010428924870903659,0.01402166295116663,17967.525614161113,24157.29246752071,56818.30485816483,76392.06630019461,0.015219195629852158,0.018600023183838944,26220.467660019032,32045.143398435368,82916.39912044565,101335.6410857644,0.01823524397443933,0.021077874059435186,31416.681704681396,36314.12122946363,99348.27071133463,114835.33431257911
2023-08-03,1699567.888297167,-8079.12533222721,1707647.013629394,0.00634647849272934,0.00968756122721678,0.012313414327148709,16542.934999008638,21026.965203336884,52313.35378098263,66493.10232365009,0.014963419121142742,0.016828732709440082,25552.237975904372,28737.535154442656,80803.27131850849,90876.06542719748,0.015673613415727056,0.017761389503588753,26764.99914214791,30330.183743711797,84638.35886164018,95912.46248154197,0.011082227319886995,0.014350990455458526,18924.53238716711,24506.425993887686,59844.625997071525,77496.12345104071,0.015673613415727056,0.01991140093955513,26764.99914214791,34001.644351608826,84638.35886164018,107522.64034208296,0.019688237284163305,0.02272657025166862,33620.559601928355,38808.959820300544,106317.54455153755,122724.70665410865,0.010760917225609795,0.014468025827271063,18375.84816422567,24706.28109705237,58109.53413637696,78128.12077904904,0.015703680527042727,0.01919213268417868,26816.343154994578,32773.38806331681,84800.7228864486,103638.55292065577,0.018815741164768633,0.021748862979943624,32130.64420924081,37139.38091753561,101606.01838970072,117445.03458800666
2023-08-04,1696153.5933705135,-3414.2949266531505,1699567.888297167,0.006261831002268544,0.009558351343734365,0.01214918157618434,16245.067008873002,20648.358875974463,51371.41249009746,65295.84399263352,0.014763841374401948,0.016604275950763348,25092.15070784666,28220.094214342298,79348.34762900168,89239.7735018616,0.015464563303351523,0.01752449323894405,26283.075196915008,29784.06596759012,83114.38153572996,94185.48643829154,0.010934415784337133,0.014159581104733856,18583.78194434907,24065.169357344985,58767.07848405556,76100.74744690068,0.015464563303351523,0.019645828445608613,26283.075196915008,33389.41916515144,83114.38153572996,105586.61431195635,0.0194256412823632,0.022423449845479806,33015.19613308429,38110.17530221955,104403.21717772992,120514.9559833096,0.010617391230958152,0.014275055492682593,18044.977193624403,24261.425919023426,57063.22825764635,76721.36518755788,0.015494229388252121,0.018936153581725644,26333.49472218356,32183.278555364286,83273.822074123,101772.46280660456,0.018564782263295602,0.021458782949933752,31552.107787926005,36470.65842364616,99776.52558898315,115330.34838472797
2023-08-07,1719366.87056668,23213.27719616657,1696153.5933705135,0.0060910203276459485,0.009297617951103428,0.011817775330888252,15770.188097550272,20044.762093131518,49869.713517536504,63387.10337049977,0.01436111225183876,0.016151343321993566,24358.65215075362,27395.159013360233,77028.82152814062,86631.0993447095,0.01504271983781687,0.01704645885707097,25514.76330697899,28913.412444663543,80684.76601014355,91432.23825299394,0.010636146007326232,0.013773335037090585,18040.53726993983,23361.691715857192,57049.187986165765,73876.1558167959,0.01504271983781687,0.019109928130014265,25514.76330697899,32413.373266775954,80684.76601014355,102500.08617222458,0.01889574724798014,0.021811781374375307,32050.089594082507,36996.131355958714,101351.28232976215,116992.03969960313,0.010327769272423185,0.013885659506413286,17517.48296292216,23552.211268122326,55395.14503602894,74478.63154074921,0.015071576689128533,0.018419611827903186,25563.70895902463,31242.490790388,80839.54575216984,98797.43067446031,0.018058370802899067,0.020873428731506247,30629.77052775442,35404.54114890764,96859.83907600163,111958.98954370277
2023-08-08,1720374.5387761192,1007.6682094391437,1719366.87056668,0.006779433856148361,0.01034844451809671,0.013153432737523398,17792.772666312856,22615.576483124925,56265.687515135716,71516.73228441532,0.015984220274255823,0.01797678514425796,27482.738791395717,30908.68881633239,86908.05092027361,97741.85614898415,0.01674286386702371,0.018973067579259026,28787.1254513685,32621.663828800727,91032.88371532719,103158.75876333943,0.01183825442409458,0.015330011860034949,20354.302462127653,26357.914517538382,64365.95596429652,83351.04424743944,0.01674286386702371,0.021269752321324255,28787.1254513685,36570.50748644366,91032.88371532719,115646.09884540127,0.021031364490567656,0.024276971863184605,36160.63134789451,41741.02113923906,114349.9566890312,131996.69866123179,0.01149502462603246,0.015455031359107039,19764.164518348352,26572.868902417773,62499.77592826554,84030.78969669878,0.016774982150043746,0.02050141574415974,28842.348563132633,35249.455030222394,91207.51452798389,111468.56417518218,0.020099346878287287,0.023232565616960275,34558.15114255498,39945.303640068036,109282.46933482398,126318.1413296298
2023-08-09,1716049.7672836524,-4324.771492466796,1720374.5387761192,0.0065744715810525396,0.010035580527218124,0.01275576568207191,17264.95722086348,21944.69450203071,54596.58852329934,69395.21718299158,0.015500970164798228,0.017433293923566382,26667.474397847138,29991.79499310404,84329.95854142422,94842.38329504276,0.016236677724844214,0.018399455802950458,27933.166952135354,31653.955290732487,88332.4298304913,100098.59567185203,0.011480349086951263,0.01486654039991751,19750.50026545262,25576.01758370463,62456.56576659047,80878.4690410228,0.016236677724844214,0.020626704993330993,27933.166952135354,35485.65808937288,88332.4298304913,112215.50383239721,0.020395524329600994,0.023543007421448384,35087.940761634425,40502.790534077016,110957.81121182801,128081.06968039105,0.011147496137721098,0.01498778019090411,19177.868526440507,25784.595433204515,60645.745210809095,81538.05011490226,0.016267824977465598,0.019881597496387116,27986.75189249801,34203.79412297943,88501.88029032157,108161.89404809636,0.01949168435785754,0.022530176655550675,33532.99748711887,38760.34227233748,106040.6488319984,122570.9644682929
2023-08-10,1702505.59345044,-13544.17383321235,1716049.7672836524,0.00640393466980538,0.009775265019791451,0.012424890591474162,16774.84126234915,21321.730608024078,53046.705776797455,67425.2323778829,0.015098886508241323,0.016981087223463354,25910.4406787098,29140.390778047695,81936.00772340203,92150.00676599689,0.015815510360444835,0.017922187581074372,27140.202873513554,30755.365827716643,85824.85723934957,97257.00628729432,0.011182557355830208,0.014480913380395562,19189.824948108526,24849.968036482533,60683.55473594542,78582.498777667,0.015815510360444835,0.020091663581195802,27140.202873513554,34478.29461285249,85824.85723934957,109029.94081492722,0.019866479572230606,0.022932319289691337,34091.867646671766,39353.00118034923,107807.95145248726,124445.11649319825,0.010858338364958735,0.014599008301224882,18633.449024274592,25052.624797889068,58924.13958134983,79223.35572694497,0.015845849676460157,0.019365883619478042,27192.266649701192,33232.82007844759,85989.49735569175,105091.40451847,0.018986084538250222,0.02194576060183106,32581.065953492045,37660.01737363494,103030.37700920047,119091.43162219881
2023-08-11,1701395.0343090808,-1110.559141359292,1702505.59345044,0.006505159737299809,0.009929779691227722,0.012621287096682591,16905.505466045783,21487.811878645978,53459.90226913101,67950.42746974292,0.015337550061930246,0.017249502157242826,26112.264770262387,29367.373906941346,82574.23153940255,92867.7904437324,0.01606550137163414,0.018205478204899116,27351.60594679284,30994.928475280823,86493.37245527159,98014.56989589732,0.011359316673573004,0.014709808818886356,19339.300174532887,25043.531792740632,61156.236905215796,79194.60111990027,0.01606550137163414,0.020409246459058564,27351.60594679284,34746.856254655795,86493.37245527159,109879.20729517995,0.02018050303425272,0.023294803557191424,34357.419294458836,39659.53335444761,108647.69949590522,125414.4563394724,0.01102997285071524,0.014829770430578105,18778.590473949193,25247.767107645166,59383.117145220276,79840.44989364033,0.016096320252084406,0.019671994311973678,27404.0752631433,33491.680350460425,86659.29500221096,105909.99257376128,0.019286191861003055,0.022292650633144333,32834.84951971605,37953.36239576472,103832.91111118851,120019.07003240143
2023-08-14,1706626.8340978883,5231.799788807519,1701395.0343090808,0.006309011338887602,0.009630369613431717,0.012240720692491179,16385.063038853783,20826.301402568904,51814.118808217936,65858.54766927703,0.014875080883354251,0.016729382381835817,25308.38874988486,28463.288111513284,80032.15235861763,90008.82012997469,0.015581082465566942,0.017656533131076603,26509.576336075887,30040.737792327498,83830.6410281011,94997.15401565321,0.011016802137027083,0.014266267759589947,18743.93244990355,24272.557124290073,59273.51885003516,76756.56514930334,0.015581082465566942,0.01979385173127191,26509.576336075887,33677.16104543623,83830.6410281011,106496.53403187578,0.019572005547769104,0.022592401372834508,33299.71305044414,38438.59950885829,105302.93866943695,121553.52451502183,0.01069738893324545,0.014382612199843247,18200.484411096724,24470.504977206507,57554.98525745401,77382.53122245928,0.015610972072289078,0.019078829757421274,26560.430364530377,32460.62620970488,83991.4555862123,102649.51309802591,0.018704660307932146,0.021620466106608918,31824.016166353915,36784.9536732322,100636.37537969834,116324.23723119096
2023-08-15,1688445.0574586203,-18181.7766392678,1706626.8340978883,0.00616287324566694,0.009407297601555249,0.011957184099265978,16054.746523158892,20406.45124405591,50769.566269851326,64530.864892393234,0.0145305235763484,0.016341873165142625,24798.181448888194,27889.479263056597,78418.73520862107,88194.27722729316,0.015220171768228851,0.017247547959539734,25975.153559238464,29435.12817014079,82140.64781982296,93082.04823662917,0.010761615647224654,0.013935812628702597,18366.06204180131,23783.231787104083,58078.58770005473,75209.18256696573,0.015220171768228851,0.019335359014406604,25975.153559238464,32998.24254090281,82140.64781982296,104349.60521191481,0.01911865154068002,0.022069084757828386,32628.403751091453,37663.69225169062,103180.07226903066,119103.05260697813,0.010449601136208467,0.014049462137255489,17833.569704673155,23977.189088082487,56394.69907814352,75822.52940687629,0.01524936903031902,0.01863689937374205,26024.982390203735,31806.232575610313,82298.22041881675,100580.13872797227,0.018271396957319216,0.021119662807701094,31182.456343815484,36043.38327472184,98607.58508522347,113979.18572653948
2023-08-16,1676235.5393730754,-12209.518085545162,1688445.0574586203,0.006525749547304677,0.010047251951675015,0.012762752395891698,16964.232898847156,21549.206202411504,53645.61471791783,68144.57336824779,0.015386095717143685,0.01730409942870716,25978.577267196502,29217.02115417314,82151.4745350136,92392.33329250869,0.016116351102345317,0.018263101284488895,27211.573363022737,30836.243097661452,86050.55054391974,97512.7626712562,0.01139527062113757,0.014756367578550963,19240.28835866315,24915.315904047002,60843.13405179822,78789.14687940577,0.016116351102345317,0.0204738447969787,27211.573363022737,34568.96205463357,86050.55054391974,109316.65644057615,0.020244377364793054,0.023368535117785263,34181.518902912,39456.48761967273,108091.4536173018,124772.3693484013,0.011280930267249436,0.0148823943050096,19047.23095327266,25128.105107443775,60232.6329316018,79462.0454236324,0.016147267529192395,0.0197342591358454,27263.774051126966,33320.21230052579,86215.62361375717,105367.76299002035,0.019347235562029882,0.02236321022884642,32666.744260197007,37759.0517798038,103301.31560445463,119404.60591241464
2023-08-17,1662251.7934525749,-13983.745920500483,1676235.5393730754,0.006571952095820341,0.010118386867653838,0.012853113155600619,16960.799668687174,21544.845063001372,53634.757890880705,68130.78223451824,0.015495029844738514,0.017426613093624765,25973.319709397165,29211.108198438003,82134.84867743772,92373.6348846819,0.016230455465116814,0.01839240471806789,27206.06627084076,30830.002442958426,86033.13558934019,97493.02798830399,0.011475949559228243,0.014860843207598751,19236.39449923116,24910.273529627997,60830.820587104594,78773.20149142634,0.016230455465116814,0.02061880037651443,27206.06627084076,34561.96597035244,86033.13558934019,109294.53287954527,0.02038770830640919,0.023533985212014732,34174.601229574735,39448.502395459494,108069.57801344703,124747.11785226036,0.011360799671399292,0.014987762207948875,19043.37616489745,25123.019668636578,60220.4430204382,79445.96385410025,0.016261590781411147,0.01987397842150526,27258.256394542943,33313.46893886074,86198.17525160503,105346.43860807252,0.019484214706451362,0.022521542585623888,32660.133147729306,37751.41008352694,103280.40943118917,119380.44074699255
2023-08-18,1669870.8137199404,7619.0202673655,1662251.7934525749,0.006694020780513781,0.010306327704431911,0.013091849317131369,17131.711710601903,21761.950007012485,54175.22922288141,68817.32834887669,0.015782837467930983,0.01775029831043472,26235.049886838773,29505.465200838324,82962.51217055322,93304.47345748656,0.01653192302326629,0.018734028731686593,27480.218694644303,31140.672857838104,86900.08167461515,98475.45410095324,0.011689106022920998,0.015136871327910332,19430.237450457724,25161.29151207981,61443.80582134947,79566.99004963425,0.01653192302326629,0.02100177788536122,27480.218694644303,34910.24295563431,86900.08167461515,110395.88140965292,0.020766393467315895,0.023971109916903034,34518.974784587685,39846.020450420874,109158.58281321723,126004.18031697832,0.011571817319235672,0.015266147745844979,19235.274092405063,25376.181469642797,60827.27754962813,80246.53176183022,0.01656363665283073,0.02024312146609347,27532.934732264686,33649.16496209218,87066.78442271469,106408.00264294469,0.019846118205871836,0.02293986198914523,32989.245580782255,38131.82673301121,104321.15432591617,120583.42381921274
2023-08-21,1670839.288615947,968.474896006286,1669870.8137199404,0.006586053722123927,0.010140098180871339,0.01288069244953267,16932.65400049171,21509.092381977414,53545.75347311568,68017.72233002505,0.01552827797516423,0.017464005877686564,25930.218178056923,29162.633705782282,81998.54966776143,92220.34507946871,0.016265281619411463,0.018431869828947726,27160.91905319061,30778.841469644958,85890.36755154635,97331.24278532235,0.011500573833690918,0.014892730545548613,19204.47258591171,24868.936074607074,60729.87463374467,78642.48098088546,0.016265281619411463,0.020663042728482083,27160.91905319061,34504.61197494027,85890.36755154635,109113.16362113197,0.020431454797486984,0.02358448275978368,34117.89004816177,39383.03941724388,107890.24151138304,124540.10573868104,0.011385176865441509,0.015019921879641846,19011.774556640252,25081.329171167465,60120.509960621064,79314.12692531238,0.01629648374364791,0.019916622587618987,27213.022569779117,33258.18676694026,86055.13333807042,105171.62103080282,0.019526022545370936,0.022569867706180496,32605.935156552467,37688.76335207103,103109.02033446464,119182.33438762695
2023-08-22,1661949.9679124192,-8889.320703527424,1670839.288615947,0.006386995195152894,0.009749407814407262,0.012408290238336943,16289.693617050983,20732.258834763095,51512.53421618777,65561.15895799985,0.01505894743664319,0.0169361694172356,25161.081022345843,28297.61726097309,79566.32442265082,89484.92290037032,0.015773675699305947,0.017874780407531807,26355.277084286998,29865.88538028671,83342.70395118839,94444.22213923007,0.011152977627640255,0.014442608950728493,18634.833205316016,24131.278464993502,58928.51674613475,76309.80280115125,0.015773675699305947,0.020038517782010084,26355.277084286998,33481.14279581173,83342.70395118839,105876.6699001029,0.019813929422283782,0.022871659482657073,33105.89174061521,38214.86725946892,104690.02187130036,120846.02102091859,0.011041068446081607,0.014565956022282079,18447.85094801097,24337.371598280955,58337.22693101116,76961.52651246027,0.015803934762773246,0.01931465762926895,26405.835116364884,32271.6888131483,83502.58248657038,102052.04058972467,0.01893586317991844,0.021887710406972415,31638.784164863824,36570.846485817645,100050.62035943795,115647.17085554842
2023-08-23,1677307.777129896,15357.809217476752,1661949.9679124192,0.0063287821163350464,0.009660548651657594,0.01229519718666419,16055.348521638703,20434.00256985342,50771.46995619549,64617.989834470725,0.01492169546333524,0.01678180785361549,24799.111296488896,27890.52502382865,78421.67564491613,88197.5842132205,0.015629909468288943,0.01771186404875561,25976.127539296827,29436.23188749852,82143.72781520298,93085.53849737266,0.011051325889091237,0.014310974479823905,18366.75070676487,23784.12357753879,58080.76544988434,75212.00265593495,0.015629909468288943,0.019855880441696717,25976.127539296827,32999.47986295069,82143.72781520298,104353.51796778527,0.0196333390507698,0.022663199999679962,32629.62720544052,37665.104512260856,103183.94117138695,119107.51856702974,0.010940436682936903,0.014433197327453885,18182.45839415484,23987.2518352356,57497.98198677688,75854.35060739849,0.01565989274115475,0.019138617777576927,26025.958238674066,31807.42520133203,82301.30632263419,100583.910141649,0.018763275779725447,0.021688218944691334,31183.62558004658,36044.73477920728,98611.28253483653,113983.45955898141
2023-08-24,1658327.5788237427,-18980.198306153296,1677307.777129896,0.006536582441546678,0.009977744774803598,0.012698899814905327,16735.748908995258,21299.963420534103,52923.08490110304,67356.39848715866,0.01541163698968148,0.017332824631491207,25850.058581095524,29072.481554028825,81745.0627650423,91935.25894396265,0.016143104615607373,0.01829341845239607,27076.954918779767,30683.693040495476,85624.84964504358,97030.35703342283,0.011414187032287419,0.01478086348790448,19145.104678870895,24792.057280957506,60542.13682757855,78399.36888918674,0.016143104615607373,0.02050783184993025,27076.954918779767,34397.94585396019,85624.84964504358,108775.85572965984,0.020277983496532898,0.02340732742320342,34012.41942324631,39261.29232876498,107556.7141104089,124155.10764059368,0.011299656870783733,0.014907099421625743,18953.00234826482,25003.793794341433,59934.65591903668,79068.93853530267,0.016174072364433623,0.019767018459600192,27128.897364726243,33155.37379295762,85789.10608147462,104846.49786000203,0.019379352417756457,0.022400333671841677,32505.138526043957,37572.253878084724,102790.27340158733,118813.89908084208
2023-08-25,1666373.791465016,8046.212641273392,1658327.5788237427,0.006923444359331388,0.010659555557159958,0.013559497866951455,17677.034958442244,22486.08926776731,55899.69274709739,71107.25775601252,0.016323761252680785,0.018358652705645833,27070.143475454952,30444.660091819605,85603.30996998401,96274.46847978095,0.017098520150627437,0.019376098432128355,28354.947522858973,32131.91840000193,89666.21710678366,101610.0477346794,0.012089725713968798,0.015655655972598014,20048.72557188902,25962.20606393593,63399.63699083116,82099.70424467263,0.017098520150627437,0.021721569950844212,28354.947522858973,36021.47850483405,89666.21710678366,113909.9167620722,0.021478118223575243,0.024792669634998803,35617.75579139164,41114.36780838449,112633.2334444507,130015.04683240026,0.011985590852964753,0.01578981500833751,19876.035859969037,26184.685692851137,62853.544172685695,82803.24660503374,0.017131320698597206,0.02093691216759682,28409.341576157774,34720.25886293619,89838.22620637646,109795.09895752631,0.020526302449948672,0.023726077838736266,34039.33344402724,39345.60921729517,107641.82371706972,124421.74105356759
2023-08-28,1679809.5250563745,13435.733591358176,1666373.791465016,0.006816430919319104,0.010404918563522748,0.012855350379608388,17338.48359658213,21421.818952679263,54829.09933866757,67741.73951422922,0.014663651083193915,0.017351361358333383,24435.123852221936,28913.85381376557,77270.64628132894,91433.63398464516,0.01607145015506444,0.018695216495903118,26781.043329235756,31153.21879453739,84689.09503604364,98515.12783630329,0.01190285873413772,0.015413671562191289,19834.611838077555,25684.938321485195,62722.549913663934,81222.90665683534,0.01683423385532821,0.021385826670149776,28052.126095912008,35636.78107195114,88708.61167332897,112693.39666414245,0.02114613789748257,0.024409457359861008,35237.36998307009,40675.28000835523,111430.34790055039,128626.52929151524,0.011800333451996867,0.015545756945110293,19663.76639495548,25905.041941817046,62182.28918553743,81918.93541833294,0.016866527415837645,0.020613297088453476,28105.939238778017,34349.458023880994,88878.78377283759,108622.52374781037,0.020209034032395632,0.023359351527994662,33675.80466240865,38925.41117186858,106492.24477212902,123092.95816166868
2023-08-29,1697887.0947493275,18077.569692953257,1679809.5250563745,0.0068953076339192025,0.010525319665167631,0.01300410679113495,17680.532227811756,21844.422452598774,55910.75208389619,69078.12912113366,0.014833332348239294,0.017552143614323903,24917.172966899205,29484.258028498713,78795.01942777682,93237.41049016167,0.016257421846422437,0.01891154924736621,27309.37207048,31767.80055929847,86359.81721170519,100458.6060213541,0.01204059333490026,0.015592031731485288,20225.903371295757,26191.643417530224,63959.92238777289,82825.24886235202,0.01702903214126913,0.021633293968903986,28605.530393395034,36339.81326730954,90458.62972030071,114916.57966990344,0.021390831624093488,0.024691912771572174,35932.522711029356,41477.710265548085,113628.61384258106,131164.03656767937,0.01193688167567814,0.01572564554785791,20051.687538275037,26416.08917895209,63409.00355096384,83535.00867961587,0.017061699388534267,0.020851825017608426,28660.405146508383,35027.094279387435,90632.15892617831,110765.39774031853,0.020442884008810586,0.023629655580881776,34340.15127762267,39693.320518566725,108593.0932320288,125521.30073376671
2023-08-30,1701913.2480423537,4026.1532930261455,1697887.0947493275,0.007181039204512975,0.010961473681579584,0.0135429781591537,18611.344703388375,22994.44784089907,58854.23958121816,72714.82871518216,0.015448004176389883,0.01827947904712426,26228.966930726096,31036.491572853018,82943.27617433033,98146.00395083727,0.016931105882669488,0.01969521648249145,28747.106178018945,33440.25389391648,90906.33166123771,105747.36783909074,0.012539538099530944,0.01623814296421255,21290.7199133111,27570.53338163108,67327.16795076574,87185.68179165854,0.01773469059158704,0.022529746366828158,30111.50228482795,38252.96560421308,95220.93098942055,120966.49856539244,0.022277236733300364,0.025715109906748523,37824.23275614635,43661.3532507289,119610.72625777067,138069.32199750005,0.012413716144830321,0.016194655478967195,21077.088440188778,27496.69654164989,66651.60591580217,86952.18920208859,0.01776277117042305,0.021516995543287024,30159.179937246707,36533.429050725834,95371.70096455365,115528.8465364568,0.02129000754055412,0.024608834315199925,36148.02905022271,41783.022200602354,114310.10472463687,132129.51767928427
2023-08-31,1699074.1240037736,-2839.1240385801066,1701913.2480423537,0.006986405541282159,0.010664375766320577,0.013175911586321946,18149.842398802815,22424.258483796064,57394.84115331101,70911.73164914954,0.015029304102928909,0.01778403516113951,25578.57176163201,30266.88504439437,80886.54606082266,95712.29441877276,0.016472208073224057,0.019161400690244815,28034.269144330236,32611.04168577555,88652.14303426322,103125.1685977478,0.012199668595128254,0.015798027103655184,20762.777603775026,26886.87162064293,65657.66777946212,85023.75347777433,0.01725401255909052,0.02191910395948952,29364.832556205307,37304.413413872826,92859.75398707317,117966.91316437567,0.021673438304051093,0.025018131948685286,36886.31178029316,42578.690204739156,116644.75970882678,134645.64083367685,0.012077256897252699,0.015755718295801354,20554.443513445258,26814.86570004762,64998.85753976079,84796.05076367593,0.017281332046701594,0.020933802561736506,29411.327954100325,35627.51591172232,93006.78534513722,112664.09765493298,0.02071296680315979,0.023941840662303912,35251.67260855913,40746.93580569415,111475.57677361612,128853.12481866166
2023-09-01,1710658.3927464222,11584.268742648652,1699074.1240037736,0.006785906143549456,0.010358324119918424,0.012797782615418822,17599.560480197557,21744.381286483458,55654.69693531101,68761.77117643,0.014597985536725856,0.017273659930558304,24803.05948803224,29349.228614852436,78434.16092283171,92810.40999192241,0.015999480319518092,0.01861149712747453,27184.303008400817,31622.31317826253,85964.31411071398,99998.53452646775,0.011849556339060612,0.015344647336200907,20133.27455662277,26071.693230902394,63667.004356444624,82445.9330668458,0.01675884818506031,0.02129005843432643,28474.52529934358,36173.38738429233,90044.35523801354,114390.29481796431,0.021051443016047583,0.0243001489517824,35767.962101506404,41287.7542934109,113108.22750334295,130563.34304057439,0.011505998861439281,0.015164621549407377,19549.544936288363,25765.816074908085,61821.08921848256,81478.66456968916,0.01675884818506031,0.020329716781745943,28474.52529934358,34541.6957321898,90044.35523801354,109230.43275823726,0.020118535611790837,0.02325474561678451,34182.88327084224,39511.536537768734,108095.76812752784,124946.44931231275
2023-09-05,1693625.9778537818,-17032.41489264043,1710658.3927464222,0.006786443206608918,0.010359143918059612,0.012798795481812843,17720.956485096733,21894.366908008127,56038.58480963737,69236.06735672394,0.014599140878195143,0.017275027035327243,24974.142870171894,29551.66998290389,78975.17408019799,93450.58580760546,0.016000746580746652,0.018612970113893297,27371.81142856288,31840.4335392699,86557.26779888594,100688.29167130921,0.01185049415913152,0.01534586177139503,20272.14729151079,26251.527233163386,64106.158503587496,83014.6181147344,0.016760174545621294,0.02129174341252639,28670.93325036202,36422.89956484162,90665.4517137986,115179.32161245524,0.021053109109293366,0.024302072160277383,36014.67779121885,41572.54370210768,113888.41101733364,131463.92622554878,0.011506909491032436,0.015165821736659105,19684.3912954081,25943.54023671202,62247.51084748194,82040.67771623388,0.016760174545621294,0.0203313257547647,28670.93325036202,34779.95303804972,90665.4517137986,109983.86851393,0.020120127871108753,0.023256586087985223,34418.665605843395,39784.07417804161,108841.37733816433,125808.28900370265
2023-09-06,1689868.7574900056,-3757.2203637762,1693625.9778537818,0.007021418339813904,0.010717820937512926,0.013241943472836125,18151.979965757066,22426.899462866586,57401.600733537554,70920.08315826523,0.015104624379359872,0.01787316094069799,25581.584234607435,30270.449675527652,80896.0723368147,95723.56677217227,0.01655475955112394,0.01925742922136705,28037.570832906516,32614.88239598776,88662.58389028882,103137.31398985104,0.012260807980202786,0.015877199882405418,20765.222904748392,26890.038176418824,65665.4005001026,85033.76700636411,0.017340482097972277,0.022028952889156593,29368.290949634295,37308.80687799273,92870.69038735374,117980.80651781279,0.021782056065265495,0.025143511846600453,36890.65600320117,42583.70483787684,116658.49734787957,134661.49849602208,0.011905326969543117,0.01569092610639201,20163.17103046146,26574.5600703696,63761.54530778252,84036.13763933243,0.017340482097972277,0.021035281543093913,29368.290949634295,35625.89927285204,92870.69038735374,112658.98539394893,0.020816771102722488,0.02406182666063096,35255.82431460672,40751.73470705931,111488.705620902,128868.30027724206
2023-09-07,1684470.5119774078,-5398.2455125977285,1689868.7574900056,0.006829219835387327,0.010424440162403542,0.01287946945291498,17615.935744769784,21764.613041527922,55706.48006864711,68825.74960343311,0.014691162871280136,0.017383915800197117,24826.137147373465,29376.53619358998,78507.13888941545,92896.76413811743,0.01610160324097707,0.018730292264655606,27209.59626242697,31651.73571669823,86044.29840287384,100091.57676246841,0.011925190752627242,0.015442590530819478,20152.007279973503,26095.951272742837,63726.24242901076,82522.64373063727,0.016865818068004444,0.02142595053344001,28501.019022631157,36207.04440598659,90128.13574730053,114496.72766577589,0.021185812059216023,0.024455254127280942,35801.24190092416,41326.16990617057,113213.46746957659,130684.82387460598,0.011579440385449308,0.015261415659248306,19567.734536588814,25789.78951763245,61878.609785160064,81554.47525205374,0.016865818068004444,0.02045947912581738,28501.019022631157,34573.83456923772,90128.13574730053,109332.06468465769,0.020246950009703883,0.023403178097886678,34214.68825586056,39548.29949359308,108196.34432113326,125062.70398623783
2023-09-08,1686533.3768595092,2062.864882101305,1684470.5119774078,0.006667397640380363,0.010177427204926648,0.012574283199194446,17143.57601449559,21181.009258295988,54212.747446037865,66980.23239732902,0.014343047525700469,0.016971994163405262,24160.44060893296,28588.823697708838,76402.02159745363,90405.79850975702,0.01572006671961857,0.018286467482257658,26479.988835514905,30803.01524209678,83737.07713605689,97407.68696590874,0.011642616668034542,0.01507666968531645,19611.64445956085,25396.205503739264,62017.46515363424,80309.85331751993,0.0164661730476157,0.020918250616171898,27736.782943825812,35236.176325094806,87711.4090681997,111426.57322260125,0.02068380235780583,0.023875773161999455,34841.2551472927,40218.03584204968,110177.72280451027,127180.59627916488,0.011305059049763484,0.014899787853961358,19043.038605489925,25098.25327471705,60219.3755638648,79367.64563988561,0.0164661730476157,0.019974680290717185,27736.782943825812,33646.759935889415,87711.4090681997,106400.39728231155,0.01976718717123308,0.02284862666430786,33297.24389468023,38487.83785520731,105295.13051332526,121709.22983770496
2023-09-11,1688017.9939369082,1484.6170773990452,1686533.3768595092,0.0064712297043916876,0.009877987304061286,0.012204323086603599,16659.55528449384,20582.998227534037,52682.13950449494,65089.15547421624,0.013921046892070401,0.016472644755401885,23478.31022430307,27781.665185135025,74244.93592081645,87853.33917723011,0.015257551476292553,0.017748443687067628,25732.369813919468,29933.342665551005,81372.89820574869,94657.54080543696,0.011300068014952348,0.014633084446626105,19057.941867999714,24679.185325638686,60266.50381796313,78042.43642642252,0.015981705890471782,0.02030279459131807,26953.68040343288,34241.340721780645,85235.02139909404,108280.62681870075,0.020075244261262337,0.023173301014102175,33857.56949522625,39082.54561229563,107067.03564235236,123589.8608922742,0.010972442004907632,0.01446140682621543,18505.38966693199,24389.645288756266,58519.180336449805,77126.8304360649,0.015981705890471782,0.01938698595838393,26953.68040343288,32696.798895521137,85235.02139909404,103396.35670632463,0.01918559769407368,0.022176375184095053,32357.150866054093,37401.19692573525,102322.29533042079,118272.96950181085
2023-09-12,1687019.4996375716,-998.4942993365694,1688017.9939369082,0.006277790809605551,0.00958271313916611,0.011839509770228294,16175.79220964803,19985.30553153719,51152.346340095675,63199.08521401959,0.013504917029883533,0.01598024217641027,22796.54295306839,26974.936341250035,72088.99850955707,85302.23857639915,0.014801470633927515,0.017217904749673642,24985.148766798382,29064.133035340863,79009.97778123006,91908.8586098202,0.010962284816445716,0.014195670259219566,18504.534024821725,23962.54683355764,58516.47455851941,75776.22653249787,0.015503978524040653,0.019695900642838816,26170.99472619201,33247.034691905435,82759.95196702146,105136.35507305566,0.019475152278771758,0.022480601489980472,32874.40748122811,37947.659829611905,103958.0043691599,120001.03693485074,0.01064445224847944,0.014029124450020788,17968.026931035478,23681.41451081532,56819.8901613173,74887.20806873858,0.015503978524040653,0.018807467488427737,26170.99472619201,31747.34354084941,82759.95196702146,100393.91524891899,0.01861209915001266,0.021513475904988512,31417.558270159203,36315.13443974872,99351.04265476277,114838.53836482871
2023-09-13,1672762.857567057,-14256.642070514616,1687019.4996375716,0.006088269384088806,0.009199433068509136,0.010724995241929451,15519.622972185613,18093.27610665516,49077.35701917855,57215.96283133393,0.012340362783076375,0.013264067834834461,20818.432647651618,22376.741081881242,65833.66448138875,70761.46843060506,0.01309721451085842,0.013725920360713502,22095.25627075431,23155.89529899605,69871.33530070166,73225.37040521321,0.010631342306836369,0.013767114459052343,17935.28177895484,23225.39054616366,56716.34089841388,73445.13367281923,0.015035925955840822,0.019101297337332766,25365.90028261016,32224.2610764556,80214.01979375689,101902.060917509,0.01888721318778118,0.02180193031885193,31863.09694159875,36780.28157764279,100759.95964219714,116309.46276768239,0.010323104846955639,0.013605596533089959,17415.27917361729,22952.9066555241,55071.948276325595,72583.46395269397,0.015035925955840822,0.01823968526106954,25365.90028261016,30770.704702676325,80214.01979375689,97305.51206891144,0.018050214934729126,0.02086400147282123,30451.064567537353,35197.97732511643,96294.72121026827,111305.77737832886
2023-09-14,1686436.3544103,13673.496843243018,1672762.857567057,0.006258150232694924,0.00945612464993912,0.011024254551604072,15817.854090942448,18440.96354628786,50020.44662359032,58315.44705440556,0.012684695658223968,0.013634174832011625,21218.487756619164,22806.741252564614,67098.74981531306,72121.24836422568,0.013462665803354732,0.014108914418905456,22519.84731968996,23600.868000537343,71214.01008945833,74632.497638682,0.01092798842069386,0.01415125795527699,18279.933138059572,23671.698695437684,57806.22419185745,74856.48396281956,0.015455473071747433,0.019634280422743584,25853.341300546937,32843.495026221484,81755.4436354281,103860.25060327149,0.019414222687809263,0.022410269107785517,32475.390620703012,37487.06579158604,102696.20226509086,118544.51069799482,0.010611150217653902,0.013985233198128832,17749.93796015604,23393.978648243658,56130.23228077614,73978.25606179699,0.015455473071747433,0.01874862680339959,25853.341300546937,31362.00654711302,81755.4436354281,99175.37268198996,0.018553869690651776,0.021446169253502085,31036.224082661472,35874.3553643549,98145.15807258023,113444.67254164118
2023-09-15,1669285.0501602802,-17151.304250019835,1686436.3544103,0.006386791259949338,0.009650502468237376,0.011250866470062572,16274.958200761843,18973.870233729405,51465.93673844334,60000.64596705629,0.012945439203714224,0.013914435642465353,21831.65929695199,23465.81011855601,69037.76847915859,74205.40711566279,0.01373940111556865,0.014398933861840917,23170.625529120403,24282.88552935802,73271.95148286459,76789.22643391488,0.0111526215157765,0.01444214780173648,18808.186371183994,24355.763088615196,59476.707589878526,77019.68551148145,0.01577317204967631,0.02003787795700976,26600.450768942555,33792.605851938046,84118.01121703583,106861.60256445894,0.01981329676833517,0.022870929196131137,33413.863970840546,38570.36645549949,105663.91557489416,121970.20818673389,0.010823457883211724,0.014192851298876602,18253.072854677004,23935.340403164948,57721.28451777096,75690.19224545413,0.01577317204967631,0.019134019055410192,26600.450768942555,32268.305341023177,84118.01121703583,102041.3411114096,0.01893525856241144,0.021887011537701215,31933.108419809567,36911.05194657701,100981.35537569858,116722.99498397506
2023-09-18,1667869.563296436,-1415.486863844097,1669285.0501602802,0.006679315666230775,0.010195619436298061,0.011807976051115427,17019.39510213594,19710.877894777605,53820.052921063616,62331.268828961955,0.013538359304432998,0.014551737201164759,22599.380790588333,24290.99736376553,71465.5170077159,76814.87830664474,0.014368685836238558,0.015058426149530638,23985.43245688279,25136.805650354127,75848.59722787802,79489.55895610915,0.011562964992322247,0.014912869640436081,19301.884597210206,24893.830345769064,61037.918460905974,78721.2035784472,0.01649560646176372,0.02095564215407554,27535.869259949493,34980.94016430687,87076.0642140555,110619.44561327442,0.020720774817599166,0.023918451294771968,34588.879630755895,39926.71316934964,109379.64134659247,126259.35309938501,0.011319188127450794,0.014842904702951302,18894.951521105348,24777.038921590323,59751.08308515598,78351.87666686752,0.01649560646176372,0.02001038518922462,27535.869259949493,33403.03684432135,87076.0642140555,105629.67719457869,0.01980252117415348,0.022889468764617345,33056.0525514968,38209.04801488643,104532.4165169503,120827.61895377633
2023-09-19,1663610.2968796848,-4259.266416751314,1667869.563296436,0.006479169783133226,0.00989010741114834,0.011454149714340594,16495.40912878683,19104.027681989246,52163.06378330014,60412.239957992904,0.013132681984467858,0.01411569398382508,21903.60056634538,23543.136360428467,69265.26674820545,74449.93416288083,0.013938127758232928,0.01460719998350369,23246.979057293887,24362.904257470007,73513.40253928263,77042.26787021851,0.011216480418862886,0.014466005079326327,18707.626297931867,24127.40957430003,59158.708716728426,76297.56829454165,0.016001315146979608,0.02032770574346261,26688.106506361528,33903.961701167435,84395.20299726144,107213.7406788061,0.02009987621337522,0.023201734224350994,33523.97176231455,38697.46632848827,106012.10698408287,122372.13327569654,0.010980008334651094,0.014398136643174695,18313.22170610575,24014.213875334193,57911.49188692887,75939.61206447484,0.016001315146979608,0.019410773430333223,26688.106506361528,32374.63820449594,84395.20299726144,102377.59515011124,0.019209138066360425,0.022203585184853346,32038.336718041508,37032.68392587657,101314.11647241499,117107.62907487611
2023-09-20,1655728.143793604,-7882.1530860806815,1663610.2968796848,0.006312935319451931,0.009636359360661602,0.011160273415613955,16031.146656829576,18566.345770207987,50694.93693977517,58711.9404600904,0.01279573999661192,0.013753531099160601,21287.124814558814,22880.515955018545,67315.7992502953,72354.54445768132,0.013580520646494183,0.014232426650434941,22592.693984494876,23677.21152524841,71444.37147018868,74873.91706137433,0.010928701942726127,0.014094854349145924,18181.1010834482,23448.344828258567,57493.68979345136,74150.17701832682,0.01559077334445144,0.019806162802740106,25936.971072146735,32949.736380313836,82019.90419388312,104196.21526390377,0.01958417863880494,0.022606453042601223,32580.441239447067,37608.328057598475,103028.40148993205,118927.97565282733,0.010698296964549568,0.014028727196748563,17797.796989301336,23338.335016626985,56281.57581947966,73802.29544860494,0.01559077334445144,0.018912755996181314,25936.971072146735,31463.455617620235,82019.90419388312,99496.18281129978,0.018716293941090846,0.021633913267223626,31136.61931982559,35990.400873155246,98462.63568825163,113811.64066168337
2023-09-21,1622355.9273872783,-33372.21640632581,1655728.143793604,0.006230191024124992,0.00951005460313332,0.011013994559154658,15746.065055421752,18236.180767181995,49793.429760318184,57667.86704685188,0.012628024910739903,0.013573262146372412,20908.576245238775,22473.632138837183,66118.72356624584,71067.86485548694,0.013402519359580214,0.014045880764188666,22190.928501395592,23256.160085636388,70173.87745835706,73542.4355001075,0.010785458317482153,0.01391011163726318,17857.786879968015,23031.363321127577,56471.28051057084,72831.56571362316,0.015386423467776219,0.01954656138100629,25475.73436792347,32363.79179292129,80561.3456680682,102343.29578509573,0.019327486786437684,0.022310147927437463,32001.063821103875,36939.53981565675,101196.24922309934,116813.08153595173,0.010558073281154247,0.0138448512202829,17481.29907584237,22923.30981205762,55280.72153825846,72489.87051578843,0.015386423467776219,0.01866486454974555,25475.73436792347,30903.941535109247,80561.3456680682,97726.84392762567,0.01847097754310471,0.021350355331354275,30582.91736149811,35350.38420211709,96711.67635504116,111787.7302407241
2023-09-22,1618811.907013065,-3544.0203742133453,1622355.9273872783,0.00783337900559935,0.012060519934407404,0.014877788239235993,19566.456002958283,24137.06793633725,61874.566706822465,76328.11071704578,0.01685133142257376,0.02022088742738833,27338.857417780036,32805.47657485435,86453.0580667744,103740.025703839,0.01846916102052917,0.021905665429795614,29963.552855525573,35538.786153391506,94753.07381430297,112383.5095223713,0.013678654536107733,0.01796079367135074,22191.646265337262,29138.80007329579,70176.14722723508,92144.97651589602,0.019382856412749526,0.025775678054121114,31445.89199092071,41817.32407352958,99440.64174695633,132237.98972574397,0.024499576765423702,0.02839819629627141,39747.03358386479,46071.98208836337,125691.15636021794,145692.39971770922,0.013282065506509406,0.017725045393551193,21548.23770243165,28756.33245743635,68141.51070239762,90935.50771852586,0.019382856412749526,0.02421736614246949,31445.89199092071,39289.187506943366,99440.64174695633,124243.3199393736,0.024300944969041827,0.027373883464464014,39424.78211163707,44410.1820941818,124672.10772863585,140437.32672044088
2023-09-25,1626515.1223988074,7703.215385742485,1618811.907013065,0.007613610416220707,0.01172215721108416,0.014460385923827293,18975.9676691821,23408.64491349574,60007.27864033199,74024.63486476174,0.01637856056171744,0.01965358232154257,26513.808857042786,31815.453077574588,83844.02543460092,100609.29651534944,0.017951001301512975,0.021291093201455134,29059.294649696232,34466.27518784049,91893.55829098492,108991.9320557237,0.013294894397622237,0.017456896402183487,21521.933353352168,28259.431755348163,68058.32904693829,89364.1697289904,0.018839062603090394,0.02505253106963548,30496.898858847275,40555.33559634067,96439.66196574728,128247.23175693957,0.0238122313143403,0.027601473510808296,38547.523584203445,44681.59397040217,121897.9726851403,141295.60643331695,0.012909431832291192,0.017227762136858425,20897.94196288647,27888.50647833526,66085.09501273122,88191.20101190072,0.018839062603090394,0.02353793822358643,30496.898858847275,38103.49466287966,96439.66196574728,120493.82994676943,0.02361917221266213,0.026605898186271754,38234.99721164957,43069.944780714024,120909.67751899971,136199.12420473766
2023-09-26,1602910.6710507895,-23604.4513480179,1626515.1223988074,0.007472699440084012,0.011505206181974164,0.014192756378257336,18713.391841297223,23084.732877757684,59176.94096571143,73000.33507028763,0.01607542987465883,0.019289838273960195,26146.929790194154,31375.213661223566,82683.85195752207,99217.13724389703,0.01761876823759914,0.020897042473610877,28657.19297649479,33989.35559673827,90622.00115270365,107483.77988708451,0.012936439351218418,0.017112261629020846,21041.314234751775,27833.35231804726,66538.47794513847,88016.78824295662,0.01849039350186529,0.024588864502168857,30074.904649888536,39994.15995539287,95105.19910603664,126472.63856413966,0.023371519933659747,0.027090631694298623,38014.13060554275,44063.32212611313,120211.23598463091,139340.45919221063,0.012670506993559918,0.016908914619498783,20608.771233485055,27502.605331965045,65170.65687517053,86970.87443770083,0.01849039350186529,0.023102303397267435,30074.904649888536,37576.245837900824,95105.19910603664,118826.52276618882,0.023182033926083104,0.026113482252244746,37705.92874873637,42473.973781768946,119236.61613802968,134314.4984286654
2023-09-27,1610047.7916161253,7137.120565335732,1602910.6710507895,0.008081646057188963,0.012458866537666707,0.015599480560621796,19970.45012242357,25004.57385347003,63152.10828564693,79071.40529885865,0.01738540878109954,0.020861757746382815,27867.257255804554,33439.53410855348,88124.00507019593,105745.09167791723,0.019054513031279956,0.022599932229024452,30542.682269514968,36225.67253492795,96584.44182250804,114555.6349817779,0.014112178718834611,0.01857490187772655,22620.56186019586,29773.908433529232,71532.49743095424,94153.3654952484,0.01999716661139285,0.026592599026366365,32053.671752182156,42625.560750337485,101362.61010829586,134793.85851294233,0.02527605364524751,0.029298234001570583,40515.25611001944,46962.451924060566,128120.48929271493,148508.31258618826,0.013970576859388552,0.018339231258402356,22393.586728649134,29396.149482961337,70814.73904305026,92958.78680493889,0.01999716661139285,0.02498489878517187,32053.671752182156,40048.5608778759,101362.61010829586,126644.6693860003,0.02507112651572723,0.028241457130109743,40186.77622732358,45268.53299987631,127081.74469785107,143151.67061410393
2023-09-28,1620096.618328228,10048.82671210263,1610047.7916161253,0.007910656532769986,0.012195264834622547,0.015269430501095731,19634.95921515782,24584.512857525086,62091.19288441084,77743.05579547388,0.017017572481628673,0.02042036969123225,27399.10499271359,32877.77112535334,86643.5776270661,103968.64114583387,0.018651362225342902,0.022121768296034034,30029.58456154576,35617.104191673214,94961.8844031134,112631.17290521775,0.013694613209727624,0.018126589756290203,22048.98175535898,29184.67580664652,69725.00243443188,92290.04832261486,0.01957407136762534,0.026029959209130354,31515.190378381605,41909.47834051815,99659.78248950961,132529.4071055311,0.024741268978682604,0.028678349009974333,39834.62548090847,46173.51249070567,125968.14625945095,146013.46704086417,0.013674990752778421,0.01795121421225933,22017.388661881832,28902.31279927614,69625.09630071349,91397.13809234956,0.01957407136762534,0.024456274303141685,31515.190378381605,39375.770432931466,99659.78248950961,124517.11919197778,0.024540677648103436,0.027643931169506607,39511.66385209214,44508.05033105228,124946.85191555347,140746.8132595365
2023-09-29,1609920.2387812054,-10176.379547022516,1620096.618328228,0.007819623972913723,0.0120549267765332,0.015093716217419796,19530.14610485584,24453.27860184774,61759.74472721012,77328.05664049658,0.016821741303884478,0.020185380532177808,27252.84620081552,32702.26673984971,86181.0667168436,103413.64754829416,0.018436730071722543,0.021867200146324473,29869.28404222804,35426.97700936681,94454.9696519616,112029.93796401945,0.013537021271364653,0.017917996466953995,21931.28238397516,29028.8854833293,69352.80434168897,91797.39606351842,0.019348821059256786,0.0257304172166364,31346.95956673992,41685.76192084704,99127.7899521031,131821.95366939233,0.024456556699759633,0.028348330444256737,39621.98480523314,45927.03428799149,125295.71740111975,145234.03452670266,0.013517624621525056,0.017744639072067032,21899.857937163135,28748.029754110743,69253.43151555215,90909.25226528027,0.019348821059256786,0.02417484162493863,31346.95956673992,39165.57916518356,99127.7899521031,123852.4360416161,0.024258273691154998,0.0273258162559813,39300.74717352083,44270.46250937382,124279.87481475051,139995.4945987146
2023-10-02,1588721.4869629631,-21198.75181824225,1609920.2387812054,0.007736924372810937,0.01192743501642543,0.014934086508936458,19202.21902969094,24042.68811844616,60722.74826325179,76029.65552735802,0.01664383616628674,0.019971901865720697,26795.248695063612,32153.169020575864,84734.01634705559,101677.24809738508,0.018241744966375293,0.021635934715437677,29367.754412052764,34832.129183332,92868.99370654582,110148.86397254984,0.013393855020710835,0.017728497438919775,21563.038273143633,28541.466830097714,68188.31421651786,90256.04294525481,0.019144189766293902,0.02545829476910382,30820.618559824587,40985.82399363794,97463.35354430422,129608.55559867441,0.024197906480009027,0.028048521195187675,38956.69937830141,45155.88194001624,123191.90015789795,142795.43668411413,0.01337466350799684,0.017556973455368406,21532.141468412545,28265.32689754199,68090.60994114616,89382.81180545344,0.019144189766293902,0.023919170797050263,30820.618559824587,38507.95716103559,97463.35354430422,121772.85266906382,0.024001720493662185,0.027036821019806305,38640.85558831637,43527.12535209128,122193.11439672534,137644.85611226698
2023-10-03,1567727.394233293,-20994.09272967046,1588721.4869629631,0.008173748475083122,0.012818783440500123,0.015878041615901364,20365.476688647563,25225.785886074624,64401.29197119009,79770.93916772459,0.01758354146019568,0.021099508610051842,27935.350134716995,33521.242693149405,88339.33365999728,106003.4769096289,0.019271667644283022,0.02285749218497992,30617.312476081348,36314.188972365606,96820.44325750666,114835.54853444468,0.014150067491385426,0.018729442337076675,22480.51626554014,29755.86747974753,71089.63437556947,94096.3149901364,0.020225064168760295,0.026895661379145293,32131.9940201142,42729.71513912805,101610.2868664711,135123.22360982324,0.025564111998592362,0.029632131102789602,40614.25402729138,47077.20338750537,128433.54819490718,148871.1885755114,0.01412979243243153,0.018548234168114845,22448.304843730646,29467.978168104655,70987.77291597905,93185.92905132688,0.020225064168760295,0.025269638994365785,32131.9940201142,40146.41843814609,101610.2868664711,126954.1221627213,0.02535684941859734,0.028563310681741536,40284.971513009914,45379.145418881504,127392.26545611082,143501.45779566123
2023-10-04,1577262.462180017,9535.06794672436,1567727.394233293,0.008568489784013885,0.013644221348506631,0.016676758822129004,21390.419581036567,26144.61165247338,67642.4459827402,82676.52136239447,0.01843271735455979,0.022118483890722327,28897.475946902814,34675.75311439318,91381.84262214386,109654.35942315965,0.02020236955349556,0.023961367158803593,31671.808177439605,37564.89169813836,100155.05145665546,118790.61782366755,0.014833427907972176,0.019633958130071603,23254.771281712627,30780.69401774273,73538.04371648503,97337.10105678633,0.02120180921144451,0.0281945548561989,33238.657108089326,44201.376016276336,105109.86282690779,139777.02392497307,0.026798699906788834,0.0310631790795631,42013.05597371005,48698.59679500559,132856.94834106698,153998.48472639362,0.014812173689537841,0.019443998731484474,23221.4504612301,30482.889464785607,73432.67403025465,96395.36037187357,0.02120180921144451,0.026490005684538787,33238.657108089326,41529.10758504711,105109.86282690779,131326.56916292367,0.026581427830860708,0.0299427412673875,41672.43258827559,46942.05574332309,131779.80261877665,148443.8141994894
2023-10-05,1571037.1222317226,-6225.339948294452,1577262.462180017,0.008439192197460213,0.01343833152016636,0.016425108330433036,21195.77586108892,25906.70680683232,67026.92849545769,81924.20018377794,0.018154569638025534,0.021784718354742782,28634.521207090733,34360.21851009981,90550.30672280073,108656.55139299267,0.019897517976172594,0.0235997927131014,31383.608194369135,37223.06716160433,99243.68308853082,117709.6737280886,0.01460959308092985,0.01933768381981329,23043.162754275556,30500.60279449739,72868.87879746966,96451.37483870835,0.02088187619749313,0.027769102064778995,32936.1994661963,43799.16229522151,104153.40778280227,138505.1124602682,0.026394310415983988,0.030594439058052494,41630.755034258575,48255.46027772036,131648.00662077818,152597.16401737774,0.014588659586358986,0.019150590888059826,23010.145139086682,30205.50813630344,72764.46793056585,95518.20359346659,0.02088187619749313,0.026090274356248697,32936.1994661963,41151.21037008898,104153.40778280227,130131.55324222174,0.02618031695224437,0.02949090853160046,41293.23117675019,46514.90300247781,130580.66246640557,147093.03862963466
2023-10-06,1592388.6937550616,21351.571523339026,1571037.1222317226,0.008239245330932784,0.013119941771960046,0.016035953910649586,20611.91556526788,25193.07888402746,65180.60012532351,79667.51054581976,0.017724439688695828,0.021268580545424454,27845.752721698424,33413.729574037236,88056.00176239977,105663.49057488545,0.01942609295373902,0.02304065097378877,30519.113170248096,36197.718000206645,96509.90978642613,114467.2349811283,0.01426345303702235,0.018879522754725393,22408.414212370913,29660.431097692104,70861.62766358015,93794.51865119523,0.02038712911563866,0.027111178318735635,32028.93665639952,42592.6675661775,101284.39086748032,134689.84113150142,0.025768959133734896,0.029869575578267905,40483.991400369734,46926.21205876495,128021.621599838,148393.7120697564,0.014243015512509633,0.01869686255119736,22376.306102674916,29373.465137195162,70760.09290557826,92887.05260508698,0.02038712911563866,0.02547212649537372,32028.93665639952,40017.65630641434,101284.39086748032,126546.94055007034,0.025560035743235815,0.028792190619509883,40155.76499819316,45233.600293622,126983.67858075758,143041.20369750672
2023-10-09,1603312.417280459,10923.72352539748,1592388.6937550616,0.008645565083274274,0.013766953880156859,0.016826769641924463,21922.341706209158,26794.757730221423,69324.53143612278,84732.4637799032,0.018598523376635635,0.02231744412852807,29616.078345493795,35538.04570377838,93654.26293375154,112381.16801510123,0.02038409395515263,0.024176904504474288,32459.400746625943,38499.02938292068,102645.63784350804,121744.6205557761,0.014966857593235662,0.01981056955596891,23833.05481251056,31546.12697777312,75366.73680717063,99757.61260664697,0.02139252377504037,0.028448170581703913,34065.21299026063,45300.545192320664,107723.66202797888,143252.90205512373,0.027039759634602097,0.031342598660362875,43057.807523994874,49909.59973966438,136160.74282895896,157828.01228468624,0.014945412188806165,0.01961890143415721,23798.905392964025,31240.916827646906,75258.74686063091,98792.45336724621,0.02139252377504037,0.026728288645365146,34065.21299026063,42561.82464230125,107723.66202797888,134592.30724235327,0.02682053315239057,0.0302120822833698,42708.71375234954,48109.37824283568,135056.811393581,152135.21206190996
2023-10-10,1617547.6861271092,14235.268846650142,1603312.417280459,0.008547826799707598,0.013611318195360357,0.016636542679668957,21823.19547817671,26673.57545892956,69011.0035341258,84349.25179058849,0.01838826670350923,0.02206514498304626,29482.136338001164,35377.32094041169,93230.70111569948,111872.9116864709,0.020153651371463938,0.02390358412281477,32312.599497409487,38324.91324161695,102181.41153262602,121194.0169718566,0.014797656973327113,0.019586610676910268,23725.267171992135,31403.45611072825,75025.88235951695,99306.44771103412,0.021150680872373803,0.028126563452905956,33911.149276613214,45095.668439470865,107236.46978806907,142605.02487649897,0.02673407461930399,0.03098826996512126,42863.07380163245,49683.878025118014,135544.9407290508,157114.21754936138,0.014776454009617124,0.01939710936699112,23691.272196992762,31099.62630744397,74918.38080951845,98345.6535116149,0.021150680872373803,0.02642612481573571,33911.149276613214,42369.33405767235,107236.46978806907,133983.59856678854,0.026517326496792185,0.029870534098038994,42515.558845387044,47891.798230185275,134446.0019463416,151447.16364860642
2023-10-11,1625909.974838914,8362.288711804664,1617547.6861271092,0.008565605935511481,0.013639629189527137,0.016671146019036926,22062.7506351514,26966.37366818035,69768.543455405,85275.16102663956,0.01842651355836255,0.022111039596774202,29805.76436971915,35765.660937627,94254.10281060553,113100.95058421472,0.020195570155392695,0.023953302615980027,32667.297774873157,38745.609221580926,103303.0659715496,122524.37447101931,0.014828435504417268,0.01962735003901041,23985.701539055226,31748.174640408117,75849.44814042066,100396.54341648686,0.021194673437546902,0.028185065573157485,34283.394977123695,45590.68760120174,108413.61405088709,144170.4129129958,0.026789680418811298,0.031052724319771508,43333.58557353294,50229.26237138941,137032.82959417798,158838.87428378096,0.014807188439395906,0.019437454573991608,23951.333398192928,31441.00967036092,75740.76653635029,99425.20249372032,0.021194673437546902,0.026481090092042595,34283.394977123695,42834.42600450702,108413.61405088709,135454.34844018804,0.02657248146892598,0.02993266360706013,42982.255914716705,48417.510757221244,135921.82766274884,153109.61262852294
2023-10-12,1616010.2284747306,-9899.746364183258,1625909.974838914,0.008400163440154622,0.013376183228336898,0.01634914708298812,21748.469736225947,26582.24132233892,68774.6999897154,84060.42789083713,0.01807061014571735,0.02168397050284603,29381.185287347118,35256.18393469014,92911.46586344566,111489.84283945795,0.019805497865490743,0.02349065068141037,32201.956536152218,38193.68325836165,101831.5277679873,120779.03132746408,0.0145420280522698,0.01924825277582274,23644.02846457277,31295.926186431006,74768.98300990374,98966.40823362936,0.02078530372241161,0.02764067821570413,33795.03265232545,44941.25442222602,106869.2767811097,142116.72487934874,0.026272244569944377,0.030452948864564924,42716.304507680055,49513.753322155484,135080.8154695865,156576.23600174018,0.014521191368893663,0.019062025093308323,23610.14989322895,30993.13673983968,74661.84956058476,98008.90393093886,0.02078530372241161,0.025969614586680616,33795.03265232545,42224.25539920617,106869.2767811097,133524.81956615378,0.026059240762414244,0.029354521839027255,42369.97949233814,47727.80986470115,133985.6396104133,150928.58690390846
2023-10-13,1606473.1333650544,-9537.095109676244,1616010.2284747306,0.008280517340939804,0.013185662156091701,0.016116281176520367,21308.16491345636,26044.07522623168,67382.33388500674,82358.59726765717,0.01781322491389774,0.021375119073390157,28786.35366297965,34542.411057463796,91030.44310614675,109232.69481537097,0.019523402096819634,0.023156066153136368,31550.017483085532,37420.439754705876,99769.91546468319,118333.8206699831,0.014334901495325748,0.018974094019539593,23165.34744062412,30662.330011617196,73255.2607015244,96962.8012044475,0.02048925227899636,0.027246983574912693,33110.8412566573,44031.40415214189,104705.6736153089,139239.52569616353,0.025898040948454642,0.030019198192070103,41851.49907016011,48511.33132899543,132346.06055412503,153406.2993267087,0.014314361595209163,0.01879051883491255,23132.154751943868,30365.670635565762,73150.29620362991,96024.68188688057,0.02048925227899636,0.025599721416679225,33110.8412566573,41369.41165545725,104705.6736153089,130821.56629236184,0.02568807101935681,0.02893641639889178,41512.185517065904,46761.544876013046,131273.05688538286,147872.9887163772
2023-10-16,1627990.0100211345,21516.87665608013,1606473.1333650544,0.008158131153405605,0.012990777844525864,0.01587808226584704,20869.335588744794,25507.712569443396,65994.63371484457,80662.46962034702,0.017549945145842363,0.021059194448904694,28193.515368826207,33831.030092475885,89155.72381245298,106983.11068192068,0.019234845880831356,0.022813819100435867,30900.263131973057,36649.787454300735,97715.21179556301,115896.80411665456,0.014123031406724246,0.01869365658630268,22688.27051657337,30030.857070247952,71746.61100241687,94965.90842895473,0.020186420780841662,0.026844272692942362,32428.942643224153,43124.602865937086,102549.32086354945,136371.96824658613,0.025515267461511348,0.029575513930774417,40989.59166754155,47512.268535252995,129620.4700296906,150246.98537295157,0.014102795086681717,0.01851279464603554,22655.761412106873,29740.307222360516,71643.80818761038,94047.10913581497,0.020186420780841662,0.025221357097503803,32428.942643224153,40517.432564145885,102549.32086354945,128127.37184497736,0.0253084008915469,0.02850873567096754,40657.266080702284,45798.51792161532,128569.56425052644,144827.6300923453
2023-10-17,1636508.3877345452,8518.37771341065,1627990.0100211345,0.008554712625600936,0.013622282990210352,0.016649944487993288,22176.94062174328,27105.943293859527,70129.64389901943,85716.51893596289,0.018403079638535588,0.02208291988071612,29960.029805159287,35950.77295790295,94741.93295083402,113686.32619056199,0.02016988643772238,0.02392284000180639,32836.3736238728,38946.14453427478,103837.73075171518,123158.52281042599,0.014809577440591512,0.01960238895531039,24109.844125917345,31912.49339179394,76242.02146953026,100916.16493314102,0.021167719110211952,0.02814922121416537,34460.83524635852,45826.65092653622,108974.72945030264,144916.59446532006,0.02675561064098079,0.031013233015580222,43557.86683553189,50489.23352782222,137742.06921859164,159660.97526405656,0.014788357396526487,0.01941273498986169,24075.298106167276,31603.73863068256,76132.77736302688,99939.79664960787,0.021167719110211952,0.026447412763980407,34460.83524635852,43056.123770665545,108974.72945030264,136155.41833342038,0.026538687913874242,0.029894596740153725,43204.71880285589,48668.10484658064,136625.31708412792,153902.0607190744
2023-10-18,1609275.3411389936,-27233.04659555154,1636508.3877345452,0.008392036686896044,0.013363242415766684,0.01633333007117898,21869.058300732224,26729.631661121275,69156.03451332537,84526.51706649322,0.018053127701365825,0.021662992306505164,29544.09490812804,35451.66861302462,93426.63131786768,112108.01967066029,0.01978633700088819,0.023467924609074837,32380.506464495906,38405.455465472915,102396.1522176132,121448.71384705658,0.014527959341023638,0.01922963101898643,23775.12731825162,31469.45245561168,75183.55398616605,99515.14647811177,0.020765194942867014,0.027613937191751543,33982.41569694483,45190.43983267631,107461.83399700391,142904.71833605558,0.026246827439588512,0.030423487104304956,42953.153256307814,49788.29183032883,135829.7969762109,157444.4029929927,0.014507142816134383,0.019043583502779068,23741.060900666867,31164.984134821156,75075.82651487582,98552.33310904691,0.020765194942867014,0.025944490236247446,33982.41569694483,42458.37588711596,107461.83399700391,134265.1735548586,0.026034029702975848,0.029326122753972683,42604.90797545027,47992.445866609196,134728.548704296,151765.43942081855
2023-10-19,1588274.5299681944,-21000.811170799192,1609275.3411389936,0.009115741484478943,0.014737372910095147,0.01801574291190652,23716.49081738593,28992.29082043077,74998.12908940803,91681.673578553,0.01960997684494215,0.023531145657967444,31557.852176872042,37868.09245611691,99794.69094181852,119749.42280716925,0.021492653065556297,0.025491730064480092,34587.59659405515,41023.21259573934,109375.58402829652,129726.78873984459,0.015917917225442984,0.020979746530851075,25616.311673197022,33762.188755444986,81005.89014006143,106765.41525973174,0.02255592486500411,0.029995282694807855,36298.693681835,48270.668791247466,114786.54812336192,152645.25755994886,0.028510277380056584,0.03304712000750317,45880.886356757896,53181.91532373593,145088.1019546997,168175.98275321655,0.015780808234142206,0.020746841811954207,25395.66555444824,33387.380934489345,80308.14584793929,105580.16886066733,0.02255592486500411,0.028181867497018183,36298.693681835,45352.38443019785,114786.54812336192,143416.83211898291,0.02827912858652565,0.03185512215225879,45508.90430319453,51263.66256860057,143911.7914167327,162109.93491909557
2023-10-20,1563034.1160958337,-25240.41387236072,1588274.5299681944,0.009405520673176068,0.015205857451115285,0.018588443155071285,24151.0760959335,29523.550814961345,76372.40840719707,93361.66519099822,0.02023335599519254,0.024279174362981715,32136.123982943584,38561.99424938062,101623.34695566379,121943.73294635786,0.022175880379416618,0.0263020835468763,35221.38598624883,41774.92938259914,111379.80206448231,132103.9259417049,0.016423929944999666,0.021646669121748664,26085.7096136249,34380.853224722385,82490.25676080555,108721.80409006758,0.0232729523957676,0.030948799059751054,36963.837527359945,49155.1892797062,116889.91764686395,155442.35694056316,0.02941658709307221,0.034097650854703704,46721.61603851772,54156.43038427413,147746.72264556924,171257.66995865412,0.016259131931456946,0.02133844957365798,25823.96512612564,33891.315966851645,81662.54801531442,107173.75135568286,0.0232729523957676,0.029077737428516416,36963.837527359945,46183.429746815484,116889.91764686395,146044.8281583104,0.029178090338876563,0.03286776072574692,46342.817718348684,52203.02721779276,146548.8571799894,165080.46676398793
2023-10-23,1555828.825436485,-7205.290659348713,1563034.1160958337,0.009927394372572802,0.016773486091197654,0.01967552550121558,26217.531006400888,30753.51761051353,82907.11260631334,97251.16171132178,0.021356021790243793,0.025626325996941066,33380.190642237074,40054.821803412466,105557.4311601079,126664.46817095656,0.02340632887165066,0.027761478100289706,36584.89055894888,43392.13738400017,115691.5821142691,137217.9866763809,0.017335226339623977,0.022847753855569072,27095.550179075377,35711.81875241458,85683.6530212614,112930.68664474285,0.024564272906848032,0.03266602076585618,38394.79659049205,51058.10489412816,121415.00752482207,161459.90447723528,0.031048792652267884,0.035989589409794194,48530.32217908035,56252.956071789646,153466.35366767982,177887.4663042536,0.017161284361385497,0.022522432471080628,26823.672932867434,35203.330329763616,84823.90167926993,111322.70506533944,0.024564272906848032,0.030691141611996084,38394.79659049205,47971.30140147836,121415.00752482207,151698.5747510991,0.0307970626930503,0.03469145773060822,48136.859664779855,54223.9319700372,152222.11594859368,171471.12871533862
2023-10-24,1569039.333235728,13210.507799243089,1555828.825436485,0.009691279226959844,0.01637454212239533,0.019207558843059438,25475.984637346573,29883.673714299337,80562.13708947391,94500.47379048982,0.020848085870155016,0.02501682430221543,32436.052951962258,38921.896370266746,102571.80563402887,123081.84338308327,0.0228496280353201,0.027101193518245643,35550.10994785265,42164.818079419,112419.31850462411,133336.86225761048,0.01692292182770469,0.02230433827983239,26329.169590151243,34701.732428049654,83260.14480571993,109736.51322636203,0.023980031296551883,0.031889085554031096,37308.82392604447,49613.95852177178,117980.86042848596,156893.1126659195,0.030310321919358254,0.03513360577248435,47157.6725503969,54661.87660235284,149125.65441165573,172856.03124250102,0.01649372257284693,0.021795253773984544,25661.409017587677,33909.68407926849,81148.50046476092,107231.83642723811,0.023980031296551883,0.029961177323404385,37308.82392604447,46614.4633237665,117980.86042848596,147407.87600948507,0.030064579156150534,0.033866349118400904,46775.338875755915,52690.24217070362,147916.60917360845,166621.17572527792
2023-10-25,1550791.8124016563,-18247.520834071795,1569039.333235728,0.009621590044082263,0.016256794151897295,0.019069438884950895,25507.549456643414,29920.699673222818,80661.95381238355,94617.56015323986,0.020698169018640616,0.02483693039935857,32476.241316208278,38970.12071343176,102698.89240048277,123234.34214615029,0.022685318260568348,0.026906311089717555,35594.15663780244,42217.06041204351,112558.6063682567,133502.06701898406,0.01665651309350103,0.022054622236148593,26134.72419825903,34604.56976817245,82645.2544868165,109429.25791762982,0.02380759288596656,0.031659773792092435,37355.049667744635,49675.43036113869,118127.0390587891,157087.50369027894,0.030092362915407535,0.034880962935508165,47216.10104427859,54729.60282694988,149310.4215325751,173070.20036955178,0.016375117585642182,0.02163852591685159,25693.203578232657,33951.698276780844,81249.0436936034,107364.69698544133,0.02380759288596656,0.029745728989204093,37355.049667744635,46672.218779831455,118127.0390587891,147590.5147979521,0.029848387267971108,0.033622819018623906,46833.29365709918,52755.52553448721,148099.8782839502,166827.61984815143
2023-10-26,1551493.5767942625,701.7643926062156,1550791.8124016563,0.009758634147639143,0.016488346085730285,0.01934105242755118,25569.992109795425,29993.945747877548,80859.4148194878,94849.18457881553,0.020992981207211568,0.025190692599378534,32555.743374045538,39065.51983184322,102950.29998191894,123536.02064710262,0.0230084341998963,0.02728954829546202,35681.291373381435,42320.40806074208,112834.15059600283,133828.88097969448,0.01689375838194337,0.022368754923135975,26198.702179409633,34689.28198841851,82847.57062735171,109697.14147925719,0.02414669382561958,0.03211071644276372,37446.49508134047,49797.036149789215,118416.21484732808,157472.05495907564,0.03052098031448148,0.035377786254190045,47331.68637817001,54863.581263893786,149675.93445178302,173493.8773876438,0.016608354846830944,0.02194673197977683,25756.100713926793,34034.8122632115,81447.94190069755,107627.52648797852,0.02414669382561958,0.030169409144489713,37446.49508134047,46786.4726862703,118416.21484732808,147951.81737387064,0.03027352962562888,0.03410172209704975,46947.94187592425,52884.671416901394,148462.4277851188,167236.01498701252
2023-10-27,1535356.4283488772,-16137.148445385275,1551493.5767942625,0.009461995820551709,0.015987141170645633,0.018753132299650175,24803.946837559804,29095.364307680262,78436.9669684195,92007.62056463772,0.020354846532658604,0.024424957887143092,31580.41365205279,37895.16527537287,99866.03659076305,119835.03457870014,0.02230903474227756,0.026460013564385338,34612.324107123684,41052.541087032914,109453.77929046468,129819.5335726687,0.016380229936382027,0.021688800132430644,25413.821532709808,33650.034093840695,80365.56009239436,106410.75107885675,0.023412694092382617,0.031134630131600515,36324.6444997806,48305.178665043306,114868.6118152144,152754.38736290866,0.029593218047284837,0.03430238910621534,45913.687717034474,53219.93636699058,145191.82896352545,168296.21584891703,0.016103501962410612,0.021279605642112835,24984.479858573864,33015.17147045301,79007.86250769497,104403.13918764198,0.023412694092382617,0.029252333770780493,36324.6444997806,45384.80795160782,114868.6118152144,143519.36429640165,0.029353289246973946,0.033065114141404985,45541.43972446417,51300.31220635897,144014.67745257786,162225.8312498322
2023-10-30,1548056.6062427002,12700.177893823013,1535356.4283488772,0.009524529610234618,0.016092799273075217,0.018877070679391893,24708.182814044172,28983.03181600045,78134.13453620818,91652.3940356876,0.020489370550238115,0.024586381038082455,31458.486787130263,37748.85817665484,99480.46998964417,119372.37090890006,0.022456473878064553,0.026634886282004624,34478.69152673505,40894.043871417125,109031.19596683104,129318.321368528,0.016488485940001747,0.02183214017312377,25315.70288172176,33520.11675941935,80055.28167432899,105999.9163945475,0.023567427249747083,0.03134039712298682,36184.400927543684,48118.68018978447,114425.12269974739,152164.6274009422,0.029788797934288156,0.03452909163564684,45736.42240119507,53014.46280783782,144631.26681532382,167646.45140305298,0.01620992908666366,0.021420241339802408,24888.018826288495,32887.705237849994,78702.82594022216,104000.05556785564,0.023567427249747083,0.02944566077307984,36184.400927543684,45209.58455492851,114425.12269974739,142965.25926354382,0.02954728345824647,0.03328363959129675,45365.61159786516,51102.250005344664,143458.66009580455,161599.50357624088
2023-10-31,1559966.5908422738,11909.984599573538,1548056.6062427002,0.009452265992611734,0.015970701495994267,0.018733848339471827,24723.5499572041,29001.0576822682,78182.72970972343,91709.3968298913,0.02033391551997762,0.02439984155416323,31478.052251482328,37772.33590919754,99542.34142047552,119446.61401803127,0.022286094225956697,0.026432804571256036,34500.13539383956,40919.47773805515,109099.00742872327,129398.75031680915,0.016363386046158356,0.02166649740713725,25331.447869255062,33540.96444525916,80105.07169666518,106065.84256574494,0.023388618676429104,0.031102614201779743,36206.90565293747,48148.60738648316,114496.28889010838,152259.26550649395,0.029562787160899866,0.03426711575054458,45764.86796337792,53047.43491451382,144721.21958114556,167750.71835940317,0.01608694263324826,0.02125772369400644,24903.49781764731,32908.15959818864,78751.77480879807,104064.73793460758,0.023388618676429104,0.02922225341777355,36206.90565293747,45237.702452682664,114496.28889010838,143054.1758634627,0.029323105080835864,0.0330311130831174,45393.826535936845,51134.03281986958,143547.88356415168,161700.0096605903
2023-11-01,1563672.962455051,3706.371612777235,1559966.5908422738,0.009354618336003968,0.015805714436099322,0.01854031629212735,24656.386464708372,28922.27399936737,77970.34009782529,91460.26094946821,0.02012385380549158,0.02414777635083239,31392.539615561018,37669.724350429686,99271.92672223946,119122.12777806462,0.02205586531811539,0.0261597376235028,34406.4130283768,40808.31671786403,108802.63128616224,129047.22830597723,0.01619434231602798,0.02144266931127548,25262.63297366694,33449.847744068655,79887.45988966004,105777.70625710198,0.02314700002045486,0.030781305280347237,36108.54671013501,48017.807859858556,114185.25060260636,151845.64108548834,0.02925738558932831,0.03391311560345147,45640.54405474235,52903.32733275611,144328.0728622425,167295.01017294987,0.01592075473170718,0.021038118479219037,24835.845482457247,32818.761961763164,78537.83934056832,103782.03778606743,0.02314700002045486,0.028920369766882403,36108.54671013501,45114.8106311415,114185.25060260636,142665.55780158567,0.029020179570926917,0.03268988159532033,45270.51059088946,50995.12314728945,143157.92430598577,161260.73870620885
2023-11-02,1605078.0250689404,41405.06261388934,1563672.962455051,0.009088247950588537,0.015355650724797928,0.01801238548628674,24011.21585926983,28165.48017422435,75930.13150524968,89067.06874286506,0.01955083217043657,0.023460174541495026,30571.10765840807,36684.040625012094,96674.33079478629,116005.12215318502,0.02142783014506664,0.02541484572702425,33506.11864192,39740.50710831411,105955.65046029491,125670.51783238439,0.015733212524375522,0.020832094739056218,24601.599036925185,32574.583294764318,77797.08703888844,103009.8770423273,0.022487895063395397,0.029904815416558882,35163.7134931578,46761.35131408211,111197.42562797431,147872.37661980715,0.02842428895237814,0.03294744823472926,44446.292111843504,51519.03398653355,140551.5166226008,162917.49024907054,0.015467415277154837,0.02043906338937569,24185.97906795122,31960.01079987166,76482.78129588219,101066.4281711743,0.022487895063395397,0.028096869570031827,35163.7134931578,43934.31527628484,111197.42562797431,138932.5037129899,0.028193837315211235,0.03175904550484976,44085.94111765212,49660.760769313194,139411.9867238499,157041.11436776537
2023-11-03,1618831.5160411296,13753.490972189233,1605078.0250689404,0.010891386765585265,0.01840226322942515,0.021586103060629993,29537.0683210845,34647.3796694906,93404.41129863267,109564.63471220221,0.023429782716643664,0.02811475170008018,37606.6293706248,45126.37013406833,118922.60393295887,142702.11215945386,0.025679183372420495,0.030457236191798437,41217.09293278786,48886.24051579009,130339.89219843905,154591.8662727013,0.018854734553872637,0.024965252067719206,30263.320100929,40071.17748420302,95701.02107769244,126716.18937493738,0.026949568718960183,0.035838030897263055,43256.1605358883,57522.83585493865,136787.99012729665,181903.17877360515,0.03406376302673993,0.03948433225133321,54674.99748537611,63375.434031135774,172897.52311776718,200410.7192401355,0.0185362022430854,0.024494241982646273,29752.050888609978,39315.16954706661,94084.24586924411,124325.48236442092,0.026949568718960183,0.03367138254294692,43256.1605358883,54045.196193374046,136787.99012729665,170905.9165617239,0.03378758901335547,0.03806014644183877,54231.716645397624,61089.50468470123,171495.74602032255,193181.97593518224
2023-11-06,1615565.2159499773,-3266.300091152312,1618831.5160411296,0.010764427889712574,0.018187751459399357,0.021334477860089945,29442.90526839873,34536.92513819532,93106.64158071119,109215.34681542279,0.0231566660842378,0.027787023252995674,37486.740863604886,44982.50897891711,118543.48318549884,142247.18324235312,0.025379845893689797,0.03010220183737461,41085.69440497209,48730.393036573216,129924.37356934823,154099.03327078023,0.018634948409522175,0.024674236753818947,30166.84178513502,39943.43209134249,95395.92985496647,126312.22297290509,0.026635422593819878,0.03542027361674995,43118.26153794959,57339.45523759495,136351.91520675545,181323.2783440713,0.03366668805778062,0.03902407071209076,54500.695668660795,63173.39555295013,172346.3323766416,199771.81747407466,0.018320129170814468,0.024208717145965543,29657.202479658907,39189.83427881429,93784.30886451562,123929.1374455954,0.026635422593819878,0.03327888148052577,43118.26153794959,53872.9021592726,136351.91520675545,170361.0749867046,0.03339373335365761,0.03761648637248247,54058.82799117479,60894.75366250629,170949.0240913771,192566.11912840026
2023-11-07,1608016.2575450875,-7548.958404889796,1615565.2159499773,0.01044821953511047,0.017653480709312868,0.020707771061591045,28520.3493744098,33454.75462696203,90189.26368689333,105793.22318325675,0.022476431950516206,0.026970770964240293,36312.141637920686,43573.03941718025,114829.07429446661,137790.04913458534,0.024634305174543143,0.029217940471102335,39798.32655908843,47203.488306810024,125853.35898989125,149270.53655464467,0.01808754111253972,0.023949423518510423,29221.602263484325,38691.85557855976,92406.82003214223,122354.39052654081,0.025852998925900414,0.03437979226886405,41767.20579267683,55542.79652116271,132079.50180583727,175641.7446221508,0.03267771882089,0.03787772672463749,52792.9858636238,61193.93775558319,166946.0798101226,193512.22230221506,0.017781969785053007,0.02349757869121596,28727.93185580513,37961.8707925759,90845.6971304521,120045.97594556127,0.025852998925900414,0.03230130418020197,41767.20579267683,52184.8634633539,132079.50180583727,165023.0279291011,0.03241278224450736,0.03651149060460496,52364.963546387124,58986.694203284176,165592.55439827158,186532.3053262292
2023-11-08,1611575.0982252166,3558.840680129128,1608016.2575450875,0.01019468178546103,0.0172250992269485,0.020205273802841005,27698.239594760504,32490.40876311819,87589.52429650241,102743.6938013476,0.021931016154290557,0.02631629499791847,35265.430520583155,42317.03019500536,111519.08311146026,133818.19923033623,0.024036526167589573,0.02850893441973243,38651.12485239195,45842.83003221647,122225.58866109792,144967.75728977422,0.01764862666831747,0.023368263932048855,28379.278605998286,37576.54831333905,89743.15874744281,118827.47927750989,0.025225646950060365,0.033545528102039104,40563.250402789716,53941.75455601448,128272.26057255793,170578.8053827705,0.03188475737270408,0.03695858126034767,51271.208223188754,59429.99952244027,162133.7963740311,187934.1598336303,0.017350470371350363,0.022927383625581884,27899.838433185734,36867.6056129087,88227.03579957041,116585.60561359955,0.025225646950060365,0.031517476854879226,40563.250402789716,50680.61517944681,128272.26057255793,160266.1771855551,0.031626249779092154,0.03562549839003379,50855.52380996192,57286.380594320675,160819.28684040369,181155.44158532366
2023-11-09,1600990.2562017357,-10584.842023480916,1611575.0982252166,0.009898933638839636,0.016725398375176472,0.019619117961499285,26954.2355293309,31617.68195589532,85236.77686131993,99983.88931543665,0.021294796454877748,0.025552858175135456,34318.1636884556,41180.34992352895,108523.56237000482,130223.70060109223,0.023339225534290818,0.02768188903526431,37612.914682925206,44611.44304106563,118942.47983563361,141073.76971663596,0.017136639267689473,0.022690349614260218,27616.981111076766,36567.20240836591,87332.56240885016,115635.64727083089,0.024493849872936728,0.03257237092338516,39473.67851489172,52492.821870282634,124826.73173231063,165996.8779195929,0.03095977922263585,0.03588641126627368,49894.00924175039,57833.64676139552,157778.71080142193,182886.0491596304,0.016847132497415516,0.022262259263994284,27150.41920933565,35877.302660086825,85857.16412988857,113453.99270909214,0.024493849872936728,0.030603153528053414,39473.67851489172,49319.28015297407,124826.73173231063,155961.25784333562,0.030708770945168083,0.03459200118599728,49489.49055233493,55747.607709130374,156499.51038676282,176289.41446641352
2023-11-10,1625185.6448334423,24195.38863170659,1600990.2562017357,0.009732162283770548,0.01644361879639899,0.01928858671368267,26326.073469730494,30880.83938450821,83250.3540132802,97653.78851287816,0.020936034370973456,0.0251223587961887,33518.387031433136,40220.651645502076,105994.44651437853,127188.86817598579,0.02294602012342264,0.027215521008796324,36736.3546362086,43571.78395253655,116170.55358210552,137786.07900678943,0.016847931346586797,0.022308076079531777,26973.37392304125,35715.01243793739,85297.29777620167,112940.78596512522,0.024081192036930935,0.0320236109624746,38553.75380884926,51269.489119316924,121917.67438535558,162128.3600902617,0.030438187248997363,0.03528181832184168,48731.24120208869,56485.8473543484,154101.71540564197,178623.9332043371,0.01656330201444323,0.02188719794124852,26517.68513565019,35041.190639497574,83856.2833038457,110809.97434498451,0.024081192036930935,0.030087569772320806,38553.75380884926,48169.90603827548,121917.67438535558,152326.6177572485,0.03019140780991706,0.03400921569386052,48336.1497246902,54448.422946933846,152852.32645294178,172181.03151648826
2023-11-13,1628823.5523405562,3637.90750711388,1625185.6448334423,0.010125786463715291,0.017108692577058226,0.020068727231903134,27804.8015781035,32615.407407366958,87926.5028758512,103138.97422160681,0.021782807073717228,0.026138450348208747,35401.1053603816,42479.83428410054,111948.12462640181,134333.03096426598,0.023874088120104102,0.02831627198545451,38799.82529628181,46019.19874596003,122695.82075286793,145525.4841331981,0.017529357834010332,0.023210341978610948,28488.460714982233,37721.11459531355,90088.42289157282,119284.63800141144,0.025055172863723763,0.03331882853452374,40719.30726694427,54149.281836974864,128765.75570778982,171235.064267227,0.03166928123875451,0.03670881639266646,51468.461251416884,59658.641440188076,162757.56521859748,188657.18906230226,0.0172332164674199,0.02277244112664826,28007.176017158108,37009.44441684345,88566.4670434627,117034.1392946274,0.025055172863723763,0.03130448279050073,40719.30726694427,50875.59605005733,128765.75570778982,160882.76083684692,0.031412520630895585,0.03538474245222374,51051.17759736585,57506.77547948252,161437.99844143848,181852.39140708634
2023-11-14,1668816.5580540765,39993.00571352034,1628823.5523405562,0.009832579930853382,0.016613286077000654,0.019487608723064,27060.11164399011,31741.876066923916,85571.58653345217,100376.62557826684,0.02115205494784817,0.025381574383221292,34452.965279456694,41342.10615087456,108949.84242978273,130735.21870522038,0.02318277998043324,0.02749633410090785,37760.6580408588,44786.6765865835,119409.68535586527,141627.9068429392,0.01702177037379442,0.022538253551457728,27725.460487369066,36710.83821323753,87675.6043170883,116089.86356777672,0.02432966473732261,0.0323540345179172,39628.730944700575,52699.01343602286,125317.05056724999,166648.91290164838,0.030752252207625123,0.03564586046143809,50089.99268329667,58060.81706303537,158398.46486038662,183604.4247295598,0.016734204201204583,0.02211303274079369,27257.065932598307,36018.22854188261,86194.41068039222,113899.63947683448,0.02432966473732261,0.03039801701671329,39628.730944700575,49513.00606127162,125317.05056724999,156573.8729553408,0.030502926467949085,0.03436012696306584,49683.8850463076,55966.58405885343,157114.23975231234,176981.87848524793
2023-11-15,1670076.8326771262,1260.274623049656,1668816.5580540765,0.011233083224948884,0.01897959909354493,0.022263325818945936,31673.469232535917,37153.40676400981,100160.30417407885,117489.38820897698,0.02416484740310151,0.028996798341024022,40326.69746914585,48390.33720205587,127524.21451504866,153023.6823020761,0.026484818708540497,0.03141277380998528,44198.30399787276,52422.157068510875,139767.3093498038,165773.41619558985,0.019446265841665717,0.025748489172622582,32452.25042889314,42969.50507614867,102623.0265534785,135881.50597079672,0.027795059969141712,0.036962380673074245,46384.85630860972,61683.43289232428,146681.79487483684,195060.14183789247,0.03513244853661613,0.040723077768409915,58629.61184288771,67959.34647484632,185403.11175510727,214906.32315704922,0.019117740187961595,0.025262702045667114,31904.001378246165,42158.81547499587,100889.31082840904,133317.8803557404,0.027795059969141712,0.03472775786451367,46384.85630860972,57954.25734839308,146681.79487483684,183267.4533244726,0.03484761009099978,0.039254210849057385,58154.26872847275,65508.07703825293,183899.94484347798,207154.72857865642
2023-11-16,1661427.5502863417,-8649.282390784472,1670076.8326771262,0.010892447941738773,0.018404056209816902,0.0215882062508213,30736.187903302805,36053.96311855217,97196.36036535204,114012.64213033221,0.023432065541341376,0.0281174909934969,39133.34980236623,46958.37030124693,123750.5178475774,148495.40536154745,0.025681685362077357,0.030460203719574662,42890.38774730867,50870.88055068727,135631.3150092738,160867.84911853247,0.01885657161972292,0.024967684497191306,31491.923405816244,41697.95144435104,99586.20586194642,131860.50032725712,0.026952194485567085,0.03584152268986903,45012.235600153785,59858.09669222182,142341.18707260216,189287.92195001183,0.034067081947810385,0.03948817931256831,56894.64431795127,65948.2934345205,179916.66270988312,208546.8150542132,0.018538008273503777,0.024496628520380148,30959.898141555546,40911.25177058463,97903.79425412964,129372.73752364385,0.026952194485567085,0.033674663233365806,45012.235600153785,56239.27491424844,142341.18707260216,177844.2026853958,0.03379088102607315,0.038063854740944515,56433.36755739385,63569.56196523883,178457.97751481758,201024.60566936425
2023-11-17,1672546.4279114446,11118.877625102876,1661427.5502863417,0.010636934551663707,0.017972336653436654,0.021081793386211682,29859.735259040688,35025.872341296475,94424.77374820645,110761.53363279138,0.02288239970543805,0.027457915158700053,38017.44928727885,45619.33671808924,120221.73057774617,144261.0093753127,0.02507924828596698,0.029745672885331052,41667.35404277706,49420.28043349443,131763.7428478005,156280.64877409593,0.0184142370255601,0.024381996344966485,30593.920711768365,40508.920458508204,96746.47200378779,128100.45420347832,0.026319953999332506,0.0350007576922372,43728.696696760206,58151.22311077948,138282.28067244362,183890.31375468514,0.03326794151170189,0.038561871597533603,55272.27456885617,64067.755862746715,174786.2790957867,202600.03310188567,0.018103146489950792,0.023921990327741446,30077.06632527373,39744.65378819303,95112.03492381577,125683.63078552937,0.026319953999332506,0.032884728095881915,43728.696696760206,54635.59324217353,138282.28067244362,172772.91595977184,0.03299821966925266,0.03717095861546337,54824.151268897025,61756.854714284294,173369.18879532497,195292.3220252455
2023-11-20,1680960.5363963854,8414.108484940836,1672546.4279114446,0.01044150868300059,0.017642141945051003,0.020694470538123608,29507.30149090172,34612.46277605727,93310.28031653163,109454.21780013552,0.02246199542281205,0.026953447739491588,37568.73020818752,45080.89273658446,118802.75625824434,142558.300001348,0.024618482652983324,0.02919917389783136,41175.55522184712,48836.97400078293,130208.5384230766,154436.07187289983,0.018075923552913438,0.023934040893862318,30232.82136962572,40030.79460251586,95604.5756210286,126588.48749032486,0.025836393641927812,0.03435771025759797,43212.56789592032,57464.865562561885,136650.13809577815,181719.86061306868,0.03265673004499778,0.03785339800322679,54619.89718402938,63311.56561460718,172723.2806657499,200208.74957335682,0.017770548492741067,0.02348248628480096,29722.067403561177,39275.548554123336,93989.42976430031,124200.18978356272,0.025836393641927812,0.03228055717401769,43212.56789592032,53990.730592394444,136650.13809577815,170733.68120849846,0.03239196363638167,0.03648803941151551,54177.06307306757,61027.939979222276,171322.91624949483,192987.2912423913
2023-11-21,1675861.8877869134,-5098.648609471973,1680960.5363963854,0.010197768404325671,0.01723031442810319,0.020211391304161552,28963.478583342716,33974.55116796064,91590.56128486998,107436.96417268946,0.021937656154401113,0.026324262718176682,36876.33425658156,44250.04677898565,116613.2080084898,139930.93439059207,0.024043803647816088,0.028517566000064463,40416.6850768423,47936.90304018768,127808.78031655915,151589.7975816432,0.017653970099839496,0.023375339084153103,29675.62704855195,39293.02252534539,93842.57246712434,124255.44733239265,0.025233284457477207,0.03355568459951917,42416.15537668346,56405.781583555676,134131.660577917,178370.7430060151,0.03189441104269322,0.03696977111958302,53613.246294372395,62144.72629162588,169539.97104579897,196518.87964928706,0.017355723530819746,0.022934325293434286,29174.286335914127,38551.69574714049,92257.19393141686,121911.16622279069,0.025233284457477207,0.03152701932424447,42416.15537668346,52995.67531426119,134131.660577917,167587.04013182502,0.03163582518136957,0.035636284635029665,53178.57366621727,59903.18813527373,168165.41550429736,189430.51361303966
2023-11-22,1683149.0141830137,7287.12639610027,1675861.8877869134,0.009915064290886271,0.01675265298576127,0.019651087987448048,28075.132658156956,32932.50941171142,88781.36481115344,104141.73880593992,0.02132949705643242,0.02559449743437878,35745.29120253825,42892.842787335336,113036.535826,135639.07852750493,0.02337725760318503,0.027726997623351964,39177.05505815464,46466.618579733884,123888.72600158904,146940.34987825743,0.01716456400942036,0.02272732431757655,28765.438643866517,38087.856635199256,90964.30400844329,120444.37816118659,0.024533763441811723,0.032625448719526516,41115.199116112155,54675.74608100084,130017.67565825616,172899.89038498778,0.031010229245264705,0.035944889404875134,51968.86132367426,60238.67021434587,164339.96918824365,190491.4010970763,0.01687458547792981,0.02229853637939493,28279.47467466509,37369.267271657955,89427.55100499086,118171.99907002533,0.024533763441811723,0.030653022416875328,41115.199116112155,51370.23201391926,130017.67565825616,162446.93709528339,0.03075881194119545,0.03464837003895521,51547.520645854456,58065.882822223015,163007.57297545386,183620.4440666707
2023-11-24,1687907.641796913,4758.627613899298,1683149.0141830137,0.009671583732514623,0.01634126429643841,0.019168523504210947,27504.782891054387,32263.481439456584,86977.76048416275,102026.0865952507,0.020805716503858478,0.024965982848518517,35019.12122284066,42021.469419593974,110740.18472171739,132883.55399303074,0.022803190953949764,0.02704611602084854,38381.16837436756,45522.64351797063,121371.91132142366,143955.23862868742,0.016719069720569458,0.021092026683457537,28140.68571823356,35501.02391938338,88988.66178858935,112264.09485336934,0.02388547675926609,0.02787160329873086,40202.81666065,46912.06161595888,127132.46900181864,148348.9644405893,0.030003479198353358,0.030513747608995084,50500.32643476901,51359.18420710937,159696.05411588072,162412.0008626146,0.01646020253759598,0.021750959487380612,27704.97367440741,36610.10601871934,87610.81932613162,115771.32039939212,0.023931296907402966,0.029900287508166798,40279.93879781631,50326.63944315963,127376.35061328408,159146.8076224525,0.030003479198353358,0.03379752285972848,50500.32643476901,56886.26728317986,159696.05411588072,179890.17219996706
2023-11-27,1685851.4743885435,-2056.1674083694816,1687907.641796913,0.009402414421976965,0.015886471475982485,0.018635045389524565,26814.89660549952,31454.235518210844,84796.14849529605,99467.02629691293,0.020226673761586784,0.0242711559643094,34140.757210315445,40967.469627402555,107962.55382741305,129550.51399636171,0.022168556611024275,0.026293397065670708,37418.47611135535,44380.82583594612,118327.61108448319,140344.49408083607,0.01625376221830513,0.02050501565845429,27434.84945622717,34610.57262507035,86756.61154550979,109448.24061789524,0.02322072138010925,0.02709591025289835,39194.433065523364,45735.39397731045,123943.68008606939,144628.01465344828,0.02916845403257816,0.029664521191379422,49233.656460990656,50070.97200917579,155690.49195499535,158338.31620753286,0.016002099553545923,0.02114560974005143,27010.066121225133,35691.83627068804,85413.32869482103,112867.49648918428,0.023265266310244212,0.02906813426459886,39269.620793501475,49064.325957995105,124181.44455857339,155155.02188818745,0.02916845403257816,0.03285690587520607,49233.656460990656,55459.42251256222,155690.49195499535,175378.0928573148
2023-11-28,1679632.43660885,-6219.037779693492,1685851.4743885435,0.009120867217180893,0.015410764765195432,0.018077034999299132,25980.260500859735,30475.196106141746,82156.79738722369,96371.03183570244,0.01962100343008278,0.0235443770953682,33078.097561587725,39692.322839786335,104602.12895987902,125518.14579644745,0.021504738269470573,0.025506063928010914,36253.7947179267,42999.43547888564,114644.56513283,135976.1542147317,0.01552293045952698,0.019380126645296203,26169.35520202439,32672.0150788093,82754.7673363729,103317.9833964031,0.02207628275322952,0.025040797141553207,37217.33382855036,42215.0647809519,117691.54333705372,133495.75627936513,0.022568607940966733,0.02686743536137437,38047.32097217576,45294.50551701187,120316.19313956727,143233.80292482005,0.01552293045952698,0.02051242266183623,26169.35520202439,34580.89798773758,82754.7673363729,109354.40117518422,0.022568607940966733,0.028197714010445248,38047.32097217576,47537.157738895614,120316.19313956727,150325.69194561,0.028295029789343368,0.03187303411714046,47701.217688232275,53733.20155961759,150844.49505832567,169919.30290130342
2023-11-29,1685407.6651291584,5775.228520308388,1679632.43660885,0.00888922568414335,0.015019379484553865,0.017617934784341156,25227.036959994184,29591.654729838752,79774.89541083164,93577.02867958506,0.019122691240457016,0.022946423471560184,32119.09248272753,38541.55716699514,101569.4886230114,121879.10521729123,0.020958585099854436,0.024858289587111764,35202.719359142444,41752.78950912894,111320.77300659308,132033.91351443113,0.0151286965206635,0.01888793197348673,25410.649399717866,31724.78320312972,80355.52892709886,100322.57319694216,0.021515614139274088,0.024404839123501464,36138.32340188476,40991.15940205375,114279.41276972032,129625.4276415156,0.02199543580530389,0.026185086439095086,36944.247435936115,43981.320538510634,116827.96833839371,139081.1474036369,0.0151286965206635,0.019991471208585007,25410.649399717866,33578.323497471305,80355.52892709886,106183.98226196048,0.02199543580530389,0.027481580166370652,36944.247435936115,46158.953456702584,116827.96833839371,145967.4273328826,0.027576424428506614,0.031063558624333725,46318.25695581238,52175.36066193151,146471.18922930415,164992.9774324541
2023-11-30,1697362.6747298143,11955.009600656109,1685407.6651291584,0.008659339048347713,0.014630959306674803,0.017162312674930232,24659.13096366251,28925.493333670725,77979.01896555632,91470.44137841632,0.018628154223080007,0.022352999895328036,31396.033914787145,37673.917362217144,99282.97666662018,119135.38724556891,0.020416569541824827,0.02421542273145205,34410.24280143408,40812.85908593215,108814.74209194478,129061.59253504331,0.01473744926576341,0.018399466128113138,24838.609956969736,31010.601246606202,78546.58137656127,98064.13155053249,0.020959193104720122,0.023773699071197106,35324.7847136175,40068.374643069554,111706.77755013008,126707.32601303601,0.021426605974696717,0.025507906936246005,36112.56594745607,42991.22187175024,114197.96054699767,135950.18050837802,0.01473744926576341,0.019474466440785612,24838.609956969736,32822.41501360063,78546.58137656127,103793.58975028449,0.021426605974696717,0.02677087169352082,36112.56594745607,45119.8323544492,114197.96054699767,142681.43788501716,0.026863263162902752,0.030260215651421372,45275.54964513806,51000.79940736691,143173.8591946645,161278.68861664511
2023-12-01,1721786.700283172,24424.025553357555,1697362.6747298143,0.008572203686132646,0.014483733989404857,0.016989615391335176,24584.149464331353,28837.539023267494,77741.90664529547,91192.30542751266,0.0184407067797401,0.02212807086418628,31300.567383567875,37559.3615486461,98981.08498765172,118773.1299554708,0.020211126011748997,0.023971752906409377,34305.6109066036,40688.75863118522,108483.86698838127,128669.15243938036,0.014589152383896485,0.0182143198788803,24763.082712371386,30916.306708000695,78307.74325823384,97765.94603762441,0.02074828937722792,0.023534474129409427,35217.37195339977,39946.537956654,111367.10857807654,126322.04458139517,0.021210998864013026,0.02525123137500185,36002.7577655122,42860.49762689455,113850.71658633287,135536.79414922846,0.014589152383896485,0.01927850290617995,24763.082712371386,32722.611257620098,78307.74325823384,103477.98256234635,0.021210998864013026,0.026501487438117036,36002.7577655122,44982.635602280905,113850.71658633287,142247.5836605877,0.026592949210196993,0.029955719564968238,45137.87940037407,50845.72028425072,142738.5076551774,160788.28537005628
2023-12-04,1720480.5896176095,-1306.1106655623298,1721786.700283172,0.009017791543896866,0.015236606440535023,0.017872744934641492,26234.186326762127,30773.054526019154,82959.78135381463,97312.94286277381,0.019399264850745244,0.023278300146392705,33401.396215283974,40080.267597258775,105624.48907002517,126744.934836382,0.021261711447224215,0.02521781779421644,36608.13199508913,43419.703288246186,115765.07798856564,137305.15771956043,0.015347504541096449,0.019161110234386203,26425.12920139545,32991.34476422594,83563.59574063592,104327.79252682473,0.021826796859595276,0.024757809026116954,37581.08854263365,42627.66630931885,118841.83674318025,134800.51687507128,0.02231355823974793,0.02656380425663994,38419.18781319197,45737.20487800816,121492.13934347023,144633.74122426944,0.015347504541096449,0.02028061008018033,26425.12920139545,34918.88470968333,83563.59574063592,110423.2090354268,0.02231355823974793,0.02787904931689263,38419.18781319197,48001.77633036438,121492.13934347023,151794.94493791056,0.027975265322140695,0.031512834327690566,48167.439768554876,54258.37903364461,152318.81872760705,171580.05989504274
2023-12-05,1704848.738344042,-15631.851273567649,1720480.5896176095,0.008745049066452019,0.014775776339482604,0.017332185008357422,25421.436388610957,29819.68788254027,80389.64038109596,94298.13282415083,0.018812535435871833,0.02257424957905299,32366.602058910943,38838.558225944165,102352.18262645396,122818.30503105208,0.020618652464700044,0.024455106650643568,35473.99134958771,42074.53630946077,112178.61036180756,133051.36623335112,0.014883320334713051,0.01858158378930473,25606.463744934867,31969.254233852018,80974.74825651907,101095.65847595362,0.021166646908114036,0.02400901081571038,36416.80515269979,41307.03708434896,115160.04938908727,130624.32057958351,0.021638686224211313,0.02576038384621591,37228.939633581525,44320.24038851349,117728.24411503204,140152.90607388856,0.014883320334713051,0.01966722444020012,25606.463744934867,33837.077901017365,80974.74825651907,107002.23553176438,0.021638686224211313,0.027035849411185947,37228.939633581525,46514.6541357701,117728.24411503204,147092.25164400451,0.02712915537005365,0.03055973084730903,46675.18522689764,52577.423746733686,147599.8955272396,166264.4125435024
2023-12-06,1704097.472628308,-751.2657157341018,1704848.738344042,0.008768452435356918,0.014815319050095374,0.01737856914143618,25257.877990719553,29627.831675002173,79872.42331331104,93691.43022508848,0.018862881260520343,0.022634662446566405,32158.35931853158,38588.675714872006,101693.66126066005,122028.10714862181,0.020673831792601637,0.02452055303958943,35245.75604835385,41803.8339130422,111456.86696745391,132195.33009260264,0.014923150852949858,0.018631311544627074,25441.71490376938,31763.567980552252,80453.76667656282,100445.22143214004,0.021223292770510705,0.024073263369686015,36182.50390331141,41041.27268363305,114419.12378239685,129783.89975233155,0.021696595351132664,0.02582932339837893,36989.41321073973,44035.08940800656,116970.79505905938,139251.1794984564,0.014923150852949858,0.0197198575707191,25441.71490376938,33619.37429976466,80453.76667656282,106313.79629698474,0.021696595351132664,0.027108202345128264,36989.41321073973,46215.384566866924,116970.79505905938,146145.87817189377,0.027201758008001033,0.03064151433979939,46374.882820680505,52239.14706315787,146650.25593676433,165194.68774407473
2023-12-07,1716950.2089422029,12852.736313894857,1704097.472628308,0.008502015575979146,0.014365143023312103,0.016850506588019905,24479.603919970326,28714.905689151372,77411.30460589245,90804.50477464529,0.018289716625264577,0.02194688904301555,31167.459876201312,37399.6381502567,98560.16209070574,118268.04022093782,0.02004563989046915,0.02377547525189104,34159.72427456567,40515.727287284404,108022.53295097052,128121.97928605389,0.014469698265438749,0.01806518335146693,24657.776243828383,30784.833291801784,77974.73496528907,97350.19059067257,0.020578405030842004,0.023341776857729812,35067.60800377952,39776.662949911304,110893.51338589384,125784.85264255179,0.02103732591138108,0.02504447751401658,35849.65391644252,42678.23083493214,113366.55970473403,134960.4159448152,0.014469698265438749,0.01912065298390589,24657.776243828383,32583.456424876942,77974.73496528907,103037.9363434582,0.02103732591138108,0.026284496639992716,35849.65391644252,44791.34429351884,113366.55970473403,141642.66742830505,0.026375209534751438,0.029710445954874883,44945.927908211976,50629.49586236222,142131.50373967722,160104.52371113547
2023-12-08,1728196.3890027823,11246.18006057944,1716950.2089422029,0.00844599210587691,0.014270484862139754,0.016739471287789617,24501.711965757393,28740.83872515239,77481.21638519487,90886.51223505165,0.018169197745549887,0.021802271467200676,31195.60786553408,37433.41455102483,98649.1738485514,118374.85057852777,0.01991355047037249,0.02361880832802607,34190.57464088715,40552.3178937702,108120.09037519695,128237.68894351595,0.014374351144404005,0.017946144018930098,24680.045200793047,30812.635723008894,78045.15559041368,97438.10959777719,0.020442804990040583,0.02318796776078853,35099.278299014884,39812.586091830926,110993.66365300756,125898.45159172727,0.02089870184174786,0.024879448583559574,35882.03049380979,42716.7744439094,113468.94343205527,135082.30153842625,0.014374351144404005,0.01899465870393708,24680.045200793047,32612.8832305106,78045.15559041368,103130.99207352365,0.02089870184174786,0.026111296685405083,35882.03049380979,44831.796299758105,113468.94343205527,141770.58790394448,0.026201411833535134,0.029514670933551736,44986.519522168855,50675.22042622201,142259.86569368324,160249.1174779502
2023-12-11,1749925.8252240915,21729.43622130924,1728196.3890027823,0.008343389985639153,0.014097126660365262,0.01653611977807281,24362.603389758096,28577.66248858292,77041.31644297446,90370.50366747766,0.017948477883591298,0.02153741693614121,31018.49466651878,37220.88617748661,98089.09273598438,117702.77685073593,0.019671640168526464,0.023331886462416167,33996.45750500952,40322.08193297052,107506.23809295526,127509.6189081117,0.014199731172472977,0.017728133819139225,24539.924137078044,30637.696849994514,77602.0538809087,96884.90430774879,0.020194465291247157,0.022906279757006688,34900.001994175356,39586.54996154649,110363.49664601263,125183.66258653787,0.020644823896765172,0.024577212429059348,35678.31010998792,42474.249771654664,112824.72301337445,134315.37118531545,0.014199731172472977,0.018763911121914067,24539.924137078044,32427.723444461037,77602.0538809087,102545.46541853755,0.020644823896765172,0.025794096009807064,35678.31010998792,44577.263581739644,112824.72301337445,140965.68477597277,0.025883116436896916,0.029156125983717484,44731.10836238381,50387.51164237075,141452.18468893733,159339.30241814317
2023-12-12,1755485.9664627556,5560.141238664044,1749925.8252240915,0.008648876125786029,0.014613280983493992,0.017141575763314387,25572.157784272247,29996.486113259216,80866.26328350506,94857.21791951064,0.018605646161666198,0.02232599117034102,32558.500713281173,39068.82852270479,102959.0194541853,123546.48364629855,0.020391900570567473,0.024186163674678424,35684.31343383791,42323.99242741659,112843.70719027202,133840.21574235515,0.01471964227269344,0.01837723438638321,25758.282151046493,32158.79704892819,81454.84021056823,101695.04548571442,0.020933868491238,0.023744973741123075,36632.717094662265,41551.94276885918,115842.82289971878,131398.78035455843,0.021400716594708095,0.02547708619421309,37449.66664738148,44583.01108271365,118426.2442197673,140983.85996990468,0.01471964227269344,0.01945093579564487,25758.282151046493,34037.69487357467,81454.84021056823,107636.64210233296,0.021400716594708095,0.026738524934042503,37449.66664738148,46790.435310479275,118426.2442197673,147964.3482918823,0.026830804768485084,0.03022365278082663,46951.91817591775,52889.150533774446,148475.00194975839,167250.17919823746
2023-12-13,1791614.124985767,36128.15852301149,1755485.9664627556,0.008421323649869918,0.01422880463989858,0.01669057982473037,24978.4668648821,29300.078654440564,78988.84775207276,92654.98417011379,0.018116130438636757,0.021738592935679563,31802.612751635592,38161.79482923187,100568.69183948328,120678.19126040912,0.01985538838147122,0.023549824184200964,34855.85566234037,41341.38586803,110223.89368707247,130732.94097087203,0.014332367556876368,0.017893728191555828,25160.270112282553,31412.188727975237,79563.76009987328,99334.06267146907,0.02038309709199443,0.023120241985600965,35782.24089804402,40587.26034694549,113153.38102264795,128348.18668258365,0.020837662392441756,0.024806782450893555,36580.22390382023,43547.9584656382,115676.82485500806,137710.73620182814,0.014332367556876368,0.018939180449075832,25160.270112282553,33247.46549465841,79563.76009987328,105137.71739097734,0.020837662392441756,0.02603503265798298,36580.22390382023,45704.13446748866,115676.82485500806,144529.163403871,0.026124884604165965,0.029428466571487677,45861.86829807225,51661.26008076494,145027.9615725783,163367.24864955147
2023-12-14,1811501.683954922,19887.558969154958,1791614.124985767,0.00956884568544673,0.01616767643049333,0.018964902595323293,28966.23746107132,33977.787368760444,91599.28562227827,107447.1979381825,0.02058470423321365,0.024700777439360527,36879.84686287989,44254.261758488086,116624.31584491597,139944.2633261107,0.022560960170417484,0.02675881404243397,40420.53491456126,47941.46920629219,127820.95457237308,151604.2370667081,0.0162853512299069,0.02033199659829845,29177.065293855536,36427.09229467407,92265.98176803351,115192.58018833952,0.023160576504833115,0.02627069531686025,41494.8160088725,47066.94880288427,131218.12967765474,148838.7607316498,0.02367708262605391,0.028187050289738613,42420.19567129328,50500.31744077986,134144.43711130213,159696.02567438973,0.0162853512299069,0.021519906211992658,29177.065293855536,38555.367937775,92265.98176803351,121922.77870919809,0.02367708262605391,0.02958266660653202,42420.19567129328,53000.72334700754,134144.43711130213,167603.0034130066,0.02968476212539684,0.03343850291114782,53183.6391207035,59908.89413399012,168181.43387785775,189448.55756530943
2023-12-15,1803495.307081862,-8006.376873059897,1811501.683954922,0.009663378168539802,0.015622734352825239,0.019055993884766392,28300.60958812333,34519.96501168902,89494.38546966945,109161.71418625828,0.020788064520218977,0.024944801212178125,37657.613884540246,45187.549401781456,119083.8311223282,142895.57799100853,0.022783844273263573,0.027023169558157693,41272.97226798367,48952.51716040205,130516.59817179381,154801.45142534864,0.01644623737442351,0.020532860337547615,29792.38669849056,37195.31107787873,94211.79889973429,117621.90128458936,0.023389384333785655,0.026530228612988267,42369.90910732158,48059.5538081373,133985.4170334478,151977.65336513275,0.023910993119191534,0.02846551562845871,43314.804300450014,51565.329495598104,136973.43799387832,163063.8895031515,0.01644623737442351,0.021732505540796105,29792.38669849056,39368.470383711814,94211.79889973429,124494.03440941234,0.023910993119191534,0.029874919509625984,43314.804300450014,54118.46699970522,136973.43799387832,171137.6191957275,0.029978023649930442,0.03376884836921214,54305.240323489474,61172.325686046206,171728.24830504582,193443.87893752826
2023-12-18,1806600.2025322225,3104.8954503601417,1803495.307081862,0.009431610432606187,0.015248036632535798,0.018598952415250506,27499.76250899063,33543.123397543146,86961.88464211702,106072.66977232197,0.020289480840240622,0.024346521811390253,36591.983478501315,43908.837830608514,115714.01189531514,138851.9369556895,0.022237393548581206,0.026375042296965065,40105.034906598674,47567.265006662106,126823.25594541004,150420.8994858767,0.01605178864910027,0.02004039750833045,28949.325498922237,36142.762858329,91545.80530218461,114293.45156365723,0.02282841025646236,0.025893924112409806,41170.930765669305,46699.57061866495,130193.91460861509,147677.0089068598,0.023337508707994507,0.02778279494896907,42089.08743385018,50106.14030808338,133097.3809289381,158449.52813351442,0.01605178864910027,0.021211270262872978,28949.325498922237,38254.426376336465,91545.80530218461,120971.11793244482,0.023337508707994507,0.029158395501646353,42089.08743385018,52587.02944925607,133097.3809289381,166294.78844199915,0.029259026778657358,0.032958931858121016,52768.51748509107,59441.27893255212,166868.704003308,187969.8284602469
2023-12-19,1818251.0370234216,11650.834491199348,1806600.2025322225,0.009153987508789166,0.014799205063140296,0.0180514854066891,26736.24686438515,32611.81719173199,84547.43617599204,103127.62096290916,0.01969225250539298,0.02362987298260849,35576.02736455863,42689.73331619119,112501.2765724827,134996.7899843372,0.021582827686352207,0.025598683221216244,38991.540869381955,46246.58629200747,123302.07862678892,146244.54669026445,0.015579298343324919,0.019450501033017622,28145.563542360716,35139.279105602836,89004.08682285689,111120.15731006936,0.02215644759994896,0.025131726927469795,40027.842721462366,45402.98295715144,126579.1528228139,143576.8387104057,0.02265056055121739,0.026964998155870376,40920.50727929771,48714.97112967643,129402.0060120807,154050.26491912335,0.015579298343324919,0.020586908717161366,28145.563542360716,37192.3134579361,89004.08682285689,117612.4219780111,0.02265056055121739,0.028300107400073094,40920.50727929771,51126.979760655704,129402.0060120807,161677.7059290024,0.02839777655841403,0.031988773570337595,51303.42888189559,57790.924810929304,162235.68704325566,182750.95049007228
2023-12-20,1789073.2120424344,-29177.82498098724,1818251.0370234216,0.009013720965141499,0.014572436855193034,0.0177748825095067,26496.348423913063,32319.198555880033,83788.81069697793,102202.27958780558,0.019390508135202777,0.023267792456835273,35256.811525243545,42306.68776388648,111491.82745504471,133785.49359145717,0.021252114034099448,0.025206434617651517,38641.678381441336,45831.62588320794,122195.71629704336,144932.32665966335,0.01534057676663762,0.019152461020455095,27893.01961447626,34823.98211199314,88205.4728014967,110123.10067085916,0.02181694437019564,0.024746633494839642,39668.68172579052,44995.59201483072,125443.38602979701,142288.5554345499,0.022303486029086904,0.026551813509599217,40553.33660162466,48277.86244868127,128240.91038060632,152668.0059021467,0.01534057676663762,0.020271455530517433,27893.01961447626,36858.595040337495,88205.4728014967,116557.1116812523,0.022303486029086904,0.027866464875866602,40553.33660162466,50668.2286587212,128240.91038060632,160227.0075677773,0.02796263744976843,0.0314986096172045,50843.09454095141,57272.379601278,160779.98204067955,181111.16655780462
2023-12-21,1807055.1793420329,17981.967299598502,1789073.2120424344,0.009595557398934983,0.016212808973621175,0.019043018151841052,29005.90222666684,34069.35365189665,91724.7166244168,107736.75594976878,0.020642167039051796,0.024769730384322407,36930.34808807286,44314.86110010477,116784.01474115484,140135.89527032606,0.022623939752689216,0.02683351205695771,40475.88456239821,48007.11760612072,127995.98552722605,151811.83553491166,0.016587644546898674,0.0204188430903571,29676.510509738182,36530.805193855645,93845.36621669718,115520.54917249271,0.023225229933695576,0.02634403073363977,41551.63671790084,47131.39968277751,131397.81253645,149042.57230931436,0.02374317789690844,0.028265735267652258,42478.283544116915,50569.46978603974,134328.12709385902,159914.70459095333,0.016587644546898674,0.021599775139882278,29676.510509738182,38643.579088903505,93845.36621669718,122201.7268617895,0.02374317789690844,0.02966524748834246,42478.283544116915,53073.2996100026,134328.12709385902,167832.5097081344,0.029767628009843748,0.033531847473135805,53256.46585845549,59990.93006448006,168411.73224371384,189707.97795562888
2023-12-22,1811387.1103940175,4331.931051984895,1807055.1793420329,0.00962035462264851,0.016254706763861915,0.01909222988198446,29373.152046322648,34500.71289342875,92886.06252481524,109100.8336427729,0.0206955113537923,0.02483374131356055,37397.930981002224,44875.940863109805,118262.64167774226,141910.18527044944,0.022682405443842403,0.026902856293444678,40988.35823723134,48614.94580416361,129616.56958057525,153733.9570668031,0.016630511002239307,0.020471610282405704,30052.2510417012,36993.32939029284,95033.56210694362,116983.1791061734,0.023285249503015002,0.026412110032888257,42077.73071669476,47728.14023228239,133061.46783598466,150929.63161793025,0.023804535968097205,0.02833878071271802,43016.110012983765,51209.740463155205,136028.8837214039,161939.41824965642,0.016630511002239307,0.021655594143827266,30052.2510417012,39132.853559332056,95033.56210694362,123748.94858931641,0.023804535968097205,0.02974190960893664,43016.110012983765,53745.27180235153,136028.8837214039,169957.4723602538,0.029844554706281733,0.033618501816260415,53930.757157143045,60750.487828792924,170544.0285539994,192109.9105053229
2023-12-26,1826592.9493743884,15205.838980370669,1811387.1103940175,0.009345701058965584,0.015790647660592957,0.018547161723748828,28602.97563717153,33596.08968079191,90450.55087176795,106240.16386658169,0.020104670769581626,0.024124757516300947,36417.34149073553,43699.27480640873,115161.74543887601,138189.24048586522,0.022034840594893284,0.02613480088966061,39913.62623317654,47340.24146424533,126217.96857348476,149702.98800935983,0.016155722983315357,0.019887161897815607,29264.26837107382,36023.34872402222,92541.74211101883,113915.83091443055,0.022620473929961492,0.02565806504915758,40974.434907736155,46476.68830769529,129572.54014675746,146972.19315403374,0.0231249351745813,0.027529730795280136,41888.209503933795,49866.99951518769,132462.14913874265,157693.29854650542,0.016155722983315357,0.021037343950505827,29264.26837107382,38106.773668871814,92541.74211101883,120504.19907416598,0.0231249351745813,0.02889280146425361,41888.209503933795,52336.04815552239,132462.14913874265,165501.11590370498,0.028992516124739957,0.032658720010735366,52516.67000624467,59157.58446941321,166072.29234718232,187072.70779714928
2023-12-27,1829527.578720846,2934.629346457543,1826592.9493743884,0.009289484341334904,0.015695662985271086,0.01843559593035398,28669.587344652733,33674.32954389975,90661.19558624143,106487.58003782225,0.01998373617167609,0.023979641096179477,36502.15159334148,43801.043354809764,115429.93853170337,138511.06089298156,0.021902295545148533,0.02597759355843117,40006.578617882384,47450.48923554391,126511.90982309943,150051.62207362067,0.016058542289075065,0.019767535669902764,29332.420122454965,36107.24128115112,92757.25687191277,114181.12247369367,0.02248440614996623,0.02550372540264873,41069.857744398454,46584.92500325866,129874.29365140454,147314.46763842422,0.022985832934659976,0.02736413261352766,41985.760373947516,49983.131697615376,132770.63207571703,158060.5407526231,0.016058542289075065,0.020910799091312996,29332.420122454965,38195.51818597669,92757.25687191277,120784.83387806916,0.022985832934659976,0.02871900407321497,41985.760373947516,52457.93035318881,132770.63207571703,165886.54125455773,0.028818118925203612,0.03246226968245725,52638.97284300955,59295.35292266638,166459.0478756591,187508.36989914774
2023-12-28,1829445.351425025,-82.22729582129978,1829527.578720846,0.009015069172127185,0.015232006677163077,0.017891000881717918,27867.37629512992,32732.079524021905,88124.38150559521,103507.92384966931,0.019393408426727772,0.023271272684418653,35480.77556209571,42575.43516807702,112200.06392546344,134635.34750395713,0.021255292771128493,0.025210204813264088,38887.14431856541,46122.76497106766,122971.94774634312,145852.98929320395,0.015584166377822641,0.019183594576257897,28511.662179600673,35096.91533626346,90161.7923648189,110986.19130868693,0.021820207590448403,0.02475033491673621,39920.67156013929,45281.420312746406,126240.24785354765,143192.42387569265,0.02230682202271105,0.026555784937225466,40810.946084167386,48584.54091723362,129055.54309229873,153637.80837210442,0.015584166377822641,0.020293085528313794,28511.662179600673,37126.759631390974,90161.7923648189,117405.1225767889,0.02230682202271105,0.02787063293950617,40810.946084167386,50990.091599232175,129055.54309229873,161244.82755419126,0.02796681989820385,0.03150332095070257,51166.06829288286,57636.194500604564,161801.31472123312,182261.65028638142
2023-12-29,1825172.6349571145,-4272.716467910446,1829445.351425025,0.00874044078143384,0.014767990106584448,0.01734598268094464,27017.230850381675,31733.527381553162,85435.98555777392,100350.22471702713,0.01880262199518736,0.02256235386808084,34398.36940369745,41276.59340116692,108777.19511153194,130528.04920036372,0.020607787273833063,0.02444221980452758,37700.820631269686,44715.705399901664,119220.46285227928,141403.4762447796,0.01510942187493283,0.01859919975846992,27641.86161181545,34026.21953835824,87411.24146050992,107600.35390613509,0.02115549294647351,0.02399635904394757,38702.81822803086,43900.02750407573,122389.05746805955,138824.0762569161,0.021627283517058685,0.02574680917213015,39565.93329423408,47102.3803539807,125118.46696006872,148950.80513414711,0.01510942187493283,0.01967489199985214,27641.86161181545,35994.139708918905,87411.24146050992,113823.46389849384,0.021627283517058685,0.027021602618646695,39565.93329423408,49434.545298737474,125118.46696006872,156325.7582387793,0.027114859409070737,0.030543627112641202,49605.15350046756,55877.8966368808,156865.26874375186,176701.424232006
2024-01-02,1820336.1396162184,-4836.495340895839,1825172.6349571145,0.008493505375005574,0.014350764050108631,0.0168559230386077,26192.621834984602,30764.969467009945,82828.34289001032,97287.37566128785,0.018271409300038025,0.021924921024393192,33348.476256530324,40016.76587731836,105457.14146668148,126544.12476603215,0.020025574951445312,0.02375167688657077,36550.13140066063,43350.91068771237,115581.66400452792,137087.61641570748,0.014682549669642218,0.018073734159371736,26798.1878684296,32987.68499917492,84743.3108293302,104316.21933356242,0.020557806813753007,0.02331841260835102,37521.5464311969,42560.12858340123,118653.54805434453,134586.9438331834,0.021016268331581035,0.025019408924689998,38358.31784771752,45664.74051214599,121299.65161147514,144404.58877894524,0.014682549669642218,0.019119035885279995,26798.1878684296,34895.541104576114,84743.3108293302,110349.39007448846,0.021016268331581035,0.026258186837699773,38358.31784771752,47925.724059760716,121299.65161147514,151554.44654157554,0.026348808932229018,0.029680706904901273,48091.12502681799,54172.414029008476,152077.49032467097,171308.21468132563
2024-01-03,1796182.208538297,-24153.931077921297,1820336.1396162184,0.008260368498455694,0.013956852212883895,0.016393247491224106,25406.162478395145,29841.220853948147,80341.34003603707,94366.226058591,0.017769880295663606,0.021323107358474775,32347.155298850594,38815.22293354815,102290.68657155246,122744.51235721468,0.019475896133435214,0.023099720889880365,35452.67758310389,42049.25675089694,112111.21031420173,132971.4252500458,0.014279530701779777,0.017577631108456084,25993.54579320907,31997.1971555649,82198.8091704288,101184.0217530461,0.019993518848105952,0.022678349213841337,36394.92491730529,41282.218660792445,115090.85800950002,130545.83783321014,0.020439396128735608,0.024332655153156347,37206.571445069254,44293.61154810931,117657.50969220125,140068.69828676223,0.014279530701779777,0.018594240513741617,25993.54579320907,33847.767995879905,82198.8091704288,107036.04057993327,0.020439396128735608,0.02553743004849241,37206.571445069254,46486.70683019189,117657.50969220125,147003.87450391264,0.025625564671579403,0.028866005907364482,46647.141469748596,52545.83375955082,147511.21338049998,166164.516232749
2024-01-04,1790073.2101256684,-6108.998412628658,1796182.208538297,0.008651326486062963,0.014617421151848454,0.017169129469215172,26255.551807661574,30838.88488869487,83027.34493676171,97521.11674802401,0.018610917428778618,0.02233231646869324,33428.598770147466,40112.9095165136,105710.5111015695,126848.15764842655,0.020397677911160934,0.02419301598865055,36637.94615952189,43455.064889696674,115859.35865470795,137416.9809218551,0.014955371808406889,0.018409569209807092,26862.572764335673,33066.940681509936,84946.91374730626,104566.84780725183,0.02093979937971963,0.023751701059168323,37611.69509621367,42662.38286499837,118938.62316382107,134910.30026353462,0.021406779748472694,0.025484304246486525,38450.476926304575,45774.45388451607,121591.08420687269,144751.53292541287,0.014955371808406889,0.0194742940917021,26862.572764335673,34979.38057135779,84946.91374730626,110614.51374733259,0.021406779748472694,0.026746100371406765,38450.476926304575,48040.86963490037,121591.08420687269,151918.5688215069,0.026838406350152656,0.030232215608773396,48206.667991665454,54302.567801172576,152442.86926119775,171719.7970474268
2024-01-05,1796153.222386778,6080.012261109659,1790073.2101256684,0.008429183855123694,0.014242085369821267,0.01672827272922592,25494.375476839774,29944.83286426312,80620.294030355,94693.87600413518,0.018133039479254626,0.02175888307170887,32459.468189964806,38949.993668922965,102645.85111807185,123170.69484293491,0.019873920792118353,0.023571804867935996,35575.77319013057,42195.25640840205,112500.47280236706,133433.11670536644,0.014571358368901803,0.01793686133716892,26083.798251311575,32108.29495340496,82484.21250246164,101535.34383724962,0.020402122049769704,0.02314182171048502,36521.29211100694,41425.55507744381,115490.46616312092,130999.10738147535,0.020857111627529165,0.02482993634092993,37335.75676504054,44447.403853024436,118066.02954356815,140555.03225690112,0.014571358368901803,0.018974246968040197,26083.798251311575,33965.29117979695,82484.21250246164,107407.68151898599,0.020857111627529165,0.026059332959098194,37335.75676504054,46648.11380382654,118066.02954356815,147514.28817083288,0.026149268770332423,0.029455934199757658,46809.10549014785,52728.27869021065,148023.38858395958,166741.45776118556
2024-01-08,1817502.7651677807,21349.542781002587,1796153.222386778,0.008214493750841673,0.01387934149736655,0.01630220602117653,24929.423955101458,29281.25987694936,78833.7604540838,92595.47397046168,0.01767119356348606,0.021204687439484532,31740.171262475982,38086.867674134584,100371.23451324619,120441.25079170501,0.01936773487890459,0.022971434377483765,34787.419413077274,41260.21587996388,110007.47926488206,130476.25893093439,0.014200227960368994,0.01748001205055285,25505.785209643593,31396.779971960215,80656.374773509,99285.33590655179,0.019882482926252772,0.02255240282940557,35711.985777039015,40507.57101460151,112931.21482298139,128096.18688715855,0.020325883984699412,0.024197521422241228,36508.402016977656,43462.45607633168,115449.70410673464,137440.3539062331,0.014200227960368994,0.018490975618137777,25505.785209643593,33212.62544159351,80656.374773509,105027.54346949112,0.020325883984699412,0.02539560548480566,36508.402016977656,45614.39862599702,115449.70410673464,144245.3937570056,0.025483250643822015,0.028705695778842646,45771.82276079085,51559.82797402275,144743.21258163545,163046.49216437683
2024-01-09,1808933.844357588,-8568.92081019259,1817502.7651677807,0.008473874499215252,0.01431759540487613,0.01681696426753587,26022.269238915876,30564.8790579742,82289.6406811105,96654.63423078017,0.01822917894276543,0.021874246375665814,33131.58313521445,39756.50327373392,104771.2651945001,125721.10214893983,0.019979290224804828,0.023696780092116003,36312.415229672384,43068.96334299365,114829.93946755101,136196.02062615968,0.014648614174681778,0.0180319606848539,26623.89676836008,32773.13840611867,84192.15397721418,103637.7634352754,0.02051029194983477,0.023264517209298338,37277.51233322317,42283.324358193146,117881.84447800287,133711.61201556766,0.02096769383436491,0.024961582045532046,38108.84152314965,45367.74439071692,120510.73820355325,143465.40457899345,0.014648614174681778,0.0190748464249661,26623.89676836008,34668.58612252664,84192.15397721418,109631.6954048895,0.02096769383436491,0.026197496794951716,38108.84152314965,47614.022865298815,120510.73820355325,150568.76081768086,0.026287909436374966,0.029612106457277645,47778.34809109169,53820.08536854482,151088.4028082078,170194.05362930434
2024-01-10,1810438.0563923817,1504.2120347935706,1808933.844357588,0.00829687631051121,0.014018536402586792,0.016465699658279494,25358.60494699812,29785.36138288895,80190.94991692751,94189.58290115168,0.017848416676964806,0.02141734770574601,32286.604995158035,38742.5651212983,102099.20969886906,122514.74818070026,0.019561972481698022,0.023201813220136612,35386.31408453535,41970.545184368435,111901.35050522782,132722.51742161586,0.014342641012560586,0.017655317818559713,25944.88874509203,31937.30193488225,82044.94207415855,100994.6164347305,0.020081882899730473,0.022778579235175504,36326.79763574836,41204.942904889955,114875.42062898453,130301.47043664708,0.020529730795104985,0.024440196602585534,37136.92485081562,44210.69879717031,117437.26782308618,139806.50514672472,0.014342641012560586,0.018676420266148262,25944.88874509203,33784.408710881544,82044.94207415855,106835.6809284187,0.020529730795104985,0.02565029616297212,37136.92485081562,46399.68884699585,117437.26782308618,146728.6994796189,0.025738820308906164,0.028993583111536003,46559.82317061879,52447.473759652064,147235.0886738379,165853.47460241502
2024-01-11,1809802.3975554784,-635.6588369030505,1810438.0563923817,0.00804669626564292,0.013595828152526013,0.01596920081641085,24614.40469550402,28911.248888202495,77837.58208693603,91425.39648673065,0.017310224046635493,0.02077153923404503,31339.08837870743,37605.585119162584,99102.89907002899,118919.30171988829,0.018972110108194478,0.022502196827749798,34347.83014994187,40738.83348939016,108617.37595841908,128827.50304481795,0.01391015986691469,0.017122947798963867,25183.48279356434,31000.036332864354,79637.16504332329,98030.72235982504,0.0194763433958416,0.022091724838193303,35260.71328319806,39995.699378413985,111504.16589705968,126477.50664716889,0.019910687099714906,0.02370323858925727,36047.065654244725,42913.24520173983,113990.83043304096,135703.59662678977,0.01391015986691469,0.018113260411126136,25183.48279356434,32792.93597364827,79637.16504332329,103700.36884079994,0.019910687099714906,0.024876849385561752,36047.065654244725,45037.994850762436,113990.83043304096,142422.64497534456,0.024962704216687084,0.02811932445655918,45193.42970435687,50908.29511619977,142914.1731404778,160986.16436321754
2024-01-12,1808039.7592413125,-1762.6383141663391,1809802.3975554784,0.007802035679301247,0.013182445668859982,0.015483655704955248,23857.62177714763,28022.357217751567,75444.42437062059,88614.47421495392,0.016783904992809844,0.020139978553679955,30375.55149633062,36449.3814731659,96055.92791214051,115263.06475954775,0.01839526124625489,0.021818015334115013,33291.78790713148,39486.296461583544,105277.8771657857,124866.63318325137,0.013487220096753768,0.016602322897750744,24409.2032674634,30046.923785339513,77188.67819520853,95016.71584316106,0.01888416327151356,0.021420023785515448,34176.60396461435,38766.01040272123,108075.91121772202,122588.88867038034,0.019305300712623204,0.022982539303488852,34938.77951523496,41593.85473336714,110486.1219345761,131531.3176236157,0.013487220096753768,0.017562524958159284,24409.2032674634,31784.6997764046,77188.67819520853,100512.04603808315,0.019305300712623204,0.02412046634883746,34938.77951523496,43653.27782828227,110486.1219345761,138043.78526950066,0.024203710755432033,0.027264353648421707,43803.93375492021,49343.09260071406,138520.20114067977,156036.55941485774
2024-01-16,1796274.2759034552,-11765.483337857062,1808039.7592413125,0.007568118926326407,0.01278721613981441,0.015019432441238018,23119.79519079667,27155.731014997145,73111.21183952465,85873.96153426707,0.016280698301693056,0.019536151734384808,29436.149837673558,35322.139078338856,93085.27903304416,111698.41131679148,0.017843743673441992,0.021163878450730686,32262.198015293754,38265.13369867151,102022.02805169208,121004.97745866515,0.013082852972407036,0.0161045603106884,23654.318338420308,29117.68534682425,74801.52244809776,92078.2058880745,0.018317987681361066,0.020777819286778736,33119.65003719339,37567.123380826924,104733.52942521148,118797.67502397818,0.018726498789186714,0.02229348824169337,33858.25436223388,40307.51311316031,107069.20138199077,127463.54825469086,0.013082852972407036,0.017035974070529897,23654.318338420308,30801.718456922117,74801.52244809776,97403.58617112086,0.018726498789186714,0.02339729852437754,33858.25436223388,42303.24599091268,107069.20138199077,133774.60974967072,0.023478047138579677,0.026446927358727054,42449.24269589379,47817.096174345344,134236.2918682907,151210.93500625517
2024-01-17,1783168.573329362,-13105.70257409336,1796274.2759034552,0.007509805560319248,0.012688688933485799,0.014903705710501924,22792.36552616139,26771.143183410033,72075.78832577207,84657.78802606654,0.016155253349233834,0.01938562307890931,29019.266011931875,34821.896059005136,91766.97662401572,110116.50399209728,0.017706255247864035,0.02100080794374705,31805.290824318723,37723.21108254176,100577.16064890144,119291.26767613804,0.012781042273898586,0.01593320572447139,22958.257455838633,28620.407575545636,72600.38466899264,90505.67550106182,0.018176845142432133,0.020617723417158375,32650.599346431518,37035.086201933875,103250.26090432868,117115.2257387857,0.018582208617671597,0.02212171394056658,33378.743329394994,39736.66569033461,105552.85435504011,125658.37020212445,0.012982047844841721,0.016904709617508742,23319.318592237072,30365.49502754869,73742.16023458044,96024.12656557123,0.018582208617671597,0.02321701921776085,33378.743329394994,41704.13438401998,105552.85435504011,131880.05249924635,0.023297145653117704,0.026243150255083836,41848.063438671335,47139.895721876295,132335.1961334195,149069.43914395638
2024-01-18,1797910.8007290969,14742.227399735011,1783168.573329362,0.007498716384444167,0.012669952482578057,0.014881698507720607,22592.661092509523,26536.577096729852,71444.2674565982,83916.02493032468,0.016131398078380654,0.019356997759379616,28765.002097234046,34516.790078532606,90962.9235267798,109151.67416606522,0.01768010972692404,0.020969797599879096,31526.61603806572,37392.68406918189,99695.91359788137,118246.04948570793,0.01276216945162593,0.01590967833496532,22757.099493643378,28369.63841868917,71964.2673389776,89712.67379847536,0.018150004736110087,0.020587278745950812,32364.518051210587,36710.58847015101,102345.5924154595,116089.07381079342,0.01855476964100919,0.02208904843750198,33086.282109213316,39388.496988503575,104628.010771994,124557.36409435434,0.012962878212470566,0.016879747679871337,23114.99704837341,30099.435588475782,73096.03878092927,95182.77274511405,0.01855476964100919,0.02318273635819372,33086.282109213316,41338.72691771103,104628.010771994,130724.53263167884,0.023262744476754384,0.026204398931050563,41481.39488033961,46726.86065683489,131175.68834272094,147763.30758490975
2024-01-19,1818320.6570361871,20409.85630709026,1797910.8007290969,0.007544818083994307,0.012747846659757242,0.014973190378892312,22919.491195615887,26920.460703583485,72477.79499032199,85129.9714843828,0.01623057303438725,0.0194760035263862,29181.122560547272,35016.11709512773,92278.81197185414,110730.68483576251,0.01778880607772016,0.02109871877238568,31982.68657920848,37933.61436241796,101138.13528159802,119956.6212677167,0.012840630573703752,0.016007490170076123,23086.308396634235,28780.03946934471,73005.31729843412,91010.47587267299,0.01826158997580705,0.020713848213395898,32832.709855989706,37241.65142752759,103826.14490038643,117768.44233704834,0.018668843353276315,0.022224850703143964,33564.9151019751,39958.299123774195,106141.58119242413,126359.23665743688,0.01304257328106872,0.016983523448432725,23449.38337133419,30534.860242373074,74153.46117989399,96559.70640082,0.018668843353276315,0.023325262557551338,33564.9151019751,41936.741482063546,106141.58119242413,132615.62072898613,0.02340576256166339,0.02636550214718465,42081.473308915345,47402.82107706947,133073.30295175494,149900.88212097558
2024-01-22,1827363.2090338825,9042.551997695118,1818320.6570361871,0.00782010273080709,0.013212972051289141,0.015519510963328691,24025.420021700847,28219.447371720136,75975.0490107867,89237.72800588788,0.016822771218041134,0.02018661638575515,30589.192414358015,36705.741569883765,96731.5198145164,116073.74656635725,0.01843785886385888,0.02186853896961216,33525.93964367237,39764.016147646646,106018.32997133858,125744.85994227769,0.013309141333404415,0.016591548821825033,24200.286613943394,30168.75595494887,76528.02572894507,95401.98299140658,0.018927893031860127,0.02146962579823324,34416.978894002576,39038.66408776453,108836.04348699097,123451.09532755538,0.019350005694328955,0.02303575960885516,35184.51506776619,41886.397547301174,111263.20598265475,132456.4192287621,0.013518452240539673,0.01760319422141753,24580.880960130416,32008.251682623533,77731.57072747868,101218.97923700734,0.019350005694328955,0.024176321733993613,35184.51506776619,43960.30522007352,111263.20598265475,139014.6911316219,0.02425975890835334,0.027327489284028506,44112.02075777654,49690.13827008408,139494.45778720058,157134.0141821647
2024-01-23,1819725.300087172,-7637.908946710173,1827363.2090338825,0.007678624780365823,0.0129739286180501,0.015238738615633986,23708.079833256554,27846.710298293467,74971.53122219568,88059.02988547418,0.01651842084380696,0.019821408764971637,30185.154521311262,36220.913128330896,95453.83981147315,114540.58441662036,0.01810428901543377,0.021472902725553973,33083.111672519924,39238.79243184071,104617.98497086551,124083.95671919396,0.013068358046688067,0.016291381624185704,23880.636696999667,29770.271404367613,75517.20393751924,94141.86419918123,0.018585457695074886,0.021081206520477597,33962.38161503551,38523.02119756595,107398.48066734009,121820.48933525573,0.01899993367598119,0.022619006508735436,34719.77977357192,41333.140318961065,109793.58394393245,130706.8662552555,0.013068358046688067,0.017069704715682688,23880.636696999667,31192.550386510713,75517.20393751924,98639.50525093939,0.018963555381106792,0.02345448848890097,34653.30341591106,42859.869351326335,109583.36724317215,135534.8073674347,0.02382086173696044,0.02683309204812275,43529.36634560445,49033.80519335915,137651.94275599025,155058.5067560079
2024-01-24,1818964.849129884,-760.4509572884999,1819725.300087172,0.007515065875992531,0.012697576847924342,0.014914145154787032,23106.10183996905,27139.647267338474,73067.90966210963,85823.10025835427,0.016166569452123084,0.01939920192540531,29418.715447644787,35301.21854515982,93030.14665093752,111632.2547820806,0.017718657764979478,0.02101551816204642,32243.089818519184,38242.470093917334,101961.60262790574,120933.30884765214,0.012789994878124388,0.015944366291962105,23274.277267708298,29014.366735340533,73599.7270602387,91751.48375109992,0.01818957728877408,0.020632165300209483,33100.03399027322,37544.87319237184,104671.49803825504,118727.31375009213,0.01859522470476608,0.022137209308273075,33838.20085606885,40283.63985158976,107005.78662743706,127388.05437295095,0.012789994878124388,0.01670611067623808,23274.277267708298,30400.53226360685,73599.7270602387,96134.924034432,0.018559621287454107,0.022954895065650266,33773.41241681669,41771.60331180997,106800.90759335278,132093.40798235216,0.023313464363294355,0.026261532522573232,42424.10093456741,47788.7751503886,134156.786638111,151121.37606488366
2024-01-25,1843235.1802002424,24270.331070358865,1818964.849129884,0.007286846003643478,0.012311972860521792,0.014461227727370445,22395.04585673025,26304.464911349278,70819.3532111845,83182.02175184284,0.01567561801170097,0.018810080890387798,28513.398151671347,34214.87594890516,90167.28199051667,108196.93785865518,0.017180572020949178,0.02037731232973121,31250.85659405093,37065.614847522054,98823.88566849295,117211.76579272439,0.012401584311058658,0.015460162786645854,22558.045935336348,28121.492670734722,71334.80471836626,88927.96804325323,0.01763719051327173,0.02000560124757216,32081.429581048338,36389.48545504271,101450.38807041418,115073.65691950374,0.018030519101588226,0.021464939608197942,32796.88045735392,39043.97063600784,103712.84239350319,123467.8761065178,0.012355378935074745,0.01618765121935682,22473.999980580782,29444.768557984564,71069.0280732152,93112.5338197429,0.017995996899995214,0.02225779362860176,32734.085786141655,40486.144229613696,103514.26820755104,128028.42944366233,0.022605473781601347,0.025464014084426393,41118.56220666004,46318.146537319895,130028.31068436487,146470.8400553721
2024-01-26,1839583.8319825537,-3651.3482176887337,1843235.1802002424,0.007775182692434234,0.01313707442794652,0.015430364176899105,24214.7177505,28441.79009416199,76573.66098968887,89940.83742996676,0.01672613827667641,0.02007066092917349,30830.206500463813,36994.94831452306,97493.67327479467,116988.29859410012,0.018331948576463922,0.021742922255422025,33790.09253776006,40077.31922155268,106853.6547671809,126735.61125375282,0.013232691296878539,0.016496244062361266,24390.962127136092,30406.457396913647,77130.99464465548,96153.66095112161,0.018819167902462658,0.021346300511097527,34688.15233991438,39346.25206918138,109693.56921702874,124423.77392972614,0.019238855875941013,0.022903438175084057,35461.735977336626,42216.422991856176,112139.8554719209,133500.05131936554,0.013183389412432522,0.017272486001347242,24300.08715927503,31837.25384719945,76843.62276391992,100678.2366021086,0.01920202012777281,0.023749426254698787,35393.839030423995,43775.77798223209,111925.14647350546,138431.16476970335,0.02412040660844218,0.027170515404077222,44459.58202141504,50081.64985696774,140593.5430067445,158372.08252706402
2024-01-29,1852673.3560956372,13089.524113083724,1839583.8319825537,0.007553950879006879,0.012763277577918442,0.01499131501448886,23479.119075444214,27577.78072081101,74247.4937327105,87208.59989044289,0.016250219697144318,0.019499578693592413,29893.641421031116,35871.10969520409,94531.99444681083,113434.40883459327,0.017810338938766983,0.02112425819181646,32763.611553885054,38859.84383229057,103607.63688328532,122885.61602848447,0.01285617380424374,0.016026866797154676,23650.009471444424,29482.765037383757,74787.89661431928,93232.68923771201,0.018283695128773758,0.020738921757588537,33634.38994779038,38150.98515801108,106361.27994528944,120644.00807859385,0.018691441475268016,0.02225175327433881,34384.47353435117,40933.96555673853,108733.2525143296,129444.56482217615,0.012808274735105457,0.016781021870968037,23561.895118290624,30870.096517978425,74509.25456380085,97619.81658604485,0.018655653836152492,0.0230736699611137,34318.63917204943,42445.950204966284,108525.06598115136,134225.88009778433,0.02343409459421989,0.026397416863196767,43108.98153267668,48560.261267640395,136322.56925339467,153561.02937859905
2024-01-30,1853558.5459327588,885.1898371214047,1852673.3560956372,0.007526936456890123,0.012717633573396064,0.014937703107504903,23561.620874018237,27674.684548541336,74508.38732726483,87515.0367000593,0.016192105698070176,0.01942984434419499,29998.682805898963,35997.15492957557,94864.16447157157,113832.99886341688,0.01774664564477543,0.0210487136672574,32878.73754614612,38996.39099141387,103971.6972367172,123317.41605933954,0.012810197584446043,0.015969551552218332,23733.111751023873,29586.36266959063,75050.68909654244,93560.29371568616,0.01821830901944183,0.020664755272317516,33752.57571343671,38285.041503259505,106735.0161517427,121067.93146437677,0.01862459718437028,0.02217217660440553,34505.29497149664,41077.80084162916,109115.32344588415,129899.41193032976,0.012762469811850911,0.016721009618355608,23644.687778391082,30978.569006946316,74771.06794326243,97962.83671465088,0.018588937528929143,0.02299115395457671,34439.229277973296,42595.098357537114,108906.40537915175,134697.52796871445,0.023350289637921913,0.02630301448047593,43260.45946929397,48730.89411297548,136801.58454836794,154100.61781349315
2024-01-31,1826691.2270091176,-26867.31892364123,1853558.5459327588,0.007298573598183876,0.012331787993931826,0.01448450191420768,22857.69102278333,26847.87230665905,72282.36568437904,84900.42681840122,0.01570084666235716,0.018840354207793467,29102.438509391948,34921.69955025579,92029.9911546741,110432.11034288604,0.01720822277444843,0.02041010798051162,31896.448383893618,37831.33007068771,100865.4261631006,119633.169936992,0.012421543666915216,0.015485044679387877,23024.05841748764,28702.436899629996,72808.46558003289,90765.0750000925,0.01766557615763254,0.020037798659161627,32744.179655805787,37141.23294636901,103546.18782609458,117450.89121741253,0.01805953777678331,0.021499485707900504,33474.4105817522,39850.55546703819,105855.38076997899,126018.52129871576,0.012375263927082407,0.01621370394641693,22938.276210216987,30053.0495111048,72537.19842234098,95036.08708890095,0.018024960014474078,0.022293615763296186,33410.31867492469,41322.52201779891,105652.70436482076,130673.28823870148,0.022641855479632517,0.02550499637393873,41968.00472004731,47275.00399289816,132714.48376804672,149496.6890111128
2024-02-01,1846679.6259270955,19988.398917977695,1826691.2270091176,0.007928713922319908,0.013436496937735316,0.015915824061694197,24544.331077895975,29073.29618411741,77615.98985140692,91937.83503049308,0.017056417921855013,0.020466982582177582,31156.808982053637,37386.8575262122,98526.48100608173,118227.6243390389,0.01869393706245592,0.022172264912338865,34148.05083024882,40501.881798291484,107985.61827879013,128078.19600551747,0.013706206194138005,0.016912082788936914,25037.00661040992,30893.15326100295,79173.96668158734,97692.72840942755,0.019190777176197358,0.02176781134892865,35055.62430724652,39763.070022277476,110855.61761006131,125741.86803115906,0.019618752441857165,0.023355696748384572,35837.40297040419,42663.64635095947,113327.8188117611,134914.29575696334,0.013493988227108115,0.017674152464445946,24649.349911822712,32285.219251624985,77948.08856383037,102094.82759305178,0.01958118932329218,0.024218389977636267,35768.78675126243,44239.520504433705,113110.83527484389,139897.64738773167,0.024596695827413223,0.0277070330412351,44930.5684813475,50612.19418287591,142082.9329672307,160049.8109966125
2024-02-02,1853353.0178741585,6673.391947063152,1846679.6259270955,0.008136275503057058,0.013788243837836637,0.016332475946646177,25462.46897264774,30160.850571615847,80519.39680493445,95376.98397429749,0.017502928806250474,0.021002776823122207,32322.30202055521,38785.40004715359,102212.09360481701,122650.20410980741,0.019183315688661773,0.022752700831558073,35425.4382399793,42016.949060452775,112025.07194796119,132869.2593623026,0.014065013669276696,0.01735481520072788,25973.574181439373,32048.783642914037,82135.65338869194,101347.15254955683,0.01969316231523646,0.022337659293631608,36366.96161762244,41250.50030845053,115002.43029160835,130445.53559618196,0.020132341317533387,0.02396711309961216,37177.98453329916,44259.57945334417,117567.10993973748,139961.0793537577,0.013847240161067103,0.01813683469256654,25571.416280762052,33492.92310557035,80863.91844351983,105913.92251048246,0.02009379485408509,0.02485239031563763,37106.80156459765,45894.40285147587,117342.00962802822,145130.84486399012,0.02524059963285598,0.02843236070873814,46611.301088178065,52505.4612378368,147397.87614252756,166036.8471092481
2024-02-05,1844199.8489244997,-9153.168949658982,1853353.0178741585,0.007937742662730039,0.013451797608696695,0.015933948040598493,24930.92969391041,29531.230687693253,78838.52201828138,93385.95108097127,0.017075840740139524,0.020490289145451725,31647.56096847609,37975.73922483707,100078.37504942871,120089.8317790823,0.018715224588608817,0.022197513348107826,34685.91797149081,41139.828353017554,109686.5035236783,130095.56014390911,0.013721813993706386,0.016931341247091915,25431.365375943587,31379.75239695502,80421.03859592603,99231.48998650601,0.01921263047385573,0.02179259921741422,35607.78667002154,40389.37952691667,112601.70831465052,127722.43258603071,0.019641093091892412,0.023382292804832675,36401.87915620609,43335.64293465386,115112.8492438195,137039.33554128956,0.013509354365676561,0.017694278721507802,25037.602683158093,32793.74486761299,79175.85162912271,103702.92678811403,0.01960348719871734,0.024245968417015176,36332.18216060021,44936.338736956604,114892.44799163418,142101.18011763683,0.02462470505863892,0.027738584136572264,45638.2714346895,51409.38862107247,144320.8862066193,162570.76115933195
2024-02-06,1853031.856678199,8832.007753699552,1844199.8489244997,0.007790892346264963,0.013202935832774387,0.015639165832139344,24348.852268162387,28841.747264936574,76997.83157835009,91205.61305613139,0.016759933217920322,0.020111213434217266,30908.666308473363,37089.09677707185,97741.78497288437,117286.02217395735,0.018368988036187382,0.021786853542365738,33876.084961232715,40179.3120113711,107125.58668687222,127058.14077449386,0.013467956844001603,0.016618107003307736,24837.603977029437,30647.110424911298,78543.40018866949,96914.67264541045,0.018857191782392545,0.021389430429050754,34776.43023622865,39446.3843658365,109972.72843643001,124740.42005449999,0.01927772772987242,0.022949714269099725,35551.98256703836,42323.859587934145,112425.24024644108,133839.7956670274,0.013259427774688267,0.01736692993479606,24453.03469890542,32028.089562033263,77327.28535167083,101281.71211988985,0.019240817555562065,0.02379741165644411,35483.91282915142,43887.182981608355,112209.9848349877,138783.458310462,0.024169141571087335,0.027225413071217043,44572.72723403411,50209.10267284557,140951.3395849648,158775.12371944002
2024-02-07,1863434.5091043324,10402.652426133398,1853031.856678199,0.00764366895312341,0.012953441817668004,0.01534363472255922,24003.140341766368,28432.243938135995,75904.5944766542,89910.64983402529,0.016443223125224588,0.019731174672239133,30469.816277508817,36562.495237341136,96354.01932380098,115620.76188905665,0.018021871861676184,0.021375150445746408,33395.10267665841,39608.8347172573,105604.58715342615,125254.13317168449,0.013213454764248378,0.016304076980573658,24484.952614928567,30211.97403873669,77428.21866446995,95538.6505722841,0.018500850090589323,0.02098523738091556,34282.66459348976,38886.31338679071,108411.30437503815,122969.32010935486,0.018913439229619758,0.022516036757441415,35047.20541183258,41722.93339767624,110828.99472517052,131939.50020016477,0.013008866239328225,0.017038749510806757,24105.84356074072,31573.345641485,76229.37057164416,99843.68557884269,0.018877226541664224,0.02334771532689238,34980.102147435035,43264.06028138543,110616.79557124178,136812.97131600324,0.0237124207138007,0.026710938282722946,43939.8709816287,49496.21955965088,138950.07239588528,156520.78937627317
2024-02-08,1875889.246616696,12454.73751236382,1863434.5091043324,0.007536610360379588,0.012772013597700178,0.01512872903380602,23799.81088870429,28191.39576048278,75261.61028958173,89149.02102234027,0.0162129164048845,0.019454816315205726,30211.707922085523,36252.77609004034,95537.8090375431,114641.34394862094,0.017769454305139785,0.021075766270366336,33112.21436015002,39273.31017401774,104710.01574980903,124193.11140415982,0.01302838475650471,0.01607571916599118,24277.541753159723,29956.049852577886,76772.32792982207,94729.34723569732,0.018241723879419025,0.020691314397571565,33992.25778246197,38556.909287162176,107492.95740416423,121927.65288393167,0.01864853422126752,0.022200673124583552,34750.322212122985,41369.500425694096,109890.16761504953,130821.8470084987,0.012826661735010179,0.016800101741531497,23901.64411362602,31305.889341633585,75583.6352218146,98997.91449675127,0.018612828734688155,0.023020703055428283,34683.787376266635,42897.57249732861,109679.76598999804,135654.03518375574,0.02338030031354035,0.02633682010976794,43567.65843747393,49076.93945261453,137773.03298267024,155194.90926043913
2024-02-09,1886704.7984535545,10815.55183685827,1875889.246616696,0.007486989659217619,0.012687923238816857,0.015029122167263818,23801.138765594624,28192.96865965881,75265.80940500747,89153.99496626631,0.016106171297810893,0.019326726685998833,30213.39354172993,36254.798762565144,95543.13943488814,114647.74020075996,0.017652461023050806,0.020937004380092807,33114.06180946137,39275.50137298276,104715.85789749458,124200.04058369591,0.012942606461526873,0.015969877359322645,24278.89628437003,29957.72120814079,76776.61133360842,94734.6325260561,0.018121621195849456,0.020555083721010687,33994.15433255518,38559.06051554985,107498.95482215539,121934.45566540392,0.018525753116838014,0.022054504898546448,34752.26105735217,41371.80857863853,109896.2987820043,130829.14602899113,0.012742211575266674,0.0166894906328042,23902.977672157544,31307.636009587473,75587.85230416738,99003.43794580158,0.018490282713564628,0.02286913578947846,34685.722509278465,42899.96590689967,109685.8854178908,135661.60380937395,0.023226365475534895,0.026163419679371074,43570.08923354519,49079.67763125184,137780.7198347828,155203.56814157343
2024-02-12,1898081.4767422408,11376.67828868609,1886704.7984535545,0.00739423932646942,0.012530742695521322,0.01484293838107268,23641.812371826905,28004.24306672026,74761.97510932063,88557.19223981471,0.01590664481050871,0.01908730331123125,30011.143091283113,36012.10674683842,94903.5673536812,113880.28066112612,0.01743377878783537,0.02067763256159252,32892.394094186784,39012.58857461607,104014.8830335012,123368.63731484857,0.012782270851278272,0.015772039308724898,24116.371750239716,29757.182245169348,76262.66363009886,94100.47264345817,0.017897126910114393,0.02030044321239937,33766.59521984506,38300.943619567784,106779.34972366443,121118.21837152784,0.018296252363637123,0.021781289259011193,34519.62712819135,41094.86296148128,109160.64570482186,129953.36709077323,0.012584358497147497,0.016482737868335668,23742.969562027945,31098.060627841016,75081.86223205879,98340.70239798349,0.018261221374848875,0.022585828338729352,34453.53399354999,42612.79070372894,108951.64086165497,134753.47607983282,0.022938632591633423,0.02583930197765836,43278.428180597875,48751.13502993845,136858.4066027063,154164.62521302648
2024-02-13,1872623.5110662333,-25457.965676007327,1898081.4767422408,0.007318661217243942,0.012402663281493122,0.01469122551803672,23541.265436873233,27885.143026428428,74444.01778311824,88180.5648430747,0.01574405957546013,0.01889220788210279,29883.50784890718,35858.94983578307,94499.9492780656,113395.95598279538,0.017255584388213608,0.020466282035424128,32752.50509763084,38846.670829221024,103572.51518478898,122843.95933516031,0.012651620513915064,0.01561082990543764,24013.806548234334,29630.62708008501,75938.32398308658,93700.27007213305,0.017714196529758326,0.0200929480196295,33622.98830850596,38138.052449203446,106325.22479609102,120603.11126244601,0.018109242436245968,0.021558658020555555,34372.817626073,40920.08945223704,108696.39329597256,129400.68472690094,0.012455731064488497,0.016314264262336932,23641.99241278853,30965.802803019647,74762.5444488315,97922.46643316842,0.01807456950672251,0.02235497373343929,34307.005580800134,42431.56155650045,108488.27733543619,134180.3791961808,0.02270417189825452,0.02557519291911237,43094.368124848625,48543.79994387651,136276.3576002811,153508.97410220373
2024-02-14,1896928.298359028,24304.78729279456,1872623.5110662333,0.00782874643105963,0.013323852166786618,0.015798244298654177,24950.5588254954,29584.163707227886,78900.5947825811,93553.33998613089,0.01684136572975425,0.02020892901605655,31537.53742400294,37843.715608936094,99730.45005264872,119672.33644790402,0.018458238561006587,0.021892710659207698,34565.33150221029,40996.80470140267,109305.17562575394,129643.27964553164,0.013552813707215281,0.01673140564579563,25379.317589232054,31331.62358550321,80256.44904274694,99079.29332124151,0.018948814372590727,0.02149335656192295,35483.99530094315,40248.96482958662,112210.24563369228,127278.40232550458,0.0193713936037803,0.023061221448424613,36275.327104557044,43184.98547822482,114712.65651804124,136562.91483248625,0.013533394429033589,0.0174782438834394,25342.95259234108,32730.170428278205,80141.45282546652,103501.88675884789,0.019334304091750198,0.023913037594873163,36205.8724123155,44780.11642117022,114493.02149637193,141607.1617784058,0.02428657365637149,0.027357694849627412,45479.60883216307,51230.66258398789,143819.1510031458,162005.57980496896
2024-02-15,1913393.2760279195,16464.97766889166,1896928.298359028,0.008221286196208554,0.013991921039177149,0.0165903812213875,26541.670967620194,31470.763619414163,83932.133164445,99519.29274211319,0.017685805616339017,0.02122222128701345,33548.705152910516,40257.03211337317,106090.32083262473,127303.91331680103,0.01938374977708766,0.022990429122350664,36769.583480468085,43611.19559360449,116275.63241398052,137910.70955888915,0.014232362898977433,0.017570332043610137,26997.771935585424,33329.66006508848,85374.45106622262,105397.63944483547,0.019898923462106935,0.022571051083182005,37746.83102215105,42815.66552339514,119365.96048349902,135395.02258987393,0.0203426911624376,0.02421753000064664,38588.626530805996,45938.91797458534,122027.95161494863,145271.61404333884,0.014211969922265083,0.018354617362851256,26959.087920971993,34817.3930811445,85252.12147100494,110102.26432580437,0.020303741951863172,0.025112056907115522,38514.74267106862,47635.771377109726,121794.31033585411,150637.53565072242,0.02550432237301421,0.028729432101032442,48379.87083984193,54497.672748232704,152990.58475866375,172336.77306290338
2024-02-16,1913488.564823717,95.28879579761995,1913393.2760279195,0.008247156737417377,0.014035950472187472,0.01664258742499296,26856.29325614441,31843.814874688338,84927.05619883617,100698.98439276448,0.01774145887448976,0.021289002851022452,33946.38811737457,40734.23490848557,107347.90478697894,128812.96105515487,0.019444746084164397,0.0230627748392888,37205.44641151038,44128.15830404107,117653.95202371107,139545.48918924283,0.014256691799688848,0.017580147308608997,27278.658227927022,33637.73565187278,86262.69151354198,106371.85999056675,0.019961540905065564,0.022642077111620623,38194.27814690872,43323.19810068056,120780.91253022678,136999.9815208313,0.020406705042681657,0.024293737128449414,39046.052214552124,46483.47327116493,123474.45863584627,146993.64909243883,0.014256691799688848,0.01841237522135724,27278.658227927022,35230.11494424802,86262.69151354198,111407.40545335968,0.020367633267689304,0.025191078910187674,38971.292542999276,48200.441002641826,123238.04779661317,152423.17779291823,0.02558457874740712,0.02881983717139949,48953.36094529559,55143.682659975275,154804.11970746747,174379.63577505425
2024-02-20,1904310.752032116,-9177.812791601522,1913488.564823717,0.00799592442417272,0.01360837471268767,0.016135605943946585,26039.469398564095,30875.29746024339,82344.03236171739,97636.26340958118,0.017201002582062266,0.02064047808021649,32913.92174427938,39495.31877898884,104082.95944046495,124895.16425602509,0.018852402723328814,0.0223602158292936,36073.85703054119,42786.01729634357,114075.55220378845,135301.26666380515,0.013822391619142792,0.017044605034326137,26448.988301744917,32614.656825119822,83639.04484066275,103136.60067213458,0.01935345447513821,0.021952333774549315,37032.61382801336,42005.53964879358,117107.40740596926,132833.17963469707,0.01978505762202407,0.023553679436997165,37858.481514121384,45069.6962622176,119719.03034000362,142522.89364058504,0.013822391619142792,0.01785148087116222,26448.988301744917,34158.60451213824,83639.04484066275,108018.99195126157,0.01974717608661688,0.024423685585525694,37785.99562930176,46734.44307875327,119489.80984576099,147787.2853083522,0.024805198276445676,0.02794190134570395,47464.463250163775,53466.50870443694,150095.81178787595,169075.94604323915
2024-02-21,1910363.528759383,6052.776727267075,1904310.752032116,0.007841280680486657,0.013288327070886972,0.015548153332634755,25305.104117609495,29608.515565580343,80021.76543935138,93630.34732378245,0.01589355565212321,0.01991635993827748,30266.268916359037,37926.9383718035,95710.34605085081,119935.5099317371,0.018487791206266542,0.02192776208135462,35206.49957541818,41757.27309952574,111332.72710007244,132048.09187218026,0.013555062130607733,0.01671495690456268,25813.05055977967,31830.47215311217,81628.03312598813,100656.79100239831,0.018979152456444128,0.02152776859640939,36142.2040872633,40995.56120540174,114291.68457439903,129639.34736590741,0.019402408259998515,0.02309814371998774,36948.21466483191,43986.043437955756,116840.51381770366,139096.08252304344,0.013345184379786233,0.017373114235213222,25413.37810227797,33083.808234398755,80364.15784224591,104620.18769293386,0.019365259365639584,0.023951323670480737,36877.4716258781,45610.763191097794,116616.8046860076,144233.89750243878,0.024325457783558074,0.02740149600911232,46323.23080533297,52180.963471917705,146486.91792252814,165010.6950733076
2024-02-22,1943863.4452465847,33499.91648720205,1910363.528759383,0.007642040134225291,0.012950681518790894,0.015153087438480662,24740.509646076298,28947.905590575396,78236.36095496739,91541.31515773991,0.015489713366762251,0.019410301477251427,29590.983486799316,37080.7320243655,93574.9060227169,117259.57050334122,0.018018031511492547,0.02137059553249602,34420.99025959266,40825.6062931486,108848.72853878327,129101.90274365342,0.013210639058209635,0.016290243483362513,25237.123048407888,31120.287025225953,79806.79042290078,98410.98843789991,0.018496907673087513,0.02098076555574401,35335.81781349597,40080.88932314444,111741.66727539817,126746.90090626098,0.018909408891906995,0.022511238728326572,36123.8450974975,43004.64945379084,114233.62835119938,135992.64225109507,0.013006094129847337,0.016931677573074733,24846.367877271856,32345.659316315152,78571.11407462203,102285.95585940062,0.01887320392065281,0.023342740072183468,36054.68044085372,44593.119295209464,114014.91050262154,141015.8249444644,0.023707367742614262,0.02670524634586275,45289.690698376944,51016.72864567098,143218.57713141307,161329.06129107755
2024-02-23,1943774.765120061,-88.68012652359903,1943863.4452465847,0.008545685606498998,0.014482055930828124,0.016944888922671483,28151.13913595329,32938.55016054488,89021.71839791686,104160.84133102666,0.017321319731665383,0.021705504163616805,33670.28024981272,42192.53610430225,106474.77504559138,133424.5143484828,0.020148602969986436,0.023897596379592514,39166.132786143404,46453.664031547014,123854.18674480962,146899.3839999285,0.014772752572548502,0.01821650983468011,28716.213711449476,35410.40756760957,90808.64110433758,111977.54078850907,0.020684104622628888,0.023461670322832907,40207.0748735842,45606.28330498152,127145.93465345268,144219.7308586532,0.021145382719369256,0.02517311678638875,41103.73650393072,48933.101523984275,129981.42769582765,154740.05379204676,0.01454402089625703,0.018933791342195666,28271.59056713651,36804.704870020425,89402.61926788288,116386.69599955596,0.0211048966323694,0.026102940359829428,41025.03707937063,50740.551578924154,129732.55826367317,160455.71272265326,0.02651068402254281,0.029863051659958922,51533.14957990366,58049.69448530449,162962.12767464484,183569.25205047798
2024-02-26,1939670.3593814296,-4104.405738631496,1943774.765120061,0.008285357132665342,0.014040886937250948,0.016428694286495637,27292.321708532294,31933.681377962348,86305.89923302017,100983.16722846533,0.016793657828552546,0.02104428620722403,32643.088301201402,40905.35247956623,103226.50889379297,129354.08232744552,0.019534813122970788,0.02316960039655977,37971.27678976683,45036.48456874864,120075.72032034975,142417.86904427176,0.01432272804454468,0.017661577624181805,27840.157340663347,34330.12889809372,88038.30761395242,108561.39968514266,0.020054001710238852,0.02274695401919467,38980.46246403683,44214.955205856946,123267.04563305572,139819.965092827,0.02050122782467297,0.02440626443815198,39849.76929957656,47440.28092572697,126016.0352189147,150019.34056353848,0.014100964254850988,0.018357008479946424,27409.098482439356,35681.88984641483,86675.17981637301,112836.04313390654,0.02046197507127857,0.025307762659718687,39773.47078806705,49192.59041960895,125774.75814046405,155560.62972974242,0.02570308516744027,0.028953329137901655,49961.00833420214,56278.75054446861,157990.58053473366,177969.0355889621
2024-02-27,1949201.7094654024,9531.35008397256,1939670.3593814296,0.00804962126465899,0.01364139411917044,0.015961263318122622,26459.80783359505,30959.589356444536,83673.25920452591,97902.81778987129,0.016315842878415095,0.020445531923467746,31647.356819586344,39657.59225373717,100077.72947395532,125408.31804005965,0.01897900652898225,0.022510376445994074,36813.0164147735,43662.70997081259,116412.97941185009,138073.61232311183,0.013915216253111077,0.01715906852711664,26990.932510542272,33282.93661664292,85352.82290520026,105249.88692761004,0.019483423106991218,0.022099755248597995,37791.41829991811,42866.24020528971,119506.9578359095,135554.95377659926,0.019917924696146203,0.023711854789901912,38634.20815350616,45993.18190192932,122172.09336212759,145443.2116485317,0.013699762110499428,0.017834712909733867,26573.02249631252,34593.46399908811,84031.27540324086,109394.13839215542,0.019879788766293014,0.024587703487571902,38560.237020742476,47692.03966010262,121938.17610149164,150815.4715850069,0.024971778236988314,0.02812954591809479,48437.01806733249,54562.04644018735,153171.3001594977,172540.3405508741
2024-02-28,1949553.4940331976,351.78456779546104,1949201.7094654024,0.00789622169564215,0.01338143356824901,0.015657093614547375,26083.11318632869,30518.83363873558,82482.0461367705,96509.02583016879,0.016004916043051567,0.020055906662568856,31196.809710966358,39093.00755155777,98652.97441751287,123622.9444490849,0.018617328466599893,0.022081401972327504,36288.92847277541,43041.106471853476,114755.66782090592,136107.92946487092,0.013650037543974154,0.016832072556716583,26606.676514981344,32809.10460139765,84137.69875465219,103751.49853112738,0.019112132507182876,0.021678605877832387,37253.40135453015,42255.97563589761,117805.59886871715,133625.12776201835,0.0195383539109326,0.023259984051420036,38084.19284332986,45338.40067516593,120432.7922340065,143372.61160284022,0.013438689255729174,0.017494841357527595,26194.716070241644,34100.97468091881,82834.9654433788,107836.75042343707,0.019500944727718936,0.024119141924971825,38011.27479946008,47013.07267099374,120202.20513285391,148668.38944335608,0.024495897460341563,0.027593488372205027,47747.445204586984,53785.27470521574,150990.67930057924,170083.97264632318
2024-02-29,1958346.7794057096,8793.285372512182,1949553.4940331976,0.00765579858604991,0.012973997455980792,0.015180368507390903,25293.50207188517,29594.940464295454,79985.07654934509,93587.41908425473,0.015517600484781863,0.01944524707987658,30252.392244117724,37909.54938691222,95666.46416022463,119880.52113328241,0.018050470521779226,0.02140907037742394,35190.357874677924,41738.12795830947,111281.68256042441,131987.5496198113,0.01323442301352293,0.016319571846762936,25801.215627526988,31815.878314982485,81590.60778411587,100610.6412341047,0.018530208834643166,0.02101853856492379,36125.63337874341,40976.76529871869,114239.28339303343,129579.90949010098,0.018943452705692556,0.022551767145884746,36931.27441143555,43965.87643588268,116786.94403283077,139032.30886291518,0.013029509829891957,0.016962160751140733,25401.72641440576,33068.639758739184,80327.31196998437,104572.2207612168,0.01890718255232154,0.02338476549459645,36860.56380720197,45589.851277137466,116563.3374687259,144167.7682240907,0.023750049627457356,0.02675332550258801,46301.99223467133,52157.03921057791,146419.75566499092,164935.03991613674
2024-03-01,1973477.9012049248,15131.121799214976,1958346.7794057096,0.007503980400734269,0.012716716817270437,0.014879334464591729,24903.741423715986,29138.896728433592,78752.54515882694,92145.28216627902,0.015209878968917349,0.01905963843415536,29786.217493929926,37325.38154416544,94192.29016197118,118033.2202143755,0.0176925209691743,0.02098451816677437,34648.09145955047,41094.963569283194,109566.88559000728,129953.68524057766,0.012971978010166424,0.015995946851270187,25403.6313587311,31325.61099972987,80333.33593286826,99060.27985557062,0.01816274583948006,0.02060173078882476,35568.95481991023,40345.33314047842,112478.91122254053,127583.14568218587,0.01856779488488319,0.022104554706154713,36362.1813134768,43288.383518995404,114987.3136425998,136889.88814692022,0.01277112835398284,0.016625792907169142,25010.298081399233,32559.06799482098,79089.50689696088,102960.81335592567,0.018532243986179607,0.022921034295098782,36292.560325495666,44887.33369245452,114767.15274762819,141946.21256017237,0.023279074667096313,0.02622279413041182,45588.500901853105,51353.32443231093,144163.4979624961,162393.47062767588
2024-03-04,1981434.664875089,7956.76367016416,1973477.9012049248,0.007515687905366492,0.012736557090444698,0.014902548794569398,25135.313955427504,29409.850717710797,79484.84180256691,93002.11391350384,0.01523360900537463,0.019089374759857187,30063.190727703168,37672.459236397226,95068.1564315969,119130.77624686288,0.017720124355662628,0.02101725763709847,34970.27382250335,41477.093490744264,110585.71567887344,131162.0861544959,0.012992216534860365,0.016020903289301357,25639.852219216154,31616.898598777516,81080.33188284589,99981.41212272308,0.018191082857928132,0.020633873044769133,35899.700019108896,40720.49247011986,113524.81937717441,128769.50364931475,0.01859676384975464,0.022139041626801543,36700.3024914174,43690.90940434877,116056.54669003117,138162.7867618127,0.012791053518545948,0.016651732013760627,25242.861451979927,32861.82514594318,79824.93684832167,103918.21553137561,0.0185611574855129,0.02295679506483093,36630.03411844408,45304.72774293412,115834.33858396125,143266.12844149116,0.023315394041607502,0.026263706215379632,46012.414898997384,51830.843819790134,145504.03172549812,163903.51951899866
2024-03-05,1972292.671521796,-9141.993353292812,1981434.664875089,0.007353085128977579,0.012461000205882816,0.014580130429174266,24690.65776695183,28889.575850766,78078.71547129466,91356.86032461723,0.014904028114059496,0.018676373930849265,29531.35795147038,37006.01472075416,93386.35352437063,117023.29364330307,0.017336747417387936,0.020562546839244147,34351.63230899613,40743.343105396045,108629.39944105678,128841.76370276928,0.012514317597464174,0.01546296123194655,24796.302694871854,30638.847406598503,78412.79406676625,96888.54268719433,0.017726595141299352,0.020173272509529817,35124.09010317686,39972.02145435406,111072.12546701745,126402.63047687501,0.018194420714715748,0.021660060902690157,36051.055911459174,42917.99551589589,114003.44873428854,135718.61843912426,0.012514317597464174,0.01629146986727258,24796.302694871854,32280.483136781855,78412.79406676625,102079.85068288735,0.01815958469827925,0.02246012215058347,35982.03062090574,44503.264606494915,113785.17159998478,140731.679469681,0.022810962797055707,0.025695487896224292,45198.432425262195,50913.93044845708,142929.99313303674,161003.98484852246
2024-03-06,1983450.7677436052,11158.096221809275,1972292.671521796,0.00721851441005555,0.012232948207737872,0.014313295678941509,24126.954101227093,28230.008172900925,76296.1279622183,89271.12419153537,0.014631265628250767,0.018334572765400157,28857.13797368773,36161.143500681836,91254.28275058934,114351.57625834916,0.017019463104367624,0.02018622633397485,33567.36235397986,39813.14626417888,106149.32008276758,125900.22301222905,0.012285289823901117,0.01517996956611555,24230.187087201466,29939.342729173597,76622.57932755754,94676.51467259027,0.017402176123926152,0.019804076214777425,34322.18443775112,39059.43438466462,108536.2770956792,123516.7767734376,0.017861439900132194,0.021263654507763075,35227.987017857726,41938.14995543251,111400.67635927317,132620.07471285577,0.012285289823901117,0.015993315449925275,24230.187087201466,31543.498855223934,76622.57932755754,99749.3017534215,0.017827241426671744,0.022049073627159,35160.537619274444,43487.2263286902,111187.38263294147,137518.6843219032,0.02239349344792411,0.025225228104776995,44166.52301711208,49751.53252851731,139666.80906432605,157328.15987407073
2024-03-07,1997137.4059091303,13686.63816552516,1983450.7677436052,0.007133730564968814,0.012089268175132532,0.014145181275535521,23978.46824342495,28056.270660833397,75826.57445123965,88721.717938391,0.014459416562365348,0.018119227129335794,28679.54088174815,35938.59496060184,90692.67143423793,113647.8159817511,0.01681956386730438,0.019949132412821015,33360.776865717475,39568.12200002868,105496.03940832046,125125.38825550767,0.01214099502165977,0.015001675790553915,24081.06589688236,29755.085364214818,76151.0167187537,94093.84172365963,0.01719778179555746,0.01957147077347767,34110.95350588544,38819.048731525814,107868.30623870378,122756.61059269175,0.017651651366440372,0.021013905835480493,35011.18145470861,41680.047662675606,110715.07697032651,131803.88359843235,0.01214099502165977,0.015805468657288706,24081.06589688236,31349.368942846773,76151.0167187537,99135.40906834076,0.017617854565389418,0.021790099946908816,34944.14716371682,43219.59046890618,110503.09592945795,136672.34542144823,0.02213047444268464,0.02492894943711461,43894.70652387308,49445.34390008649,138807.24984009107,156359.90641458635
2024-03-08,1987877.0792079847,-9260.326701145852,1997137.4059091303,0.007118571519589957,0.012027653570701565,0.013749263870683247,24020.876851364614,27459.169179856468,75960.68224472608,86833.51726424419,0.014137508642715171,0.017198619452885294,28234.547336730087,34348.00623935364,89285.47828790818,108617.93280203214,0.014428690569867527,0.018729174857970356,28816.077655370766,37404.735690665424,91124.4386232562,118284.16005909414,0.012115195632013404,0.014969797507235412,24195.710376600877,29896.742560585095,76513.5543958292,94541.80111114345,0.01716123682763636,0.019529881760424243,34273.348000137914,39003.85739672571,108381.84272001273,123341.02690605892,0.01761414193408395,0.02096925167462511,35177.86172955165,41878.47689331648,111242.16627985338,132431.3719216124,0.012115195632013404,0.01577188232900957,24195.710376600877,31498.616160862228,76513.5543958292,99607.3702117133,0.017580416950609523,0.021743796387936866,35110.50830354121,43425.34911282055,111029.17604544475,137323.01138448517,0.022083447594210753,0.02487597588108767,44103.67924183229,49680.74194061352,139468.07959767812,157104.3003793924
2024-03-11,1981282.6182578364,-6594.460950148292,1987877.0792079847,0.00699497095620304,0.011308733979827372,0.013424276796325721,22480.373073359326,26685.8121483595,71089.18156213497,84387.94760020719,0.013892037479249546,0.016899997875788844,27615.662888498442,33595.11841594427,87328.3938230396,106237.09245745189,0.014178163581627918,0.018403978074058493,28184.446409179527,36584.84617966719,89127.04524396131,115691.44177465804,0.011904838118355127,0.014709875217968458,23665.35482715967,29241.423783809056,74836.42288988495,92469.5011830557,0.01686326432929524,0.01919078221189469,33522.096640831616,38148.916091097766,106006.1773293073,120637.46511451648,0.017308305593093546,0.020605160183284024,34406.78396843802,40960.52564175931,108803.8043016311,129528.55518568955,0.011904838118355127,0.015498033350155725,23665.35482715967,30808.1852695755,74836.42288988495,97424.03602830715,0.017275166180326134,0.02136625638903071,34340.90688937927,42473.49134423531,108595.48268620647,134312.97282723038,0.021700010192948666,0.024444051494960425,43136.95288114229,48591.7696898115,136411.0224237723,153660.6677581379
2024-03-12,1995805.997145241,14523.378887404457,1981282.6182578364,0.006830543365184957,0.01104290472944022,0.013108718446105215,21879.115195517163,25972.07600490414,69187.83720703445,82130.91573850358,0.013565483692057578,0.016502737335848724,26877.05704733382,32696.58663719171,84992.71707185484,103395.6854865513,0.013844883958683945,0.017971364157744297,27430.627939137248,35606.35143212066,86743.26193632431,112597.16969389954,0.01162499651993855,0.014364096892166793,23032.403542262087,28459.335499421475,72834.85518167845,89996.32087305744,0.016466867268073945,0.018739673249668576,32625.517895393812,37128.58888139969,103170.94639202754,117410.90717322634,0.016901447149921107,0.020120804083352734,33486.54346154214,39864.99939571807,105893.74830469223,126064.1970117052,0.01162499651993855,0.015133728150714664,23032.403542262087,29984.192534450274,72834.85518167845,94818.3422098796,0.016869086730210738,0.020864009547818654,33422.428324450455,41337.49946425864,105690.99843898856,130720.65108304744,0.021189917953333248,0.023869456328346604,41983.216123248836,47292.13893061764,132762.5864485707,149550.87444187148
2024-03-13,2000327.7613083688,4521.764163127868,1995805.997145241,0.006859843916708657,0.011090274782113548,0.013164950089724885,22134.03692013085,26274.686341190703,69993.9704818719,83087.85364467862,0.013623674692774881,0.016573528088463768,27190.211654995957,33077.54675281109,85982.99889184361,104600.38714958963,0.013904273485121727,0.01804845478630821,27750.232407553503,36021.21430171865,87753.94000688703,113909.08127846263,0.011674863535091609,0.01442571365361297,23300.76265918812,28790.925822980753,73683.48122203616,91044.90154557695,0.016537504151119205,0.018820059645337756,33005.64996261802,37561.18790679623,104373.02953612429,118778.90540704841,0.01697394822290536,0.02020711502894273,33876.70765850732,40329.48135976763,107127.55582855277,127533.01795017027,0.011674863535091609,0.015198646350880965,23300.76265918812,30333.549535577862,73683.48122203616,95923.1060499688,0.016941448988741385,0.020953508575064825,33811.84549206023,41819.13807534861,106922.443648607,132243.7261031718,0.0212808150093331,0.02397184763129275,42472.37821976545,47843.15726518601,134309.45281858635,151293.34741162023
2024-03-14,1991047.9143943803,-9279.846913988236,2000327.7613083688,0.006673926903786861,0.010720579341327054,0.012762806331640885,21444.672473765495,25529.795817383485,67814.0086934164,80732.30298197192,0.013254442836386778,0.01612434865038975,26513.229966299306,32253.982238389744,83842.19482133513,101996.0474839276,0.01352743677796209,0.017559301557391233,27059.307326301398,35124.35837443496,85569.04305759347,111072.97381522381,0.011358448791393581,0.01403474475923152,22720.620442824067,28074.089564767946,71848.91045150755,88778.0662602319,0.016089301041793493,0.018309994210211934,32183.875533947183,36625.98972808243,101774.35061864085,115821.5490986716,0.016513916509442422,0.019659457310842534,33033.24564176627,39325.35823113509,104460.29473581196,124357.7018124372,0.011358448791393581,0.014786729262923912,22720.620442824067,29578.305043577533,71848.91045150755,93534.81326495094,0.016482298076738566,0.020385621933355868,32969.998413059686,40777.92548482852,104260.28943740558,128951.12278868406,0.020704057635970753,0.02332215729432008,41414.90126096081,46651.958689428924,130965.41705561562,147526.4467666792
2024-03-15,1982900.3637276087,-8147.550666771829,1991047.9143943803,0.006570095020980891,0.010553790289869336,0.012564244640689446,21013.1021456,25016.013087785494,66449.26348586712,79107.57933398387,0.013048232343660938,0.015873488623972636,25979.655794379407,31604.87641892364,82154.88513743,99943.39465194463,0.013316979089341385,0.017286116764128483,26514.743441866736,34417.48673119575,83846.98085131122,108837.64940920194,0.011181735869486032,0.013816394454521805,22263.371882248997,27509.10336312572,70402.96354325685,86991.4230164753,0.015838986280441586,0.01802513026123251,31536.18059979442,35888.89801331402,99726.15939776534,113490.66043556426,0.01625699564884638,0.01935359863169366,32368.4572809541,38533.94219165959,102358.04935367567,121855.02455090488,0.011181735869486032,0.014556679704089167,22263.371882248997,28983.04676533374,70402.96354325685,91652.4413096303,0.016225869130639992,0.020068465701646172,32306.482891796913,39957.276780357766,102162.06912734132,126356.00372369008,0.020381947232746774,0.022959314917129495,40581.433529056776,45713.09608167446,128329.76066654429,144557.50251620985
2024-03-18,1993177.6051522056,10277.2414245971,1982900.3637276087,0.00644864477242006,0.010358700196062417,0.012331990673323995,20540.27038651742,24453.108791619627,64954.03817710216,77327.51965340575,0.012807031713174393,0.015580062253006512,25395.067842324523,30893.7111083854,80306.25571624325,97694.49247774285,0.01307081059172985,0.016966577522922573,25918.115076555798,33643.03274141584,81960.27630026567,106388.61085849266,0.010975038006463666,0.013560994108658065,21762.40685494113,26890.100150566035,68818.77302887554,85033.96298582535,0.01554619769601956,0.017691930125834594,30826.561066018498,35081.33468156085,97482.14539888664,110936.92095239008,0.01595648003132492,0.018995841345557055,31640.11005792651,37666.86071341703,100054.81320144986,119113.07216271266,0.010975038006463666,0.014287594955293846,21762.40685494113,28330.877233644915,68818.77302887554,89590.10016892826,0.01592592889648223,0.01969749387552857,31579.53020153465,39058.16777030795,99863.24287492567,123512.77138715344,0.020005180603091356,0.02253490484473826,39668.27989430635,44684.47101319855,125442.11532707147,141304.7044414793
2024-03-19,2005622.4573162636,12444.852164057547,1993177.6051522056,0.006379135697841555,0.01024704516002385,0.012199065804663282,20424.180931942836,24314.904765632924,64586.93108831983,76890.48014948267,0.012668986441044099,0.015412126857694676,25251.540054266043,30719.10610052186,79852.38099845254,97142.34296202246,0.012929922082549164,0.016783697066019964,25771.63113129996,33452.88912364977,81497.05339260981,105787.32394380744,0.01085673954807193,0.01341482197728423,21639.410132187248,26738.122742226555,68429.82324023702,84553.36822258313,0.015378627322212275,0.017501231190794192,30652.335576615336,34883.06207208225,96931.19602591512,110309.92790881259,0.01578448727941349,0.01879108772687164,31461.28655413683,37453.97523365102,99489.32363030271,118439.86916587439,0.01085673954807193,0.014133590891131026,21639.410132187248,28170.756844585565,68429.82324023702,89083.75503966841,0.01575426545114376,0.01948517723860364,31401.049082842852,38837.418904406266,99298.83602052473,122814.70218000504,0.019789547452317736,0.022292004136643496,39444.082798056595,44431.923419118146,124733.14185812624,140506.07882658957
2024-03-20,2027019.740384356,21397.283068092773,2005622.4573162636,0.006369952474747683,0.010232293804007185,0.012181504375007703,20522.11824317487,24431.498738411763,64896.636059725846,77259.18266491147,0.012650748526948509,0.015389939996340847,25372.62534750857,30866.409273410976,80235.28631624831,97608.15649492164,0.012911308532893746,0.016759535731037015,25895.210346910797,33613.30123636218,81887.84518539709,106294.5915842583,0.01084111049328074,0.013395510379472685,21743.17466757085,26866.336444283523,68757.95551239833,84958.81554832536,0.015356488685841023,0.017476036914005743,30799.31857384587,35050.33209961793,97395.99707448183,110838.88218010444,0.01576176437854178,0.018764036609142516,31612.148604530914,37633.57321320074,99966.39132203112,119007.80784441585,0.01084111049328074,0.014113244573946599,21743.17466757085,28305.8402631042,68757.95551239833,89510.92631630907,0.015731586056760147,0.019457126929269996,31551.622284641555,39023.65072419694,99774.99029279279,123403.61890334159,0.01976105898024418,0.022259913198796607,39633.22367112895,44644.98180941718,125331.25781566769,141179.82861454363
2024-03-21,2046267.1401031811,19247.39971882524,2027019.740384356,0.0067006543786431085,0.010763512687604363,0.012813918306680728,21817.85269365152,25974.065359314314,68994.1081659787,82137.20662951304,0.013307523697587413,0.016188922795318146,26974.613230642302,32815.26608166817,85301.21681094255,103770.9828425404,0.01358161091435356,0.017629622344183513,27530.19342961429,35735.5925071811,87058.11566258357,113005.86585833933,0.011403936651667522,0.01409095054228458,23116.004711022742,28562.634909990487,73099.22529001423,90322.98229140839,0.016153734829464306,0.0183833213408393,32743.939380258464,37263.355251710265,103545.428008099,117837.07585540143,0.01658005078011204,0.01973818871718516,33608.09022786214,40009.698169166084,106278.11292849168,126521.77471043362,0.011403936651667522,0.014845946563364631,23116.004711022742,30093.026748631397,73099.22529001423,95162.50621404655,0.016548305723176712,0.02046726145466132,33543.74237079461,41487.54300020632,106074.6271376073,131195.13040482748,0.02078697241580955,0.023415556934691283,42135.60342967104,47463.79613871303,133244.4774233629,150093.7021962384
2024-03-22,2034243.5977793967,-12023.54232378467,2046267.1401031811,0.00689664381543142,0.011078337877847143,0.013188716421918894,22669.23876639902,26987.637034311836,71686.42732400661,85342.40169433714,0.013696759424003946,0.016662437422632258,28027.228735237848,34095.79817195793,88629.87930587192,107820.38086479245,0.013978863499454238,0.018145276421946414,28604.48903492097,37130.08289031797,90455.33665566196,117415.6316442527,0.011737493793288443,0.01450310095395132,24018.047856371184,29677.218911669686,75951.73617705762,93847.60638029959,0.016626220233478768,0.018921020585165826,34021.68812788624,38717.462680640696,107586.02432803044,122435.36729339302,0.017065005626413755,0.02031551688116754,34919.56025900637,41570.9746281446,110425.3453099594,131458.96437800818,0.011737493793288443,0.015280180078648911,24018.047856371184,31267.33038979851,75951.73617705762,98875.9803847637,0.017032332048847756,0.021065914484413695,34852.701390883456,43106.48858567939,110213.91900491016,136314.6858627972,0.021394976766741867,0.02410044553756295,43779.83792105489,49315.949765361416,138444.00342354435,155950.72623298844
2024-03-25,2027322.983995464,-6920.6137839329895,2034243.5977793967,0.00684058792712136,0.010988293199977567,0.013081518597225393,22352.865092577245,26610.99545563787,70685.96592301462,84151.3564442059,0.013585432228192588,0.016527005210075982,27636.078533266656,33619.9545390638,87392.95376040807,106315.63117475797,0.013865243363051998,0.017997791701017677,28205.282542941797,36611.89254196237,89192.93488428203,115776.9698819329,0.01164209149925603,0.01438521981799862,23682.85009712352,29263.04131741299,74891.74779125024,92537.86182663936,0.01649108239406462,0.018767230619347788,33546.878780578474,38177.1187354577,106084.54533619995,120726.64970673357,0.016926301341401325,0.02015039245605169,34432.22013783046,40990.8068464654,108884.24053186107,129624.31276285459,0.01164209149925603,0.015155982847246327,23682.85009712352,30830.961075065192,74891.74779125024,97496.05944919954,0.016893893334519235,0.02089469083112811,34366.294357313775,42504.89105080222,108675.76490890399,134412.26741784276,0.02122107849678202,0.023904557230230983,43168.84307005285,48627.69250334857,136511.8680557427,153774.26566887656
2024-03-26,2026552.6753083728,-770.3086870908737,2027322.983995464,0.006684521990757879,0.010737598627294452,0.012783067722727035,21768.580490032185,25915.407000255072,68838.29577720602,81951.71261107785,0.013275484717220717,0.016149946604752264,26913.695290902084,32741.157942113772,85108.57737099858,103536.6323283909,0.013548912046004977,0.01758717754851804,27468.020798998896,35654.88926771962,86861.5085417146,112750.65980708707,0.01137648071690544,0.014057025396026586,23063.800834363592,28498.130671972634,72934.14213708082,90119.00198053835,0.016114843356879977,0.01833906195157211,32669.992320889392,37179.20179933884,103311.58687422103,117570.95927294124,0.016540132916090564,0.01969066737097867,33532.19161913032,39919.34253139459,106038.10045366116,126236.04509563856,0.01137648071690544,0.014810203700809753,23063.800834363592,30025.066360306293,72934.14213708082,94947.59659626971,0.016508464288044564,0.020417984804639286,33467.98908162106,41393.84988131536,105835.07420356951,130898.84674804709,0.020736926034811268,0.023359182015814238,42040.4467677868,47356.606587993694,132943.56563727016,149754.73907459516
2024-03-27,2053124.902004746,26572.2266963732,2026552.6753083728,0.0064815530405384686,0.010411561982599049,0.012394922416323253,21099.578789975047,25118.96318303961,66722.72664650065,79433.13612031817,0.012872387652025391,0.015659569325270167,26086.57163381852,31734.942110303185,82492.98270800644,100354.69848214854,0.013137512628306156,0.017053160161892553,26623.861363791373,34559.12734854552,84192.04201813751,109285.55636921957,0.011031045044542597,0.013630197615104644,22354.993846464968,27622.31344187212,70692.69763387776,87349.42471940095,0.015625531953070038,0.017782214332929258,31665.963582610548,36036.59402930468,100136.5692249948,113957.71624742741,0.01603790801218419,0.019092779580208757,32501.66538844146,38692.52353734513,102779.29037613627,122356.50279768571,0.011031045044542597,0.014360506399814238,22354.993846464968,29102.32266332655,70692.69763387776,92029.6248172495,0.016007200970949976,0.019798012733768196,32439.435951877458,40121.71567140717,102582.50361908505,126876.00515531846,0.020107269626487293,0.022649903378046392,40748.44105470461,45901.22228625607,128857.88483398044,145152.4098102505
2024-03-28,2063817.684198054,10692.782193307998,2053124.902004746,0.007047820409342206,0.011321178516190446,0.013477817219361806,23243.793531631745,27671.642157740087,73503.32902264535,87505.41581559501,0.013996996683278274,0.017027683273109395,28737.58244371646,34959.960551470576,90876.21496901159,110553.10225228322,0.014285284568476648,0.018543026568024958,29329.47347976353,38071.149605347644,92747.93876955715,120391.54589391907,0.011994783335884218,0.014821013472277522,24626.788361055445,30429.391832880807,77876.7426758603,96226.18600562912,0.016990672191818837,0.019335775286428054,34883.97217882281,39698.76174013339,110312.80591902665,125538.507387171,0.01743907589808665,0.020760839378287082,35804.60099431248,42624.59631408194,113224.0898555569,134790.80869771677,0.011994783335884218,0.015615126414932786,24626.788361055445,32059.804890450596,77876.7426758603,101382.00479442888,0.017405686105460182,0.021527685932178436,35736.04757959831,44199.0280698928,113007.30492367802,139769.59906657715,0.02186396136286663,0.024628734857064835,44889.4435305711,50565.86883991211,141952.88445411497,159903.31739945844
2024-04-01,2055765.943151091,-8051.741046963027,2063817.684198054,0.006950572590428239,0.011164965693744543,0.013291846486258748,23042.453642214583,27431.94783398657,72866.63638824069,86747.4358103201,0.013803862165124187,0.01679273048440429,28488.654846615736,34657.134139685324,90089.03678970058,109595.48105538577,0.014088172172563689,0.01828716464404434,29075.41886776386,37741.37378622012,91944.54754556785,119348.70318822839,0.01182927592366155,0.014616508937462334,24413.468842510978,30165.809626373673,77202.16712788925,95392.66588237372,0.016756230092478966,0.01906897479146606,34581.80398534968,39354.88739415455,109357.26619119314,124451.08122497711,0.01719844659761298,0.020474375446021525,35494.45822888952,42255.378118409644,112243.33231699702,133623.2382458146,0.01182927592366155,0.015399664485184239,24413.468842510978,31782.099895239953,77202.16712788925,100503.8244919571,0.017165517526786772,0.021230640834321773,35426.49863019418,43816.17200073061,112028.42519624876,138558.90187200563,0.021562276241529028,0.02428890060926176,44500.60701883116,50127.86260712331,140723.27543958195,158518.2200744959
2024-04-02,2035715.365876573,-20050.57727451785,2055765.943151091,0.006806515580737648,0.010933561510820993,0.0130163607427225,22476.843391293387,26758.591118657754,71078.01972739036,84618.09491211142,0.013517764425719619,0.016444685700086132,27789.359733933758,33806.42480806082,87877.67147700142,106905.30194069284,0.013796181846762247,0.017908146337269386,28361.72078609315,36814.957345124356,89687.63604579553,116419.11717253855,0.011584103300226998,0.0143135683462733,23814.205046550822,29425.346331234134,75307.12861337674,93051.11534597928,0.016408941812354506,0.018673752750319867,33732.94374098633,38388.864934931604,106672.93440383783,121396.24998295546,0.016841992973693227,0.020050025183699523,34623.1955701085,41218.15893197118,109488.15787499493,130343.26318384221,0.011584103300226998,0.015080492274965312,23814.205046550822,31001.962424826805,75307.12861337674,98036.81319740933,0.016809746388146245,0.020790616276255988,34556.90413775811,42740.640877849815,109278.5259594127,135157.77382930391,0.021115378234628883,0.023785490804541395,43408.27545150386,48897.401937109644,137269.01972672614,154627.16178599588
2024-04-03,2035235.512417504,-479.8534590695053,2035715.365876573,0.007022304497220173,0.011280191348618178,0.013429022162196299,22963.258858410005,27337.666764280046,72616.2004926136,86449.29288981037,0.013946321990025662,0.016966036289389076,28390.741972557586,34538.0207723289,89779.4090954236,109218.81151476712,0.014233566158455259,0.018475893439070783,28975.489339988155,37611.66017221455,91628.54263229156,118938.51272443886,0.011951357451036818,0.014767355510616522,24329.56200615912,30062.132526324138,76936.83041375838,95064.81010501603,0.01692915920292853,0.01926577209191335,34462.9495207724,39219.62828298405,108981.41537304914,124023.3543593884,0.017375939509492636,0.020685676885148944,35372.467056016,42110.150288655546,111857.56235628137,133163.98752414848,0.011951357451036818,0.015558593448677044,24329.56200615912,31672.867754898438,76936.83041375838,100158.40213478275,0.017342670601191386,0.021449747149614107,35304.741028181204,43665.57986663666,111643.39385144744,138082.68773056328,0.02178480512953881,0.02453956904440356,44347.66254482894,49955.57777568142,140239.62254619855,157973.40760084134
2024-04-04,2010305.838035376,-24929.67438212759,2035235.512417504,0.006808621693933579,0.010936944639516331,0.013020388343746553,22259.258127687895,26499.556742659912,70389.95470910886,83798.9562916778,0.013521947174102223,0.016449774114142498,27520.34708576636,33479.164448349,87026.97878939893,105870.41381611748,0.013800450744746284,0.017913687584162633,28087.16744307623,36458.57312964032,88819.42214264859,115292.13132947673,0.011587687723495296,0.014317997337115584,23583.67356166197,29140.496647196895,74578.12404874728,92150.3415536423,0.01641401916632106,0.018679530895777476,33406.39470879817,38017.24463438627,105640.29569439963,120221.0834084759,0.016847204324967887,0.020056229183692948,34288.02852712841,40819.149879836215,108428.26662255428,129081.48577207085,0.011587687723495296,0.01508515857204562,23583.67356166197,30701.850436276574,74578.12404874728,97087.77576046823,0.016814947761487474,0.020797049434422094,34222.378823624524,42326.893562438214,108220.66403176726,133849.38993682317,0.021121911882603314,0.023792850654887863,42988.065153627525,48424.05459447385,135940.1980891791,153130.30605887863
2024-04-05,2032822.105529408,22516.26749403216,2010305.838035376,0.007258770250040958,0.011735216956920197,0.01398882778905446,23591.37515910841,28121.82217160768,74602.47863829978,88929.0100165028,0.014415943825672059,0.017537342552901757,28980.456033538572,35255.42211772463,91644.24869635096,111487.43376268678,0.014712860518065545,0.019098041916516605,29577.34939366735,38392.90515981765,93531.79123458904,121409.02629585467,0.012548088219309297,0.015292827386778634,25225.495003460404,30743.260175708372,79770.01931613192,97218.72485438679,0.017499223684912774,0.019914518568684807,35178.79153486707,40034.27294029097,111245.10658243064,126599.4869601656,0.01796104865973058,0.021382236562843146,36107.20097789385,42984.83499253705,114180.9950236036,135929.98342292395,0.012548088219309297,0.016101060719505445,25225.495003460404,32368.05636298387,79770.01931613192,102356.78153973486,0.017926659469981825,0.02217203576719781,36038.06818897662,44572.57294392692,113962.3779496255,140950.85167680564,0.02251837633070927,0.025365902859788465,45268.82340070247,50993.222606070995,143152.588942149,161254.7286671715
2024-04-08,2034879.0691302076,2056.9636007992085,2032822.105529408,0.0075479716161825855,0.012202767335152732,0.01454616573583569,24806.05518753066,29569.76725850124,78443.63415643215,93507.81441793687,0.014990298779058523,0.01823605917432455,30472.610726560662,37070.66420730931,96362.85614761012,117227.73327037778,0.015299045121669958,0.01985893937195756,31100.23711682254,40369.69094768363,98347.58506046738,127660.1718317616,0.013048024727903083,0.01590211882597242,26524.313100375726,32326.178674192088,83877.24276862964,102224.35266000913,0.01819642158783113,0.020707945799155972,36990.08804527565,42095.5699806291,116972.92907323662,133117.88054179808,0.018676646430537697,0.0222341400963794,37966.29972115394,45198.051485357806,120059.98144746208,142928.78849528724,0.013048024727903083,0.016742553506301393,26524.313100375726,34034.63287061837,83877.24276862964,107626.95919878889,0.01864088711881053,0.023055406202290237,37893.60740179644,46867.53937997541,119830.10814989204,148208.17276835802,0.023415545544474597,0.02637652222199038,47599.638595838594,53618.777439849706,150523.27376370897,169557.46206357703
2024-04-09,2028559.4033672868,-6319.665762920631,2034879.0691302076,0.007322221961022617,0.011837799015451856,0.014111109529248437,24088.48944111316,28714.40142327146,76174.49202683404,90802.91014591846,0.014541959151911268,0.017690643229562073,29591.128302370707,35998.319627285884,93575.36396976316,113836.68196096706,0.014841471307654936,0.019264985268387477,30200.599319043562,39201.915289743476,95502.68055030784,123967.34095656902,0.012657775899127994,0.015426507890502084,25757.043238876347,31391.078016154683,81450.92242628968,99267.3047390887,0.01765219114984283,0.020088599057945637,35920.07429510067,40877.86975116238,113589.2484949853,129267.17430937356,0.01811805311492439,0.021569146941294557,36868.047056949006,43890.605649834135,116587.00158222641,138794.28173773055,0.012657775899127994,0.016241806302583574,25757.043238876347,33050.1116899944,81450.92242628968,104513.62986333911,0.018083363316001678,0.022365850085176435,36797.45751120884,45511.8002016296,116363.77783869086,143920.94905166005,0.022715218145161836,0.025587636002126046,46222.72195431652,52067.74492924884,146169.08102830962,164652.66660510903
2024-04-10,2005235.3226451485,-23324.08072213852,2028559.4033672868,0.007139926645027737,0.011543083104940958,0.01375979688339231,23415.82977637804,27912.565356229356,74047.35539614581,88267.28186399394,0.014179919998646913,0.017250213887915172,28764.81005225104,34993.08359242728,90962.3162272203,110657.84650473746,0.014471975447483,0.0187853608325493,29357.26187929214,38107.22036251541,92835.8134045983,120505.61164349604,0.012342645700998673,0.015042446857448693,25037.789999191675,30514.497022330237,79176.44397443111,96495.31224498944,0.01721271911788421,0.019588469789445395,34917.02322410388,39736.37458895547,110417.32250116419,125657.44965873635,0.017666982902169483,0.021032157694269037,35838.52429532498,42664.98126381309,113331.36475250791,134918.5171220586,0.012342645700998673,0.015837447457957184,25037.789999191675,32127.202966174376,79176.44397443111,101595.13622362853,0.017633156746535657,0.021809025977620713,35769.90592923422,44240.90472518393,113114.37442634183,139902.02467808683,0.022149696109404458,0.02495060175003707,44931.97432446022,50613.77779970998,142087.3786334998,160054.81883274912
2024-04-11,2006622.709102772,1387.3864576234482,2005235.3226451485,0.007479575626996763,0.012092191887186974,0.014414355569481811,24247.69030039042,28904.17494109175,76677.92934760613,91403.02670181313,0.014854464098521756,0.018070813016879416,29786.696109320048,36236.23257036234,94193.80367672717,114589.02874592265,0.01516041273433404,0.019678987476058243,30400.195120765937,39461.000800883485,96133.8578951579,124786.64128052037,0.012929789975102388,0.015758021682718594,25927.271572458445,31598.541693195464,81989.23168270403,99923.36249029114,0.01803153460660909,0.02052030062652402,36157.47011467094,41148.03164760333,114339.95999182973,130121.5012391175,0.01850740788907952,0.022032665305148386,37111.70802978373,44180.67872190179,117357.52523327655,139711.57333334652,0.012929789975102388,0.016590840759249593,25927.271572458445,33268.53992282814,81989.23168270403,105204.36058437929,0.018471972610565844,0.02284648950341106,37040.651957640344,45812.58775068148,117132.82620371821,144872.1227984836,0.023203365440828422,0.026137511210768898,46528.20798619287,52411.86072586736,147135.1126824057,165740.85630126682
2024-04-12,1979521.679431951,-27101.02967082104,2006622.709102772,0.007253696344513888,0.01172701399965223,0.013979049550015181,23531.692601668292,28050.678278733347,74413.74582020518,88704.03327340887,0.014405867031044954,0.017525083889761293,28907.13992880973,35166.23131212615,91412.40281623637,111205.38767065028,0.01470257617764284,0.01908469231911946,29502.523240371553,38295.77700378436,93295.17016162538,121101.88009785724,0.012539317062215607,0.015282137647507459,25161.678373681694,30665.48444712288,79568.21341343547,96972.77640537758,0.017486991666992958,0.019900598251282008,35089.79459287901,39932.99237575339,110963.67354095848,126279.20969351917,0.017948493824555014,0.021367290305482723,36015.85530254296,42876.089958973134,113892.13463508847,135586.1014326305,0.012539317062215607,0.016089806022337432,25161.678373681694,32286.170149480833,79568.21341343547,102097.83459609843,0.01791412867296891,0.02215653743746008,35946.89740896852,44459.811177093135,113674.07062874576,140594.26766062604,0.022502635907718973,0.02534817200589918,45154.30022710036,50864.217581280456,142790.43486869545,160846.7789592269
2024-04-15,1960015.4591428551,-19506.220289095538,1979521.679431951,0.007781593344789719,0.013147905969848122,0.015143179722850517,26026.564906447125,29976.25255691692,82303.22477458007,94793.23379630364,0.015454272372386928,0.018800494215144476,30592.067200986174,37215.98588291347,96740.61068804839,117687.28075867904,0.015772574905446587,0.02047360513652325,31222.15396579587,40527.94522387712,98733.11998837386,128160.6157939944,0.013471184164150638,0.016435787171403662,26666.501100556572,32534.997024323093,84326.88070514555,102884.69426366161,0.018759629782294802,0.021348889663217345,37135.09385216985,42260.58992013941,117431.47769697284,133639.71940999388,0.01925471834781038,0.022922322101763832,38115.13240084681,45375.23354336367,120530.63170555783,143489.08735910183,0.013471184164150638,0.017288046691368766,26666.501100556572,34222.06322059628,84326.88070514555,108219.66600736158,0.019217852228500417,0.023769007700098037,38042.1551184362,47051.26604092904,120299.85727569099,148789.167483869,0.024140293927821844,0.027192917543739405,47786.235177982824,53828.96980483759,151113.34396688742,170222.14868371616
2024-04-16,1951403.5831526176,-8611.875990237342,1960015.4591428551,0.007924898988188085,0.013390037502667408,0.015422056171043894,26244.68050373071,30227.4685070155,82992.96685520424,95587.64838317836,0.015738877895632546,0.01914672368259827,30848.44398500156,37527.87440982923,97551.34526472606,118673.55887980758,0.01606304228079297,0.02085064657608113,31483.811191219524,40867.58962224306,99560.55278695271,129234.66568734833,0.013719269180733275,0.01673846824852955,26889.97968237935,32807.65652948975,85033.58203196984,103746.91932568271,0.0191051066912966,0.021742050322412748,37446.30446351494,42614.754745390885,118415.61206083678,134759.68692490403,0.019609312796405518,0.02334445905642458,38434.55622412263,45755.50063591961,121540.73852602854,144691.59749078867,0.013719269180733275,0.017606422960139787,26889.97968237935,34508.861182081695,85033.58203196984,109126.60079394872,0.0195717677514934,0.024206737197191835,38360.96735568066,47445.57912190438,121308.03009131743,150036.0949309495,0.024584861023514204,0.02769370168547222,48186.707666966475,54280.083424416094,152379.74917231247,171648.69520510698
2024-04-17,1937863.8100143643,-13539.773138253484,1951403.5831526176,0.007758815017306638,0.013109419339330672,0.015098852514838139,25581.767871820095,29463.954898948054,80896.65304866988,93173.20635715211,0.015409034532074102,0.018745461293851684,30069.24519881182,36579.960336670876,95087.30235032793,115675.9913824997,0.015726405328018306,0.020413674674740475,30688.56370720534,39835.31790560041,97045.75943394956,125970.33589858562,0.01343175123173181,0.016387676234986878,26210.767481616036,31978.97012449839,82885.72446298221,101126.38281989329,0.018704716479618997,0.02128639706323144,36500.45076018233,41538.35150159919,115424.56002500052,131355.80099372877,0.019198355818867058,0.022855223740750635,37463.74033557608,44599.765501455564,118470.74912954128,141036.8420940013,0.01343175123173181,0.017237441015688932,26210.767481616036,33637.20416239728,82885.72446298221,106370.17927327173,0.019161597614286305,0.023699430915839165,37392.010243446945,46247.154407846465,118243.91866163949,146246.34323029048,0.024069630312253454,0.027113318269710716,46969.562836490244,52909.026422670824,148530.79926570805,167313.03227767046
2024-04-18,1937243.3652591023,-620.4447552619968,1937863.8100143643,0.007713363589918819,0.013032623872514026,0.015010402874372837,25255.45015207419,29088.11650398271,79864.74581340031,91984.70099691967,0.015318767833797528,0.018635649683322472,29685.68579912837,36113.35109741627,93874.38102936135,114200.4434091767,0.015634279459797003,0.020294090608084944,30297.104360791538,39327.183746560215,95807.85628792107,124363.47459908437,0.013353067532682589,0.016291676617160165,25876.42632426339,31571.050520851928,81828.44489021109,99836.42777013734,0.018595143553729307,0.021161700556315156,36034.85573479392,41008.49366644398,113952.21927752924,129680.24339855228,0.019085891135339948,0.02272133698871853,36985.857713049256,44030.856665578394,116959.55158814201,139237.79439163455,0.013353067532682589,0.017136463444123062,25876.42632426339,33208.13234000019,81828.44489021109,105013.33503469771,0.01904934826169088,0.023560598766728613,36915.0426006908,45657.231692312445,116735.61454032856,144380.8438057314,0.02392862952128875,0.02695448744131363,46370.42517254681,52234.12573000837,146636.15961565427,165178.8088944318
2024-04-19,1934828.1307664888,-2415.234492613701,1937243.3652591023,0.00747879480101978,0.01263629265302532,0.014553926010280743,24479.57410354564,28194.496601888248,77411.21031807877,89158.82674384449,0.014852913375322916,0.01806892652479317,28773.7078911125,35003.90802750978,90990.45366427567,110692.07637398278,0.015158830071804092,0.0196769330995283,29366.34298169264,38119.00809570842,92864.53037184912,120542.88772883634,0.012946991397062306,0.01579623532119731,25081.473184025628,30601.152072060973,79314.58233395652,96769.33957289373,0.0180296522149698,0.02051815842159372,34927.82413137932,39748.666269567606,110451.47796895086,125696.31936574203,0.018505475818923794,0.02203036521778108,35849.610251172875,42678.1788523813,113366.42162302732,134960.25156155595,0.012946991397062306,0.016615331589097556,25081.473184025628,32187.940882559218,79314.58233395652,101787.20637973749,0.01847004423965555,0.02284410445733669,35780.970659314815,44254.58979526139,113149.3641750915,139945.30066947063,0.023200943138896715,0.026134782600384456,44945.87316358135,50629.43419508381,142131.3306219548,160104.32870207858
2024-04-22,1952477.6242479316,17649.493481442798,1934828.1307664888,0.007257396715501469,0.012262214866983185,0.014123079671909223,23725.278270142127,27325.73184226632,75025.91745494875,86411.55135255052,0.014413215981136164,0.017534024064384073,27887.095735115367,33925.32300530687,88186.73985013222,107281.2910536783,0.014710076489724637,0.01909442810600803,28461.469798045993,36944.43664040262,90003.07011791789,116828.56665545136,0.01254571381813939,0.015112134901198247,24273.800015881945,29239.383722776423,76760.49551761833,92463.04994362683,0.017111137917959148,0.01974144784551975,33107.11099309249,38196.308633571105,104693.87748617135,120787.3334928385,0.01792326731330631,0.02136672963341153,34678.44179303256,41340.94955720657,109662.86177155635,130731.5612349022,0.012563715858048882,0.01612346054544003,24308.63086911001,31196.125028620965,76870.64034666604,98650.80926182773,0.01792326731330631,0.02216784028285432,34678.44179303256,42890.9609776051,109662.86177155635,135633.12772263432,0.02251411531037139,0.02536110301869926,43560.94364182706,49069.37554784625,137751.79893440354,155170.99009336674
2024-04-23,1977246.774865435,24769.15061750356,1952477.6242479316,0.007379505507827414,0.01246853185740626,0.01436070650564375,24344.529458808225,28038.958120661126,76984.16165490026,88666.97087936345,0.014655724481908943,0.017829041491024513,28614.974118069822,34810.804573013345,90488.49339986857,110081.42963372737,0.014957579795055307,0.019415699995582295,29204.33986274845,37908.719800485094,92352.2315279343,119877.89775065672,0.01275680079922281,0.015366403010630737,24907.36811747067,30002.558043432564,78764.01377146764,94876.41904865192,0.017399040104981906,0.020073606117925212,33971.236488369555,39193.26678321537,107426.48223546795,123939.99197758136,0.018224833923477728,0.021726233964478075,35583.580441224905,42419.985674818876,112525.16149809,134143.7730441424,0.012775105731124973,0.01639474463979213,24943.108087423025,32010.372064452848,78877.03348002306,101225.68447309721,0.018224833923477728,0.022540823641974267,35583.580441224905,44010.453793073524,112525.16149809,139173.27484370914,0.022892924894387157,0.025787814384091844,44697.92360987937,50350.13056319828,141347.2452874343,159221.09306656307
2024-04-24,1979539.8966750435,2293.121809608303,1977246.774865435,0.007792604018437449,0.012598263296074927,0.014918712219033433,24909.875471069732,29497.975620229412,78771.94271974011,93280.78932404297,0.015452303440418013,0.01871289987268363,30553.01714180858,37000.02092164351,96617.12355828284,117004.33958627594,0.015476139609855643,0.020343198088816437,30600.147130954283,40223.52281156098,96766.16167008226,127197.94760027248,0.013262340893306305,0.01619889512934844,26222.920758455864,32029.213150887605,82924.15649883063,101285.26521982315,0.018373023733802094,0.021197309702276724,36328.00192218628,41912.31224465045,114879.22891708363,132538.36869725975,0.019245044795590804,0.022942450265471575,38052.202754222744,45362.88579491431,120331.63068987627,143450.04035002706,0.013490245403399185,0.017312508653294964,26673.5442160143,34231.101899557405,84349.15299181551,108248.24881991776,0.019245044795590804,0.023802639987872545,38052.202754222744,47063.693149304025,120331.63068987627,148828.46545106373,0.02417445157220421,0.027231394540330883,47798.85640528142,53843.18702995745,151153.25579201768,170267.1074971023
2024-04-25,1973218.1752812655,-6321.721393777523,1979539.8966750435,0.007560542649028115,0.012223090860038236,0.014474437522259239,24196.09601812976,28652.726557242426,76514.77390142082,90607.87709488097,0.01499213855992008,0.01815563542554886,29677.53641584213,35939.80467436075,93848.61041665112,113651.6414325461,0.015015264895506527,0.01973738385836325,29723.3159197994,39070.938803620054,93993.37791930878,123553.15694049357,0.01286739242909688,0.015716496976209825,25471.516679571676,31111.43280038003,80548.00816641578,98382.98892047153,0.017825880694354895,0.020566060288644838,35287.042027844946,40711.33685879672,111587.42469807678,128740.5510641624,0.018671933235059557,0.022259231098475014,36961.836786853106,44063.036028741146,116883.59074985537,139339.55447288256,0.013088510012434391,0.016796947429281915,25909.227757644647,33250.22757861686,81932.17213021414,105146.45186737465,0.018671933235059557,0.02309380463346804,36961.836786853106,45715.10763796897,116883.59074985537,144563.86361574213,0.02345454378229315,0.026420451921791134,46429.20517536087,52300.33866737038,146822.03830541778,165388.19258706583
2024-04-26,1986329.4079497035,13111.232668437762,1973218.1752812655,0.007371972263146831,0.011918230075946805,0.01411342503999544,23517.26820304205,27848.866804388723,74368.13186666805,88065.84935652322,0.014618213898071475,0.01770280877843567,28844.92535382383,34931.504035138,91215.66305562158,110463.1148463985,0.014640763430876955,0.01924510621861777,28889.420501799705,37974.793375795096,91356.36906805159,120086.84074178699,0.012546461873146291,0.015324505814056023,24756.906603565694,30238.593399498768,78288.21268733083,95622.82838214996,0.01738127858611332,0.020053114313108807,34297.05481574586,39569.16963361919,108456.81025340347,125128.70116380698,0.018206229406811544,0.021704055102185954,35924.86276886079,42826.83600493941,113604.39097858322,135430.3467541147,0.0127620644782672,0.016378008339139428,25182.33758262826,32317.383729698053,79633.54356836394,102196.54060351322,0.018206229406811544,0.022517813219444356,35924.86276886079,44432.55831219635,113604.39097858322,140508.08653478735,0.022869555035187145,0.025761489325410503,45126.62165602646,50833.03895921431,142702.90754172308,160748.18349919232
2024-04-29,1998192.0866661856,11862.678716482127,1986329.4079497035,0.007329171761212148,0.01184903472208287,0.01403148473227764,23536.08612429035,27871.150760920347,74427.63935864235,88136.31741444334,0.014533342866291583,0.017600029077926144,28868.006331131008,34959.45533825461,91288.65151453493,110551.50462781674,0.014555761480085432,0.01913337218374343,28912.537082995197,38005.17984181641,91429.47011634556,120182.93118445766,0.012427145344466893,0.015046512991296104,24684.404254579837,29887.33124170871,78058.94012882312,94512.03990770793,0.01728036563891313,0.019936689111369338,34324.498448696715,39600.83187906356,108543.59464079782,125228.8259752465,0.018100526925964595,0.021578044800026317,35953.60893242892,42861.104952348454,113695.29432945028,135538.7146809438,0.012687969955676111,0.016282920219897593,25202.487850141755,32343.243280081442,79697.26430916828,102278.31568199261,0.018100526925964595,0.02238707836669923,35953.60893242892,44468.1121178493,113695.29432945028,140620.51754013763,0.02273677802523797,0.025611922203566513,45162.730833554764,50873.71426706414,142817.0947871479,160876.8101165263
2024-04-30,1969405.155526239,-28786.93113994668,1998192.0866661856,0.007254036437968622,0.011727563827011334,0.01388764035595593,23433.925235006656,27750.173061737107,74104.5782607176,87753.75233893761,0.014384353669470355,0.017419601613957596,28742.701674143373,34807.71009788758,90892.40339702787,110071.64404416722,0.014406542457869338,0.018937225586201215,28787.03913553493,37840.214309759685,91032.61076069497,119661.26436773689,0.012299747923193143,0.014892263008607479,24577.25896811339,29757.602096351027,77720.11698303794,94101.80032947058,0.017103215218599973,0.019732307275386732,34175.50930635514,39428.940249343366,108072.44960436341,124685.25691461239,0.0179149685865274,0.021356836534776834,35797.548462472354,42675.06176001435,113201.78779167125,134950.39444999926,0.012557898679550608,0.016115995154701933,25093.093766633767,32202.85398687599,79351.32984273638,101834.36575636218,0.0179149685865274,0.0221575762586354,35797.548462472354,44275.09353970781,113201.78779167125,140010.13920248335,0.02250369095590723,0.02534936046857796,44966.69718887524,50652.89149036111,142197.18197193643,160178.50718290196
2024-05-01,1959013.3122854289,-10391.843240810324,1969405.155526239,0.007880253701494564,0.013314604104205851,0.015310375539273353,26221.849966613823,30152.332520087763,82920.77035770986,95350.04753024207,0.015650153483353815,0.018931394090929966,30821.492954893933,37283.58512397645,97466.11862429818,117901.04832853685,0.015650212195674463,0.020572014394718043,30821.608583240908,40514.63120851771,97466.4842732367,128118.5131806562,0.013411513104949981,0.016269407754920688,26412.70305229621,32041.055509899375,83524.30080693748,101322.71404716976,0.01857967990460949,0.021435732888245386,36590.91739216519,42215.64286259382,115710.64063431059,133497.58433402714,0.019461509288430743,0.0232005024505389,38327.596726957294,45691.18913689045,121202.50289759976,144488.2266741168,0.01376050717864902,0.01756008300152009,27100.013780287198,34582.91799466234,85697.76816765744,109360.78899795578,0.019461509288430743,0.0240703674183853,38327.596726957294,47404.30568917882,121202.50289759976,149905.57687668302,0.024446361066561933,0.027537687930193372,48144.789518342994,54232.86458099551,152247.19234736482,171499.3761114191
2024-05-02,1959965.7707949125,952.4585094838404,1959013.3122854289,0.007749317940507811,0.013093372924771755,0.015055983263571934,25650.091862345467,29494.871642884034,81112.71247756181,93270.97368582601,0.015390115566615958,0.018616836135598412,30149.441272611868,36470.62982227371,95340.90460293903,115330.25793924683,0.015390173303391567,0.02023019642008964,30149.554379723893,39631.22409710463,95341.2622790326,125324.93460740072,0.013188671716728257,0.01599908050837654,25836.783464432978,31342.41170023597,81703.0831601842,99113.40833545625,0.01827096591907639,0.02107956364492536,35793.06546378403,41295.14579757673,113187.61130506858,130586.71702907304,0.01913814310947788,0.022815010363772686,37491.87712389082,44694.909022560714,118559.72546665787,141337.7123253019,0.013531867017145288,0.017268310310196898,26509.107626663736,33828.84977835145,83829.15883879794,106976.21592327282,0.01913814310947788,0.023670421935087057,37491.87712389082,46370.67167824857,118559.72546665787,146636.93913512802,0.024040168193736004,0.027080130564461385,47095.00952110958,53050.33627420738,148927.49651402197,167759.89326434623
2024-05-03,1970076.677166289,10110.906371376475,1959965.7707949125,0.007514185847740969,0.012696089937957492,0.014599150174440191,24883.90170133039,28613.83462459735,78689.80644794302,90484.89000511667,0.01492314413650003,0.018051958597360026,29248.851700178857,35381.22094663259,92492.99031705353,111885.24458901776,0.014923200121409347,0.019616365827790024,29248.9614286848,38447.40556985945,92493.33730905656,121581.37172499987,0.012740850223950733,0.015432139063862886,24971.63032976813,30246.464335318302,78967.2287298089,95647.7184666567,0.017716582877058303,0.020439961301532757,34723.89601448552,40061.62450737683,109806.6006406174,126685.98020973182,0.018557447921133605,0.02212275058368428,36371.96271873107,43359.83389985436,115018.24516192042,137115.83409012103,0.013121279113124475,0.016744350140675483,25717.257930770196,32818.353129928924,81325.11023526268,103780.74494629125,0.018557447921133605,0.022952207004560354,36371.96271873107,44985.540093137526,115018.24516192042,142256.76846713776,0.02331073431306991,0.026258457248060606,45688.24134571148,51465.67740008036,144478.90493992472,162748.7619077068
2024-05-06,1999567.8553554453,29491.178189156577,1970076.677166289,0.007393493908250084,0.012492166884999803,0.01436466039934345,24610.526627407162,28299.48242816072,77825.31855882872,89490.82107690026,0.014683450409776767,0.01776201023317636,28927.523192628996,34992.522099969705,91476.86035605335,110656.07090968252,0.01468350549546328,0.019301290144876155,28927.63171565524,38025.02155364006,91477.20353599486,120245.67618649708,0.012536208236721502,0.015184269922501336,24697.29146726496,29914.176034117456,78099.69307359912,94596.93059503396,0.017432021276918213,0.02011165712825465,34342.41855352308,39621.50664753963,108600.2629879581,125294.20533372751,0.01825938044889028,0.021767417653554444,35972.379561864866,42883.48184140536,113754.65227158286,135609.47661731252,0.012910526723330932,0.016475404424540426,25434.72758756638,32457.81000366938,80431.67084262954,102640.60747259343,0.01825938044889028,0.022583551446246006,35972.379561864866,44491.32799183427,113754.65227158286,140693.9325798016,0.02293632013271703,0.025836697100318225,45186.30935348543,50900.27437234682,142891.65661398447,160960.80054411344
2024-05-07,2002136.3893011,2568.533945654053,1999567.8553554453,0.008039318577655765,0.013583362691580931,0.015619419268242908,27160.855405719652,31232.08868809799,85890.16628057082,98764.53633876982,0.015966055714428093,0.01931352897778793,31925.211783384533,38618.71171746066,100956.38401874121,122123.08932860868,0.015966115611871497,0.02098726560946785,31925.331552386982,41965.46168449872,100956.76276158205,132706.44198354238,0.013623934538244009,0.016399440693388053,27241.98156613955,32791.794456306765,86146.70972532191,103696.7590460122,0.01895471535335157,0.02186841847508717,37901.23952797413,43727.386630245455,119854.24305200334,138278.13787837068,0.01985434468207894,0.023668810348858555,39700.10941543238,47327.39234808187,125542.76911066216,149662.3555363632,0.013917347812372088,0.01765355747389133,27828.681317420655,35299.48605746298,88002.01724202448,111626.77617494036,0.019657073895291866,0.02403404375771601,39305.65309137227,48057.701332135126,124295.38868917472,151971.79532165508,0.02493981693016023,0.028093542993533685,49868.85625199792,56174.94551291615,157699.17006384124,177640.7752566707
2024-05-08,1999555.2146437764,-2581.174657323165,2002136.3893011,0.007800748736850578,0.01318027123008115,0.015155907052338066,26388.700650603845,30344.193022351214,83448.39854827532,95956.76371041847,0.015492256929955917,0.018740392649240937,31017.611351866886,37520.82207283613,98086.29944979379,118651.25743208232,0.015492315049919877,0.02036446050888345,31017.727715961675,40772.42743332075,98086.66742537118,128933.7364232266,0.013219639091741509,0.0159127810445977,26467.52047900302,31859.55798436983,83697.64873080033,100748.76847681183,0.018392226955774554,0.02121946482760228,36823.74686844083,42484.262692837314,116446.91208576577,134347.03482228436,0.01926515944152139,0.02296642938678678,38571.47676355763,45981.92400759996,121973.71928910204,145407.61106079345,0.013504345215204678,0.01712968143197192,27037.54096904548,34295.958532086355,85500.21179229984,108453.34350007781,0.01907374274046866,0.023320824355126397,38188.23442085999,46691.47106989792,120761.8005903587,147651.39588473638,0.02419971836368772,0.02725985640494033,48451.13674677726,54577.9504754537,153215.947344097,172590.63352630343
2024-05-09,2019374.024942939,19818.81029916252,1999555.2146437764,0.007569704914839587,0.01278989585165704,0.014707016976584995,25574.10294493164,29407.492487385072,80872.4144216037,92994.65653442727,0.015033404789806304,0.018185336706570566,30060.12294130792,36362.58484167606,95058.45523921304,114988.58971080954,0.01503346118836389,0.0197613026649527,30060.23571333784,39513.81579186012,95058.81185568395,124953.65694660779,0.012828097709702972,0.015441473754055197,25650.489669396462,30876.07936670608,81113.97045391223,97638.73601492048,0.017847483040221733,0.02059098332919981,35687.02778134173,41172.808090544546,112852.29071074528,130199.85123112894,0.018694560872182357,0.022286206013048038,37380.806677447734,44562.49944801569,118208.48987516596,140918.99648572574,0.013104371361728605,0.01662233179139481,26202.914090972998,33237.27021302252,82860.88986119516,105105.47707962104,0.01850881358155417,0.022630104454611978,37009.39471386619,45250.143370152735,117033.98212001276,143093.5174988503,0.023482967240052208,0.026452469624038705,46955.489600155364,52893.173576952686,148486.29578483998,167262.9011778059
2024-05-10,2022708.0774097235,3334.052466784371,2019374.024942939,0.007726506953558023,0.013054831112291145,0.015011664287324191,26362.586848177674,30314.164932986027,83365.81945424099,95861.8065542414,0.015344813034439454,0.018562035389339746,30986.91685935287,37483.69211530427,97989.23494182651,118533.84219685633,0.015344870601260389,0.020170646566789893,30987.033108295767,40732.07974327998,97989.60255326165,128806.14582437127,0.013093824299628219,0.01576133491016268,26441.328677835892,31828.030316008866,83614.82298308997,100649.06923547677,0.018217183280611983,0.021017513583887325,36787.306724492635,42442.22100018744,116331.67823262507,134214.087316822,0.019081807837642992,0.02274785182057408,38533.307096288845,45936.42108971824,121853.0162030019,145263.7182001036,0.013375820799818897,0.016966653735574613,27010.78508544577,34262.01984382046,85415.6022593144,108346.01994435916,0.018892212899823194,0.023098873918523048,38150.44400359487,46645.265996497365,120642.29679807277,147505.28261333535,0.023969403260983475,0.027000417161340384,48403.19033861261,54523.94107823433,153064.3274886726,172419.84081603747
2024-05-13,2015265.678327521,-7442.399082202231,2022708.0774097235,0.007502017063825281,0.012675529363843453,0.014575507705724987,25638.895629690287,29481.9971687176,81077.30688115829,93230.26102378308,0.014898976978537823,0.018022724507615988,30136.28107962997,36454.71043848504,95299.28841866888,115279.91642752827,0.014899032872782858,0.01958459827215507,30136.394137370884,39613.92511791258,95299.64593863727,125270.23043195799,0.012713389623147428,0.015303397014385094,25715.475881997263,30954.304752804575,81319.4749022387,97886.1064058378,0.017687891908652175,0.020406859981261558,35777.44183598085,41277.12051866699,113138.20505589581,130529.71609225846,0.01852739522103346,0.022086924084722393,37475.511966946695,44675.39975130335,118507.9742964483,141276.01859263855,0.012987192852612623,0.016473695889406,26269.29988585738,33321.477740292874,83070.82017731055,105371.76466192609,0.01834330887162766,0.022427747406880954,37103.15902106271,45364.78583800309,117330.49089398149,143456.04881384005,0.023272983944031985,0.026215933214361456,47074.4526090203,53027.17986952278,148862.48985016,167686.6662831223
2024-05-14,2022407.1221942247,7141.443866703659,2015265.678327521,0.007329306420940446,0.012383714668314259,0.014239951909888792,24956.475141254807,28697.286345033313,78919.30381573758,90748.78751635393,0.014555974307336546,0.017607807251394842,29334.155436192552,35484.40962434247,92762.74441577854,112211.55583932204,0.014556028914790192,0.01913372372342399,29334.265484719668,38559.536718417425,92763.09241977737,121935.96155109377,0.01242070331273539,0.0149510838279194,25031.017086844575,30130.40609220362,79155.02614502159,95280.71007717674,0.017280683133088143,0.019937055410485578,34825.167616165825,40178.463495665594,110126.8495642205,127055.45753223404,0.01810085948905867,0.021578441255962224,36478.04087652897,43486.29205494728,115353.69375055653,137515.72988891747,0.012688203073229164,0.01609444020609544,25570.10017312851,32434.572959238656,80859.75654575191,102567.12548610181,0.017921011156106538,0.021911418179668296,36115.598703826116,44157.329020967205,114207.55096471541,139637.73509570945,0.02273719577071468,0.025612392774402828,45821.49025813497,51615.77609809781,144900.27499892324,163223.41566726772
2024-05-15,2050018.216190243,27611.09399601794,2022407.1221942247,0.007158659418258627,0.012095386732648069,0.013908405516247363,24461.79627380099,28128.45837442411,77354.99188423097,88949.99553241754,0.014217070017625894,0.017197847651034156,28752.70366038058,34781.04957586269,90924.0324546631,109987.33607095949,0.014217123353663423,0.01868823646773829,28752.81152756275,37795.22253360376,90924.37356064354,119518.9878791077,0.012131514176712547,0.014602980270017982,24534.86067398366,29533.17130334611,77586.04180468225,93392.08784649726,0.016878339908287153,0.019472864318900114,34134.87484133495,39382.05948806538,107943.95214339718,124537.00693053132,0.0176794202367786,0.021076034055145094,35754.98540312575,42624.32138073347,113067.19157995106,134789.93928213086,0.012392785785492548,0.01571971607487818,25063.258236407477,31791.665748704676,79256.9816120225,100534.07437666904,0.017503759282166652,0.02140125833341254,35399.72743742711,43282.05727741202,111943.76725142538,136869.8828144883,0.02220780948437023,0.025016063762154962,44913.232069522805,50592.66552184705,142028.11041941,159988.05594810794
2024-05-16,2035045.9771025272,-14972.239087715512,2050018.216190243,0.007694440500375576,0.013000651114371872,0.014949363064669059,26651.57160679632,30646.466603013167,84279.66950054988,96912.63670180486,0.01528112918199231,0.018484999460638606,31326.59318704054,37894.585620575956,99063.38580456126,119833.20154928525,0.015281186509900136,0.020086934599961755,31326.71071029588,41178.58183734366,99063.75744572617,130218.10942164726,0.013000651114371872,0.015473967484694557,26651.57160679632,31721.915220359355,84279.66950054988,100313.50383909768,0.016555720523369313,0.020531526196352574,33939.52865506175,42090.002708709944,107326.21326254634,133100.27528218005,0.01900261475578335,0.022653443968514906,38955.70640460137,46439.97279490055,123188.76009934918,146856.0885081413,0.013320308634485679,0.016896238939995607,27306.87534597182,34637.597612093916,86351.92187556937,109533.7011306262,0.0188138066725194,0.02300300925891325,38568.64639454631,47156.58800796498,121964.76887640751,149122.22478735176,0.023869925741310038,0.02688836036542798,48933.78258879397,55121.6285526151,154742.2075080796,174309.8945640342
2024-05-17,2038909.364313452,3863.387210924644,2035045.9771025272,0.007673077531988086,0.01296455589747344,0.014907857412562437,26383.46732407417,30338.175254653277,83431.84931670217,95937.73385806319,0.015238702409100358,0.018433677410763617,31011.460033902273,37513.38105798023,98066.8472744137,118627.72687703453,0.01523875957784206,0.020031164911595248,31011.57637492009,40764.341570019205,98067.2151770153,128908.16667834493,0.01296455589747344,0.01543100531243675,26383.46732407417,31402.805283722133,83431.84931670217,99304.38961533205,0.016509754954572516,0.0204745221367256,33598.11040325132,41666.593907440074,106246.55395207247,131761.33908880566,0.018949855590475927,0.022590548582249525,38563.82738607187,45972.805012846096,121949.52983356462,145378.7742674001,0.013283325915305998,0.016849327950388883,27032.178966485215,34289.15706232007,85483.25565138974,108431.83536417957,0.01876157171701175,0.022939143333952063,38180.66104682531,46682.2113599374,120737.85147883675,147622.1141107886,0.023803652895480837,0.026813707089150117,48441.5280652932,54567.12674298046,153185.56202529627,172556.40587890364
2024-05-20,2045031.028431084,6121.664117632201,2038909.364313452,0.007453816706338343,0.012594089260271907,0.014481860267177129,25678.206527767867,29527.20051142636,81201.61885595018,93373.20654459593,0.014803251254316528,0.017906928748053597,30182.487604710823,36510.604710500236,95445.40628068606,115456.6696352533,0.014803306789441804,0.01945876749492213,30182.6008357978,39674.66326339494,95445.76434882284,125462.30131253692,0.012594089260271907,0.014990059036147294,25678.206527767867,30563.371740412196,81201.61885595018,96649.86767412705,0.01603798303678289,0.019889455635081744,32699.993798396932,40552.79734546513,103406.45987631517,128239.20510289994,0.018408356959009005,0.0219450158982156,37532.97138534816,44743.89841487937,118689.67693162552,141492.6303862164,0.012903750315369373,0.016367852617623895,26309.577352769276,33372.56797577581,83198.18871113422,105533.32617224652,0.0182254533618916,0.022283649435169972,37160.047528418865,45434.34150444622,117510.38814991419,143676.0031439713,0.023123455339078624,0.02604749620041769,47146.6296261313,53108.48391995069,149090.73361894768,167943.77226547166
2024-05-21,2049798.2163171968,4767.187886112602,2045031.028431084,0.0072639571099466435,0.012273299415541356,0.014112986138170285,25099.27812600716,28861.494556376012,79370.88650422532,91268.05947469916,0.014426190827536848,0.017450813123177908,29502.00786438075,35687.454308251174,93293.54039964308,112853.63950726247,0.014426244948101382,0.018963124270998437,29502.1185426145,38780.17753018638,93293.89039494914,122633.68906107216,0.012273299415541356,0.014608240342367153,25099.27812600716,29874.30477091955,79370.88650422532,94470.84659014053,0.015629472188412923,0.019382842155290087,31962.755583305105,39638.51362675025,101075.10793850788,125347.98612415222,0.01793946922535977,0.02138604429676722,36686.77119944527,43735.12416229058,116013.75698771449,138302.6061031018,0.01257507295136443,0.015950939509318137,25716.414370324706,32620.16622918288,81322.44266291091,103154.02293752403,0.017761224449956852,0.021716052343025507,36322.255103090574,44410.0008565207,114861.05587944025,140436.75359663402,0.02253446716418485,0.02538402843478021,46083.684559919435,51911.12577570246,145729.40618207972,164157.39335469482
2024-05-22,2038661.7688606053,-11136.447456591295,2049798.2163171968,0.007065723878526293,0.011938361341636604,0.013727843053648318,24471.231783836887,28139.308205250745,77384.82958682979,88984.3057100572,0.014032500393859403,0.016974580812887514,28763.79427780337,34794.46547298894,90959.10406637666,110029.76086273293,0.014032553037474908,0.01844562102240157,28763.902186592528,37809.80107058172,90959.44530392996,119565.08926091106,0.011938361341636604,0.01420958178139255,24471.231783836887,29126.775390111787,77384.82958682979,92106.95112889264,0.015202944232588255,0.018853884814766637,31162.96797072922,38646.65946395854,98545.95743837974,122211.46786301097,0.017449901500677108,0.020802419613405333,35768.77697099871,42640.762618640125,113110.80434693443,134841.9310414686,0.012231899484235587,0.015515638717303147,25072.925744957345,31803.92856775003,79287.55295833923,100572.85281538685,0.017276521021315192,0.021123421747264316,35413.381973658434,43298.75222005828,111986.94668630966,136922.67685865634,0.02191950204576815,0.024691298851313614,44930.5561959767,50612.180343977496,142082.8941174771,160049.7672341732
2024-05-23,2020575.899513478,-18085.869347127387,2038661.7688606053,0.006979231492757643,0.011792222407769613,0.013559798856396826,24040.352992621265,27643.843521975967,76022.27121112827,87417.50881073497,0.013860726849035065,0.016766792903655542,28257.33391574751,34181.81967908585,89357.53577768663,108092.40475507706,0.013860778848233668,0.01821982593096578,28257.439924525712,37144.06256075502,89357.87100687771,117459.83924377228,0.011792222407769613,0.014035640561755798,24040.352992621265,28613.923814720736,76022.27121112827,90485.17204905137,0.01501684314231206,0.018623092116570147,30614.264003208154,37966.18591602089,96810.80313984213,120059.62156403223,0.017236295133067923,0.020547774663637036,35138.9759245837,41889.96264191941,111119.19856750556,132467.69304782973,0.012082167314246724,0.015325709895790254,24631.452588532014,31243.938845196244,77891.4922582114,98802.00982583112,0.017065037025251164,0.02086484737131526,34789.83856757026,42536.36664901212,110015.12930309173,134511.80199890235,0.021651182754016444,0.02438904965758737,44139.438531227395,49721.023115766206,139581.16039967578,157231.68063970306
2024-05-24,2036103.159919936,15527.260406458285,2020575.899513478,0.007109956149341196,0.012013096901789795,0.01381378098189073,24273.37407827649,27911.792933166034,76759.14858464398,88264.8392477966,0.014120345513241692,0.01708084370518181,28531.229836859435,34513.14113404686,90223.67073023011,109140.13519043477,0.014120398486412482,0.018561092801151872,28531.336873171655,37504.09678264058,90224.00920876907,118598.36742053712,0.012013096901789795,0.014298535451296246,24273.37407827649,28891.276131228267,76759.14858464398,91362.23708353908,0.015298116469437678,0.01897191237335469,30911.005446095987,38334.188909282035,97749.18197553245,121223.34920849703,0.01755913995694018,0.020932645231298754,35479.57501317746,42295.99846742799,112196.26745643932,133751.69106806355,0.012308472628030758,0.015612768458771771,24870.203152020273,31546.78367247843,78646.48783148293,99759.68925764313,0.017384674095181643,0.021255656876647447,35127.053497620305,42948.66801328176,111081.49654306423,135815.61339238915,0.02205672073238607,0.024845869315195203,44567.27833415856,50202.964740744865,140934.10865061585,158755.71387387833
2024-05-28,2020407.5954599224,-15695.564460013991,2036103.159919936,0.007143844148368273,0.01207035461302867,0.013879621246815275,24576.48716894185,28260.340679132463,77717.67633975964,89367.04399836827,0.014187646948716657,0.017162255686170823,28887.512784110422,34944.1230339663,91350.33633502085,110503.01962448693,0.014187700174372096,0.018649560054897905,28887.62115703565,37972.42815889424,91350.67904030127,120079.36126921997,0.01207035461302867,0.014366686188837298,24576.48716894185,29252.055146669725,77717.67633975964,92503.12050432715,0.015371031483981114,0.019062337705740125,31297.00577576277,38812.88603811841,98969.82219485535,122737.12244500306,0.01764283162891093,0.021032415953695982,35922.62522956094,42824.16858407086,113597.31525804156,135421.91162869183,0.012367138180909332,0.01568718319090622,25180.76912931598,31940.723265247056,79628.5836834935,101005.43563131118,0.017467534215054273,0.021356967161046667,35565.701611281605,43484.98832291342,112468.62367357036,137511.60712623195,0.02216184910660099,0.02496429153573987,45123.81099561908,50829.87288108246,142694.0194531065,160738.1714810456
2024-05-29,2002085.891372448,-18321.70408747415,2020407.5954599224,0.007180911944465238,0.01213298496082482,0.013951639471120682,24513.574970451475,28187.998356570683,77518.73049992144,89138.27748784647,0.014261263448918563,0.017251306760232153,28813.564993050037,34854.671209982145,91116.4928873318,110220.14811984052,0.014261316950749925,0.018746328415888944,28813.673088556487,37875.2243184482,91116.83471533701,119771.97573609489,0.01213298496082482,0.014441231683276524,24513.574970451475,29177.174180688373,77518.73049992144,92266.32609843249,0.015450788299641543,0.01916124787686546,31216.890036439072,38713.53074890929,98716.47398216414,122422.93343351748,0.017734376303152312,0.02114154841652781,35830.66858363339,42714.545000536484,113306.52281092087,135075.25141945347,0.012431308471704048,0.015768580446470514,25116.310057736137,31858.959703669843,79424.74620144136,100746.87654711975,0.0175581693105509,0.02146778364689568,35474.65863740835,43373.673137878344,112180.72051117566,137159.59760335804,0.02227684194333621,0.025093825614190247,45008.300665176655,50699.75587005673,142328.74371562977,160326.70536387106
2024-05-30,2007569.2329699143,5483.341597466497,2002085.891372448,0.0073110021033237224,0.01235278739722677,0.014204388844622374,24731.341367111097,28438.406501386642,78207.36831121353,89930.13757012218,0.014519622003088343,0.017563833254681763,29069.530360444136,35164.302757616584,91925.92645041895,111199.28904580827,0.014519676474164524,0.01908593888047847,29069.639416217244,38211.6889562028,91926.27131505396,120835.97034350291,0.01235278739722677,0.014702850560978767,24731.341367111097,29436.36967109307,78207.36831121353,93085.97420735564,0.01573069641158245,0.019508375066212145,31494.205347092422,39057.442483665385,99593.4219938659,123510.47782940643,0.018055654136438018,0.02152455093950684,36148.97040606314,43093.999754114215,114313.08155318134,136275.19270973702,0.01265651536832242,0.016054245714491964,25339.43085285688,32141.978841610948,80130.3161073707,101641.86164443103,0.01787625495935687,0.02185669628174797,35789.79784470514,43758.98325770026,113177.27818625349,138378.05518750768,0.02268041156369726,0.025548428008115052,45408.13200219881,51150.14726179184,143593.12142053017,161750.96800028716
2024-05-31,2030647.7149698825,23078.481999967946,2007569.2329699143,0.007119869615087772,0.012029846853849236,0.013833041641410738,24150.75042112765,27770.78879768784,76371.37853303405,87818.94502018255,0.014140033618011269,0.017104659655018523,28387.096444679686,34338.78846383698,89767.8809240558,108588.78363643934,0.014140086665042956,0.01858697267352215,28387.202940268402,37314.63447341562,89768.2176926769,117999.23499263111,0.012029846853849236,0.014318472007646982,24150.75042112765,28745.32386569304,76371.37853303405,90900.69549478606,0.015319446749178003,0.018998365054568166,30754.84995977073,38140.53316028184,97255.37496961336,120610.95595967055,0.01758362279886581,0.020961831777196783,35300.34013515133,42082.32854259132,111629.47700573428,133076.00743810268,0.012325634424704,0.01563453746016563,24744.56444787058,31387.41637674411,78249.18336409784,99255.72561858104,0.017408913678033915,0.021285293800130743,34949.59947945,42731.70094786775,110520.33766569717,135129.50328843817,0.02208747458527482,0.024880512099092388,44342.13441140265,49949.35059067358,140222.14105336217,157953.71551280533
2024-06-03,2018091.8262353237,-12555.888734559065,2030647.7149698825,0.00744915461177835,0.012586212109901622,0.014472802383863097,25558.162861097993,29389.16309000227,80822.00745059534,92936.69389055927,0.014793992352486506,0.017895728607455627,30041.38676585864,36339.920404450924,94999.20625015278,114916.91846729223,0.014794047852876555,0.01944659673494019,30041.499467598875,39489.187223747074,94999.56264434819,124875.77457586197,0.012586212109901622,0.014980683292761093,25558.162861097993,30420.49029713281,80822.00745059534,96198.03687799202,0.016027951854582573,0.01987701549514126,32547.123809155393,40363.21609562955,102923.04252442648,127639.69655175808,0.01839684319307966,0.021931290079179693,37357.507592686445,44534.724085627895,118134.81169992297,140831.16307774375,0.012895679483134173,0.01635761511385183,26186.582075410406,33216.55375330003,82809.24349323605,105039.96588184283,0.018214053995591156,0.022269711813022633,36986.32712648524,45221.93940615221,116961.036003764,143004.32873356325,0.0231089924485097,0.026031204427340665,46926.22271082249,52860.20578829321,148393.74575452003,167158.64787622288
2024-06-04,2008419.2813739092,-9672.544861414004,2018091.8262353237,0.0073802905086681955,0.012469858207522944,0.014339007798088312,25165.318922915518,28937.434433646587,79579.72584094833,91508.20245210783,0.014657228509088545,0.01773029059948267,29579.63304945495,35781.354535592975,93539.01278826967,113150.57809847019,0.014657283496402305,0.019266821644679733,29579.7440189034,38882.215278661984,93539.36370447745,122956.36075357044,0.012469858207522944,0.014842193575108827,25165.318922915518,29952.90953732956,79579.72584094833,94719.41668694167,0.015879780607416707,0.019693261375926814,32046.85544623786,39742.80981467371,101341.05505628335,125677.79962926329,0.01822677260486198,0.02172854511011121,36783.30081252188,43850.199282700945,116319.01042669134,138666.5055856167,0.012776464693284341,0.01620639627728004,25784.07896570133,32705.995859909428,81536.41690125474,103425.4400613511,0.018045673211760593,0.022063838286367595,36417.82560756779,44526.851701096435,115163.27635071958,140806.26841200766,0.022895360147707447,0.025790557583612723,46204.93917280237,52047.71345354027,146112.84693559178,164589.32151697561
2024-06-05,2028337.6738067744,19918.39243286499,2008419.2813739092,0.007251587739918975,0.012252399927888366,0.014088953955009491,24607.956258275288,28296.526777630257,77817.19033794462,89481.4744892565,0.014401625306329238,0.017421097148601364,28924.50194835407,34988.86741593901,91467.30634277685,110644.51378401725,0.014401679334735011,0.018930833069737425,28924.61046004597,38021.050149731476,91467.649486876,120233.11750463747,0.012252399927888366,0.014583364819630322,24607.956258275288,29289.51109105548,77817.19033794462,92621.56660049873,0.015602857669369176,0.019349836240858353,31337.080187693828,38862.58419756756,99096.54861244932,122894.28182438058,0.017908921146731302,0.021349627245932406,35968.62253970009,42879.0030108764,113742.77152432244,135595.31331158712,0.012553659591111056,0.015923777582272952,25213.01197459195,31981.621928546607,79730.54451280997,101134.76856059411,0.017730979893988155,0.021679073340684855,35611.241896738924,43540.66889975055,112612.63470090974,137687.68457046928,0.022496094530851364,0.02534080344931427,45181.59001137203,50894.958253109246,142876.73274384855,160943.98949900965
2024-06-06,2016959.5565246772,-11378.117282096997,2028337.6738067744,0.0074346311257845864,0.012561672993073026,0.014444585015092128,25479.314577891124,29298.49596861616,80572.66728606762,92649.97927808821,0.014765148765271463,0.017860837619508133,29948.707499961685,36227.80982939366,94706.12867804604,114562.39370032,0.014765204157453372,0.019408682046626467,29948.819854011086,39367.36099410964,94706.48397274649,124490.52621145695,0.012561672993073026,0.014951475717496726,25479.314577891124,30326.641476805784,80572.66728606762,95901.26085003873,0.01599670243818562,0.019838261626925792,32446.71421204858,40238.69344072886,102605.51949862909,127245.92134198078,0.01836097519082049,0.0218885310278658,37242.25770737273,44397.33210810872,117770.35956225844,140396.6914965485,0.012870537003199978,0.01632572295878476,26105.795085714657,33114.07892943533,82553.77260048893,104715.9120356058,0.018178542374221892,0.022226292946794485,36872.22235252711,45082.42733304904,116600.20502615765,142563.1528214653,0.023063937251558194,0.025980451844986756,46781.45283365096,52697.129259709356,147935.94320607517,166642.95461298435
2024-06-07,2018935.5947153503,1976.0381906728728,2016959.5565246772,0.0073386649320683495,0.012399526960074509,0.014258134360008317,25009.34439850766,28758.08035563164,79086.49108685798,90941.03505794106,0.014574560274372046,0.01763028998722771,29396.29862753962,35559.58187404026,92959.25844150694,112449.27136520596,0.014574614951551861,0.01915815484365554,29396.40890919997,38641.22349729058,92959.60718273779,122194.27782705546,0.012399526960074509,0.014758482118920913,25009.34439850766,29767.261549556104,79086.49108685798,94132.34620255044,0.01579021705659355,0.01958218941216853,31848.229191895323,39496.48407254966,100712.94368945302,124898.84923782002,0.018123971784441622,0.021605993942535647,36555.31809281313,43578.415960611565,115598.06576525194,137807.0512577671,0.012704404154591332,0.01611499058141278,25624.2693695548,32503.284256485673,81031.05458548003,102784.40968638724,0.01794389381002977,0.021939396031744,36192.108101403544,44250.87449060564,114449.49492346746,139933.55184455702,0.022766228026622225,0.025645096259429276,45918.56118431564,51725.12197845113,145207.2402202362,163569.19770194046
2024-06-10,2037125.1549342,18189.56021884992,2018935.5947153503,0.007119141556115533,0.012028616713634583,0.013831627111282397,24285.00243834484,27925.164307797888,76795.92068791251,88307.12324708066,0.014138587695698094,0.017102910577914285,28544.897957849367,34529.674938984834,90266.89312389305,109192.4196724277,0.01413864073730533,0.01858507201902238,28545.005045438218,37522.06342955256,90267.23176458296,118655.18294669499,0.011509479957375815,0.014272248135726345,23236.898762608947,28814.749777827717,73481.52584859253,91120.23950576637,0.01531788022320794,0.01899642233217525,30925.813618220825,38352.553218674206,97796.00952743075,121281.42225383232,0.01758182474426154,0.02095968827590743,35496.571796236734,42316.26071436752,112250.01600380239,133815.76591890524,0.012324374038037307,0.015632938713855647,24882.117427979272,31561.896419406774,78684.16408018515,99807.47995963841,0.017407133488720705,0.02128311722247332,35143.88140233982,42969.24292695069,111134.71105022621,135880.67698224433,0.022085215978739126,0.02487796788395265,44588.62865645264,50227.014885097335,141001.6242978438,158831.76710808798
2024-06-11,2026572.7028596648,-10552.452074535657,2037125.1549342,0.007243477821946666,0.012238697279317748,0.014073197369694833,24931.75809132294,28668.86437215916,78841.14164091277,90658.9093464761,0.014385519040489094,0.01740161401277925,29305.10270416523,35449.26564188807,92670.87161032167,112100.42080871714,0.014385573008471418,0.01890966149892433,29305.212643699582,38521.347110749506,92671.21926965512,121815.19540791491,0.011664609134366418,0.014364681914568276,23762.268690093075,29262.6548707954,75142.89143359987,92536.6397751337,0.015582323457403903,0.019327579165682486,31743.143087398745,39372.69770239395,100380.63224880937,124507.40236484326,0.017888892445889277,0.021325750581688136,36441.91279543343,43443.22295780955,115239.44672680336,137379.5334451952,0.012539620024441298,0.01590596899543195,25544.775385105975,32402.449554197898,80779.67253433974,102465.54235997288,0.017711150196318314,0.0216548282356383,36079.82958773783,44113.595324598165,114094.43908798546,139499.43700468505,0.02247093569834656,0.02531246319546958,45776.10836601068,51564.6555088372,144756.76485528244,163061.75816987423
2024-06-12,2046040.7228207595,19468.01996109472,2026572.7028596648,0.007137104469530981,0.012058967142661945,0.013866526869664266,24438.373636000306,28101.52483753168,77280.92299997166,88864.82421039329,0.014174261972518223,0.01714606439069376,28725.17239668722,34747.746055654105,90836.97095452939,109882.0210929989,0.014174315147959263,0.018631965599781534,28725.280160584494,37759.03288513756,90837.31173389431,119404.5461622337,0.011493309710423718,0.0141537308480781,23292.027724656626,28683.564580337854,73655.85893370418,90705.3954863994,0.015353490840623119,0.01904374597940503,31114.965431212702,38593.535762055726,98394.16008003532,122043.47596725826,0.01762618694623173,0.021012573453529932,35720.749320734576,42583.5077777574,112958.92758143377,134660.87533720865,0.012337767063724893,0.015618240303780503,25003.381945585905,31651.499466344205,79067.6361551837,100090.82967325166,0.017451054912280602,0.021336818471263598,35365.83152133293,43240.613879734694,111836.57895318983,136738.82728385177,0.02214094107133077,0.02494073960713434,44870.22679078336,50544.222076949336,141892.11578718293,159834.8643245263
2024-06-13,2043378.7736692117,-2661.9491515478585,2046040.7228207595,0.007305216413213101,0.012343011801641829,0.014193147951663475,25254.30478841641,29039.75869412352,79861.12385549255,91831.78017510728,0.014508131644824725,0.01754993380629834,29684.228157355916,35907.87925049514,93869.77156134779,113550.68437786448,0.014508186072794268,0.019070834887035152,29684.33951919806,39019.70479706476,93870.12371841341,123391.14078612285,0.011764030510855955,0.014487116917089973,24069.685489717187,29641.23116863162,76115.02871141167,93733.80314445044,0.015715136827247216,0.019492314606255567,32153.80991324803,39882.06946643279,101679.27477796483,126118.17731498386,0.018041365476948984,0.021507517107516878,36913.368461130194,44005.25584874368,116730.32044619604,139156.83750047607,0.012432849165975647,0.015823226055105638,25438.11569427429,32374.964875144615,80442.38497678224,102378.62817340578,0.017681654525990576,0.021721742778089227,36177.38520702471,44443.5702946083,114402.93704348024,140542.9094807628,0.022662463021071447,0.02552820981022925,46368.32222053176,52231.75685244146,146629.50949747665,165171.3178458223
2024-06-14,2027273.919049696,-16104.85461951536,2043378.7736692117,0.0070898454010780545,0.01197911745626607,0.013774708241348617,24477.874337424408,28146.94643385812,77405.83518564608,89008.45990974556,0.014080405644691065,0.01703252996868868,28771.602019013873,34803.91019990317,90983.79431198302,110059.6277116602,0.014080458468025478,0.01850859213068749,28771.70995709417,37820.06429034782,90984.13564216302,119597.54441149879,0.011388684838138196,0.013935055767261251,23271.39685825997,28474.597164718372,73590.61840578812,90044.58249628279,0.015251826128031899,0.018917645864339742,31165.257769713862,38655.916006982974,98553.19841855516,122240.73962222753,0.01750947334353582,0.020873436545635157,35778.48616830797,42652.33717088207,113141.50752468366,134878.53298944974,0.01206630625237279,0.015356728689666092,24656.034072690654,31379.6134374607,77969.22573642005,99231.05055800146,0.01716036732297261,0.02108134645540226,35065.13033612898,43077.175867335645,110885.67831283322,136221.99090841995,0.021994332561651633,0.02477559194460648,44942.75229750053,50625.91868469879,142121.46157686703,160093.21168212392
2024-06-17,2048112.013351341,20838.094301644946,2027273.919049696,0.007141891077024541,0.012067054672098579,0.013875826666480654,24463.225216492232,28130.101506210518,77359.51059778116,88955.1915713584,0.014183768156554477,0.017157563659150308,28754.383257630478,34783.08132063029,90929.34380752454,109993.76101204923,0.014183821367658436,0.018644461410448225,28754.491131113737,37797.4303521302,90929.68493343076,119525.96961431157,0.01147228776133484,0.014037351283697874,23257.469770387146,28457.55614997947,73546.57708693668,89990.69407606736,0.015363787892407043,0.019056517956836445,31146.606492088296,38632.78184179673,98494.21789998624,122167.58296847242,0.017638008216171088,0.021026665855004654,35757.0740406279,42626.811292423714,113073.7964316643,134797.8130742447,0.012154883510346083,0.015469460530738242,24641.278329611832,31360.833875734308,77922.5639797227,99171.66436948635,0.017286339451600168,0.02123610200563846,35044.14512606885,43051.395738309795,110819.31725186612,136140.46698232525,0.022155790229683284,0.024957466492891454,44915.855688573,50595.62090659553,142036.40703132123,159997.40169527527
2024-06-18,2058062.4718618724,9950.458510531344,2048112.013351341,0.007363489298232525,0.012441470610638852,0.014306365087456332,25481.525421407077,29301.03820300952,80579.65858712826,92658.01852911725,0.014623861369909445,0.01768992764316034,29951.306153296133,36230.95332127267,94714.34634143209,114572.33429446392,0.014623916232044745,0.019222960779785785,29951.41851709452,39370.77690526093,94714.70166696154,124501.32827097981,0.01182824930340824,0.014472901482012438,24225.579495225047,29642.123393360103,76608.00884238334,93736.62460677717,0.015840494696145162,0.019647802595051937,32443.107484603108,40240.900530881525,102594.11402500195,127252.90077386453,0.018185279408660864,0.021679080138721912,37245.489223029086,44401.18447052281,117780.57851202702,140408.87373614946,0.012532024597466261,0.015949446139548015,25666.990129685153,32666.25224470846,81166.14949086566,103299.75971486674,0.017822699084134343,0.021895014663236897,36502.88410456149,44843.442564279256,115432.25493557024,141807.41662606414,0.022843238925190485,0.025731845452334604,46785.51206653761,52701.70179662657,147948.77962755004,166657.41424432796
2024-06-20,2047741.4037252776,-10321.068136594493,2058062.4718618724,0.007237201386748985,0.012228092512896716,0.014061003018654308,25166.17830324787,28938.422629428933,79582.44344017492,91511.32740155421,0.014373054064373744,0.01738653560633265,29580.64317592936,35782.576447083426,93542.20708865364,113154.44212187914,0.014373107985593096,0.0188932763773121,29580.754149167344,38883.54308266046,93542.558016845,122960.55963849189,0.01162538829003071,0.014224683221994177,23925.77536053467,29275.286713309437,75659.94492482585,92576.58516852262,0.015568821456595204,0.01931083192062378,32041.607170936484,39742.89847626812,101324.4585525434,125678.08000184261,0.017873391815259234,0.021307271931672492,36784.55693986818,43851.69674033098,116322.98265013687,138671.24096242723,0.012317093448798165,0.015675904322523002,25349.347789387226,32261.9903986819,80161.67621421792,102021.37151031852,0.017517029943707237,0.021519503059738623,36051.14194562455,44288.48166036479,114003.72079820772,140052.47615734857,0.022451464751488046,0.025290530080073176,46206.51704336719,52049.49085129244,146117.83660042955,164594.94214218052
2024-06-21,2051571.648287557,3830.2445622792,2047741.4037252776,0.007123976494932608,0.012036785904457108,0.013841020809988417,24648.22486433363,28342.83138243646,77944.53085128903,89627.90250659808,0.014148189865556595,0.01711452595676106,28971.83417546661,35046.1234067906,91616.98398718085,110825.57312479804,0.014148242943186846,0.01859769400236329,28971.942864727687,38083.26802245258,91617.32769280305,120429.86769360662,0.011443510895562708,0.014002140261965257,23433.35106482509,28672.762355194962,74102.76257517928,90671.23585114992,0.015325249662619835,0.01900871695404288,31382.148256573477,38924.93673848826,99239.06635985436,123091.45787158883,0.01759376537590385,0.02097392297114985,36027.48180766654,42949.17046656824,113928.90087250661,135817.2022891923,0.012124394434537509,0.015430657233739308,24827.62447869878,31597.99570422094,78511.84224403877,99921.6359215543,0.01724297873049215,0.021182833776175185,35309.1614699831,43376.9657717042,111657.37251580565,137170.00982574865,0.02210021507198336,0.02489486366438684,45255.52543413374,50978.243065660914,143110.53707954305,161207.35920117312
2024-06-24,2062455.907566962,10884.259279405,2051571.648287557,0.006922102770292885,0.011695696794329904,0.013448804689438919,23994.559950214898,27591.18640420963,75877.46089613548,87250.99238357364,0.0137472694263747,0.016629547784416988,28203.508196520685,34116.70875835305,89187.32390823314,107886.50594501075,0.0137473209999322,0.01807068696343813,28203.61400336905,37073.30903926923,89187.65849886602,117236.09696339954,0.011119233552833443,0.013605358463257554,22811.904307680816,27912.367688008362,72137.57537807786,88266.65678219456,0.01489097461516181,0.018470062665266882,30549.901335835686,37892.656906156044,96607.27051466133,119827.10241876233,0.017095206888323566,0.020379580197348673,35072.04177369478,41810.16893688308,110907.53419744718,132215.36319697127,0.01178082274178386,0.014993395228224612,24169.201930545052,30760.024561795562,76429.72732906109,97271.73849799676,0.01675436056300044,0.020582571049892695,34372.77111623886,42226.61921482411,108696.24621896308,133532.2946074751,0.02147395630553548,0.02418941231205537,44055.35993300241,49626.31248815077,139315.28052681065,156932.17933781425
2024-06-25,2056091.0934340751,-6364.814132886939,2062455.907566962,0.006835235918825533,0.01154892515716202,0.01328003295083015,23819.148916437513,27389.482412123558,75322.7625026742,86613.14835543306,0.013574752194115804,0.01642086026484451,27997.32785651172,33867.30026056015,88535.32442505688,107097.8070241841,0.013574803120466421,0.017843914300208864,27997.4328898644,36802.286462584365,88535.65656968163,116379.04832374772,0.010979696068124312,0.013434622100044346,22645.139018992733,27708.31571616613,71610.21723116802,87621.38779012456,0.01470410479784983,0.01823827815651586,30326.567805809093,37615.64452775562,95901.02788189168,118951.11236295656,0.016880675719565894,0.020123832771354423,34815.649361540854,41504.51778216956,110096.75020025615,131248.80937861608,0.01163298284208378,0.01480524011416432,23992.514185280797,30535.154936405565,75870.99161938642,96560.63830517553,0.0165441067429181,0.020324276251109812,34121.49068734985,41917.92362112434,107901.62773224982,132556.11342772594,0.02120447533498201,0.023885854541227162,43733.29542149159,49263.52180583911,138296.8231169269,155784.93446782284
2024-06-26,2044372.5440772048,-11718.549356869888,2056091.0934340751,0.0066701130981336254,0.011269930968730555,0.012959219371640723,23172.004688423753,26645.335527888823,73276.31276751938,84259.94928753366,0.0132468189085488,0.016024171869985903,27236.666374201282,32947.15706153486,86129.90161259602,104188.05874175056,0.013246868604641564,0.017412848350704453,27236.768553894995,35802.402405201654,86130.22473315876,113217.13730632784,0.010714453082126535,0.013110074019709712,22029.891553177644,26955.506426186603,69664.63391454575,85240.79579005508,0.01434888907613886,0.01779768532701701,29502.623030122602,36593.662284622005,93295.48572452585,115719.32074640635,0.016472879291892766,0.0196376894882548,33869.74039527533,40376.87845242466,107105.52340768171,127682.90071743651,0.01135195802263973,0.01444758120703886,23340.659783387044,29705.543041458124,73809.64700659538,93937.17514317328,0.01614444101028483,0.019833290736789563,33194.441369718465,40779.052437401566,104970.04038522976,128954.68652562988,0.0206922263328721,0.023308829882045863,42545.10226634036,47925.077518844526,134539.4264464272,151552.4019996799
2024-06-27,2049123.577712442,4751.0336352367885,2044372.5440772048,0.006616733457233344,0.011179739864137422,0.012855509214672062,22855.553228167966,26281.450078607075,72275.60538422485,83109.24246040966,0.013140807147427798,0.01589593348368574,26864.705339214885,32497.20997652464,84953.65754120542,102765.20112656485,0.013140856445812227,0.01727349665181471,26864.806123478476,35313.46229517952,84953.97624903067,111670.97291924458,0.010628707360944258,0.013005156601811053,21729.037507745725,26587.385088166917,68713.24988770511,84076.69390660414,0.014234057658000449,0.017655253851323112,29099.716666827997,36093.9162323583,92021.38393273963,114138.9849695755,0.016341049985813837,0.019480532810763444,33407.193932391005,39825.46642231992,105642.82306131271,125939.1827730882,0.011261110471204186,0.014331959974630496,23021.905063150152,29299.86547494802,72801.65607571704,92654.31003736691,0.016015240133030455,0.019674568699872837,32741.117214770824,40222.148066580776,103536.50353722413,127193.60027493317,0.020526630398466562,0.023122293769298766,41964.07960904558,47270.58253804182,132702.07147721224,149482.70714319515
2024-06-28,2053025.0150788047,3901.437366363127,2049123.577712442,0.006440309543058742,0.010881651165380972,0.012512738983859647,22297.847967424223,25640.148473588426,70511.98649721652,81081.26872142905,0.01279042993375473,0.015472095524551208,26209.171546335805,31704.235735977032,82880.67767249845,100257.59640059217,0.012790477917681805,0.016812928319949447,26209.269871332126,34451.767830797646,82880.98860343776,108946.05576463902,0.010345311004214142,0.012658396278613064,21198.82069750318,25938.618270533465,67036.55711362937,82025.11309254334,0.013854530783774292,0.017184506614740448,28389.645687174743,35213.17767562007,89775.94233664828,111353.84510715325,0.01590534375420366,0.01896111762336088,32592.01489836005,38853.67318180768,103065.00061295897,122866.1027183137,0.010960852163970945,0.013949822702083434,22460.140601013303,28584.910603747452,71025.20086682517,90393.42422014079,0.01558822106554382,0.01914997987637502,31942.19131999961,39240.67527739885,101010.07802805908,124089.91079964001,0.019979322802789728,0.02250577723620263,40940.101421924264,46117.11876944677,129463.9681315788,145835.1344359534
2024-07-01,2041599.5765142504,-11425.438564554788,2053025.0150788047,0.006261471143734621,0.010579482913465561,0.012165277701746925,21719.94306794359,24975.619437066827,68684.49074388707,78979.84339470358,0.012435257561879317,0.015042457045328908,25529.894843486105,30882.540602308654,80732.61613000401,97659.16823592359,0.012435304213359769,0.0163460567870537,25529.990620142464,33558.86348171992,80732.91900238479,106122.44428888334,0.010058036169342591,0.012306890296898649,20649.399858227738,25266.353637363543,65299.13586755768,79899.22566134881,0.01346980981777237,0.016707316871668664,27653.85650424075,34300.53947238393,87449.17264086257,108467.82970524339,0.015463674576863042,0.01843459387438783,31747.310731337977,37846.682366936715,100393.81149613395,119681.7181604525,0.01065648461096325,0.013562455612626577,21878.029479109875,27844.0606386183,69184.40387029441,88050.65092587635,0.015155357942267854,0.01861821168646384,31114.328967949143,38223.6543283428,98392.14740647544,120873.80817251683,0.019424524918349246,0.02188082324143608,39879.03556339258,44921.87746518597,126108.58327117669,142055.44956097894
2024-07-02,2046110.40162804,4510.825113789877,2041599.5765142504,0.006222726332352315,0.010514019053520332,0.012090001240489225,21465.41684712987,24682.941412639564,67879.60816188075,78054.31421643504,0.012358310515783368,0.01494937713685869,25230.72151545493,30520.64203176252,79786.5469982528,96514.74447103868,0.012358356878593192,0.016244910447396354,25230.816169747835,33165.602289916314,79786.8463214087,104878.84320743161,0.009995798924242847,0.012230737563409942,20407.418850655795,24970.268629914674,64533.92473312789,78962.92265678247,0.013386461155969892,0.01660393512223029,27329.793427052595,33898.58691401545,86424.39521138504,107196.74410946721,0.01536798825315341,0.018320524058177422,31375.27830951398,37403.174158694164,99217.34167974157,118279.22206142578,0.010590544278927487,0.013478533675987468,21621.650714913776,27517.768644929078,68373.6630317355,87018.82504354112,0.015061579424180767,0.01850300567760286,30749.7141740432,37775.72855563476,97239.13418913979,119457.34250806854,0.019304329594139313,0.02174542880298573,39411.71112428633,44395.45823529645,124630.77363734027,140390.76579041628
2024-07-03,2048693.7394093284,2583.3377812881954,2046110.40162804,0.0060573294130675925,0.01023456174367335,0.011768655121035261,20941.043239834453,24079.967656323348,66221.39321794856,76147.54377716845,0.012029832871467316,0.014552030251972112,24614.366168156186,29775.060463366048,77837.46025276466,94157.00853346521,0.012029878001977098,0.01581312894222451,24614.458510161683,32355.407610970975,77837.75226382575,102316.78267381547,0.009730115643385091,0.011905650743658505,19908.890826973944,24360.275824750275,62957.44070087088,77033.95603614765,0.013030655787539834,0.016162610922748392,26662.160346919874,33070.48632650246,84313.15403689194,104578.0601212026,0.014959514896473668,0.017833573792800938,30608.819032984386,36489.46083565122,96793.58463214322,115389.80683216886,0.010309052967285489,0.013120281066533403,21093.460507297248,26845.54356251743,66703.37893787006,84893.06268282591,0.014661250259234192,0.018011205143057034,29998.53665629088,36852.91418906545,94863.70230593088,116539.14725218396,0.018791230275095248,0.021167446301354566,38448.931725260125,43310.93205310456,121586.19785212936,136961.19287260316
2024-07-05,2046989.176434907,-1704.562974421773,2048693.7394093284,0.00588092578913059,0.00993650732763051,0.011425924311689364,20356.86035371154,23408.21960432284,64374.044727709384,74023.28991906562,0.011679495954127928,0.014128241037776353,23927.710240678465,28944.438962958367,75666.06355307967,91530.35271867046,0.01167953977033153,0.015352613579600567,23927.800006660473,31452.80332409832,75666.34741803922,99462.49730146586,0.00944675187962538,0.0115589303008213,19353.50143354182,23680.708141561383,61201.14522932601,74884.97433302703,0.01265117256210409,0.015691917826066912,25918.37802416972,32147.93380958892,81961.10781363097,101660.6929066348,0.014523858774753666,0.017314218342524234,29754.938543903078,35471.53072109556,94093.37743706776,112170.82917129685,0.010008829192289124,0.012738187742994572,20505.025705060056,26096.645480493622,64842.58470828979,82524.83900829908,0.01423428030254061,0.017486676651696845,29161.68094081247,35824.844979406604,92217.33217208929,113288.10695737283,0.01824398562440639,0.020551000672857724,37376.33913059516,42102.70641708052,118194.3622515583,133140.4479353616
2024-07-08,2058500.8813505303,11511.704915623646,2046989.176434907,0.005705413333002207,0.009639958643130287,0.011084924933124159,19732.89100376783,22690.72135969859,62400.880391752595,71754.36124888032,0.011330928892622199,0.013706592750716345,23194.288802151208,28057.247006517515,73346.78132253636,88724.80541453647,0.011330971401159323,0.014894424679763416,23194.375816666605,30488.726108700666,73347.05648659452,96413.81746053652,0.009164819632173301,0.011213961443866237,18760.286591036893,22954.857700552548,59325.23518519237,72589.63369880142,0.012273606435800841,0.015223602608740403,25123.939529906136,31162.549766437816,79448.87271084344,98544.63496029166,0.014090403530218834,0.016797486607385507,28842.903517958155,34384.27327662844,91209.26944923104,108732.61924380672,0.00971012210815028,0.012358024704459111,19876.514857244925,25296.74281214299,62855.05889507051,79995.32466986481,0.013809467341673761,0.01696479800899493,28267.830180737514,34726.75790481708,89390.72788197972,109815.65073247874,0.017699505581412363,0.019937669246255493,36230.69635340033,40812.1931504241,114571.52169070183,129059.4866620631
2024-07-09,2057704.133101728,-796.7482488027308,2058500.8813505303,0.005699613785875794,0.009630159634507352,0.01107365711766712,19823.692095179686,22795.13293649134,62688.018654643216,72084.539645635,0.011319411014378623,0.013692660012462216,23301.017549467295,28186.352703686636,73684.28725587178,89133.07347649486,0.01131945347970586,0.014879284511504012,23301.10496438084,30629.020280796303,73684.56368610005,96857.46658680637,0.009155503601894755,0.011202562462921017,18846.612233708307,23060.48470330728,59598.220836511864,72923.65560992325,0.012261130326747758,0.015208127831435053,25239.547583963973,31305.944544700586,79814.45747752607,98998.08906417682,0.014076080648679124,0.01678041197852009,28975.62442126712,34542.4928472086,91628.96979680234,109232.95345725381,0.009700251778433115,0.012345462784317708,19967.976835226615,25413.146022198172,63144.28706479682,80363.42394059419,0.013795430031497578,0.016947553308251845,28397.904878447338,34886.55342177152,89802.06019270066,110320.9685259388,0.017681514051133596,0.019917402624779423,36397.412257870295,40999.990857321805,115098.72367100198,129653.35515521654
2024-07-10,2080383.1109059,22678.97780417232,2057704.133101728,0.0055267941463206065,0.009338160776441087,0.010737889554542857,19215.172025251264,22095.39971717271,60763.70923174447,69871.78891810599,0.010976191876210063,0.01327748090440238,22585.755389395057,27321.12733416805,71422.42970591156,86396.9906194553,0.010976233053933821,0.014428125418498541,22585.840120967427,29688.813306554548,71422.69765066999,93884.27107622716,0.008877896926799217,0.010862886323507126,18268.085199525878,22352.606085294847,57768.7577205133,70685.14687007167,0.01188935704469508,0.014746997784930691,24464.779130791216,30344.958292893913,77364.42450625465,95959.18370835963,0.01364927573251397,0.01627160824923902,28086.171088639112,33482.15554667131,88816.27139327048,105879.87249952149,0.00940612763618024,0.011971132433406053,19355.02771345047,24633.048686127782,61205.97175018429,77896.53956198193,0.013377134803940175,0.016433681638327043,27526.185575126674,33815.65462926353,87045.44171387218,106934.48919808952,0.017145387745053132,0.019313481294000866,35280.13522662755,39741.43028324849,111565.5834748838,125673.43716785581
2024-07-11,2096367.6993454671,15984.588439567247,2080383.1109059,0.005993463368069005,0.010126652641115357,0.01164457115493769,21067.317124587014,24225.16916447438,66620.70630276426,76606.71126261722,0.011902995152218111,0.014398599498001841,24762.79008386936,29954.6032163412,78306.81788565915,94724.77257024366,0.01190303980688995,0.015646401670893706,24762.882982694475,32550.50978257712,78307.11165753847,102933.74991253592,0.009627525217614077,0.011780122350817329,20028.940862544976,24507.167583045477,63337.072246459575,77498.46856186741,0.012893265794006913,0.01599219885398092,26822.93240227273,33269.90040207059,84821.55991591362,105208.66279749482,0.014801787788307135,0.01764554376361356,30793.389326007356,36709.49122857258,97377.2471465005,116085.60402826215,0.010200358459227019,0.012981946100107174,21220.653463762017,27007.421413353677,67105.59838262937,85404.96539420146,0.014506667933436987,0.017821302240358085,30179.4269642425,37075.13619519043,95435.72768570727,117241.87493775079,0.01859310310113984,0.020944265261361752,38680.77767094343,43572.09572007013,122319.3591067643,137787.06490229603
2024-07-12,2112873.3051209017,16505.605775434524,2096367.6993454671,0.00610585259941587,0.010316547304110243,0.011862929776838968,21627.27653710627,24869.062803768742,68391.45344357491,78642.8817336823,0.012126199732563158,0.014668601570371753,25420.973435157048,30750.782526695537,80388.17639373096,97242.51261686545,0.01212624522459796,0.01593980248927605,25421.068803189384,33415.68707246478,80388.47797392911,105669.6807284327,0.009808060259297133,0.01200102282436222,20561.300720824434,25158.556608100665,65020.54193346711,79558.34152387829,0.013135039897417532,0.016292084049963056,27535.87337056011,34154.198757364036,87076.07721294762,108005.05973136293,0.0150793504344643,0.017976432429898836,31611.863177921994,37685.212295506266,99965.48872384212,119171.1049607822,0.010391635251340688,0.013225383133751305,21784.68848429033,27725.266013064567,68889.23372759866,87674.98933533972,0.014778696501615002,0.018155486723918098,30981.581984415545,38060.57593391735,97972.36458599241,120358.1090089691,0.018941760369493743,0.021337011446545776,39708.894607348746,44730.22159710307,125570.55032679958,141449.3804909002
2024-07-15,2114479.368490717,1606.0633698152378,2112873.3051209017,0.006223739184970149,0.01051573038568465,0.012091969090070265,22218.406015761822,25548.79869675654,70260.76898819434,80792.39536289222,0.012360322037179197,0.0149518103976128,26115.794475053528,31591.28105234522,82585.39344601057,99900.40232793191,0.012360368407535342,0.0162475545778296,26115.892449741175,34329.02434099106,82585.70326917658,108557.90676889256,0.009997425907427875,0.012232728320177555,21123.294319728462,25846.205116499605,66797.72173643894,81732.87704003637,0.013388640026050497,0.01660663768992436,28288.50010291531,35087.72146285582,89456.09191511999,110957.11772819953,0.015370489649856675,0.01832350602938447,32475.897267819284,38715.24674570833,102697.80442394824,122428.35989186002,0.010552803776137237,0.013396547861517954,22296.737392779418,28305.20835737579,70508.47455182731,89508.92805494077,0.015064030947730692,0.01850601735074055,31828.388856975296,39100.87004448394,100650.20304156517,123647.80783481857,0.01930747169612495,0.021748968234629143,40794.241536119785,45952.81439687038,129002.7186731846,145315.5583890871
2024-07-16,2146935.3030005214,32455.934509804472,2114479.368490717,0.0060370088134939865,0.010200227729981463,0.011729174664892575,21568.171088952702,24801.09783833937,68204.54560528464,78427.95764183089,0.011989476239022806,0.014503212372083428,25351.500146423397,30666.743337609718,80168.48256479012,96976.7573666407,0.011989521218132695,0.01576008043861374,25351.595253823274,33324.36493320288,80168.78332079606,105380.894767566,0.009697473901404284,0.011865710706568366,20505.10849099654,25089.800481518218,64842.84650040731,79340.91556078692,0.012986941681803922,0.016108390007518552,27460.620245966526,34060.8583305,86838.10593818745,107709.8913847002,0.014909330022695656,0.01777374727730253,31525.470731009198,37582.22191862426,99692.2918189625,118845.4207927559,0.010236188810331498,0.012994612259087752,21644.21005142149,27476.8395233776,68445.00191760207,86889.39579680856,0.014612065977606118,0.017950782725421867,30896.912040673273,37956.5597211641,97704.61471440851,120029.18086308417,0.018728191097286646,0.021096435601596734,39600.37368436413,44607.97782826934,125227.37703638448,141062.8117516225
2024-07-17,2112280.640676586,-34654.66232393542,2146935.3030005214,0.006941251537863588,0.011728050861717229,0.013486008418370403,25179.366430406404,28953.587569961644,79624.1479600678,91559.28315421859,0.013785298804977284,0.01667555047404712,29596.14466681663,35801.32800969884,93591.22710698577,113213.73976943111,0.01378535052120387,0.018120676308582037,29596.255698209225,38903.919681139945,93591.57821907813,123024.99610065379,0.011149992937074506,0.01364299527039181,23938.313464811727,29290.628184673318,75699.59389188205,92625.09916069073,0.0149321678509847,0.018521156812338974,32058.39830960848,39763.72541281915,101377.55679525464,125743.94055802767,0.017142497741138185,0.02043595668543872,36803.833582056264,43874.67685855791,116383.94074509131,138743.91047692427,0.01176939830910292,0.01494098735216692,25268.136724887703,32077.333208051445,79904.86427919258,101437.43420159839,0.016800708525008964,0.020639509076114053,36070.034247763564,44311.69067210893,114063.46350321108,140125.86949670163,0.021533360190707892,0.024256328023856598,46230.73118565681,52076.766955578605,146194.40844165217,164681.1967574211
2024-07-18,2101702.254614538,-10578.38606204791,2112280.640676586,0.007821702918375207,0.013311864714827539,0.015579173589323432,28118.394128435953,32907.586770467846,88918.16959216275,104062.92649430298,0.015533930129797945,0.019675739404671343,32812.01988679492,41560.68343548473,103760.71747301218,131426.42076936338,0.01818889215923101,0.021746644042108042,38420.0447832978,45935.01520982964,121494.84932089133,145259.272417539,0.012595759875393691,0.015598501951160864,26605.77973940502,32948.41369499305,84134.86290128098,104192.0325656624,0.01818889215923101,0.021142977524027762,38420.0447832978,44659.90211026402,121494.84932089133,141227.01074859456,0.019316909044239855,0.023028121250808747,40802.7330118583,48641.8547092364,129029.57107721435,153819.05049617437,0.013311864714827539,0.016965799779698223,28118.394128435953,35836.530428251644,88918.16959216275,113325.05959120454,0.01893176614966469,0.02325749290223251,39989.203131753035,49126.352008058835,126456.96371147802,155351.16548065247,0.02426472305856299,0.027333081168192358,51253.90476798136,57735.13820161448,162079.07804418504,182574.53774169946
2024-07-19,2082100.051056356,-19602.203558182344,2101702.254614538,0.007682492646098348,0.01307494082104089,0.015301896247055274,27479.632602533296,32160.02984231381,86898.22828862572,101698.94392069736,0.015257458028330291,0.019325551591562507,32066.633937828457,40616.5553516565,101403.60013839212,128440.82562153578,0.017865167178069623,0.021359598373178613,37547.26213721457,44891.51605857051,118734.86825699969,141959.4383631076,0.012371581179259865,0.01532088060368794,26001.380057597245,32199.92930745109,82223.58328968738,101825.11710795366,0.017865167178069623,0.020766675881204073,37547.26213721457,43645.36952037595,118734.86825699969,138018.77700407876,0.018973107675706855,0.022618267915441272,39875.823179077495,47536.86467335859,126098.42482002122,150324.7651910093,0.01307494082104089,0.016663843334743255,27479.632602533296,35022.43710717334,86898.22828862572,110750.67046866634,0.01859481953485717,0.022843557221833455,39080.77414055977,48010.355716543585,123584.25900677826,151822.07533916304,0.023832860746870025,0.026846608374313873,50089.57716561105,56423.577349049,158397.150878092,178427.01815768026
2024-07-22,2112237.337293305,30137.28623694973,2082100.051056356,0.007794095747752674,0.01326487968812409,0.015524185959656737,27618.806675899585,32322.908379209657,87338.33535170656,102214.01107924402,0.015479102189641285,0.019606292699709798,32229.03945935867,40822.26303109163,101917.17149101512,129091.33042073858,0.01812469337099845,0.021669887954744053,37737.42499313667,45118.87481695811,119336.21600807596,142678.4098856003,0.01255130238376696,0.01554344610087921,26133.06733406495,32363.00992023232,82640.01502218962,102340.82328655833,0.01812469337099845,0.02106835211392647,37737.42499313667,43866.41701207959,119336.21600807596,138717.79054892945,0.019248728852605184,0.02294684211260549,40077.77932677921,47777.62113423803,126737.066234232,151086.10396878954,0.01326487968812409,0.0169059179695408,27618.806675899585,35199.812667535465,87338.33535170656,111311.58124065933,0.018864945343027833,0.02317540418299774,39278.70366189362,48253.51023267127,124210.1671103801,152590.99743348267,0.024179079259945616,0.02723660741518429,50343.262161628445,56709.34168975713,159199.3732737177,179330.6843483743
2024-07-23,2103602.190933651,-8635.14635965461,2112237.337293305,0.008336311691636504,0.014187684525705856,0.016604165140765778,29967.756984934364,35071.93756490942,94766.36843881285,110907.20466033326,0.016555945004492596,0.020970253939896138,34970.085192663835,44294.15334437066,110585.11917894588,140070.41159697584,0.019385583414156384,0.023177408407597903,40946.95309259494,48956.18742022406,129485.63501667551,154813.0578059908,0.01342446541502018,0.016624765162327197,28355.657082808288,35115.4496996005,89668.46093235993,111044.80211181309,0.019385583414156384,0.022534025207668403,40946.95309259494,47597.20940314572,129485.63501667551,150515.59198192405,0.020587815261235536,0.024543197104629693,43486.352088078616,51841.057300947774,137515.91973034758,163935.81738229602,0.014187684525705856,0.018082020825567466,29967.756984934364,38193.51952147871,94766.36843881285,120778.51354597702,0.020177332883100852,0.024787659672365653,42619.315882681585,52357.420264090266,134774.11050746337,165568.70044517986,0.025861157939432396,0.029131390758341917,54624.903385308295,61532.41124705092,172739.1116642165,194582.56946284266
2024-07-24,2057736.7229291955,-45865.46800445533,2103602.190933651,0.008144405502232669,0.013861076719459412,0.01622192870596534,29158.19135575424,34124.48476703817,92206.29713521639,107911.09584356098,0.016174818622068675,0.02048750789184785,34025.38389133808,43097.5664880616,107597.71135823146,136286.4717128186,0.0189393172979178,0.022643852526737437,39840.78936268747,47633.657786423355,125987.63816510061,150630.85189011216,0.01311542730585678,0.01624205450441878,27589.64161563135,34166.821440759115,87246.10733316286,108044.97616107456,0.0189393172979178,0.022015280339494615,39840.78936268747,46311.3919561794,125987.63816510061,146449.4801943277,0.020113873148574653,0.02397820006440841,42311.58762350317,50440.59419013494,133800.98830806097,159507.16417308268,0.013861076719459412,0.017665763391618967,29158.19135575424,37161.73857512514,92206.29713521639,117515.73570913574,0.019712840286235336,0.024217034977905727,41467.97401564979,50943.00783743934,131133.24784213217,161095.9356261171,0.025265820761876247,0.028460771136708023,53149.2359104198,59870.140518840206,168072.64137453953,189326.0078738701
2024-07-25,2062796.7817886292,5060.058859433979,2057736.7229291955,0.009566037263861337,0.016536613690928553,0.019771099448979684,34027.997264717385,40683.71738885068,107605.97557048651,128653.21063136634,0.022245235084906934,0.02626731714812755,45774.83714440596,54051.22310852985,144752.74489960072,170924.9753408808,0.02560913411504657,0.028278358179737857,52696.85571095019,58189.41609059179,166642.08957585428,184011.09056152086,0.015465363807149376,0.019485331230821086,31823.647039431344,40095.68163209969,100635.20809787733,126793.67829441247,0.02255433861024057,0.02653089701841706,46410.890819671855,54593.60108704949,146764.12322756203,172640.12510572074,0.02560913411504657,0.028825111034826018,52696.85571095019,59314.48951887308,166642.08957585428,187568.88512982384,0.016536613690928553,0.02099486680167653,34027.997264717385,43201.908410816824,107605.97557048651,136616.42984416647,0.023390079590012932,0.02875111448706766,48130.625724606274,59162.22410518073,152202.40249884795,187087.37961368822,0.029676049755122436,0.03342868883153509,61065.497372589394,68787.44060802281,193106.05814841032,217524.98673490973
2024-07-26,2093891.446423986,31094.66463535652,2062796.7817886292,0.009294108218379477,0.016066535491101288,0.01920907611026672,33141.99770553653,39624.420381391035,104804.19895756987,125303.41936919349,0.021612880706985915,0.02552062901777247,44582.9807675521,52643.87140708256,140983.76410494652,166474.53849539408,0.02488115583068114,0.02747450317316575,51324.76817471044,56674.31672684779,162303.16781220786,179219.92569061788,0.015025737501908503,0.01893143128496657,30995.04296293758,39051.69552928161,98014.93193765664,123492.30436394463,0.02191319749813897,0.025776716232476495,45202.47327785971,53172.127289431235,142942.7714309339,168145.03027099784,0.02488115583068114,0.028005713753234737,51324.76817471044,57770.09620186617,162303.16781220786,182685.08464493952,0.016066535491101288,0.020398056029156685,33141.99770553653,42077.04433168856,104804.19895756987,133059.29729601328,0.02272518127933151,0.027933820669015758,46877.43080856824,57621.7953791064,148239.45221202428,182216.11626614173,0.028832463256241784,0.03247842790374102,59475.512416014455,66996.39655739098,188078.0842402296,211861.20814521922
2024-07-29,2095766.4398818072,1874.9934578211976,2093891.446423986,0.009727717890540787,0.01681610769570374,0.020105261198602897,35211.10406617863,42098.23445187466,111347.28777834067,133126.30633969407,0.02262121350208777,0.026711274889515534,47366.36545975236,55930.51001423638,149785.59933674603,176867.80233984353,0.026041967558846846,0.028756305583229412,54529.053119520344,60212.58229147838,172436.00650999407,190408.90384139225,0.015726752054256863,0.01981466306150059,32930.1116064393,41489.753498249396,104134.15627989447,131202.12061340694,0.02293554134866397,0.026979309661812324,48024.53384907114,56491.74573129282,151866.9105309178,178642.58550997972,0.026041967558846846,0.029312299395864688,54529.053119520344,61376.77298002004,172436.00650999407,194090.3980479436,0.01681610769570374,0.02134971208692022,35211.10406617863,44703.97952241704,111347.28777834067,141366.3957643641,0.023785407626260725,0.029237052193537075,49804.061578335175,61219.21350669892,157494.27131481963,193592.15124531233,0.03017762027899075,0.03399368468198751,63188.66097560975,71179.08558804773,199820.09097912422,225088.0322262964
2024-07-30,2088440.165371106,-7326.274510701187,2095766.4398818072,0.009433920360859509,0.016308225892854973,0.019498040045583007,34178.23252025697,40863.33797100441,108081.06116284903,129221.22078561752,0.021938005300525018,0.025904538236018588,45976.93526678954,54289.86187568283,145391.83527717626,171679.6173830988,0.02525544539373872,0.027887804703765375,52929.51488046518,58446.325180129475,167377.82247004486,184823.50843606007,0.015251771081798399,0.01921621858310997,31964.14998199293,40272.70600791501,101079.51741432775,127353.47852335851,0.022242839785361776,0.02616447779473542,46615.79714982907,54834.63447923925,147412.0939378453,173402.33961719705,0.02525544539373872,0.028427006334461533,52929.51488046518,59576.36586207203,167377.82247004486,188397.01083964846,0.016308225892854973,0.02070490590101684,34178.23252025697,43392.646928261885,108081.06116284903,137219.59799681662,0.023067038314805586,0.028354031755827173,48343.124767637346,59423.428189205624,152874.38347543226,187913.37945334488,0.029266192707859344,0.032967003943841944,61335.10450024528,69091.14048895513,193958.6307452187,218485.37008377782
2024-07-31,2117180.2445684625,28740.07919735648,2088440.165371106,0.009186659318298238,0.01588079076701672,0.018987000570459326,33166.08129569233,39653.21461127136,104880.35795669621,125394.47471908579,0.021363014855955664,0.02522558580836393,44615.37827859744,52682.12659720259,141086.21403037026,166595.51202849616,0.024593505551177217,0.027156871284568063,51362.06480035576,56715.500756505164,162421.1100982857,179350.1610275591,0.014852025411457833,0.01871256558846967,31017.566406400863,39080.07357210126,98086.15731975065,123582.0436147925,0.021659859693896305,0.02547871240663243,45235.32096103575,53210.76635195028,143046.64492562978,168267.21771521168,0.024593505551177217,0.027681940555412024,51362.06480035576,57812.076511337815,162421.1100982857,182817.8380397487,0.01588079076701672,0.020162234728970607,33166.08129569233,42107.62083162243,104880.35795669621,133155.9886786803,0.02246245615549637,0.027610878624934887,46911.49564802606,57663.66792150055,148347.17469283898,182348.5288715292,0.028499132032769534,0.03210294579479338,59518.73201545019,67045.08142457793,188214.75661400665,212015.1632131128
2024-08-01,2087322.80284906,-29857.44171940256,2117180.2445684625,0.009515216621740584,0.01644876108246646,0.019666063273422827,34824.99201142455,41636.6006509242,110126.29425327013,131666.49208376982,0.022127054787260285,0.026127769089988536,46846.9632660715,55317.19655197024,148143.10538302662,174928.3348794388,0.0254730827278332,0.02812812624135266,53931.107519626574,59552.31319491961,170545.13649745402,188320.9496276449,0.015383202333424034,0.019381813230862327,32569.012078524836,41034.792076297366,102992.25930967322,129763.4062725296,0.022434516165568363,0.0263899486627579,47497.91442219315,55872.27796396694,150201.59368189087,176683.65642817068,0.0254730827278332,0.02867197441078986,53931.107519626574,60703.73779529677,170545.13649745402,191962.0739187859,0.01644876108246646,0.020883329225283045,34824.99201142455,44213.77207658847,110126.29425327013,139816.22370957222,0.023265817177978366,0.02859837097796175,49257.92850295737,60547.90606138068,155767.24689107336,191469.29070787775,0.02951839242402879,0.03325109518593102,62495.75729157312,70398.56183791866,197628.93713844678,222619.7994080324
2024-08-02,2020018.616567286,-67304.18628177396,2087322.80284906,0.009859524717335732,0.01704395947135691,0.020377679736053315,35576.245255398484,42534.795582219296,112501.96560381794,134506.83384948075,0.022927722223199064,0.027073202365461155,47857.55741387255,56510.51264357418,151338.88468011477,178701.93169743737,0.026394826178520247,0.0291459424365922,55094.522559662626,60836.990258424994,174224.17788806392,192383.45520609868,0.015939843480980712,0.020083144106236378,33271.59877169598,41920.004645850895,105214.03351381989,132562.69420572897,0.023246309090904034,0.027344868905579002,48522.55104752139,57077.56840753327,153441.77919195668,180495.11947187493,0.026394826178520247,0.02970946975101954,55094.522559662626,62013.25367185747,174224.17788806392,196103.12672086962,0.01704395947135691,0.021638992454096475,35576.245255398484,45167.56238011431,112501.96560381794,142832.3734788972,0.024107690728887524,0.029633202978112724,50320.5325824398,61854.06029766936,159127.49603322445,195599.71307002773,0.030586515398478578,0.034454286002812994,63843.931050938234,71917.21682955475,201892.2368997123,227422.20816158637
2024-08-05,1974594.6344085268,-45423.98215875914,2020018.616567286,0.012483263235576109,0.021610527634242628,0.02728083303423584,43653.668135011896,55107.7906046202,138045.01952775236,174266.13513022737,0.03341880797401969,0.038209636663889275,67506.61425100705,77184.17739332827,213474.65815956396,244077.79988939525,0.04038525096711877,0.04060505100882407,81578.9587883219,82022.95896448888,257975.31891610727,259379.3707543109,0.021091923459108992,0.026253240042831846,42606.078046612434,53032.03363173006,134732.24879419294,167702.01522691816,0.03082935557810962,0.036900152248348854,62275.87220455393,74538.99449583188,196933.59943996184,235712.99710558297,0.03904249567196681,0.04008419922987166,78866.56809462066,80970.82867453281,249397.98641976717,256052.24264279634,0.021610527634242628,0.027903844453512676,43653.668135011896,56366.285269893415,138045.01952775236,178245.84469566194,0.03082935557810962,0.03880668253174083,62275.87220455393,78390.22116133297,196933.59943996184,247891.64515414182,0.03904249567196681,0.04414771101599,78866.56809462066,89179.19813113245,249397.98641976717,282009.38600180985
2024-08-06,1996334.6058671349,21739.97145860805,1974594.6344085268,0.013323596586661934,0.023720095648636426,0.029189243793006334,46837.57359545453,57636.924176112705,148113.41263739823,182263.95772294,0.03566845523084177,0.04078178718379747,70430.74031646091,80527.49815471692,222721.55669186477,254650.3084439117,0.04310385688283187,0.043338453160275334,85112.64452315286,85575.87707384494,269149.81437341886,270614.6843199353,0.022579004172712358,0.028080080002417504,44584.38048972556,55446.775306535776,140988.1904151061,175338.09888023383,0.03290468918246214,0.03938415246602119,64973.42270657003,77767.7361401328,205464.00312966335,245923.17467781107,0.04167071159625142,0.04278253930560069,82282.76352994323,84478.17255921103,260200.94492765694,267143.43785584247,0.023265678164830283,0.029806857281444995,45940.2832701495,58856.460456522014,145275.9314870009,186120.4700582432,0.03290468918246214,0.0414190242697156,64973.42270657003,81785.78308541697,205464.00312966335,258629.35477039102,0.04167071159625142,0.04711959370729683,82282.76352994323,93042.0969099381,260200.94492765694,294224.94451351865
2024-08-07,1976537.890151886,-19796.71571524884,1996334.6058671349,0.013193212383159974,0.0234879717053737,0.028903598976456897,46889.85073706562,57701.254870806806,148278.72747445243,182467.38924163426,0.03531940510048325,0.04038269818370954,70509.35066073491,80617.37786242725,222970.14442742057,254934.53303570658,0.04268204419802297,0.042914344725322684,85207.64188166382,85671.39146327342,269450.22239801305,270916.7273398496,0.022358046906723557,0.027805289420041887,44634.14275949288,55508.66149538093,141145.55252911057,175533.80019269185,0.032582685160302695,0.03899874066550011,65045.94193758583,77854.53557577576,205693.32907383717,246197.65859406005,0.04126292361606923,0.0423638710222382,82374.60235401127,84572.46176018604,260491.36478934344,267441.6064896809,0.02303800113357799,0.029515168523063608,45991.55891296802,58922.15232059225,145438.0793067967,186328.20597244732,0.032582685160302695,0.041013699292025904,65045.94193758583,81877.06721129973,205693.32907383717,258918.02052239806,0.04126292361606923,0.04665848317645021,82374.60235401127,93145.94462241707,260491.36478934344,294553.3398147505
2024-08-08,2035369.907558591,58832.01740670507,1976537.890151886,0.013022154385308425,0.02318343591099481,0.028528846290907198,45822.939501989145,56388.34565629717,144904.85791038745,178315.60576276123,0.034861467598506245,0.03985911201693442,68905.01161474988,78783.04516927924,217896.77890296627,249133.8637388481,0.04212864561603361,0.042357934226148516,83268.86432087158,83722.06194654395,263319.26942948403,264752.40615678916,0.02206816127245477,0.027444776983817767,43618.556920989315,54245.641595284214,137933.98812002738,171539.78057826788,0.032160230891677195,0.03849309834706921,63565.91491343315,76083.06739232523,201013.07267891368,240595.78433183537,0.040727924792865605,0.04181459774838755,80500.28654035527,82648.13681114773,254564.25776371875,261356.35669243237,0.02273929948048843,0.029132486467535516,44945.08701869648,57581.463337421024,142128.84461354773,182088.5751517311,0.032160230891677195,0.0404819318132931,63565.91491343315,80014.07209551886,201013.07267891368,253026.7126867614,0.040727924792865605,0.04605352765211246,80500.28654035527,91026.5423795579,254564.25776371875,287851.2014492462
2024-08-09,2045287.643255659,9917.735697067576,2035369.907558591,0.014526516051888283,0.025861661898198496,0.03182459148651089,52638.04838704781,64774.8158319896,166456.1244892235,204835.9530470218,0.03888877782261756,0.04446376639346664,79153.04812188768,90500.212093977,250303.91581007812,286186.79894528363,0.04699548390211553,0.047251260678891197,95653.19372552015,96173.79408002166,302481.9576419706,304128.24051288643,0.02461754710277772,0.03061528696401493,50105.81457089995,62313.43379782681,158448.4980620962,197052.37962724897,0.03587548545787858,0.04293994637757257,73019.8835200219,87398.67468909074,230909.14640346248,276378.8764976352,0.04543294724958433,0.04664515620245557,92472.8536435008,94940.14726784805,292424.8392488627,300227.1067582119,0.025366217381409623,0.03249796614141813,51629.63552671083,66145.38234110044,163267.24302875338,209170.06490055795,0.03587548545787858,0.045158536360212345,73019.8835200219,91914.32597696668,230909.14640346248,290658.61968639586,0.04543294724958433,0.05137378108796302,92472.8536435008,104564.64806394259,292424.8392488627,330662.45061597443
2024-08-12,2036607.5886869612,-8680.054568697233,2045287.643255659,0.014134219711605224,0.02516325387799173,0.030965151361530698,51466.09222076153,63332.64145127988,162750.07368587982,200275.39722083625,0.0378385655650191,0.04326299858588967,77390.75058865265,88485.27641790718,244731.04169015915,279815.0128701718,0.04572634570829274,0.04597521509632495,93523.52984840758,94032.53933253445,295747.3691397099,297356.99846017815,0.02395273706844673,0.02978850475486042,48990.23714824587,60926.06068617846,154920.73250024897,192665.12062996512,0.034906648773243905,0.0417803301450429,71394.13740338106,85452.79297679815,225768.08577770364,270225.4582295222,0.04420600619430161,0.045385478795650504,90413.9982268882,92826.3589639857,285914.166759392,293542.72122658277,0.024681189105530767,0.031620341173505484,50480.13109839827,64672.69307769891,159632.19085483594,204513.01254253346,0.034906648773243905,0.04393900591785636,71394.13740338106,89867.90586072888,225768.08577770364,284187.2710694979,0.04420600619430161,0.04998640463545903,90413.9982268882,102236.57573168175,285914.166759392,323300.4394884099
2024-08-13,2065783.8145201807,29176.225833219243,2036607.5886869612,0.013743174914846203,0.024467073989799134,0.03010845310949773,49829.82856059028,61319.10408642861,157575.75366717493,193908.0329940528,0.036791703800950384,0.0420660615894091,74930.26316173846,85672.06025916367,236950.29726690322,270918.8422581525,0.04446125644769843,0.04470324048363846,90550.1322839397,91042.95880787628,286344.66044679406,287903.11475377716,0.02329004797843192,0.028964360230061846,47432.688453757866,58989.03584600677,149995.33105904513,186539.71025069896,0.03394090296954283,0.04062441343768632,69124.30055465874,82735.98869314852,218590.23141876207,261634.16873628722,0.04298297945066147,0.0441298201393128,87539.46213359287,89875.12658311514,276824.0854882165,284210.10499859025,0.023998346276250374,0.030745516093668088,48875.21414214899,62616.55139446152,154556.9978176634,198010.92163149087,0.03394090296954283,0.0427233661450549,69124.30055465874,87010.7317052704,218590.23141876207,275152.0930664811,0.04298297945066147,0.04860345433185382,87539.46213359287,98986.16392865365,276824.0854882165,313021.7348573465
2024-08-14,2072306.320499932,6522.505979751004,2065783.8145201807,0.01377251321938566,0.024519305186182054,0.030172727265361392,50651.58379689561,62330.33162471532,160174.37189306965,197105.81524772392,0.03687024505632448,0.04215586230382426,76165.95547474783,87084.89803438158,240857.89946317452,275386.62759216607,0.04455617031512366,0.04479867092757415,92043.415473987,92544.36931419844,291066.8365189856,292650.99165666185,0.023339766513236545,0.029026192028498918,48214.91189772417,59961.837689627755,152468.93878115976,189615.9797885522,0.034013358465003994,0.04071113658721738,70264.24539447823,84100.40703259401,222195.05351954745,265948.8383702397,0.04307473755961012,0.04422402647158614,88983.0956653471,91357.27809791466,281389.2555551529,288897.07962282555,0.024049576854035963,0.030811150222606113,49681.22661112666,63649.17543660957,157105.83304212865,201276.3655713284,0.034013358465003994,0.04281457004333028,70264.24539447823,88445.64582115228,222195.05351954745,279689.6899193947,0.04307473755961012,0.04870721077486591,88983.0956653471,100618.56766914095,281389.2555551529,318183.8487382648
2024-08-15,2109109.998824764,36803.67832483235,2072306.320499932,0.013375255531058781,0.023812064442064733,0.02930241785319954,49345.89164744243,60723.58572311545,156045.41077779664,192024.83857752755,0.03580675082794324,0.040939908458547024,74202.55605731295,84840.03105933563,234649.0853474326,268287.7349069285,0.043270981407468774,0.043506487273848926,89670.72826493258,90158.76856034699,283563.7407632256,285107.05968667654,0.022666548666686454,0.02818895355484523,46972.03206589365,58416.1466199848,148538.60765468827,184728.07544949852,0.033032268961526744,0.03953685475846345,68452.97974942559,81932.47400865161,216467.32863356703,259093.2321998854,0.041832279455149425,0.04294841800094909,86689.2971158256,89002.27807883985,274135.62764507445,281449.9156728091,0.023355885067062303,0.029922425984905156,48400.54824534319,62008.432493210355,153055.97245615063,196087.88081533817,0.033032268961526744,0.041579616273368945,68452.97974942559,86165.70160726429,216467.32863356703,272479.8732653865,0.041832279455149425,0.047302288256437106,86689.2971158256,98024.83092792433,274135.62764507445,309981.7329851575
2024-08-16,2111375.030927862,2265.0321030979976,2109109.998824764,0.013665923390550064,0.024329542540735164,0.029939211001228053,51313.68143949699,63145.08927961446,162268.10847711816,199682.30517826264,0.03658489458709071,0.04182960477364039,77161.566979583,88223.23767497302,244006.29948312143,278986.3736072925,0.04421133604328039,0.04445195986691522,93246.57091028435,93754.07302266802,294871.5480768989,296476.410669378,0.023159132690049725,0.028801549162612097,48845.15832069333,60745.63532050818,154461.95296491616,192094.5655267783,0.03375011834323701,0.040396060245564205,71182.71205924026,85199.73457704701,225099.5001351338,269425.2173052712,0.042741368563662854,0.04388176276583109,90146.24780107576,92551.46461547058,285067.4655693448,292673.4289693669,0.023863449584480542,0.03057269300160793,50330.64012507857,64481.17250069117,159159.45888951022,203907.37130039933,0.03375011834323701,0.04248321456594619,71182.71205924026,89601.77262325498,225099.5001351338,283345.6838780059,0.042741368563662854,0.04833025029010525,90146.24780107576,101933.81413256444,285067.4655693448,322343.0232471644
2024-08-19,2124451.3110682056,13076.280140343588,2111375.030927862,0.013252212623461384,0.023593010261152472,0.02903285629724128,49813.69276982217,61299.247862511984,157524.72781649977,193845.24210074593,0.03547735400085048,0.04056329020539937,74905.99940078439,85644.31811196095,236873.5685176865,270831.11388580827,0.04287291892899093,0.043106258307673825,90520.81052966595,91013.47746754924,286251.93691829726,287809.8865698691,0.022458032422142886,0.027929635084296234,47417.328899880864,58969.93413990986,149946.75988494974,186479.3053522376,0.03272839540874657,0.0391731436087631,69101.91686836159,82709.19729849377,218519.44798763236,261549.44690748575,0.04144745201887083,0.04255332287807282,87511.11528822448,89846.0234077743,276734.44489237183,284118.0726773699,0.02314102741432522,0.02964716079187754,48859.38747262342,62596.275033873746,154506.94949418784,197946.80214937462,0.03272839540874657,0.04119711315997576,69101.91686836159,86982.55607228246,218519.44798763236,275062.99389172223,0.04144745201887083,0.04686714060115926,87511.11528822448,98954.1104362731,276734.44489237183,312920.3728144611
2024-08-20,2117658.5130639425,-6792.798004263081,2124451.3110682056,0.0129371975933928,0.023032186718096148,0.028342723535315858,48930.759270027076,60212.736173845464,154732.64693468346,190409.39046016397,0.034634030696669094,0.03959907038439283,73578.31192111514,84126.2969952055,232675.05206104316,266030.7096206286,0.04185379750155215,0.042081590228254695,88916.35497535566,89400.28953225068,281178.2029621687,282708.5384004214,0.021858898291718745,0.027262644160704914,46438.16513434845,57918.16013039552,146850.37218356022,183153.30389840467,0.03195041691136491,0.038241968614638064,67877.10509652495,81243.200361197,214646.2530836421,256913.5575427969,0.04046221500864691,0.041541798488385434,85960.00572384355,88253.52826278163,271829.4057684565,279082.16085643304,0.022590947842417664,0.028942425551532286,47993.368762097656,61486.773908446696,151768.35787260436,194438.251526505,0.03195041691136491,0.0402178268921224,67877.10509652495,85440.81506928358,214646.2530836421,270187.58076017327,0.04046221500864691,0.04575307352985638,85960.00572384355,97200.1770459034,271829.4057684565,307373.94843667164
2024-08-21,2138674.5545071224,21016.041443179827,2117658.5130639425,0.012567585280461995,0.022374163236327783,0.027532979421490415,47380.83725009182,58305.44826193352,149831.36315603915,184378.01650481563,0.03364454560150057,0.038467735418761625,71247.65841118571,81461.5273878319,225304.8785330003,257603.9682217354,0.04065804557863287,0.040879330327392153,86099.85634413369,86568.461876155,272271.65226076066,273753.513066103,0.021234395349918767,0.026483757628895745,44967.198082520874,56083.554800753205,142198.76593672216,177351.77244925094,0.031037601952138786,0.03714940568757089,65727.04199903674,78669.75520955055,207847.1565825027,248775.6094300767,0.03930622022943078,0.04035496029473836,83237.15188522026,85458.02521251008,263218.9859026743,270242.00401162676,0.021945530438605296,0.02811554810974437,46473.13935701638,59539.129804059005,146960.97038658478,188279.26008524114,0.031037601952138786,0.039068814216746725,65727.04199903674,82734.40702140729,207847.1565825027,261629.16705107418,0.03930622022943078,0.044445920322294635,83237.15188522026,94121.28154146892,263218.9859026743,297637.62596500566
2024-08-22,2127747.009447844,-10927.545059278142,2138674.5545071224,0.012422511880126243,0.022115888009390797,0.02721515361351603,47298.68693601327,58204.35653022929,149571.58105305274,184058.33638001964,0.03325617118237098,0.038023684707676204,71124.12708806986,81320.28695290869,224914.23818958,257157.32674966528,0.04018871111290474,0.04040744147032882,85950.57383560699,86418.36688532811,271799.5795189928,273278.87102970795,0.020989276986387508,0.026178043469242115,44889.2326082889,55986.31545444947,141952.21745929393,177044.27463674525,0.030679320679087515,0.03672057306115324,65613.08248592864,78533.35523280814,207486.7849600373,248344.2748307767,0.038852490503650104,0.03988912448143591,83092.8328193861,85309.85553001409,262762.60894485057,269773.4503347554,0.021692203116621678,0.027790997444237842,46392.56283671888,59435.899078363946,146706.16505651388,187952.81586753268,0.030679320679087515,0.03861782497744387,65613.08248592864,82590.9596296688,207486.7849600373,261175.54656877014,0.038852490503650104,0.043932860681296516,83092.8328193861,93958.0912457953,262762.60894485057,297121.57293864066
2024-08-23,2156160.174356855,28413.164909010757,2127747.009447844,0.012109258044579354,0.021558199933716625,0.026528879264439288,45870.39543804425,56446.74351891361,145054.9267568169,178500.27601911477,0.03241756275285135,0.03706485567283658,68976.37220096726,78864.63581349398,218122.44089057803,249391.87601032713,0.03917528741701407,0.0393885021328292,83355.10064581144,83808.76761975735,263591.9726333364,265026.5935702017,0.020459998239481195,0.025517921538751355,43533.70006736426,54295.68124140291,137665.64718749668,171698.0198333118,0.029905691724860305,0.03579460410528624,63631.746133040644,76161.86183939231,201221.2492740201,240844.9542515409,0.03787276178306112,0.038883255349573174,80583.65562343888,82733.7302876512,254827.89395270278,261627.02703103542,0.021145198944412757,0.02709020225667124,44991.63381815395,57641.09683696946,142276.0385176244,182277.15283515077,0.029905691724860305,0.037644013729654605,63631.746133040644,80096.93763688616,201221.2492740201,253288.75653702498,0.03787276178306112,0.04282502216620681,80583.65562343888,91120.81284368417,254827.89395270278,288149.3108319664
2024-08-26,2149054.9052611683,-7105.26909568673,2156160.174356855,0.012181712423051183,0.02168719098927251,0.026687611818620807,46761.05750474023,57542.7657520055,147871.447513089,181966.2026418691,0.03261152957990074,0.037286629052430686,70315.68130504251,80395.94459886833,222357.7081504553,254234.299573136,0.03940968832669868,0.03962417878869566,84973.60045384394,85436.07624578122,268710.1184192644,270172.5952844763,0.01969411253793424,0.025254984480820242,42463.66112359581,54453.79174154504,134281.88694010754,172198.00913574928,0.02872145061362298,0.03573614138971494,61928.047962851124,77052.84484968899,195833.68261076004,243662.48992059167,0.038099369177659645,0.039115908918350324,82148.34248898881,84340.1649935171,259775.86827279022,266707.0196139143,0.021271718855173635,0.027252293423607927,45865.233035641184,58760.30973987064,145038.60180702485,185816.41479496736,0.030084629055183765,0.0378692524360994,64867.279029086334,81652.17393538383,205128.34734958853,258206.84554004713,0.038099369177659645,0.0430812608517375,82148.34248898881,92890.09890959549,259775.86827279022,293744.28463264497
2024-08-27,2146895.91595315,-2158.9893080182374,2149054.9052611683,0.011838250625877607,0.02107572346039479,0.0259351580749132,45292.88688448931,55736.07867961601,143228.68435935394,176252.95647393682,0.031692051745495706,0.03623533739653354,68107.95926144831,77871.72957581386,215376.27805213607,246252.03079626948,0.03829853729073061,0.038506980222052456,82305.65942897239,82753.61473299662,260273.34811766632,261689.9071683361,0.019138839596732814,0.02454292347854609,41130.41711636533,52744.09009101897,130065.79920048923,166791.45780073767,0.027911653049651576,0.034728565531780976,59983.674900301565,74633.59410875784,189685.03511202638,236012.1473481993,0.037025162419652716,0.038013040954585874,79569.10691604613,81692.11212734645,251619.60924016198,258333.14119227804,0.020671965509072313,0.02648391855550137,44425.18887866154,56915.39508223749,140484.78233975213,179982.28238821687,0.029236396852374488,0.036801533789687216,62830.62206775758,79088.51671186194,198687.8725393522,250099.84957377455,0.037025162419652716,0.04186659030602326,79569.10691604613,89973.60126371896,251619.60924016198,284521.50928115594
2024-08-28,2140921.1660706764,-5974.74988247361,2146895.91595315,0.011480250176042647,0.02043837266272495,0.025150853150918456,43879.058798332706,53996.26391244425,138757.7673871823,170751.17910287852,0.030733652642483036,0.035139544825668036,65981.95334046957,75440.94527467935,208653.2570228393,238565.2159041038,0.03714035150708691,0.03734249091726054,79736.4689676293,80170.44124178424,252148.8545170434,253521.195344736,0.018560062089693713,0.023800721110708217,39846.52150020032,51097.67094931939,126005.76477550248,161585.0233296675,0.027067576955708276,0.033678339237760556,58111.27042095769,72303.88896563285,183763.97225619806,228644.97281931576,0.035905484756090365,0.03686348886353715,77085.33858316849,79142.07368891234,243765.24412806935,250269.21160584717,0.0200468247526295,0.02568301856986189,43038.446189248796,55138.7676769854,136099.5169126204,174364.09323414526,0.02835225919086696,0.03568861887787374,60869.34946491744,76619.75011491562,192485.7840018905,242292.9241160813,0.035905484756090365,0.04060050305746908,77085.33858316849,87165.05419972375,243765.24412806935,275640.1036431524
2024-08-29,2150739.031104595,9817.865033918526,2140921.1660706764,0.011151428956943153,0.019852969861190915,0.02443047388499133,42503.64338518685,52303.71863751485,134408.3219527399,165398.88099114574,0.029853368940097273,0.034133066065101476,63913.70944237117,73076.20360166449,202112.89554810317,231087.2461394597,0.036076564962972256,0.03627291462760358,77237.08152835107,77657.45068131115,244245.0974537084,245574.42143513795,0.01802845849662645,0.023119012784577654,38597.50838705429,49495.98380916087,122056.03851054344,156520.04386776523,0.026292298236502403,0.032713712823214586,56289.73779917071,70037.48020397782,178003.78033905313,221477.95902352416,0.03487706768426609,0.03580763231315775,74669.05241572487,76661.31792611572,236124.27636018852,242424.37307682147,0.01947263679913093,0.024947396841520066,41689.380282466154,53410.40993637505,131833.39593350684,168898.54616223407,0.027540184167378284,0.03466641335208398,58961.3632014247,74218.0580972317,186452.2016649393,234698.1071019547,0.03487706768426609,0.03943760967912881,74669.05241572487,84432.81330128064,236124.27636018852,266999.9992878074
2024-08-30,2171618.9996253285,20879.968520733528,2150739.031104595,0.010869642346148869,0.019351303113997683,0.0238131377155434,41619.602910010704,51215.8447378881,131612.74050740572,161958.7216612758,0.029099001075054858,0.033270554091107886,62584.35737827505,71556.2792702224,197909.1152133133,226280.823380994,0.035164942514471054,0.0353563305991344,75630.61439242226,76042.24021619606,239165.00231796602,240466.67746483433,0.017572895515664554,0.022534816061213367,37794.712275062666,48466.5084616143,119517.3742999223,153264.55697452463,0.02562791543509975,0.03188706663297798,55118.95801211693,68580.75879497873,174301.44957347627,216871.40145475735,0.03399575545646652,0.03490280555157844,73115.99815210955,75066.82619483389,231213.08755732854,237382.14749566573,0.018980580727389673,0.024316998492460506,40822.275803428616,52299.51777704641,129091.3708104145,165385.59670393288,0.02684426840742143,0.03379042417037509,57735.01582528926,72674.3841408058,182574.15075378006,229816.58143496537,0.03399575545646652,0.03844105664433676,73115.99815210955,82676.68092187769,231213.08755732854,261446.6210961231
2024-09-03,2123542.465346526,-48076.534278802574,2171618.9996253285,0.010800962849437821,0.019229032507822392,0.023662675146368457,41758.13233840018,51386.31492981579,132050.80902407767,162497.79574093333,0.028915139942831215,0.033060335131043894,62792.6672766775,71794.45190455564,198567.8489514233,227033.99138180946,0.03494275392014049,0.03513293272515023,75882.34831220952,76295.3442184947,239961.0548688159,241267.06259700254,0.017461861722524227,0.02239243052760761,37920.51068546387,48627.8275815429,119915.18380281873,153774.69282363288,0.02546598624941136,0.03168558919533989,55302.41958341907,68809.02751092313,174881.6060019044,217593.25051570366,0.03378095433415644,0.03468227326148563,73359.36225752972,75316.68356483971,231982.6724311856,238172.26587506357,0.018860652519070806,0.02416335229465556,40958.151355745475,52473.59493771429,129521.04703406914,165936.07702025847,0.026674653733351573,0.03357692042740268,57927.184855772975,72916.27834905546,183181.84258585496,230581.51808583736,0.03378095433415644,0.03819816802488653,73359.36225752972,82951.86743372428,231982.6724311856,262316.8372549152
2024-09-04,2119336.104761241,-4206.360585284419,2123542.465346526,0.011820855838979872,0.021266286028209264,0.026141993643332473,45159.86146110788,55513.63363043545,142808.0210347604,175549.52346429808,0.0316454843510481,0.036182094228087484,67200.5298559096,76834.2135785132,212506.73431482114,242971.11713593826,0.03824226251536718,0.038450399166607176,81209.06842231186,81651.05543981501,256805.6228749622,258203.30854649685,0.019972709208468324,0.024711593176122208,42412.89615220008,52476.11749586294,134121.35400514374,165944.05404953842,0.02787064046492889,0.03467753637081958,59184.488563681734,73639.22107703403,187157.7860134217,232867.6637241052,0.03697075870490655,0.03795718567937364,78508.97608594879,80603.69565519295,248267.1811992894,254891.26609742772,0.020968729457979084,0.026539410053651725,44527.987448381224,56357.56425417396,140809.85996027396,178218.26642247834,0.029193437726995525,0.03674745866845419,61993.504722724356,78034.78897602878,196040.67506021415,246767.66989484953,0.03697075870490655,0.04180507273560487,78508.97608594879,88774.84722095719,248267.1811992894,280730.7161516939
2024-09-05,2098409.880794777,-20926.2239664644,2119336.104761241,0.01147103140204434,0.02063693510498793,0.0253683518418231,43736.60165961563,53764.06397666202,138307.2783598858,170016.89843326184,0.030708973163071973,0.035111327363750076,65082.63556464244,74412.70376808687,205809.36451094886,235313.6307585485,0.03711052737420555,0.037312504464089125,78649.6805308842,79077.73786980906,248712.12772219506,250065.76388234826,0.019381640181986355,0.023980282407564276,41076.20980717491,50822.27830872179,129894.38063761852,160714.15533453092,0.027045841377579743,0.03365129514087152,57319.22811515025,71318.40476402553,181259.31456663492,225528.59814412406,0.035876652235527634,0.03683388705456863,76034.68440071681,78063.38671344498,240442.78387833995,246858.10388101215,0.020348184374288758,0.025754007177152302,43124.641810768684,54581.397252819006,136372.09140095706,172601.5331933653,0.02832949199800844,0.03565996050312565,60039.71522092396,75575.44178863402,189862.25016599926,238990.53122555316,0.035876652235527634,0.04056790038277428,76034.68440071681,85977.0159755709,240442.78387833995,271883.19690748776
2024-09-06,2070529.936531081,-27879.94426369597,2098409.880794777,0.011384088506836353,0.02048052067080486,0.025176076371686226,42976.5269394386,52829.727417990296,135903.7110522112,167062.26680669564,0.030476219285754017,0.0348452065286998,63951.599678494575,73119.52567815834,202232.7149953347,231224.24257414832,0.036829253914171814,0.037029700150172706,77282.87031579786,77703.48867799024,244389.89431333757,245720.00636355515,0.019234740060084413,0.023798527593428973,40362.36859660026,49939.0654504185,127637.01652451075,157921.19104354497,0.026840851636876596,0.03339624039256663,56323.10828376852,70079.00082115947,178109.30707700577,221609.25874367412,0.03560473073985716,0.03655471034673419,74713.3187875538,76706.76538117809,236264.25891891986,242568.0905486767,0.020193958481278713,0.02555880869249033,42375.20200947474,53632.85670166515,134002.1546596842,169601.98459868768,0.028114773027433624,0.03538968138867813,58996.317517069205,74262.05710418122,186562.73691642837,234837.24417870078,0.03560473073985716,0.040260422302716106,74713.3187875538,84482.86796498988,236264.25891891986,267158.28603264235
2024-09-09,2091935.9188205013,21405.982289420208,2070529.936531081,0.011513275077439714,0.02071293350104978,0.025461774340895908,42886.74888730111,52719.366010023914,135619.8079235634,166713.27339173883,0.030822063246130665,0.035240629731067334,63818.004656767895,72966.77884038218,201810.25044261874,230741.21466138738,0.03724719207480673,0.03744991297353567,77121.42624261056,77541.16593218932,243879.36332733076,245206.69677077173,0.01945301577915645,0.024068593147061862,40278.05152655492,49834.74264117841,127370.38253753551,157591.29335443903,0.02714544146617733,0.03377522073559281,56205.449196072324,69932.60564599023,177737.23637246832,221146.31655168,0.03600877301858471,0.03696953298855202,74557.24251273231,76546.52479237031,235770.70240176955,242061.36531443766,0.02042311940545252,0.02584884990586524,42286.680126338295,53520.8175549926,133722.2238862058,169247.68570810073,0.028433819309314243,0.035791283288610955,58873.07408985065,74106.92351593358,186173.00697977256,234346.6686982435,0.03600877301858471,0.040717297342400455,74557.24251273231,84306.38308207758,235770.70240176955,266600.1918300513
2024-09-10,2086848.4633280772,-5087.455492423847,2091935.9188205013,0.011443314891835869,0.02058707177513888,0.025307056378655712,43066.83490974876,52940.74023812536,136189.2899292582,167413.32016780105,0.030634773595628172,0.035026490749743684,64085.98324962845,73273.17410962285,202657.673160225,231710.12157648843,0.03702086025755678,0.03722234932680145,77445.26731841742,77866.76953962006,244903.4387267997,246236.34578462015,0.019334809918069094,0.023922340822465582,40447.18335117561,50044.004028781725,127905.22432815706,158253.03596559283,0.026980492734343983,0.03356998628270432,56441.46185844974,70226.26009910069,178483.57394222126,222074.93346856016,0.035789966429946585,0.036744888361183156,74870.31630818521,76867.95179580843,236760.7286711144,243077.8067467849,0.02029901872909374,0.02569177988670068,42464.24639620128,53745.55716341926,134283.73773459293,169958.37475118335,0.02826104177530016,0.03557379827196461,59120.28839303712,74418.10637399745,186954.76724801323,235330.71529852622,0.035789966429946585,0.04046987949993587,74870.31630818521,84660.39455625332,236760.7286711144,267719.67440628057
2024-09-11,2100236.012741424,13387.549413346684,2086848.4633280772,0.011110725099036073,0.019988726802483016,0.024571529241903162,41713.44381164643,51277.05804008653,131909.49149425843,162152.295119323,0.029744401085656628,0.03400847687779541,62072.05769821652,70970.5377125558,196289.08137975278,224428.5459385527,0.03594488180562102,0.036140514773864804,75011.52136056959,75419.77771972543,237207.25825377242,238498.2782179526,0.017962652776501813,0.022555574813055652,37485.33434393863,47070.06663810667,118539.03537977964,148848.62019232166,0.025837312251078017,0.030811814307869216,53918.55536768986,64299.58734072694,170505.44310779753,203333.14860562634,0.029744401085656628,0.03400847687779541,62072.05769821652,70970.5377125558,196289.08137975278,224428.5459385527,0.019709045762609605,0.024945071102581498,41129.791863364604,52056.58329803182,130063.82197689307,164617.3704280604,0.027439659674292058,0.03453987739255095,57262.41162554179,72079.49006018514,181079.6450508169,227935.36117365223,0.034749762814843765,0.03929365836429981,72517.48913117187,81999.9105760775,229320.43585100808,259306.4853505347
2024-09-12,2117015.937302756,16779.924561331514,2100236.012741424,0.010885534359254101,0.019583597872028118,0.02407351666412472,41130.17750987977,50560.066651325535,130065.04149825271,159884.96926811102,0.02914154541015874,0.03331919746545235,61204.123137354945,69978.17843258582,193544.43130745218,221290.43035664284,0.035216355588562,0.035408023493099156,73962.65824460563,74365.20608020124,233890.461853585,235163.42988123815,0.017598588052450806,0.02209842133899479,36961.18840115814,46411.900320890425,116881.54037425702,146767.31555071345,0.025313644946924944,0.03018732443919127,53164.628731281744,63400.50591549883,168121.31774807823,200490.00349995514,0.02914154541015874,0.03331919746545235,61204.123137354945,69978.17843258582,193544.43130745218,221290.43035664284,0.019309585371310407,0.02443948762666672,40554.6865879311,51328.69204647389,128245.17941214473,162315.57618422675,0.026883516199735617,0.03383982762328053,56461.72887180222,71071.6246393758,178547.66386578415,224748.21086897067,0.034045459114970776,0.03849725957691874,71503.4993035774,80853.33095529942,226113.9184715681,255680.68223014387
2024-09-13,2137622.5980746225,20606.660771866795,2117015.937302756,0.010732416168171874,0.019308130909903513,0.023734893570122453,40875.620855793706,50247.147958133944,129260.06267778913,158895.4334751822,0.028731634369388317,0.03285052270169265,60825.32786475069,69545.08010820932,192346.57547911836,219920.8532008107,0.034720995003930256,0.03490996686784481,73504.89978232972,73904.95622993865,232442.90249457688,233707.99206165687,0.017351042651438706,0.021787580346763362,36732.43382191561,46124.65482936235,116158.15487865715,145858.9655498701,0.024957577950482476,0.029762703253019385,52835.59027764726,63008.11712385462,167080.80679681356,199249.1611900382,0.028731634369388317,0.03285052270169265,60825.32786475069,69545.08010820932,192346.57547911836,219920.8532008107,0.019037972726030448,0.02409571670896341,40303.691674941656,51011.01629360785,127451.46380598229,161310.99724776132,0.026505367067632256,0.03336382956740133,56112.284506237105,70631.75892364154,177442.6237550859,223357.2333426302,0.033566568603746905,0.03795574911417976,71060.96069469851,80352.92578698351,224714.4885149484,254098.26214534568
2024-09-16,2150264.4715677067,12641.873493084218,2137622.5980746225,0.010672566021466157,0.01920045762837368,0.02360253410511874,41043.33211978585,50453.31027492881,129790.4122612701,159547.37596395114,0.02857141019384781,0.032667329227618606,61074.89208922871,69830.42117570114,193135.76685096245,220823.18088406866,0.03452737069676665,0.034715288744504,73806.48785350792,74208.18571893733,233396.60771463695,234666.8879006217,0.017254283223560252,0.021666080224173684,36883.14573226224,46313.90269889135,116634.74778586758,146457.41985991612,0.024818400091708652,0.029596729242308308,53052.3728840937,63266.63725745423,167766.3335902922,200066.67363322398,0.02857141019384781,0.032667329227618606,61074.89208922871,69830.42117570114,193135.76685096245,220823.18088406866,0.01863644584502873,0.023765049666552525,39837.68778612732,50800.70721158845,125977.83011883312,160645.94153596085,0.026357557843443655,0.03317777359799201,56342.51127620417,70921.5585968713,178170.66472652546,224273.6603752088,0.03337938204446126,0.03774408595117776,71352.52136800668,80682.61107290846,225636.48431873447,255140.81855991235
2024-09-17,2155507.3261654032,5242.854597696569,2150264.4715677067,0.01044775654517039,0.018796014609197984,0.023105364697053953,40416.402421226,49682.64481068986,127807.88648101817,157110.317782925,0.027969575194674103,0.03197921681295927,60141.983825949144,68763.77374146698,190185.65189100697,217450.14553151408,0.03380007792494424,0.03398403762210185,72679.10669822752,73074.6686992259,229831.51547279893,231082.39235176763,0.01689083488624891,0.021209700742539948,36319.7621510174,45606.465959266854,114853.17247279137,144220.30846221923,0.024295619392494073,0.028973296678138805,52242.007194411395,62300.25047119253,165203.7322732429,197010.6902879467,0.027969575194674103,0.03197921681295927,60141.983825949144,68763.77374146698,190185.65189100697,217450.14553151408,0.018243883304585456,0.023264456991938492,39229.174093277354,50024.73532008026,124053.54086202712,158192.1029585259,0.025802355958226744,0.03247890906136397,55481.8892997183,69838.24422992939,175449.13907643425,220847.91955368896,0.03267627077942916,0.03694903552198575,70262.62412033253,79450.19834161912,222189.92660053552,251243.587311649
2024-09-18,2150495.7441313025,-5011.582034100778,2155507.3261654032,0.010147024787870409,0.018254983768823625,0.02244029206654611,39348.751252729846,48370.213950731515,124431.67704203013,152960.04699396316,0.027164489484372348,0.031058716222458427,58553.25609510765,66947.2903588014,185161.65367967694,211705.9207104436,0.03282716505247272,0.033005829591501466,70759.19476784584,71144.30749064827,223760.22086586218,224978.05422582693,0.016404643383255518,0.020599193544316677,35360.32899573808,44401.71259787367,111819.17843942672,140410.54382147282,0.02359628606834864,0.028139319509249073,50861.96749062013,60654.50935549544,160839.6635477984,191806.39992335718,0.027164489484372348,0.031058716222458427,58553.25609510765,66947.2903588014,185161.65367967694,211705.9207104436,0.017718745198385996,0.022594804995017714,38192.88508557907,48703.26770003933,120776.50728350479,154013.2554250346,0.025059652219271023,0.03154402516021436,54016.26394979579,67993.37732958786,170814.42477419783,215013.93816875486,0.03173570595184899,0.03588548198922251,68406.54668024149,77351.41933074576,216320.4943761931,244606.66533193385
2024-09-19,2191628.431580851,41132.68744954839,2150495.7441313025,0.009854414345368124,0.017728563562887715,0.021793179841165352,38125.20049155131,46866.140499514186,120562.46980387323,148203.74911992624,0.02638114525741505,0.03016307391474767,56732.54060138076,64865.562083582765,179404.04574834194,205122.91789117886,0.031880525865823454,0.03205403824341398,68558.93519512124,68932.07282468378,216802.38917246356,217982.35396259738,0.015931581568603734,0.020005173201979688,34260.79836056303,43021.0398314669,108342.1572751419,136044.47317626182,0.02291583836547877,0.027327864042701166,49280.41287816292,58768.45532002771,155838.34872848872,185842.17338112718,0.02638114525741505,0.03016307391474767,56732.54060138076,64865.562083582765,179404.04574834194,205122.91789117886,0.01720778854050115,0.02194323706983158,37005.27602225912,47188.837931137045,117020.9576735546,149224.20799894092,0.024337005327386054,0.030634387965726866,52336.62638144455,65879.12094436282,165502.94441462116,208328.07243388935,0.03082054124536345,0.034850649909495435,66279.44277997737,74946.1743105799,209594.00123153083,237000.61273743212
2024-09-20,2184695.2104785894,-6933.22110226145,2191628.431580851,0.010621722541336562,0.0189099296871539,0.022301404195378734,41443.539541561266,48876.391498768506,131055.97925058407,154560.72094619935,0.024700166685668053,0.02929079810333574,54133.58757309626,64194.54590696507,171185.4346471709,203000.97842624912,0.028435297667249844,0.03158611381216958,62319.606828009404,69225.02507389947,197071.90046269094,218908.7503157882,0.017172084827742136,0.02156286428555608,37634.82933799782,47257.78643454402,119011.78005980003,149442.24231096683,0.024700166685668053,0.029455732155749585,54133.58757309626,64556.0200655711,171185.4346471709,204144.06008273715,0.028435297667249844,0.0325117039823748,62319.606828009404,71253.57480691299,197071.90046269094,225323.5878190374,0.018547662907345126,0.023651834360311284,40649.58536711512,51836.0326430991,128545.2757015356,163919.92801903115,0.026231991979921956,0.03301971662563122,57490.77944019782,72366.9497594763,181801.80748940512,228844.38855891937,0.03322036462125655,0.037564275333917714,72806.69561142847,82326.93383354532,230234.98704269945,260340.6236919807
2024-09-23,2193200.8791173627,8505.668638773263,2184695.2104785894,0.010327347199591937,0.018385851130934872,0.021683332742669377,40167.48090632577,47371.47319012336,127020.72753531391,149801.75139839243,0.024015614817461582,0.028479019348234002,52466.79866840696,62217.977169213904,165914.5853296554,196750.51926307142,0.027647228647763526,0.030710721613620214,60400.76800977542,67093.56641961737,191003.99933432572,212168.4862297794,0.016696169709458676,0.020965261070225356,36476.041997592074,45802.70544655456,115347.372740349,144840.87220891204,0.024015614817461582,0.028639382341871307,52466.79866840696,62568.32143335133,165914.5853296554,197858.40510292133,0.027647228647763526,0.031610659548831604,60400.76800977542,69059.6565164017,191003.99933432572,218385.80902071873,0.018033624380574608,0.022996336460078252,39397.97281181126,50239.986122887116,124587.32927871194,158872.78576357532,0.025504986395500043,0.032104592894225806,55720.62162157053,70138.75033038008,176204.07696458767,221798.20328188848,0.03229968003829879,0.03652320159603981,70564.95627966228,79792.06359821215,223145.98483393443,252324.66017536083
2024-09-24,2196750.073919114,3549.194801751524,2193200.8791173627,0.010057872136624188,0.017906102721641524,0.021117541998613407,39271.68023066999,46315.011676156755,124187.9570707239,146460.92675394815,0.023388967025916394,0.027735906389619775,51296.703042886846,60830.41427683097,162214.4180728124,192362.66012641022,0.026925819893244825,0.02990937607147147,59053.73186082032,65597.26989380304,186744.29701304575,207436.78115320916,0.0162605107452714,0.020418207220108116,35662.566461426555,44781.2300251416,112774.9372252393,141610.68330336676,0.023388967025916394,0.02789208497587995,51296.703042886846,61172.945289516094,162214.4180728124,193445.83829573926,0.026925819893244825,0.030785831613085426,59053.73186082032,67519.51295817805,186744.29701304575,213515.44745309587,0.017411787258539282,0.02237720579203444,38187.54712243285,49077.70741528007,120759.62716189669,155197.3377716202,0.02483947591327373,0.03126687658387775,54477.9604098065,68574.54121101476,172274.4371754685,216851.73972788788,0.03145687325123709,0.03557018899177049,68991.24206889664,78012.56976712176,218169.46354174073,246697.40658689628
2024-09-25,2187357.119310038,-9392.954609076029,2196750.073919114,0.009759509141852267,0.016609844011621903,0.020310827415714147,36487.676060315374,44617.81162682842,115384.16287699589,141093.9089531205,0.022695142114276947,0.026913131156378625,49855.555117142685,59121.42285716956,157657.10818223364,186958.3547385955,0.02612707557129381,0.029022125677429466,57394.65519252996,63754.356727183,181497.83592840456,201608.97801677644,0.01577814880861344,0.01981250878098381,34660.64956162836,43523.13012914928,109606.5977956623,137632.2221080101,0.022695142114276947,0.02706467676360677,49855.555117142685,59454.33068105011,157657.10818223364,188011.10171294824,0.02612707557129381,0.029872581494983685,57394.65519252996,65622.59560726017,181497.83592840456,207516.86809110246,0.016895273137041113,0.021713394396935527,37114.69251267869,47698.900746503,117366.96299686244,150837.16824525528,0.02410262220094002,0.03033935644760955,52947.437101559466,66647.98351894463,167434.4975094319,210759.42937722895,0.030523716935278,0.03451501271113923,67052.97743385806,75820.85672451426,212040.13258686382,239766.6013947589
2024-09-26,2197427.7444507265,10070.625140688382,2187357.119310038,0.009520231908963468,0.016202614769244127,0.019812859893877113,35440.90476694411,43337.800142764434,112073.9814006624,137046.15723230597,0.022138717531217267,0.026253292689313118,48425.28140430204,57425.326669299226,153134.1855721916,181594.8276541964,0.025486509098604462,0.028310580268361044,55748.097123192536,61925.34930179782,176290.96212956886,195825.1486951988,0.01539131052277766,0.0193267587080248,33666.29264750922,42274.523253185325,106462.16513990937,133683.78047781665,0.022138717531217267,0.02640112280091264,48425.28140430204,57748.68391635484,153134.1855721916,182617.37305281393,0.025486509098604462,0.029140185168952042,55748.097123192536,63739.99148732004,176290.96212956886,201563.55113967485,0.016457430907292167,0.021136627122008905,35998.278660618584,46233.35181352782,113836.55241299025,146202.69559462427,0.02351168994586653,0.029595516039972698,51428.4623901014,64735.962709688705,162631.07771302736,204713.08868634186,0.029775356498334123,0.033668796306747836,65129.33801662555,73645.6813001644,205957.05063153015,232888.09274339007
2024-09-27,2198374.160476566,946.4160258392805,2197427.7444507265,0.00929853284628466,0.01582530205862568,0.019351474865711628,34774.957807937266,42523.467765955626,109968.07220933797,134471.01214917167,0.021623169908794267,0.02564192834051263,47515.35348055661,56346.28475665983,150256.740826568,178182.59751947148,0.024893000953829587,0.02765130755637181,54700.570938583536,60761.75039471144,172978.3934775384,192145.5258659232,0.015032890775346343,0.018876693590792266,33033.69126904345,41480.17021990213,104461.70393299534,131171.8156263782,0.021623169908794267,0.025786315910219192,47515.35348055661,56663.56600828684,150256.740826568,179185.92893348183,0.024893000953829587,0.028461593323709174,54700.570938583536,62542.29482079211,172978.3934775384,197776.10172745542,0.016074184255200352,0.02064441532864609,35321.85845179029,45364.61101113078,111697.5238977261,143455.49596272735,0.02296416970971707,0.0289063208367151,50462.103648407276,63519.5513965919,159575.18305245962,200866.45836535975,0.029081973323456533,0.03288474601741593,63905.53504433929,72261.8532678853,202087.04583182163,228512.04427139906
2024-09-30,2197281.4056472653,-1092.7548293005675,2198374.160476566,0.00901587906345523,0.01534424966409914,0.018763235014915426,33732.40197345677,41248.611023739206,106671.2211844821,130439.56115334564,0.020965875809550824,0.02486247332709263,46090.83963147723,54657.01892781827,145752.03250502385,172840.66992684,0.024136311591981718,0.026810772085863535,53060.643733023615,58940.108575988794,167792.4883110939,186384.9886377481,0.014575925841764257,0.018302885987060306,32043.33873555718,40236.591616102,101329.93424066056,127239.27478891767,0.020965875809550824,0.025002471850328556,46090.83963147723,54964.78806380501,145752.03250502385,173813.9213900602,0.024136311591981718,0.027596427049492733,53060.643733023615,60667.27214708138,167792.4883110939,191846.7594140708,0.01558556642045828,0.020016873093391705,34262.90649512673,44004.57658205095,108348.82378197732,139154.68947058835,0.022266112333861037,0.028027635879932553,48949.24600902866,61615.2304976896,154791.10713643755,194844.46692896922,0.02819794893940502,0.031885126183527665,61989.64232682558,70095.43750540199,196028.46109194873,221661.23610306147
2024-10-01,2182058.952786388,-15222.452860877384,2197281.4056472653,0.008742067438598018,0.014770738532837552,0.018185127068134327,32455.469125881522,39957.84156614433,102633.2049670597,126357.7897331657,0.020329143608335213,0.024107401728222788,44668.84924332792,52970.74555589268,141255.3040676051,167508.20531386288,0.02340329347488558,0.025996530788166574,51423.62158327206,57121.69371217506,162615.76973773376,180634.6559369918,0.014133255980019,0.017747028602947097,31054.74056614877,38995.21595474582,98203.71233465699,123313.70026713428,0.020329143608335213,0.024243148505971108,44668.84924332792,53269.019426515595,141255.3040676051,168451.4301115457,0.02340329347488558,0.026758325464778344,51423.62158327206,58795.57099001517,162615.76973773376,185927.92065856903,0.015112233844026159,0.019408962039163157,33205.830423271975,42646.951391566836,105006.05573485249,134861.5016598386,0.0215898920391479,0.027176438512800886,47439.0683275516,59714.283015893605,150015.50599141774,188833.14317413245,0.027341579176412636,0.03091677710213004,60077.14352536395,67932.85944905148,189980.60885698782,214822.5638270939
2024-10-02,2181962.9027887075,-96.04999768035486,2182058.952786388,0.008645120529783794,0.01460693546774802,0.01798345945712214,31873.194310172592,39240.9687104844,100791.89032526469,124090.8387165312,0.020103699496228866,0.023840057865514186,43867.45746987339,52020.411700390774,138721.08076536714,164502.98579290754,0.023143757961759166,0.025708237050156846,50501.04426157783,56096.888815649465,159698.3240835621,177393.93830667774,0.01397652240545363,0.017550219372661723,30497.595843639636,38295.61330548162,96441.86602518565,121101.36243837146,0.020103699496228866,0.023974299252166337,43867.45746987339,52313.33431996956,138721.08076536714,165429.28844895953,0.023143757961759166,0.02646158365203488,50501.04426157783,57740.735512828636,159698.3240835621,182592.237993909,0.014944643698245838,0.019193722464977112,32610.093577960004,41881.83394200052,103122.17041758326,132441.98784167002,0.021350466604657788,0.026875059951619436,46587.97680086032,58642.9651741021,147324.11826980332,185445.33869609536,0.02703836925474705,0.030573919306579725,58999.31570106501,66714.09434469088,186572.2180066994,210968.4901645816
2024-10-03,2172696.530767808,-9266.372020899318,2181962.9027887075,0.008381762266761301,0.014161961087157867,0.017435625262162507,30900.873722915698,38043.887508964224,97717.14265366041,120305.33557555643,0.019491275949164055,0.023113812787936932,42529.241049093725,50433.48204528161,134489.2688734651,159484.67359629713,0.022438724425717264,0.02492508120732337,48960.46428281391,54385.60254337556,154826.5824330143,171982.3759577131,0.013550752440637736,0.017015583068433874,29567.239130345075,37127.37102464236,93499.81977474657,117407.05597200933,0.019491275949164055,0.02324396474884971,42529.241049093725,50717.4687957185,134489.2688734651,160382.7185529875,0.022438724425717264,0.02565547844119191,48960.46428281391,55979.3022119762,154826.5824330143,177022.0968167467,0.01448938163540928,0.018609019754136067,31615.293212811022,40604.19076078713,99976.33544654529,128401.72535205247,0.020700062509035187,0.02605635891869574,45166.76848012211,56854.008542341784,142829.86294668747,179788.16110446965,0.026214693293566547,0.029642539084102703,57199.48827454613,64678.92062597645,180880.6639436604,204532.70577932915
2024-10-04,2196841.5661347043,24145.035366896074,2172696.530767808,0.008193011491647502,0.013843044724791819,0.017042988525628276,30076.735248818793,37029.24204354812,95110.98796813852,117096.74488727993,0.01905234755603233,0.022593307679260776,41394.96943797397,49088.40121329957,130902.3870970579,155231.1545301996,0.021933421782535097,0.02436378774087499,47654.669414781085,52935.11710096235,150697.29649307157,167395.5382467704,0.013245600022191266,0.01663240535580458,28778.669216152968,36137.169414880525,91006.14275161597,114275.76354239671,0.01905234755603233,0.02272052871911865,41394.96943797397,49364.81392523945,130902.3870970579,156105.24827415362,0.021933421782535097,0.025077736996425126,47654.669414781085,54486.312171640384,150697.29649307157,172300.84776533884,0.014163092016643952,0.018189959085160738,30772.100889507554,39521.260999137114,97309.92719933725,124977.20075925514,0.020233913181586627,0.025469589956988177,43962.15297349029,55337.689739626825,139020.53424097324,174993.14002895085,0.02562435876473445,0.028975012130892257,55673.95539128822,62953.90833574477,176056.50538708165,199077.7379504136
2024-10-07,2181961.142056082,-14880.424078622367,2196841.5661347043,0.008392034076097751,0.014179316502342377,0.01745699253704513,31149.711871725485,38350.24682508407,98504.03797263926,121274.12879690668,0.01951516241407465,0.023142138654316798,42871.719961108865,50839.61212505579,135572.28228600934,160768.9696746894,0.022466222974556825,0.02495562677443787,49354.73246455689,54823.55820702925,156073.3678962553,173367.31336902943,0.013567358822566227,0.01703643558362875,29805.337804077888,37426.34982889199,94252.75389160757,118352.50996555178,0.01951516241407465,0.023272450115831563,42871.719961108865,51125.885760255194,135572.28228600934,161674.24639597567,0.022466222974556825,0.02568691910660285,49354.73246455689,56430.09159932486,156073.3678962553,178447.61802580036,0.014507138302900575,0.018631825018323857,31869.884429476857,40931.16765320235,100781.42356348275,129435.71707432838,0.02072543033605989,0.02608829086120338,45530.48683828552,57311.84175330373,143980.04138530075,181235.95683957776,0.02624681927408891,0.02967886587315131,57660.10356014402,65199.76618587555,182337.2573712387,206179.76405779598
2024-10-08,2188618.615371213,6657.473315130919,2181961.142056082,0.008304955546269574,0.01403218720999249,0.0172758529907131,30617.68723025996,37695.23992160933,96821.62833427373,119202.81509879245,0.019312666614252315,0.022902008145691082,42139.48810178234,49971.291848949804,133256.76183519754,158023.0998636882,0.02223310599127521,0.02469667891141046,48511.77334017678,53887.19372253352,153407.69708879298,170406.2688779335,0.013426579406133047,0.016859659875775018,29296.274534912733,36787.12271722316,92642.95448791432,116331.0963505475,0.019312666614252315,0.023030967452247274,42139.48810178234,50252.67604476191,133256.76183519754,158912.91482002925,0.02223310599127521,0.025420383111713473,48511.77334017678,55466.28816593747,153407.69708879298,175399.8039596058,0.01435660742278551,0.018438495020387774,31325.559528271893,40232.07965248069,99060.11708852893,127225.00670715449,0.0205103763947442,0.025817590099823748,44752.84430227616,56332.978379347216,141520.91976608164,178140.51905975802,0.025974473569301652,0.02937090811419004,56675.292013578946,64086.18021206235,179223.0098180601,202658.29601012962
2024-10-09,2205076.38649817,16457.771126957145,2188618.615371213,0.008086458926293677,0.01366301178705726,0.0168213393615141,29903.121939189823,36815.496462086274,94561.97447759093,116420.82201006344,0.018804566076636442,0.02229947495419896,41156.02336930453,48805.04599776396,130146.77328211948,154335.10666221916,0.021648171070962292,0.02404692939298022,47379.59019464864,52629.55731199369,149827.4196204702,166429.27335226903,0.013073337031537097,0.01641609594863819,28612.54879224392,35928.573184909495,90480.8238461907,113616.12434436398,0.018804566076636442,0.022425041446375842,41156.02336930453,49079.863160009154,130146.77328211948,155204.154835018,0.021648171070962292,0.024751593524887008,47379.59019464864,54171.79834866928,149827.4196204702,171306.26772914318,0.013978896768138053,0.01795339322580842,30594.473689099428,39293.130623083736,96748.22067164839,124255.78916745573,0.019970765087770015,0.025138350320476767,43708.38823429897,55018.26147111835,138218.05967529007,173983.01915142025,0.02529110631357986,0.028598183430376914,55352.58608123329,62590.516621523486,175040.2463972312,197928.59245064136
2024-10-10,2197026.9121355577,-8049.474362612236,2205076.38649817,0.008052005387674557,0.013604798530976996,0.01674966958978833,29999.619983722365,36934.30089408874,94867.12808806612,116796.51461131382,0.018724446478003403,0.022204464786148462,41288.83477889413,48962.54097476611,130566.75983568015,154833.1495095818,0.021555935878175805,0.023944473940220992,47532.48519383416,52799.3940727021,150310.91606074604,166966.34434653263,0.013017636170826328,0.01634615277562552,28704.882128313595,36044.51549562335,90772.80749213265,113982.76612340272,0.018724446478003403,0.022329496283956744,41288.83477889413,49238.244978151655,130566.75983568015,155705.0021203069,0.021555935878175805,0.024646135747735432,47532.48519383416,54346.61195575982,150310.91606074604,171859.07689353905,0.013919337637986818,0.017876900173350276,30693.202741219946,39419.93043603974,97060.4293475787,124656.76538328003,0.01988567672802239,0.025031244709543488,43849.436182498364,55195.806633671586,138664.0924508936,174544.4662526333,0.025183349863440493,0.028476336695454248,55531.210116794544,62792.497621117494,175605.10519445568,198567.31245343597
2024-10-11,2222519.837429196,25492.925293637905,2197026.9121355577,0.007857936726693288,0.013276896982641203,0.016345970661053807,29169.699980514106,35912.537447313465,92242.69060219378,113565.41488959974,0.01827315166625825,0.02166929490717027,40146.605980304084,47608.02407805507,126954.71522309787,150549.79098679186,0.02103639678068846,0.023367366527626277,46217.529861534356,51338.73312693055,146152.66218929508,162347.3288686388,0.012703886353336056,0.015952179370414342,27910.780206990967,35047.36738401397,88261.63672643731,110829.50692618128,0.01827315166625825,0.02179131290781954,40146.605980304084,47876.10090924648,126954.71522309787,151397.5243612772,0.02103639678068846,0.024052116949605074,46217.529861534356,52843.148232114145,146152.66218929508,167104.70714738074,0.01358385509828494,0.017446032841288064,29844.095221481813,38329.403662310644,94375.31560682983,121208.21692890102,0.019406394056252073,0.024427944052180354,42636.370009093334,53668.850490781966,134828.04039042894,169715.8069539166,0.02457638318225796,0.027790002761724154,53994.975254376455,61055.38395582944,170747.10400825914,193074.07671652234
2024-10-14,2240870.65837952,18350.82095032418,2222519.837429196,0.008125754612916506,0.013729406414718382,0.01690308170215433,30513.878112839262,37567.434396724464,96493.35508133247,118798.65854260293,0.01889594579455266,0.022407837982768186,41996.61437538008,49801.864430601716,132804.95544197064,157487.32332362604,0.021753369125403144,0.02416378407687595,48347.29441212829,53704.489458212534,152887.56904905682,169828.50726445374,0.01313686616830616,0.016495869031992447,29196.94566071291,36662.39615923716,92328.84900802255,115936.67634259869,0.01889594579455266,0.022534014658162703,41996.61437538008,50082.29459468689,132804.95544197064,158374.12136674995,0.021753369125403144,0.024871872484000624,48347.29441212829,55278.22998970076,152887.56904905682,174805.11179008047,0.014046826420874866,0.018040636717730932,31219.350373318943,40095.67298501054,98724.25425051585,126793.65094991564,0.020067811883364987,0.02526050870221248,44601.11000457604,56141.98169422008,141041.09378618322,177536.53450921425,0.0254140070043645,0.02873715467407028,56483.13471576464,63868.89633439234,178615.35508794358,201971.184057859
2024-10-15,2212176.908252199,-28693.750127320644,2240870.65837952,0.00813161382094863,0.013739306227372523,0.016915269945190794,30788.008191410103,37904.932098747,97360.23050477724,119865.91998606696,0.01890957102478026,0.022423995520196457,42373.90287197364,50249.27360484204,133998.04642618698,158902.1553602806,0.021769054747376358,0.024181207767904556,48781.63604405307,54186.95897127624,154261.07788857364,171354.2098273274,0.013146338720141273,0.016507763647684564,29459.24470308315,36991.763193560415,93158.3114099935,116978.226357235,0.01890957102478026,0.022550263177342846,42373.90287197364,50532.223092843706,133998.04642618698,159796.92020514436,0.021769054747376358,0.024889806753736084,48781.63604405307,55774.8376471836,154261.07788857364,176375.523091207,0.014056955114406936,0.018053645213384137,31499.81826203243,40455.883835466375,99611.17158938911,127932.73767526238,0.020082282106768885,0.02527872320443831,45001.79672635844,56646.34911012332,142308.1764552018,179131.48432104196,0.02543233218904725,0.028757876068637007,56990.566976596965,64442.68067952325,180219.99679042236,203785.64947422082
2024-10-16,2224147.487127418,11970.578875218984,2212176.908252199,0.008492401926170788,0.014348899645110904,0.01766577634247255,31742.304453742516,39079.822491165774,100377.98025633322,123581.24962715931,0.019748561716027624,0.02341891621286384,43687.31219938974,51806.78566239043,138151.41140093168,163827.44094530877,0.022734916652248163,0.02525409346128194,50293.65762914178,55866.522393890766,159042.50996879203,176665.45571749727,0.013729623015471365,0.017240189571867046,30372.35499383368,38138.349264774646,96045.81968370377,120604.049875696,0.019748561716027624,0.02355078618583286,43687.31219938974,52098.50537148434,138151.41140093168,164749.93966440725,0.022734916652248163,0.025994131973275162,50293.65762914178,57503.618501339486,159042.50996879203,181842.40816563097,0.014680642160126498,0.018854659697386044,32476.177584945523,41709.842795510805,102698.6908645343,131898.10408137884,0.020973304315813332,0.026400304092093,46396.65949718844,58402.14308336417,146719.1198343981,184683.79237847976,0.026560728488220792,0.030033822005750728,58757.03022799838,66440.12750767851,185806.04406783747,210102.13095627038
2024-10-17,2224105.2062846133,-42.28084280481562,2224147.487127418,0.008339128017363728,0.013429000714169382,0.017107935810020267,29868.078193052133,38050.572441793745,94451.1564220511,120326.47518930295,0.019392132607531833,0.02299624323304302,43130.96300908359,51147.036600143525,136392.0807851738,161741.13122444833,0.02232458874125349,0.02479829854579861,49653.177950011996,55155.07339567349,157017.13538768812,174415.65644408562,0.013481825866405256,0.016929032461402035,29985.569122654677,37652.66500852583,94822.69536400565,119068.18140226488,0.019392132607531833,0.023125733169552753,43130.96300908359,51435.04131703994,136392.0807851738,162651.882106713,0.02232458874125349,0.025524980577918757,49653.177950011996,56771.321411354154,157017.13538768812,179526.68143736405,0.014415680677233646,0.018514364052388425,32062.599953500492,41178.67628288192,101390.84355987034,130218.40808466298,0.0205947706146259,0.025923821956995247,45805.80731048579,57658.403462389564,144850.68116392667,182331.88119008965,0.026081350956216928,0.029491760839162426,58008.771190158164,65594.02576138591,183439.84122845627,207426.52230573987
2024-10-18,2224602.354850204,497.1485655903816,2224105.2062846133,0.008085085924564684,0.01301990141283668,0.016586761916586836,28957.630517602454,36890.70353408413,91572.06807722435,116658.64765372894,0.018801373245018606,0.022295688721195514,41816.23211954612,49587.957362512076,132234.53666405613,156810.88978085405,0.021644495422995628,0.024042846459283965,48139.63495768806,53473.81998399505,152230.89219535774,169099.06633925298,0.013071117306622693,0.016413308655915105,29071.540053616445,36504.9252339771,91932.28165824154,115438.70955352273,0.018801373245018606,0.022421233893408683,41816.23211954612,49867.18303365528,132234.53666405613,157693.87888285573,0.021644495422995628,0.024747390946105025,48139.63495768806,55040.80104519289,152230.89219535774,174054.29554298587,0.013976523288026793,0.017950344915025545,31085.258210658532,39923.45558011285,98300.21760013117,126249.0516977155,0.0199673742469527,0.025134082074169124,44409.54101848081,55900.842796344325,140435.29946107318,176773.98635946415,0.025286812130796865,0.028593327738206355,56240.530510446224,63594.569087547,177848.17322920225,201103.68513358448
2024-10-21,2209600.1030900567,-15002.251760147046,2224602.354850204,0.007838972811818324,0.012592036322111902,0.016031637689605322,28012.273654529443,35664.01895640128,88582.58718824171,112779.53041764938,0.01822905224108484,0.02161699941557842,40552.392542204725,48089.22780469124,128237.9250025928,152071.4907815232,0.02098562869083228,0.02331097300282521,46684.679003637495,51857.6454359345,147629.91748533465,163988.2736709884,0.012673227488577384,0.015913681252883945,28192.891714641588,35401.612789501174,89153.7516447573,111949.72925817076,0.01822905224108484,0.021738722944656078,40552.392542204725,48360.014254118076,128237.9250025928,152927.79272122198,0.02098562869083228,0.023994070885573333,46684.679003637495,53377.26659448916,147629.91748533465,168793.737712605,0.013551072565068215,0.017403929539465318,30145.74793899675,38716.82263714157,95329.22525655638,122433.3432981342,0.019359559725853022,0.024368990987567063,43067.3221549958,54211.31473626509,136190.83073401795,171431.22951884798,0.02451707188276383,0.027722935888436908,54540.73584442814,61672.508460777986,172472.9505299799,195025.5957520636
2024-10-22,2207145.0264525404,-2455.076637516264,2209600.1030900567,0.007778802214951311,0.012495382033410926,0.01590858161686516,27609.797429174425,35151.603580641844,87309.84561205264,111159.13072215852,0.01808912919504335,0.02145107107413192,39969.741734177136,47398.288856794024,126395.4213686881,149886.54998204758,0.020824546641657015,0.023132042013676204,46013.920406209036,51112.56241810246,145508.79255732076,161632.11428872732,0.012575949990552452,0.01579153059331107,27787.820395580096,34892.96762692992,87872.8036617142,110341.25202361897,0.01808912919504335,0.02157186027449417,39969.741734177136,47665.184686366614,126395.4213686881,150730.5487014971,0.020824546641657015,0.02380989655545221,46013.920406209036,52610.34988349079,145508.79255732076,166368.53413020502,0.013447056880360258,0.017270339992293743,29712.61826910188,38160.54502737258,93959.54897749174,120674.23903990985,0.019210959100267107,0.024181938835713932,42448.53720840906,53432.41454431095,134234.0609209782,168968.13084233052,0.024328883087620504,0.02751013943673876,53757.1025784722,60786.406935439794,169994.88455928263,192223.49669384552
2024-10-23,2198895.3918144405,-8249.634638099931,2207145.0264525404,0.007546743167570632,0.012122616873530955,0.015433993088557833,26756.373540003493,34065.061083713306,84611.08231267339,107723.18165729784,0.017549490061285776,0.020811137703774404,38734.269705545186,45933.199077704616,122488.51577278238,145253.52930349213,0.02020330389473268,0.02244196152501872,44591.621709168474,49532.66376378434,141011.0891615828,156636.03606884702,0.012200781308527682,0.015320433958520292,26928.89378395199,33814.41961464267,85156.63922603852,106930.58373894398,0.017549490061285776,0.02092832349245509,38734.269705545186,46191.84510836211,122488.51577278238,146071.43986813154,0.02020330389473268,0.02309959415153316,44591.621709168474,50984.1543446286,141011.0891615828,161226.05230659567,0.012843906900150843,0.01670322390444026,28348.3652348874,36866.4375664085,89645.40208457835,116581.91192624593,0.018637853274345927,0.023460537579457832,41136.44515822481,51780.808836403274,130084.86154259602,163745.2950088075,0.023603098156066687,0.026689450521583048,52095.460704033714,58907.487977463185,164740.3115805455,186281.83324776922
2024-10-24,2202507.7817706536,3612.389956213068,2198895.3918144405,0.007374109983910458,0.011845309709539596,0.015080937564564882,26046.596934921465,33161.40411496301,82366.57161071233,104865.5674125633,0.017148042142147484,0.020335078975178583,37706.750845007926,44714.711450702904,119239.21583470373,141400.33310143303,0.01974114947999268,0.021928597391694133,43408.722620675944,48218.69175355039,137270.43379980934,152480.89173479765,0.011921686118236383,0.01496997612120049,26214.54066804817,32917.41150847997,82897.65632614419,104093.99504383573,0.017148042142147484,0.020449584116680682,37706.750845007926,44966.49627869093,119239.21583470373,142196.5466381489,0.01974114947999268,0.02257118654694247,43408.722620675944,49631.67808585589,137270.43379980934,156949.1468475706,0.012550100089772576,0.016321134484410284,27596.357254210914,35888.467406953525,87267.34404701677,113489.29873869014,0.018211508839945722,0.02292387332538269,40045.202866144595,50407.199417721975,126634.05042051981,159401.56063031475,0.023063172801718494,0.026078924270540007,50713.50439431894,57344.82640196819,160370.18201500573,181340.26345717788
2024-10-25,2209133.4897417948,6625.707971141208,2202507.7817706536,0.007160762114235282,0.011502601016872008,0.014644615634308288,25334.56825026363,32254.87989560418,80114.93920781979,101998.88612528329,0.016651914708720298,0.01974674414039895,36675.97172733766,43492.35763386274,115979.60605832697,137534.91093361782,0.01916999822300232,0.02129415885623828,42222.07026269221,46900.55058712529,133517.90955777123,148312.56337126327,0.011576767702073427,0.014536864529223294,25497.92095156789,32017.557248160094,80631.5058058824,101248.40601901885,0.016651914708720298,0.01985793641728964,36675.97172733766,43737.259488987285,115979.60605832697,138309.35859901196,0.01916999822300232,0.02191815661162308,42222.07026269221,48274.91049916773,133517.90955777123,152658.67101814607,0.012187000390391183,0.015848931156750606,26841.96319627857,34907.39420549058,84881.74057065356,110386.872870714,0.017684613170766583,0.02226063945046828,38950.49812621719,49029.23161684719,123172.29007696695,155044.04383717707,0.022395908712095056,0.02532440841049998,49327.16321821453,55777.20659286439,155986.1862844392,176383.01435521152
2024-10-28,2219990.3166912505,10856.826949455775,2209133.4897417948,0.0069814948729547315,0.011214637317066055,0.014277992668415103,24774.630872438694,31541.991770083616,78344.26174683073,99744.5359317503,0.0162350396939873,0.019252391124637547,35865.36989527473,42531.1019910445,113416.2579935028,134495.15368862293,0.018690083844900167,0.020761066839962677,41288.890147851045,45863.96803892941,130566.93492769566,145034.60153618304,0.011286947264557312,0.014172939075556518,24934.3731990831,31309.91435988202,78849.41133776166,99010.64272204005,0.0162350396939873,0.019360799740737407,35865.36989527473,42770.591095447264,113416.2579935028,135252.4847333295,0.018690083844900167,0.021369443024013505,41288.890147851045,47207.952241477404,130566.93492769566,149284.65275551978,0.0118819029853081,0.015452158561824162,26248.709806707135,34135.88096772617,83005.70862999263,107947.13379440742,0.017241884901671504,0.021703351921604094,38089.62536255593,47945.60156966754,120449.97136819354,151617.30474709364,0.02183523476332542,0.024690420468938937,48236.94837203644,54544.43473373932,152538.62423158632,172484.64744501607
2024-10-29,2215011.180280636,-4979.136410614941,2219990.3166912505,0.0068745075383701525,0.011042779544952867,0.014059190763291683,24514.86365915158,31211.267355022606,77522.80569140869,98698.69350233061,0.015986247185313666,0.01895735946619088,35489.3139516291,42085.15444497897,112227.06468393869,133084.94372609298,0.01840366921735753,0.020442915606629485,40855.96745412256,45383.0746916539,129197.91316473816,143513.8832471701,0.011113981384698315,0.013955747055435236,24672.931053917076,30981.623325258657,78022.65868267664,97972.49531721704,0.015986247185313666,0.01906410678351539,35489.3139516291,42322.132455772145,112227.06468393869,133834.33399557538,0.01840366921735753,0.021041968780703118,40855.96745412256,46712.96693728052,129197.91316473816,147719.37178594634,0.011699819756239904,0.015215363249617886,25973.486565885574,33777.959079091626,82135.37632398347,106815.28540189314,0.016977663077776758,0.02137076071930464,37690.247632710976,47442.881857182045,119187.02809513608,150027.5654309745,0.021500622533442332,0.02431205418438041,47731.17382707568,53972.524868197506,150939.2246869751,170676.1096535833
2024-10-30,2206832.664499785,-8178.515780850779,2215011.180280636,0.006687737087592843,0.010742763158043166,0.013677222835877538,23795.340502172527,30295.201496658374,75247.47368612,95801.83890318243,0.015551923915410552,0.01844231536255354,34447.68534750817,40849.934718317425,108933.14581893472,129178.83597907188,0.017903668078876372,0.019887511086125034,39656.8249627447,44051.05940372204,125405.8916528953,139301.68105914042,0.010812030546537933,0.013576589544307429,23948.76854211728,30072.29763072214,75732.65574928072,95096.95498756711,0.015551923915410552,0.01854616250928915,34447.68534750817,41079.957309377045,108933.14581893472,129906.23128011376,0.017903668078876372,0.02047028884981664,39656.8249627447,45341.9186659179,125405.8916528953,143383.73646640385,0.01138195253481501,0.014801983783960134,25211.152118038775,32786.55957180437,79724.66312998075,103680.20488769672,0.016516404468562486,0.020790147985851316,36584.020555902964,46050.41022834961,115688.83092307272,145624.18350669942,0.020916481641872976,0.023651530751393438,46330.240688883314,52388.40504508774,146509.08512067978,165666.6829259334
2024-10-31,2175198.368339601,-31634.296160183847,2206832.664499785,0.00654700687377609,0.010516702932227933,0.013389412703854955,23208.60355368127,29548.193313335498,73392.04854151074,93439.59161309754,0.015224664403080443,0.01805423327286387,33598.28671076504,39842.671719054844,106247.11148538442,125993.59069858961,0.017526920757047766,0.01946901770775558,38678.981234752304,42964.864223199744,122313.67827672917,135866.8303051922,0.010584512725385782,0.013290897041081296,23358.248420194985,29330.78573076174,73865.26715984594,92752.08847157333,0.015224664403080443,0.018155895161570797,33598.28671076504,40067.022495788035,106247.11148538442,126703.0501478944,0.017526920757047766,0.020039532064824322,38678.981234752304,44223.893941945134,122313.67827672917,139848.23185826885,0.011142441831433997,0.014490505280013955,24589.50459589735,31978.1203770414,77758.84105821389,101123.69568249326,0.016168849368548618,0.020352660397297818,35681.94493388981,44914.91577422799,112836.21733579804,142033.43476118555,0.020476335611130242,0.023153831015871214,45187.84627590238,51096.63059413283,142896.516789409,161581.7334377024
2024-11-01,2172902.5857985867,-2295.782541014254,2175198.368339601,0.007266334272856996,0.011701416255561713,0.015186484177088734,25452.90154636032,33033.61560281858,80489.14194652044,104461.4646553828,0.01689741631217246,0.020037873264840647,36755.23239139249,43586.349230677086,116230.25028559768,137832.1384604674,0.019452624298396375,0.021608101741174744,42313.31663379507,47001.907650319394,133806.45591868125,148633.08254790228,0.012277315908441395,0.014917672872244983,26705.59753163155,32448.897691131217,84450.51447572626,102612.42426575355,0.01689741631217246,0.02015070486566169,36755.23239139249,43831.78034468017,116230.25028559768,138608.2597893896,0.019452624298396375,0.022241299186335592,42313.31663379507,48379.23769987007,133806.45591868125,152988.58259427498,0.012561163991419315,0.016175831134958966,27323.023418581444,35185.641491299655,86402.98656483757,111266.76804663053,0.017945339998029327,0.022588831299547262,39034.67428301277,49135.18898547372,123438.47845712044,155379.11045691496,0.02272609485559652,0.025697769851511888,49433.76444862455,55897.747050975246,156323.28897391126,176764.19675304194
2024-11-04,2171721.5508755487,-1181.0349230379798,2172902.5857985867,0.007049719444839982,0.011352588335654116,0.014733763790897397,24668.068550049702,32015.03343978654,78007.28209532436,101240.4250361806,0.01639369176676231,0.019440529362385755,35621.89523078282,42242.37652082136,112646.32350116306,133582.12358421466,0.018872727102830125,0.020963948160197476,41008.59752281065,45552.617165840624,129680.57182122045,144050.02362574046,0.011911319991634785,0.014472965950942713,25882.138010097624,31448.345138978322,81846.50682672659,99448.399282256,0.01639369176676231,0.019549997369283235,35621.89523078282,42480.23983607111,112646.32350116306,134334.31343220253,0.018872727102830125,0.021578269518664008,41008.59752281065,46887.47763416385,129680.57182122045,148271.22306416088,0.012186706352185911,0.015693617580261915,26480.525745032828,34100.70222068528,83738.77499303095,107835.8888285273,0.01741037606829374,0.02191544144115132,37831.0511785213,47620.11937639521,119632.28800252455,150588.03967852597,0.022048613068523737,0.02493170022303368,47909.48834986774,54174.155882985084,151503.104718884,171313.72290724312
2024-11-05,2206824.244293096,35102.69341754727,2171721.5508755487,0.006836253845637368,0.011008831808811789,0.014287625225988152,23908.11728916081,31028.7436141116,75604.10520019862,98121.50275399738,0.015897290560513408,0.018851869872936824,34524.4885107974,40941.01207735839,109176.01874643449,129466.84787691427,0.01830126067340479,0.02032915952914853,39745.24221262434,44149.27386063889,125685.49154696321,139612.26244215414,0.011550645062766589,0.014034724348120014,25084.784809324457,30479.513327410023,79325.05461265786,96384.6840880731,0.015897290560513408,0.018958023187119404,34524.4885107974,41171.547517465566,109176.01874643449,130195.86494904227,0.01830126067340479,0.02092487922865344,39745.24221262434,45443.01117033481,125685.49154696321,143703.4190347319,0.011817692720632137,0.015218414629755941,25664.737963021907,33050.15902160071,81159.0275145395,104513.77953902035,0.016883189647778598,0.021251841580812288,36665.58680559975,46153.08235684314,115946.76605231258,145948.86128495642,0.021380980769524376,0.02417676800638422,46433.53671603176,52505.20810998309,146835.73583971546,166036.04664869115
2024-11-06,2263781.4747837447,56957.23049064865,2206824.244293096,0.007704298791151515,0.012406696929597612,0.01610182071095162,27379.399575832726,35533.88832218873,86581.26362747943,112368.02122017548,0.017915876035836237,0.021245618075709644,39537.18959363309,46885.345054467674,125027.57139778766,148264.47925502915,0.0206250943376892,0.022910489095646344,45515.95822524478,50559.42278488496,143934.09787684877,159882.93318364987,0.013017307841908559,0.015816807314486817,28726.91054095045,34904.91384892188,90842.46744930313,110379.02929454755,0.017915876035836237,0.021365250387294376,39537.18959363309,47149.35254007369,125027.57139778766,149099.34422887827,0.0206250943376892,0.023581851316007683,45515.95822524478,52041.001209480804,143934.09787684877,164568.09553753678,0.013318264329793562,0.017150798680492806,29391.068614892374,37848.798337101565,92942.71968935015,119688.40944563439,0.019026961334557533,0.02395033026827728,41989.15956832888,52854.169494861075,132781.3812721718,167139.55944035223,0.024095867124858426,0.027246654195616754,53175.34375840255,60128.577054757254,168155.20163897047,190143.25595797188
2024-11-07,2273644.536435607,9863.061651862226,2263781.4747837447,0.00973422984932851,0.015675617321899163,0.02034433347433225,35486.1720991145,46055.12523601617,112217.12927392023,145639.0936701109,0.022636356664308493,0.02684342017959243,51243.764873259126,60767.63732239749,162047.01288162847,192164.14196583183,0.026059400652754652,0.028946951937234403,58992.78844167341,65529.57354696667,186551.5770001432,207222.7065079335,0.0164471121886052,0.019984224658911882,37232.667886254385,45239.917570761216,117740.03388517088,143061.18068187713,0.022636356664308493,0.02699457325009766,51243.764873259126,61109.8148432639,162047.01288162847,193246.20229587948,0.026059400652754652,0.02979520488566088,58992.78844167341,67449.83285754522,186551.5770001432,213295.09962750637,0.016827364786165918,0.02166969648778693,38093.476672350735,49055.45747323843,120462.15027912003,155126.97727696187,0.024040191065485238,0.030260770787667632,54421.739184307175,68503.77232179909,172096.6500500447,216627.94885048622,0.03044465374079722,0.03442561117566196,68920.04314462238,77932.06083757179,217944.31277408023,246442.8149975363
2024-11-08,2294496.72165967,20852.18522406323,2273644.536435607,0.009497574806073944,0.015294517434925362,0.019849729464269193,34774.29600333718,45131.22894616053,109965.97939943572,142717.47707238796,0.0220860298230035,0.026190812745616524,50215.78103862578,59548.598303879065,158796.2425663532,188309.20211069743,0.025425854015360308,0.028243204206923042,57809.3540662333,64215.00693650572,182809.22891241364,203065.68188286957,0.016047256000015657,0.01949837548293521,36485.75592921911,44332.37488614563,115378.09088932558,140191.27872466805,0.0220860298230035,0.026338291037840144,50215.78103862578,59883.911517236156,158796.2425663532,189369.55559445583,0.025425854015360308,0.02907083473926649,57809.3540662333,66096.74457455569,182809.22891241364,209016.258777973,0.016418264035210753,0.021142870735877624,37329.29632141415,48071.372533192436,118045.59982701363,152015.02745534628,0.02345573471459653,0.029525081972987956,53330.0030819254,67129.5413156975,168644.27736268353,212282.24883998046,0.02970449443087547,0.03358866828157125,67537.46147034192,76368.69212454243,213572.20563214493,241499.0090417174
2024-11-11,2305480.1511103525,10983.429450682364,2294496.72165967,0.009475891160818414,0.015259598953398758,0.019804411106592642,35013.09977241478,45441.15635847718,110721.14322355384,143697.5536046307,0.022035605831030435,0.026131017239487242,50560.62533908404,59957.5333896358,159886.73599392877,189602.36839684498,0.02536780496494005,0.028178722943715644,58206.34532775685,64655.98741491167,184064.62551001163,204460.18459830308,0.016010618962294564,0.019453859291627015,36736.31272072703,44636.8163682667,116170.42103371455,141154.00722240805,0.022035605831030435,0.026278158828180038,50560.62533908404,60295.149282511215,159886.73599392877,190670.0035926027,0.02536780496494005,0.02900446393612575,58206.34532775685,66550.64741493667,184064.62551001163,210451.62558999675,0.016380779959505085,0.021094600043823998,37585.64591531284,48401.4906452761,118856.24842099269,153058.95258640542,0.023402183588004315,0.029457674090795413,53696.233522353636,67590.53662904908,169802.39970292337,213740.04402083447,0.029636676937158858,0.033511982940050436,68001.25807319775,76893.13499226051,215038.8592682179,243157.44300633692
2024-11-12,2291479.996116176,-14000.154994177166,2305480.1511103525,0.009261384913579758,0.01491416660827062,0.01935609760940808,34384.31508572072,44625.09884144487,108732.75145576523,141116.95314910696,0.021536784661366815,0.025539488026092714,49652.62955551909,58880.78271367727,157015.40121203422,186197.38378869012,0.02479355262799769,0.027540839708455667,57161.04345935859,63494.859292756366,180759.09076344353,200788.37507701808,0.0156481857376739,0.01901348125433903,36076.58161909528,43835.20363538741,114084.1681093062,138619.08518511732,0.021536784661366815,0.025683298762893318,49652.62955551909,59212.335512887614,157015.40121203422,187245.84579879927,0.02479355262799769,0.02834788835853438,57161.04345935859,65355.49393649324,180759.09076344353,206672.21844464258,0.016009967380896686,0.020617080471721786,36910.662016581504,47532.26980139944,116721.76191706125,150310.23493006153,0.022872427125687652,0.02879083917106527,52731.926745990895,66376.70824270142,166752.99392648248,209901.58163140906,0.028965789920568714,0.03275337041738663,66780.05372310348,75512.24537924987,211177.07203341436,238790.6866319548
2024-11-13,2286161.67144899,-5318.324667185545,2291479.996116176,0.009102358046293082,0.014658076054208111,0.019023734837053604,33588.68805976741,43592.50783052675,106216.75788576687,137851.6136631899,0.021166977399484956,0.025100950505970873,48503.705289162965,57518.325967934456,153382.18367131092,181888.9172586819,0.024367823534548985,0.027067937059213835,55838.38017830797,62025.63630732021,176576.46221785215,196142.28405236744,0.015379491370707949,0.018687001533616274,35241.79682641861,42820.89020167399,111444.34680837647,135411.5444732767,0.021166977399484956,0.025242291874402818,48503.705289162965,57842.206886319946,153382.18367131092,182913.11865144718,0.024367823534548985,0.02786112790943135,55838.38017830797,63843.21727369603,176576.46221785215,201889.97973788495,0.015735060875908136,0.020263065413433073,36056.57723481377,46432.40905487543,114020.90869178735,146832.16986203255,0.0224796856008529,0.02829647283140308,51511.74987333526,64840.801453805005,162894.45586062944,205044.61790478096,0.028468419508634116,0.032190963613311384,65234.81382507856,73764.94917560673,206290.5944242893,233265.25088147708
2024-11-14,2277339.097024186,-8822.574424803723,2286161.67144899,0.008843398469972667,0.014241057832625846,0.018482514826988018,32557.360577837633,42254.016989447664,102955.41402934263,133618.93397810552,0.020564782729545917,0.024386835385997858,47014.41805796401,55752.24834740423,148672.64393051644,176304.08945315584,0.023674565674743384,0.02629786171422383,54123.88463380022,60121.16349212435,171154.75125899707,190119.8122144756,0.01494194908231116,0.018155361493174777,34159.71128872218,41506.091576997074,108022.49188612775,131253.78615484078,0.020564782729545917,0.02452415563147468,47014.41805796401,56066.18462932731,148672.64393051644,177296.84314419754,0.023674565674743384,0.027068486503485614,54123.88463380022,61882.93634840309,171154.75125899707,195691.0271601769,0.015287402733141435,0.019686586790231417,34949.47418451248,45006.72016148106,110519.94144831531,142323.74572410138,0.02184014474458174,0.02749144598247942,49930.10181396086,62849.89009785477,157892.8455362211,198748.80340048397,0.02765850082415982,0.03127513957560021,63231.80447393448,71500.02536695462,199956.52270005798,226102.93291939303
2024-11-15,2255772.4835690293,-21566.6134551568,2277339.097024186,0.008626145385746815,0.013891202090256898,0.018028460498886976,31634.977624806128,41056.91795327148,100038.58302285096,129833.37443899646,0.020059573958325385,0.023787731408029922,45682.45204494261,54172.730765016735,144460.59756343532,171309.2162885287,0.02309295981043572,0.02565181013288219,52590.50024231351,58417.87012505379,166305.76405334775,184733.52565107538,0.01457487475749135,0.017709344241659968,33191.93211946596,40330.18202419238,104962.1054392125,127535.23364562792,0.020059573958325385,0.023921678148744092,45682.45204494261,54477.77291456407,144460.59756343532,172273.844263452,0.02309295981043572,0.02640350321700635,52590.50024231351,60129.730174492426,166305.76405334775,190146.9024427499,0.014911841753405557,0.019202952391919506,33959.320233668164,43731.6342604124,107388.79972943287,138291.57006435626,0.021303604542100722,0.026816071978944266,48515.53153126801,61069.28914626451,153419.58153252344,193118.04878959557,0.026979022835068305,0.03050681272077579,61440.383501809345,69474.3573346175,194291.55217994956,219697.20815381611
2024-11-18,2259512.167733524,3739.6841644947417,2255772.4835690293,0.008682057673870478,0.013981241019456704,0.01814531599259399,31538.498777837034,40931.70452175857,99733.4901204018,129437.41480177017,0.020189594567605756,0.023941916902572098,45543.13188001982,54007.51735271838,144020.028518289,170786.76560565742,0.02324264198767826,0.025818078070055272,52430.11224125079,58239.710089067674,165798.57266062807,184170.1341493417,0.01466934506379452,0.017824131312065356,33090.70494688684,40207.18495727817,104641.99701276355,127146.28276865889,0.020189594567605756,0.02407673184900564,45543.13188001982,54311.629199257,144020.028518289,171748.45170415906,0.02324264198767826,0.026574643420808456,52430.11224125079,59946.34938931846,165798.57266062807,189567.00148249013,0.015008496186560433,0.019327420617175264,33855.752717393734,43598.263606588705,107061.29048639911,137869.81502524755,0.021441688613486613,0.026989886339331588,48367.57117555847,60883.04293891983,152951.6898050726,192529.0865688184,0.027153893397827627,0.030704549441675142,61253.00554858629,69262.47775091558,193699.01106446423,219027.18607962978
2024-11-19,2246258.6523493347,-13253.51538418932,2259512.167733524,0.008427340547306577,0.013571054670546428,0.017612962612342013,30663.963157076527,39796.70333242242,96967.96566384936,125848.22589646792,0.01959726545532308,0.023239500896259604,44280.25975060636,52509.935047152714,140026.47619579555,166050.99453650368,0.022560741543884547,0.025060618616727863,50976.270031498345,56624.77269542588,161201.11991931807,179063.2537068577,0.014238970887120991,0.017301200955938966,32173.12797545329,39092.27407634697,101740.36385451427,123620.6249968115,0.01959726545532308,0.02337036059647579,44280.25975060636,52805.61413205714,140026.47619579555,166986.01390127596,0.022560741543884547,0.02579498759889649,50976.270031498345,58284.08834624197,161201.11991931807,184310.47052060117,0.01456817188023943,0.01876038625407547,32916.96162503436,42389.32101246427,104092.572387466,134046.80286742185,0.020812625145186652,0.026198047981089486,47026.37975802594,59194.808184138376,148710.47014739993,187190.41951865316,0.026357243345371373,0.029803729048629293,59554.51204678007,67341.88842921097,188327.90300776126,212953.74937324534
2024-11-20,2247115.177623771,856.5252744364552,2246258.6523493347,0.008296709724533943,0.01336069197930898,0.017339946969435634,30011.569959897155,38950.00591137342,94904.9172307632,123170.73355696248,0.019293491459701086,0.02287926920681233,43338.172125381556,51392.756415231896,137047.33354462608,162518.165506363,0.022211031191763996,0.02467215808036795,49891.72099210083,55420.04856015706,157771.47472067425,175253.58148723145,0.014018254936225345,0.017033017879303794,31488.626441334953,38260.563787007064,99575.77994482087,120990.52612909973,0.019293491459701086,0.02300810047229148,43338.172125381556,51682.14476000755,137047.33354462608,163433.29180416014,0.022211031191763996,0.025395143729464786,49891.72099210083,57044.061329965225,157771.47472067425,180389.16078902397,0.014342353038776205,0.01846958458560777,32216.63460839982,41487.464180719355,101877.94390795022,131194.88115572467,0.02049001205847057,0.02579195633882158,46025.86687308172,57935.405087094245,145546.5706026302,183207.83723972362,0.02594868404188804,0.02934174633587901,58287.45604617012,65909.15158200762,184321.12012285012,208423.03764843408
2024-11-21,2279437.318346843,32322.140723071992,2247115.177623771,0.00804450056379856,0.012954544359008238,0.01681283518445595,29110.353248327818,37780.377121877915,92055.01975679708,119472.04256525107,0.01870699446869302,0.02218376924640927,42036.771198324015,49849.48457050972,132931.9424660696,157637.91142823122,0.021535844795959734,0.023922156635267394,48393.523703951025,53755.841256602565,153033.75890583327,169990.895909312,0.01359211825917791,0.016515236338577263,30543.055236255874,37111.638238460604,96585.6212469008,117357.30453373455,0.01870699446869302,0.02230868420935141,42036.771198324015,50130.182879649314,132931.9424660696,158525.5574204704,0.021535844795959734,0.024623164463054747,48393.523703951025,55331.0865860566,153033.75890583327,174972.25902392907,0.013691047118660626,0.017313012016034215,30765.359777904494,38904.33207161321,97288.6099327102,123026.30019383466,0.019471028886420105,0.022903586157886686,43753.64453462549,51466.99607740089,138361.1726627945,162752.93193153845,0.02495589264410135,0.025612354777208652,56078.765131709566,57553.91115455026,177336.62618583464,182001.44749935
2024-11-22,2297802.498781953,18365.18043511035,2279437.318346843,0.008548017616355045,0.013765388231928553,0.017865175121541847,31377.33963739041,40722.54687084408,99223.8601708355,128776.00023482999,0.019877892604924747,0.02357228379954529,45310.41021375621,53731.54337134625,143284.09799202642,169914.05924957662,0.022883804810379237,0.02541947939685556,52162.19867054344,57942.10995014127,164951.35556112428,183229.0398783517,0.014442868814738666,0.01754894912876539,32921.61416030316,40001.72954187814,104107.28499580966,126496.57569837876,0.019877892604924747,0.02370501737266242,45310.41021375621,54034.10123130696,143284.09799202642,170870.83121103872,0.022883804810379237,0.026164364329562876,52162.19867054344,59640.0284636286,164951.35556112428,188598.329662339,0.014547989776185261,0.018396658752342265,33161.23080276502,41934.03049298103,104865.01935127136,132607.04782877353,0.020689749053990462,0.024337155103992536,47160.98610089715,55475.019566435934,149136.1327783785,175427.4150723441,0.02651791845395977,0.02721546951182452,60445.93292883432,62035.95684158355,191146.823348889,196174.9204473094
2024-11-25,2322569.213175222,24766.71439326834,2297802.498781953,0.008517520146400689,0.013716276316996364,0.017801436057591383,31517.29399517797,40904.184255040636,99666.4347099103,129350.38807712618,0.019806972602219707,0.023488183011596896,45512.511138686124,53971.20561589517,143923.19723203167,170671.93781149946,0.022802160365904694,0.02532878821628549,52394.86106640262,58200.552854499685,165687.098657911,184046.30810123336,0.014391339796257303,0.01748633829046283,33068.45654466019,40180.15181837204,104571.64138742776,127060.7964774118,0.019806972602219707,0.023620443020159095,45512.511138686124,54275.112994058305,143923.19723203167,171632.9773242251,0.022802160365904694,0.026071015561365565,52394.86106640262,59906.044702688974,165687.098657911,189439.54687236165,0.014442076715123995,0.01801572790271733,33185.03996361257,41396.58459223963,104940.31052872693,130907.49466330993,0.020533779848146538,0.0235141343672213,47182.57064450963,54030.8367056957,149204.38909844917,170860.5078746272,0.022802160365904694,0.02621308364978404,52394.86106640262,60232.48911125412,165687.098657911,190471.8547328541
2024-11-26,2328971.5780998026,6402.36492458079,2322569.213175222,0.008665526188234067,0.01395461937125135,0.018110765539007104,32410.569333246956,42063.50646793265,102491.21935586522,133016.48681189158,0.020151151607982965,0.023896329154799566,46802.4443347276,55500.87840283894,148002.32416098323,175509.1878930193,0.023198385727629684,0.025768917928207864,53879.85648635617,59850.095436894604,170383.06649988246,189262.61975903728,0.014641413198293611,0.01779019242547471,34005.6955317341,41318.95322387059,107535.45129849043,130662.0027213882,0.020151151607982965,0.024030887400410064,46802.4443347276,55813.399241472755,148002.32416098323,176497.46555936808,0.023198385727629684,0.026524042704652653,53879.85648635617,61603.92499477109,170383.06649988246,194808.71578965307,0.014693031755290558,0.018328781060420175,34125.58320304374,42569.862605960996,107914.5694032025,134617.72551526772,0.020890588335472093,0.023922731458277356,48519.837313084885,55562.19958005336,153433.1976101725,175703.10248181966,0.023198385727629684,0.02666857946177707,53879.85648635617,61939.62161704045,170383.06649988246,195870.28171884947
2024-11-27,2324889.336914985,-4082.2411848171614,2328971.5780998026,0.00842855481499887,0.013573010079034347,0.017615500406008434,31611.154703333148,41025.99977959918,99963.24833047701,129735.60258909935,0.019600089160638667,0.023242849399261818,45648.05058334947,54131.93564493484,144351.8105899622,171180.21079164985,0.02256399224669134,0.025064229518573393,52550.896631008436,58373.87817572753,166180.52643805573,184594.41089249367,0.014241022533452675,0.01730369382889702,33166.93672349013,40299.8111236421,104883.06305691107,127439.19242529858,0.019600089160638667,0.023373727954620418,45648.05058334947,54436.74808054778,144351.8105899622,172144.11234733017,0.02256399224669134,0.025798704313545504,52550.896631008436,60084.44909804826,166180.52643805573,190003.71110628214,0.014291229506193772,0.017827553977001694,33283.867336026575,41519.86651947705,105252.83012072487,131297.34634771533,0.020319304919091712,0.023268529693484107,47323.083643308106,54191.744320295795,149648.73021551286,171369.34242962804,0.02256399224669134,0.025939288503558044,52550.896631008436,60411.86568091765,166180.52643805573,191039.0932518587
2024-11-29,2338302.0431698333,13412.706254847812,2324889.336914985,0.008183078148550176,0.013177704200267712,0.017102459390982046,30636.703980222213,39761.32547311571,96881.76457784839,125736.35128231773,0.01902924817367744,0.022565915178089452,44240.89616849163,52463.25557526818,139901.99761944995,165903.38108537474,0.02190682933797592,0.02433424868029546,50930.95393347658,56574.43527865646,161057.81783489784,178904.07281833718,0.013826261187639067,0.016799733995734673,32144.52720454358,39057.522429691715,101649.9202756029,123510.73064093952,0.01902924817367744,0.022692981973047345,44240.89616849163,52758.67181194175,139901.99761944995,166837.5692510586,0.02190682933797592,0.025047332331920025,50930.95393347658,58232.27585664681,161057.81783489784,184146.6250422367,0.013875005912038486,0.017308337027327134,32257.85329453065,40239.96819456366,102008.28883828323,127249.95246755479,0.01972751719918307,0.022590847548953887,45864.29438018769,52521.22057843491,145035.63351785368,166086.6825199605,0.02190682933797592,0.025183822090671548,50930.95393347658,58549.59944136633,161057.81783489784,185150.09032523978
2024-12-02,2333023.3622373934,-5278.680932439864,2338302.0431698333,0.008057949370132841,0.012976201782841012,0.016840942903826806,30342.279141401174,39379.21120092473,95950.71148744594,124527.99985573669,0.018738268845978553,0.022220856100216197,43815.732328017286,51959.073220118386,138557.51150480652,164309.01648703348,0.021571848448841482,0.02396214972733502,50441.497302876036,56030.74366616894,159510.02006632846,177184.76897814698,0.013614841579872666,0.016542846531816847,31835.611883649857,38682.17184519232,100673.04425745693,122323.76787284594,0.018738268845978553,0.0223459798961532,43815.732328017286,52251.65044780704,138557.51150480652,165234.2269180273,0.021571848448841482,0.0246643295009057,50441.497302876036,57672.65206538179,159510.02006632846,182376.9392290206,0.01366284094076612,0.01704367243176187,31947.848887297867,39853.25407030614,101027.96882673727,126027.05503154364,0.019425860526286934,0.022245407226144105,45423.52935894895,52016.48116803773,143641.8121378068,164490.55635825492,0.021571848448841482,0.02479873217256494,50441.497302876036,57986.92610713007,159510.02006632846,183370.761010412
2024-12-03,2323216.10242515,-9807.259812243285,2333023.3622373934,0.007832061101197654,0.012612440281813943,0.01636884122323272,29425.117832295902,38188.88898655645,93050.39276889154,120763.87050883773,0.01821297948040508,0.021597939463715538,42491.30662373532,50388.49734503731,134369.3096876029,159342.41948366517,0.02096712542564871,0.02329041945537077,48916.793457000094,54337.09270568831,154688.48315614215,171828.97438169635,0.013233177107308036,0.016079101378467617,30873.311347974697,37512.919159748424,97629.98277112331,118626.26622657482,0.01821297948040508,0.021719555667786605,42491.30662373532,50672.23079036174,134369.3096876029,160239.66341925724,0.02096712542564871,0.023972915043021754,48916.793457000094,55929.370856302,154688.48315614215,176864.20000615623,0.01327983090346235,0.016565887639991006,30982.155744339772,38648.60288029869,97974.17897418309,122217.61348508784,0.018881295922403476,0.021621802348618154,44050.50449628494,50444.170013005496,139299.92628774862,159518.47191786295,0.02096712542564871,0.024103550008351897,48916.793457000094,56234.145282342295,154688.48315614215,177827.9813650141
2024-12-04,2324687.533415768,1471.4309906172566,2323216.10242515,0.0076632522331497276,0.012340597182049374,0.016016034277213414,28669.874086879536,37208.70872981536,90662.10234477947,117664.26838000726,0.017820424773522477,0.021132426788836135,41400.697785903474,49095.19419914472,130920.50172374505,155252.63583758354,0.020515209044559522,0.022788427796492965,47661.26399693876,52942.44240576534,150718.15039290694,167418.7028945028,0.01294795491364808,0.01573253936013608,30080.897348862065,36550.08877350561,95124.14968412474,115581.52920562787,0.017820424773522477,0.02125142172968156,41400.697785903474,49371.64516182394,130920.50172374505,156126.8505409961,0.020515209044559522,0.023456213168517384,47661.26399693876,54493.85213501644,150718.15039290694,172324.69122308143,0.012993603153995668,0.01620883364046483,30186.948075884953,37656.62331505836,95459.51152903383,119080.6986665848,0.018474336611086117,0.02115577534340645,42919.87629649774,49149.43793709083,135724.56598960518,155424.16959829457,0.020515209044559522,0.023584032484130303,47661.26399693876,54790.80402724933,150718.15039290694,173263.73555803424
2024-12-05,2313478.976298292,-11208.557117475662,2324687.533415768,0.007431417235070449,0.011967259304480692,0.015531504059111837,27820.138514280115,36105.89386141368,87975.00252649795,114176.8615583591,0.017281306652723857,0.02049311126392007,40173.638136722126,47640.08027613724,127040.19840744483,150651.16158585704,0.019894566097578434,0.02209901356951818,46248.649789756564,51373.3013458448,146251.07204309822,162456.64317506316,0.012556242751343018,0.015256585663014958,29189.340990589215,35466.79449330061,92304.80092957744,112155.85190394742,0.017281306652723857,0.020608506272120318,40173.638136722126,47908.33761311876,127040.19840744483,151499.46576976997,0.019894566097578434,0.02274659655021703,46248.649789756564,52878.72942792764,146251.07204309822,167217.22476802385,0.012600510003646453,0.0157184706977381,29292.24852015758,36540.53287539281,92630.22311139459,115551.31080250294,0.017915435812516593,0.020515753458848388,41647.79028906771,47692.716304416266,131701.8768264964,150817.6113222038,0.019894566097578434,0.022870548970954502,46248.649789756564,53166.880075152745,146251.07204309822,168128.43712250688
2024-12-06,2311396.287503235,-2082.68879505666,2313478.976298292,0.007301642977083378,0.011758275991170183,0.015260278618400151,27202.52430308518,35304.333756123095,86021.93490383368,111642.10594411648,0.01697952454616676,0.020135241664623313,39281.7730650976,46582.45827379146,124219.87341556212,147306.66715493644,0.019547148845711067,0.02171310022385159,45221.917901125984,50232.80087813839,143004.26072869924,158850.0640246236,0.012336974066162586,0.014990161100753763,28541.3301332044,34679.4225579183,90255.61067172287,109665.96322244439,0.01697952454616676,0.02024862153882006,39281.7730650976,46844.76022908098,124219.87341556212,148136.13876836697,0.019547148845711067,0.022349374513604022,45221.917901125984,51704.808070639774,143004.26072869924,163504.95948507788,0.012380468282901057,0.015443980273238183,28641.953089219413,35729.32367250209,90573.80839762925,112986.0420624786,0.017602579958035384,0.020157488460672373,40723.19866152453,46633.925768740955,128778.06137793789,147469.42166444004,0.019547148845711067,0.022471162362912106,45221.917901125984,51986.56169958261,143004.26072869924,164395.9426915552
2024-12-09,2290116.753314332,-21279.534188902937,2311396.287503235,0.007082642205105573,0.011405605841824842,0.014802571660046374,26362.87499951915,34214.609180531785,83366.73066879089,108196.09426298761,0.016470251633878743,0.01953131820762164,38069.278480791414,45144.616395141,120385.62887853551,142759.81190322555,0.018960864265567742,0.02106185149449309,43826.07127128603,48682.28535231579,138590.20611413504,153946.90341557056,0.011966946819851101,0.014540555873075532,27660.35645215248,33608.98686326014,87469.72728093607,106280.94833858008,0.016470251633878743,0.0196412974389694,38069.278480791414,45398.82198218067,120385.62887853551,143563.6805522111,0.018960864265567742,0.021679041783414104,43826.07127128603,50108.85669481087,138590.20611413504,158458.11810257917,0.01200913649909408,0.014980763485884358,27757.873520125653,34626.48110523713,87778.10332647277,109498.54764933388,0.017074619523416785,0.01955289774761284,39466.212176955814,45194.495263762685,124803.12109865264,142917.54273518236,0.018960864265567742,0.021797176806488454,43826.07127128603,50381.913548569035,138590.20611413504,159321.59969117446
2024-12-10,2272351.268722644,-17765.484591688495,2290116.753314332,0.007230949179664152,0.011644433506194126,0.015112530084461142,26667.112255389915,34609.45833139132,84328.81334642194,109444.71691188717,0.016815130440304717,0.019940294212427472,38508.611930507635,45665.60184189697,121774.92323193784,144407.3125427748,0.019357895251012006,0.021502876098488846,44331.840223246545,49244.09679759163,140189.58797212652,155723.50719819326,0.012217528682687,0.014845027818359073,27979.567120319884,33996.846910241424,88479.16004576928,107507.46950042085,0.016815130440304717,0.020052576353705335,38508.611930507635,45922.74105473541,121774.92323193784,145220.45813108707,0.019357895251012006,0.02213299004242816,44331.840223246545,50687.13129710402,140189.58797212652,160286.78295885352,0.012260601792647633,0.015294453157736993,28078.209571058076,35026.08340931478,88791.09486408293,110762.20108847044,0.01743215349025071,0.019962325617160076,39921.66675437006,45716.056330974156,126243.39493403114,144566.86364643878,0.019357895251012006,0.022253598753619774,44331.840223246545,50963.33932719958,140189.58797212652,161160.22944198386
2024-12-11,2289741.448453775,17390.17973113153,2272351.268722644,0.00726555766217045,0.011700165632541832,0.015184861077261486,26586.886219371507,34505.33833429223,84075.11634495706,109115.46057108392,0.0168956103514789,0.020035731658642975,38392.76161802652,45528.22025430381,121408.57237685527,143972.87381741047,0.01945054524239039,0.021605792312225012,44198.471158892986,49095.949572442456,139767.8379593637,155255.0245376881,0.012276003734465005,0.01491607850241063,27895.392660855472,33894.569909319354,88212.97703304823,107184.04122525598,0.0168956103514789,0.02014855120025731,38392.76161802652,45784.58588282786,121408.57237685527,144783.5731173271,0.01945054524239039,0.022238922082560546,44198.471158892986,50534.642809330486,139767.8379593637,159804.57202053443,0.012319282999238167,0.015367654863543686,27993.73835307215,34920.7100264652,88523.97341851883,110428.98119390885,0.017515586572702888,0.020057868509212123,39801.56537090272,45578.522954780135,125863.60101213705,144131.9449233729,0.01945054524239039,0.022360108046387696,44198.471158892986,50810.01988798448,139767.8379593637,160675.3908044844
2024-12-12,2280102.164763283,-9639.283690492157,2289741.448453775,0.007287549461751254,0.011735580353560812,0.015230823470927737,26871.444757208,34874.64779546583,84974.96945216758,110283.31962984202,0.01694675093750435,0.020096376940888252,38803.67803822658,46015.50724530251,122708.00419265027,145513.81058313634,0.019509419249396788,0.021671189942580202,44671.525890605764,49621.42184884047,141263.76836949599,156916.71377837934,0.01231316143471797,0.014961227329824734,28193.956098576287,34257.342336839094,89157.11752229584,108331.2283685267,0.01694675093750435,0.020209537971052172,38803.67803822658,46274.61674641857,122708.00419265027,146333.18677005303,0.019509419249396788,0.022306236105801912,44671.525890605764,51075.51337045077,141263.76836949599,161514.95491300785,0.012356571699609931,0.015414170547748586,28293.35438138777,35294.46519671537,89471.44249148968,111610.89881916338,0.017568603737710433,0.020118580796524833,40227.5601696955,46066.34833386908,127210.71484770738,145674.58422172905,0.019509419249396788,0.022427788882137117,44671.525890605764,51353.837800600115,141263.76836949599,162395.09404074823
2024-12-13,2276164.7882335237,-3937.376529759728,2280102.164763283,0.007140707093174861,0.011499111232523607,0.014923926041884075,26219.14841413086,34028.076074867015,82912.22729864522,107606.22479006209,0.01660527798278915,0.01969143977987241,37861.730275053626,44898.49446939291,119729.30382412288,141981.50603575472,0.01911630914466717,0.02123452067841404,43587.13786303975,48416.87656656255,137834.63233496994,153107.60714157065,0.011544344851492321,0.014622771587233607,26322.2856866615,33341.413150890374,83238.37599149956,105434.80596550486,0.01660527798278915,0.019802320642500315,37861.730275053626,45151.31416430161,119729.30382412288,142780.99210901512,0.01911630914466717,0.021856770814212233,43587.13786303975,49835.670448220255,137834.63233496994,157594.2273379204,0.012107589752334239,0.015103578719212585,27606.54160436304,34437.70253334927,87299.54978998618,108901.57738873441,0.017214600598662713,0.01971319623315923,39251.04809054616,44948.10140562976,124122.71251492885,142138.3769420059,0.01911630914466717,0.02197587433134477,43587.13786303975,50107.23863546507,137834.63233496994,158453.0013496571
2024-12-16,2272998.609108209,-3166.1791253141128,2276164.7882335237,0.0069361044114831395,0.011169627196202542,0.014496310786182449,25423.912121691767,32995.99217079832,80397.46933650994,104342.4889168063,0.016129486949606666,0.01912722095213422,36713.37024696684,43536.7068280104,116097.87056147371,137675.15539951745,0.018568569535128324,0.020626087953397994,42265.12414372482,46948.37511853218,133654.0578839442,148463.79781853931,0.011213564736278386,0.014203785310178053,25523.921203294,32330.155982655862,80713.72582107465,102236.93001371172,0.016129486949606666,0.019234924745384265,36713.37024696684,43781.858409765344,116097.87056147371,138450.39276985603,0.018568569535128324,0.02123050875593743,42265.12414372482,48324.13646654829,133654.0578839442,152814.3371950938,0.011760670980869917,0.014670815875313471,26769.225172655923,33393.194510045905,84651.72274350685,105598.55300077554,0.016721350644452324,0.01914835401776089,38060.549548608324,43584.80916785726,120358.0255712958,137827.268354217,0.018568569535128324,0.021346199599971034,42265.12414372482,48587.4678920586,133654.0578839442,153647.06427920534
2024-12-17,2252021.7980405428,-20976.811067666396,2272998.609108209,0.0067334410805693365,0.010843266213386285,0.014072748732383834,24646.729021217063,31987.338295037767,77939.80058001839,101152.84529864644,0.015658205758146197,0.018568350139453512,35591.07990939646,42205.83404041205,112548.87689875206,133466.56611476917,0.01802602174042334,0.02002342233010717,40973.12234373659,45513.21110591985,129568.3894549441,143925.41072277774,0.010885919959606721,0.013788770444228294,24743.68092704937,31341.856041043295,78246.38942594263,99111.65118680458,0.015658205758146197,0.018672906977554506,35591.07990939646,42443.49158798836,112548.87689875206,134218.10526824015,0.01802602174042334,0.020610182796837153,40973.12234373659,46846.91683067679,129568.3894549441,148142.95854141528,0.011417040520114679,0.014242155025342446,25950.917222352728,32372.398563306873,82064.00579312489,102370.51278281226,0.01623277601841699,0.018588865726273895,36897.07731182691,42252.46594071982,116678.80330869582,133614.0291313636,0.01802602174042334,0.02072249331519843,40973.12234373659,47102.198482700194,129568.3894549441,148950.23000665975
2024-12-18,2184959.8656850182,-67061.9323555245,2252021.7980405428,0.006912059459777656,0.011130906160507591,0.01444605734821742,25067.04330540686,32532.83604392939,79268.95105116145,102877.86064363855,0.016073571883781616,0.01906091383263746,36198.03425464779,42925.59344167207,114468.23506548247,135742.6451900699,0.018504199056942772,0.020554584807065387,41671.85963151638,46289.37303518422,131777.99077041677,146379.85025236363,0.011174691385109719,0.01415454595166251,25165.648585642954,31876.34602451049,79580.7683260267,100801.85692110666,0.016073571883781616,0.019168244256002408,36198.03425464779,43167.303894682846,114468.23506548247,136507.00075585506,0.018504199056942772,0.021156910302477846,41671.85963151638,47645.82318036864,131777.99077041677,150669.3222436125,0.011719901011304447,0.014619957491662564,26393.472548335016,32924.462957650234,83463.48861386722,104116.29368401866,0.016663383802426317,0.01908197363761057,37526.30355217977,42973.020581533994,118668.5913917554,135892.62297494092,0.018504199056942772,0.02127220008842574,41671.85963151638,47905.458291414725,131777.99077041677,151490.36055506885
2024-12-19,2174710.852523278,-10249.013161740266,2184959.8656850182,0.009987217703828592,0.016083018919726147,0.022815121189969065,35140.75085865445,49850.12413082222,111124.81140186577,157639.9338955198,0.02673667168115072,0.03414182811271502,58418.554565311504,74598.52416739878,184735.69004121207,235901.24645609612,0.03266186633043436,0.03784440632849717,71364.86707036788,82688.50896844243,225675.52485751038,261484.0246635382,0.016874564559231562,0.02152709510295674,36870.24631283176,47035.83882474497,116593.95623997344,148740.38234277154,0.023547377420043106,0.03165660532844612,51450.07460493182,69168.41212648527,162699.42153717234,218729.72445690402,0.03231016488404245,0.035999659180345596,70596.4135252982,78657.81048739435,223245.46137905933,248737.83690204524,0.01699738437247039,0.02181099560721552,37138.60267546953,47656.150032398145,117442.5735705069,150701.97861708526,0.024173210364521303,0.029940254760519962,52817.494471240156,65418.25502012092,167023.58283246963,206870.68641732633,0.031235895343892657,0.03480871822123236,68249.177695143,76055.65228933151,215822.84995021275,240509.0901640871
2024-12-20,2207149.8090406507,32438.956517372742,2174710.852523278,0.009751216914164031,0.01570297261676127,0.022275993399146876,34149.42496654659,48443.844595861614,107989.96367930659,153192.88753816186,0.026104876538912577,0.0333350470217107,56770.558312953486,72494.08852748804,179524.2683083391,229246.43664474424,0.03189005715649936,0.03695013226310977,69351.6533858268,80355.85363475532,219309.18419774083,254107.5208129468,0.016475813808089167,0.021018403734235067,35830.13109260439,45708.95070355679,113304.82311504731,144544.39367959538,0.022990946206620247,0.03090855075737688,49998.66022531594,67217.16076783408,158109.64626886594,212559.32587606815,0.031546666515132056,0.03514897701378386,68604.87803139038,76438.861766967,216947.67317724225,241720.90493437863,0.016595731354273204,0.021295595588980226,36090.917081698775,46311.762838302144,114129.5008224454,146450.653026579,0.02360199054094945,0.02923275804063449,51327.504970554524,63572.79616015494,162311.82232056602,201034.8330916961,0.030497782269195955,0.03398617832763688,66323.85807871245,73910.11084490336,209734.4547384905,233724.2923854066
2024-12-23,2216517.12377274,9367.314732089171,2207149.8090406507,0.0101259384882084,0.016306409363982154,0.023132019409378028,35990.68831385189,51055.832222133344,113812.549628977,161452.7176573572,0.027108039581331046,0.03461605239783707,59831.50438540122,76402.81343962725,189203.8296922207,241606.9101141457,0.03311553419380028,0.03837005880609008,73090.94497212544,84688.46796674027,231133.86244594862,267808.4503251082,0.01710894944010053,0.02182610285533166,37762.01448960404,48173.478749246875,119413.9748234295,152337.91566133956,0.023874446556079214,0.032096310284540214,52694.48015720146,70841.3651154324,166634.57741530414,224020.06632036343,0.03275894767311063,0.036499688428430266,72303.90510107881,80560.2803448531,228645.02384407606,254753.97483143077,0.017233475200013903,0.022113946690135996,38036.86149681747,48808.79321426879,120283.11737430468,154346.9564012602,0.024508972215538025,0.030356119894141553,54094.973345307364,67000.50422756963,171063.32573726942,211874.19773886053,0.031669756708629836,0.03529220549848016,69899.8974718162,77895.1846265939,221042.88422318458,246326.20217936928
2024-12-24,2235373.912796665,18856.78902392555,2216517.12377274,0.009872118066641735,0.015897667033202216,0.022552183878576233,35237.451207130085,49987.301745335746,111430.60475358076,158073.72760137107,0.026428539696713767,0.033748353959531886,58579.31079407368,74803.80445044597,185244.04587215962,236550.3997092493,0.03228544828529277,0.03740826109094095,71561.24897303067,82916.05127863212,226296.53896116227,262203.57662779413,0.016680090350693063,0.021279001899272246,36971.70588838762,47165.272086529585,116914.79958916391,149149.68625499576,0.023276001078991686,0.031291772609672516,51591.65496453784,69358.74982254193,163147.13794547308,219331.62510103188,0.03193780009077524,0.03558477409088571,70790.68079683388,78874.26111803271,223859.78843193848,249422.31389584226,0.016801494703053556,0.021559630536830382,37240.80071429519,47787.29026709821,117765.75214559831,151116.68045162648,0.02389462148971071,0.02959520245842617,52962.837698011885,65598.27303062269,167483.19847154667,207439.95335036403,0.03087591117934296,0.034407558363000024,68436.98584109984,76264.94229879949,216416.75145456972,241170.92328552413
2024-12-26,2240282.4574055537,4908.544608888216,2235373.912796665,0.00979372664471083,0.015771428599291277,0.022373103994203433,35255.040058390965,50012.25301692922,111486.22558499107,158152.63045012392,0.026218678875317866,0.033480368767614996,58608.550785878564,74841.14293393878,185336.51084502772,236668.4743614632,0.032029079572755505,0.037111213713763566,71596.96892782621,82957.43900796892,226409.49537623444,262334.456119681,0.016547638936346115,0.021110031957371843,36990.16039668646,47188.814735812935,116973.15786848671,149224.13464888567,0.023091173587147466,0.031043294366903163,51617.40705256883,69393.37039504299,163228.57319815617,219441.10496403425,0.03168419194452334,0.03530220645735015,70826.01612082972,78913.63137892251,223971.52853762533,249546.8135923291,0.016668079254469382,0.021388432210120937,37259.38954186814,47811.14339812426,117824.53517976098,151192.11067499526,0.023704881725413473,0.029360196152040066,52989.27421491967,65631.0165528634,167566.79807837683,207543.49745926104,0.03063073516296815,0.03413433863375466,68471.1463130825,76303.01011246252,216524.7763519813,241291.30428224217
2024-12-27,2220807.894117424,-19474.56328813033,2240282.4574055537,0.009510558763465043,0.015315426284473514,0.021726226183053608,34310.88083279393,48672.88338352022,108500.5319582437,153917.1717796867,0.02546061322620186,0.03251234449746925,57038.965165447844,72836.83502680635,180373.0453018181,230330.29624263945,0.031103016703136,0.036038210133102946,69679.54269242751,80735.7699574856,220346.06122701237,255308.9217130501,0.016069193904417845,0.020499673588259295,35999.533208715555,45925.05912231726,113840.5196424109,145227.78850441592,0.02242353409327998,0.03014573369243686,50235.05006221049,67534.95835678584,158857.1765691684,213564.29009206567,0.03076810087649656,0.03428150704756749,68929.23664129968,76800.2588520903,217973.38516324168,242863.74286311396,0.01618615190871546,0.020770024401548914,36261.552173996664,46530.72130667532,114669.09636285978,147143.0604996202,0.023019497971416985,0.028511299216385455,51570.1774836482,63873.36347230904,163079.22018745908,201985.3103882979,0.029745102891234,0.033147406008484114,66637.43220095475,74259.5521893064,210726.0631800642,234829.32294235151
2024-12-30,2198780.294418211,-22027.59969921224,2220807.894117424,0.009465590877189357,0.01524301178554107,0.021623500098025623,33851.80090345454,48021.63971614419,107048.79375346206,151857.7584790174,0.02534023018788204,0.03235861941713701,56275.78324000109,71862.27744431922,177959.65214833355,227248.4745709927,0.030955955215717378,0.0358678140317645,68747.22971301059,79655.52454647831,217397.82871991722,251892.88578232235,0.015993215436484742,0.020402746897248587,35517.85909366595,45310.581371089436,112317.33234890817,143284.63923903767,0.022317510992420846,0.030003198436823263,49562.904589020596,66631.33993726865,156731.66595491668,210706.7977507098,0.030622622940284425,0.03411941700127114,68006.96276436497,75772.67061910719,215056.89908565418,239614.2235500996,0.01610962043917992,0.020671819436050985,35776.37224256617,45908.13978935202,113134.82270453511,145174.284875755,0.022910657030243416,0.028376491904573278,50880.167992181436,63018.737229035505,160897.2185872896,199282.74491140034,0.0296044619008003,0.03299067822615343,65745.82269039583,73265.95863692935,207906.54634323006,231687.30424838222
2024-12-31,2196418.847386596,-2361.447031615768,2198780.294418211,0.009496500810587637,0.015292787915229467,0.02169411174356783,33625.48071472351,47700.585406663646,106333.10647659283,150842.49560844628,0.02542297883374757,0.03246428664742628,55899.54488505543,71381.83375270516,176769.8820035904,225729.17821803273,0.031057042039182758,0.03598494055426564,68287.61203867302,79122.97818653003,215944.39001614097,250208.82632525393,0.01604544135987188,0.02046937216723101,35280.40027732923,45007.65216042013,111566.42163879653,142326.69296352568,0.022390388933939902,0.030101174028357908,49231.54597230663,66185.86829240661,155683.81800377782,209298.0927199241,0.030722621265570786,0.03423083412470069,67552.29423161093,75266.08353489033,213619.11094174453,238012.2545307508,0.016162226483673835,0.020739323363727535,35537.18510622616,45601.215531731315,112378.44656668746,144203.70515251727,0.022985471893055862,0.028469155477954724,50540.00265635488,62597.41806365512,159821.5213450416,197950.41672691714,0.029701135416222445,0.03309840944758113,65306.27127503674,72776.13046992692,206516.56272194465,230138.33157854923
2025-01-02,2189099.249168656,-7319.598217939492,2196418.847386596,0.009210960667882438,0.014832965404731016,0.021041814662077076,32579.40477758455,46216.638307001704,103025.1239097386,146149.84284631364,0.02465856242932983,0.03148815267692278,54160.53126923904,69161.17200897988,171270.6380955656,218706.82919505972,0.030123221004177667,0.03490294780071926,66163.2103575676,76661.49237885031,209226.44203875717,242424.9247448068,0.015562988116614352,0.019853900472309383,34182.84042098538,43607.48119151797,108095.63262438276,137898.96358815004,0.02171715623708232,0.029196093967914095,47699.97127076697,64126.85106119662,150840.5535402199,202786.90852776702,0.02979885557171981,0.033201583724386106,65450.768008276464,72924.5842553257,206973.5015134359,230607.7836676832,0.015676261753229462,0.020115734794526788,34431.63677135883,44182.579031728965,108882.39576510015,139717.58264066037,0.02229434628211797,0.027613146840667124,48967.72236420719,60650.036156494905,154849.53450165995,191792.25442608833,0.028808083689653926,0.03210320871570306,63274.61797304627,70512.09268475583,200091.91087185286,222978.81546872557
2025-01-03,2216419.830131033,27320.58096237713,2189099.249168656,0.008967711821027341,0.014441247118198388,0.020486129176399547,31613.323223507105,44846.16999842834,99970.10579337874,141816.04153014335,0.024007363592171208,0.03065659372184372,52554.501614140914,67110.32629855661,166191.92639568084,212221.48562053606,0.029327708023824013,0.03398120878667997,64201.26361479071,74388.23864076445,203022.2216836337,235236.26523296363,0.01515199093081741,0.019329586172248937,33169.21197006267,42314.38257641098,104890.2580183188,133809.82672520255,0.021143635906020405,0.028425065141883855,46285.5174865647,62225.28875966808,146367.65793709643,196773.64054222495,0.029011908637867706,0.032324775403742546,63509.94741610584,70762.14156587824,200836.08791242,223769.53945944906,0.015262273165940405,0.019584505808882186,33410.63072816707,42872.42696156317,105653.69116381792,135574.51801775175,0.021705583153053376,0.026883921478707468,47515.675783116974,58851.57232374762,150257.76003675448,186105.01242517077,0.02804730168327235,0.031255406973625,61398.327056058275,68421.18793842326,194158.55802108487,216366.79409985806
2025-01-06,2218589.715613228,2169.885482194368,2216419.830131033,0.009210037959958629,0.014831479512519985,0.021039706798432874,32872.78530173144,46632.82336818933,103952.8745871768,147465.9355678031,0.024656092258002034,0.031484998351437234,54648.25181417594,69783.97469776837,172812.9458792247,220676.30422450835,0.03012020341071338,0.034899451398154833,66759.01612708552,77351.83613956458,211110.5453135031,244607.98339715018,0.015561429094383001,0.019851911607961265,34490.66002996849,44000.17055389379,109069.0436972318,139140.7563861769,0.02171498072110032,0.029193169249394517,48129.51388115983,64704.31922872949,152198.88654115566,204613.02321341456,0.02979587047156057,0.033198257755956743,66040.15816918254,73581.2768161039,208837.31685239225,232684.42788223087,0.015674691383812313,0.02011371970092718,34741.696814265655,44580.44720283223,109862.89171209524,140975.75226983227,0.022292112946127044,0.02761038069386552,49408.6811893167,61196.19528735057,156243.96874335787,193519.3612444902,0.0288051978400614,0.03209999277698291,63844.41170355969,71147.06053796785,201893.75685675943,224986.76012586302
2025-01-07,2208003.1930629183,-10586.522550309077,2218589.715613228,0.008932679443266965,0.014384832367761223,0.020406100086428937,31914.041151935326,45272.76378752544,100921.05938045941,143165.04953937168,0.02391357879542745,0.030536833699048194,53054.4199790419,67748.70519209976,167772.80707291514,214240.2169343106,0.029213139294716608,0.03384846115085856,64811.97040003493,75095.84779862867,204953.44610752474,237473.92186500825,0.015092799658762309,0.019254075119011237,33484.73010274089,42716.89304268287,105888.01396066516,135082.67658067812,0.021061038265165047,0.02831402258835545,46725.80289523183,62817.19932216602,147759.9626490226,198645.4260908299,0.028898573579467617,0.03219849862706158,64114.078139298996,71435.25791218547,202746.5170021951,225898.12024407057,0.015202651076191984,0.019507998911756173,33728.4453276959,43280.24575781629,106658.70917198331,136864.15428653974,0.02162079026455488,0.026778899404881006,47967.66292437205,59411.390815110186,151687.0688762288,187875.3139341558,0.02793773486318077,0.031133307686091377,61982.37124498198,69072.03624538459,196005.46791226947,218424.95716112028
2025-01-08,2209769.524056642,1766.33099372359,2208003.1930629183,0.008739445710554182,0.014073656435553633,0.019964670735375317,31074.67834777291,44082.0567321585,98266.76113608033,139399.70321837993,0.0233962748753092,0.029876254037774847,51659.04963046044,65966.86431216577,163360.25859193463,208605.54132572055,0.028581194088798407,0.033116243619007675,63107.367809617885,73120.77165301844,199563.01941638376,231228.18269261354,0.014766308818732539,0.018837566631405844,32604.057021514574,41593.407271679585,103103.08114999153,131529.9026255174,0.020605441143984105,0.027701527277445577,45496.87984038694,61165.060681319366,143873.76672662073,193420.90497537956,0.02827343312991923,0.03150197345597819,62427.83062971255,69556.45797858313,197414.1341731153,219956.83318611406,0.014873783905569751,0.019085997487500773,32841.36235642585,42141.94339519254,103853.50650922024,133264.52615469776,0.021153084462107303,0.02619961222427523,46706.078035462524,57848.82744820997,147697.58716562417,182934.05470640978,0.027333379493054772,0.030459824965247337,60352.189197865424,67255.39078340371,190850.3796426652,212680.21980025189
2025-01-10,2186179.421075935,-23590.10298070684,2209769.524056642,0.00847547065613665,0.013648561487147194,0.019361637634839633,30160.17522151107,42784.75678129674,95374.84832974836,135297.28056523227,0.022689590133745007,0.028973841453886446,50138.76479088598,64025.51183964725,158552.69580665565,202466.4457713626,0.02771789880500287,0.03211596711395717,61250.16805018135,70968.8853640279,193690.03810664752,224423.3207537161,0.014320292297425742,0.01826857772280561,31644.545494434475,40369.34629971593,100068.83928323208,127659.08195919271,0.019983053566164193,0.02686480233942331,44157.94276810103,59365.021479463205,139639.67593455972,187728.6812199225,0.027419433769293008,0.03055045599906912,60590.62911027322,67509.46661277635,191604.3928509649,213483.67811946574,0.014424521098075477,0.018509504722142505,31874.867121639236,40901.73944037301,100797.18021959534,129342.65689431947,0.020514155311802035,0.025408252647057525,45331.555219784816,56146.38235899922,143350.96437221483,177550.45063313522,0.026507774462934775,0.029539785615035532,58576.07215876018,65276.117999272305,185233.8044080583,206421.20969161385
2025-01-13,2205061.812603412,18882.39152747672,2186179.421075935,0.008627578635187656,0.013893510138259589,0.01970911799212469,30373.705950772983,43087.66816194045,96050.09178465277,136255.17045725262,0.02309679674689524,0.02949383056690449,50493.741740835976,64478.80543406698,159675.23148535722,203899.88597849352,0.02821534770687791,0.03269234747690911,61683.81251527856,71471.33728068246,195061.34231108008,226012.2132250616,0.014577296398927051,0.01859644110058041,31868.585402258654,40655.15683933961,100777.31567873067,128562.89424368535,0.020341686380380405,0.027346940849158542,44470.57615476826,59785.31931381126,140628.30950904032,189057.77967209852,0.027911526164698833,0.031098740372839023,61019.60411208711,67987.42622448402,192960.93091597166,214995.11912203167,0.014683395777963397,0.018841691980024357,32100.537681296846,41191.31926498074,101510.81318895829,130258.38870451199,0.020882319728035056,0.02586425068164018,45652.497653758255,56543.89258175099,144365.8734613691,178807.48833023172,0.026983505447830285,0.030069931641586837,58990.78431853695,65738.26574799725,186545.23940632056,207882.6491931039
2025-01-14,2223374.3358344347,18312.52323102299,2205061.812603412,0.008625931051678441,0.01389085693518178,0.01970535419939001,30630.198172106615,43451.52404889919,96861.19140618308,137405.783800103,0.02309238601903694,0.02948819821616967,50920.13857247529,65023.299808955795,161023.61666041682,205621.72837629178,0.028209959504283146,0.03268610431473603,62204.70443798345,72074.88042719604,196708.54720161192,227920.7842342292,0.014574512615182923,0.018592889792503956,32137.701205046553,40998.471267394256,101628.33456988512,129648.54978993605,0.020337801787907003,0.027341718483686633,44846.110074811135,60290.179319330266,141815.85203502735,190654.28718906373,0.027906195982017167,0.031092801537163078,61534.88709497283,68561.54931645497,194590.3987814161,216810.65574995818,0.014680591732730546,0.018838093837103307,32371.612216265486,41539.161342436186,102368.02613513016,131358.36193531592,0.020878331892389287,0.02585931146118179,46038.01236676755,57021.38020326971,145584.9780259846,180317.4367687673,0.026978352486556147,0.030064189274511342,59488.93483505927,66293.39569610605,188120.52965612043,209638.12422649874
2025-01-15,2247851.961644204,24477.625809769143,2223374.3358344347,0.008605017565850321,0.013857178687823445,0.019657578760041133,30809.695461578536,43706.15611971954,97428.81167474092,138211.0011092206,0.023036398754027135,0.029416704366775792,51218.53777975228,65404.345533918044,161967.2378074008,206826.70075984256,0.028141564732197658,0.03260685717315012,62569.232795791715,72497.24941100093,197861.28708400685,229256.43223606344,0.014539176851286448,0.018547811512275452,32326.032675308394,41238.728102287714,102223.89097100082,130408.30861162239,0.020288492985539083,0.027275428753499913,45108.91461680455,60643.488289412315,142646.9129671639,191771.5482522913,0.027838537681633104,0.03101741734264445,61895.49022850289,68963.32968350158,195730.72601476492,218081.19682896393,0.01459043497226307,0.018755353542660023,32439.998665990912,41700.17172625174,102584.2830773551,131867.52147511096,0.020827712580047193,0.02579661581238419,46307.80162461293,57355.53354863577,146438.12656902245,181374.1224278889,0.0269129437336907,0.02999129894040601,59837.54839924407,66681.8843624372,189222.9425421737,210866.63325726634
2025-01-16,2268112.261689884,20260.30004568025,2247851.961644204,0.008763359354276516,0.014112166018085157,0.020019299831866292,31722.060066801394,45000.42239780413,100313.9618837655,142303.83044671678,0.023460293830323962,0.029958004084457385,52735.26750724313,67341.1582481926,166763.55834115838,212951.44033812307,0.028659400477994583,0.033206859211524095,64422.08958400696,74644.10361866734,203720.53471287125,236045.38133660544,0.014806713697929706,0.018889111646037054,33283.30043139539,42459.92666726077,105251.03741087424,134270.07755226636,0.02066182357309671,0.0277773266445699,46444.72064993189,62439.31818722826,146871.10254404065,197450.46101961713,0.02835079739638062,0.03158817193980961,63728.395541631566,71005.53425965543,201526.88153967567,224539.21473762888,0.014858915024714415,0.019100472678069587,33400.64128620883,42935.03497773024,105622.10177467584,135772.50194862433,0.021210965401266223,0.026271301918695783,47679.11018560362,59053.99755288745,150774.58499664097,186745.13720513415,0.027408171501675516,0.03054317183027608,61609.512075122075,68656.52871352207,194826.38368903255,217111.00697547974
2025-01-17,2277871.830272659,9759.568582775071,2268112.261689884,0.008776067128797856,0.014132630113703698,0.020048329880510172,32054.39165081906,45471.86282838881,101364.88662767294,143794.65598845488,0.02349431367501453,0.030001446278897226,53287.74092628878,68046.64817359715,168510.6326920433,215182.39536870373,0.028700959563325645,0.03325501258083857,65096.998307844435,75426.10179725132,205854.78349291527,238518.27670703392,0.014828184959288344,0.018916502805294846,33631.988124767406,42904.751960980335,106353.68471400019,135676.73864127358,0.020691785347406292,0.027817606631905183,46931.29206270729,63093.454692689986,148409.77645273684,199519.02227753936,0.028391908975427937,0.03163397804570169,64396.03687995118,71749.4134914846,203638.14882884867,226891.5674143055,0.014880461983378581,0.019128170332614075,33750.55828411113,43384.837675094655,106728.63648005547,137194.9029699833,0.021241723487840376,0.026309398014915084,48178.61350219677,59672.668235308396,152354.1531758835,188701.545683155,0.02744791617599559,0.030587462578275167,62254.95523661171,69375.79892776639,196867.4541795197,219385.53910560906
2025-01-21,2318045.918084005,40174.0878113457,2277871.830272659,0.008573467974243904,0.013806372477949684,0.019585505858724633,31449.146945773315,44613.27207722897,99450.93481797157,141079.55363683493,0.022951937686143155,0.029308850431315897,52281.57230543893,66761.80477516916,165328.84813996736,211119.3637930401,0.028038385991692828,0.032487306803902265,63867.849616788626,74001.92101003426,201967.87404616427,234014.62161957638,0.014485870151045422,0.018479807481612293,32996.955554053915,42094.632891226574,104345.53540215363,133114.91720491488,0.020214106888926837,0.027175425629569296,46045.14465640694,61902.13651726554,145607.5323061771,195751.74342524208,0.027736469964971963,0.03090369452425883,63180.123604413326,70394.65520816062,199793.0934409132,222607.445560022,0.014536940338322785,0.01868658857615337,33113.28689501977,42565.65372151464,104713.4074028674,134604.41585400878,0.020751349478988098,0.025702034634893244,47268.91441833021,58545.94067551555,149477.43208549664,185138.52029172608,0.026814269631374617,0.02988133830103778,61079.46944264388,68065.85876678144,193150.24171340992,215243.144598369
2025-01-22,2311915.357125875,-6130.56095812982,2318045.918084005,0.009350578291833073,0.015057800083829329,0.021360761650633074,34904.672019645564,49515.226351415346,110378.26456322949,156580.8941292614,0.02503233124895209,0.03196544285520747,58026.09327176007,74097.3643302612,183494.61846013358,234316.43989894234,0.030579821862002206,0.035431998658335156,70885.43124295023,82132.99985951175,224159.4156509832,259727.35061834665,0.0157988883121271,0.020154841330711024,36622.54856219132,46719.847676285484,115810.6671766492,147741.13059318718,0.02204633989795265,0.02963864164729495,51104.42820914168,68703.73228806665,161606.3916614475,217260.27778474215,0.030250539772899678,0.03370484569652333,70122.14024040794,78129.37998647714,221745.6775654362,247066.79293404316,0.01585458756777839,0.020380365333318357,36751.66199439411,47242.622669959375,116218.95969893177,149394.29027697677,0.02263227885697909,0.028031700571456233,52462.66162135931,64978.76908661719,165901.50283819754,205480.90986784923,0.02924474999845114,0.032589821772005284,67790.67335929688,75544.70332968207,214372.93193187623,238893.3276835014
2025-01-23,2315010.6251804447,3095.2680545696057,2311915.357125875,0.009088899703892497,0.014636403273872724,0.02076297467194375,33838.125501953786,48002.24000368234,107005.54833680239,151796.41120168558,0.024331794352768055,0.031070880862549572,56253.04903059311,71833.24662555681,177887.7602658011,227156.67106136394,0.029724036866189463,0.03444042411744033,68719.4573067191,79623.34542303867,217310.0046599325,251791.12645914537,0.015356751937721338,0.019590802374511565,35503.5106403905,45292.27686805135,112271.95855565724,143226.75531799984,0.02142936681739003,0.028809195846973175,49542.88223860764,66604.42230506426,156668.34972350174,210621.67672372525,0.029403969829827122,0.032761606021569266,67979.48941004323,75742.06008537352,214970.02071103264,239517.4245431078,0.015410892433891314,0.019810015023884145,35628.67888492828,45799.07795861206,112667.77529912155,144829.40108482895,0.021998908108311673,0.027247225473320494,50859.61349560669,62993.27901084099,160832.21956195525,199202.23895673614,0.028426327367740287,0.03167778635811202,65719.26278816632,73236.36076107172,207822.55655775344,231593.70754676918
2025-01-24,2316192.7872003475,1182.1620199028405,2315010.6251804447,0.008818107310359837,0.01420032995318861,0.02014436782277083,32873.91472269976,46634.42554725753,103956.44612987383,147471.00210287806,0.023606858986949385,0.030145162846942627,54650.12938192429,69786.37228846697,172818.88326977077,220683.88607201277,0.02883844638211785,0.03341431477693925,66761.30978829938,77354.4937417383,211117.79850711967,244616.38747313377,0.014899216729986354,0.019007118932175052,34491.84503678465,44001.68228205363,109072.79101781371,139145.536890365,0.02079090564811503,0.02795086190630795,48131.16748251041,64706.54229605424,152204.1156877654,204620.0531695527,0.02852791534259684,0.03178551496549178,66042.42713235991,73583.8048719455,208844.4919439598,232692.4222967424,0.014951744177820168,0.019219800414965293,34613.44663663354,44494.04217449218,109457.32904045658,140702.51557898632,0.0213434781689535,0.026435428485409557,49410.378739434214,61198.29782492091,156249.33686817146,193526.01005207852,0.027579400514321856,0.030733986352699298,63846.60522676212,71149.50496064966,201900.69338617954,224994.4900691017
2025-01-27,2273044.474863388,-43148.31233695988,2316192.7872003475,0.008550386740559466,0.013769203375498345,0.019532778346484404,31892.129543823943,45241.68032011031,100851.76879163043,143066.75498476427,0.02289014716696982,0.02922994602205471,53017.99376608997,67702.1901465386,167657.61727345272,214093.1234448708,0.02796290188874255,0.032399845449597155,64767.47166389647,75044.28833676293,204812.72874832834,237310.87653057987,0.014446871725311151,0.018430056697424622,33461.74008777433,42687.564390268366,105815.31314992947,134989.9312383449,0.0201596870758212,0.027102264762658212,46693.72179723313,62774.070160063085,147658.51330950763,198509.03970501,0.027661798671305717,0.03082049652350001,64070.05856346646,71386.21174566411,202607.31488092977,225743.0226473632,0.01449780442296,0.01863628110209656,33579.710034701246,43165.2198689142,106188.36687766771,136500.41048772365,0.020695483317473198,0.025632840387086447,47934.72918755654,59370.60002002739,151582.92325603124,187746.32211412498,0.026742081057824385,0.029800892657081104,61939.81526085988,69024.61262446306,195870.89407437367,218274.99050411582
2025-01-28,2263752.129021086,-9292.345842301846,2273044.474863388,0.009483645949954964,0.01706153345487509,0.02207937753108718,38781.62435230068,50187.407105460545,122638.26431432244,158706.51631137368,0.025388565226431195,0.0324203416313919,57709.337912648174,73692.87841841884,182492.9500642754,233037.3431360704,0.03101500192829985,0.035936229833872256,70498.47877099931,81684.64867130418,222935.76449338588,258309.5396719679,0.01607158248028341,0.020627207143285725,36531.42175911943,46886.55922890823,115522.49892305242,148268.31881173805,0.022360080367132197,0.030060427820388026,50825.45713601116,68328.68936916268,160724.20766905363,216074.28794068776,0.03068103384063223,0.03418449783612558,69739.35445454573,77702.88393238469,220535.2026261741,245718.09399003664,0.01614034861801518,0.020790978642168514,36687.73024854832,47258.81912958385,116016.78976726807,149445.50797942106,0.02295435779706884,0.028430618438544275,52176.27616466466,64624.06015868223,164995.87250629495,204359.22174917825,0.02966093071724722,0.03305360605640599,67420.61468614454,75132.31662082465,213202.70365681505,237589.24640673125
2025-01-29,2262540.012972149,-1212.1160489362665,2263752.129021086,0.00924932525081015,0.016639979290081753,0.02153384312300531,37668.78854478934,48747.28321570934,119119.1685007939,154152.44470693867,0.024761267836215007,0.031619304018044726,56053.37278149305,71578.26678901372,177256.32852400577,226350.35402047035,0.030248687266811302,0.03504832210895959,68475.53020033709,79340.71379277407,216538.63942071117,250897.36676870266,0.015674487896299973,0.02011755277357124,35483.1553465643,45541.15292186594,112207.58946472449,144013.7705031286,0.021807610389635246,0.029317698652657022,49367.02444839914,66368.00274295095,156112.23856215883,209874.05242402753,0.02992297081951567,0.033339871679144956,67738.18889931442,75473.20549495419,214206.9614965677,238667.23167799102,0.015741554969183075,0.02027727782741372,35634.97857559064,45902.730852559864,112687.69667016911,145157.1803157719,0.022387204489594838,0.027728158390500114,50679.08182615072,62769.677590328516,160261.32829668175,198495.1491798676,0.028928072272338245,0.032236921827443275,65485.98519498154,72976.40041996102,207084.86803620736,230771.6407675451
2025-01-30,2295155.545161771,32615.53218962159,2262540.012972149,0.00896851313609903,0.016134784841136646,0.020880069592368686,36505.59630376814,47241.99292637722,115440.83166253137,149392.2988529153,0.024009508784017447,0.030659333059490406,54322.47431564576,69367.96781813687,171782.74697343717,219360.77496257328,0.02933032861812127,0.033984245197226884,66361.0420921215,76890.71456938241,209852.04091340932,243149.78895714134,0.015198606037481322,0.019506778216079677,34387.45430120157,44134.86623805375,108742.67852675078,139566.70153911703,0.021145525207824468,0.028427605080004803,47842.596878014076,64318.593966481196,151291.57531178536,203393.25283364422,0.029014501013728346,0.03232766380272737,65646.46949998137,73142.63287958206,207592.36396871597,231297.31396099954,0.015263636935178333,0.019661653972386874,34534.58930932056,44485.278833738106,109207.96027595416,140674.80346229128,0.021707522667978416,0.026886323707045863,49114.1386188011,60831.38318891294,155312.5433526478,192365.72409544172,0.028049807866121167,0.03125819981857582,63463.812653280074,70722.92782300655,200690.1969825789,223645.53471639435
2025-01-31,2284044.4249054994,-11111.12025627168,2295155.545161771,0.009375451666963089,0.015097855179720562,0.021556575042725092,34651.926035785014,49475.69274400634,109579.01158476999,156455.87788572602,0.02509891949045987,0.03205047379409914,57605.92424609783,73560.82265358866,182165.92733678716,232619.7461410515,0.03066116692503932,0.03552625094591877,70372.14728913468,81538.27185733408,222536.2692705094,257846.65554318365,0.015888229648242342,0.02039188141531469,36465.958379967065,46802.539706640775,115315.48554159976,148002.62575345367,0.02210498513522151,0.02971748308672561,50734.379208822174,68206.24609474943,160436.19397456947,215687.0883093729,0.03033100891610914,0.0337945036026489,69614.38330415901,77563.64233960907,220140.00914914065,245277.773411836,0.015956211266707442,0.02055378452518447,36621.986768556315,47174.13252703734,115808.89062918762,149177.7054280727,0.02269248274432031,0.028106267403804463,52082.77760411456,64508.25548564135,164700.20409700947,203993.01521867796,0.02932254365084271,0.032676513614697346,67299.79865847973,74997.68141932672,212820.64983154033,237163.49251676205
2025-02-03,2267838.2585219834,-16206.166383516043,2284044.4249054994,0.009167233603962108,0.014762549076861732,0.021077828155666,33718.317916399865,48142.69588806509,106626.68348548652,152240.57170710835,0.024541501183015922,0.031338669412963364,56053.878955879234,71578.91315663548,177257.92918795935,226352.39801436086,0.02998021746113478,0.03473725352793709,68476.1485495594,79341.4302570136,216540.59481264307,250899.63242756165,0.015535370232036385,0.019939001042179785,35483.47576732556,45541.56416857568,112208.60272413967,144015.0709794116,0.02161405868698009,0.029057491761999732,49367.470243577154,66368.60206073297,156113.64829029125,209875.94763326095,0.02965739188412849,0.03304396631333422,67738.80059018129,75473.88703473615,214208.89583293092,238669.38689601803,0.01560184205647563,0.020097308469075734,35635.300367349315,45903.14536439851,112688.71426505879,145158.4911172991,0.022188508645839773,0.027482059337367554,50679.53946949781,62770.244414436485,160262.77549201457,198496.94163508152,0.028671323479471714,0.0319508056048686,65486.57654794952,72977.0594130395,207086.73805848727,230773.72468663537
2025-02-04,2275998.724844351,8160.466322367545,2267838.2585219834,0.009057489772047933,0.014585821966535267,0.020825498856537908,33078.285087699034,47228.863059662486,104602.7219695115,149350.7785687223,0.024247707166510615,0.03096350436131859,54989.87799365045,70220.21980851059,173893.2627147056,222055.83239256617,0.029621314864348856,0.034321402958722574,67176.35111709624,77835.39071594065,212430.27442922062,246137.1172314964,0.0153493914370014,0.019700305000010222,34809.9371458615,44677.10538357511,110078.68658822325,141281.412275468,0.021355310003789353,0.02870963540428696,48430.38904919074,65108.80955805921,153150.33736351918,205892.1339456081,0.029302353933689667,0.03264838661704494,66452.99931557356,74041.26024915162,210142.83518682286,234139.02321660522,0.01541506750635864,0.019856717278991482,34958.87984861919,45031.82313395142,110549.684769799,142403.12829314818,0.021922883041818643,0.02715306297588376,49717.55289933911,61578.75505276598,157220.70685181973,194729.12144434257,0.028328090063522965,0.03156831247866444,64243.526436913824,71591.82679609217,203155.86846188927,226393.23452792622
2025-02-05,2286282.198937837,10283.474093486557,2275998.724844351,0.008825527347400252,0.014212278886279387,0.020292157574258125,32347.128622304175,46184.92476335213,102290.60221290567,146049.55581570583,0.02362672308725186,0.030170528633164218,53774.39161883582,68668.08469696174,170049.55730539025,217147.5502037523,0.028862712625747244,0.033442431406120396,65691.49713174968,76114.9312360247,207734.7538427472,240696.5466529333,0.014956293333199939,0.019195779946258165,34040.50455476113,43689.57068007635,107645.52709438109,138158.5533439529,0.020808400251501352,0.02797438128788915,47359.89243846795,63669.656139545375,149765.12984614455,201341.13124068684,0.02855192028845174,0.03181226103356418,64984.13416837371,72404.66554680771,205497.87574603286,228963.65635063316,0.015020287437611829,0.01934818650484777,34186.15505480015,44036.4478130842,108106.11441684683,139255.47515248688,0.021361437737034382,0.026457672698553862,48618.60505033225,60217.62932425779,153745.5286192152,190424.86396040072,0.027602607328002644,0.030759847607173794,62823.49908091335,70009.37393033411,198665.347677181,221389.0791822701
2025-02-06,2312527.9891681564,26245.790230318904,2286282.198937837,0.008627623483956327,0.01389358236093626,0.019837125685116506,31764.6500312853,45353.26733197441,100448.64317700031,143419.62409954704,0.023096916811045122,0.029493983884775036,52806.069755440534,67431.5703315206,166987.4547089227,213237.3484494405,0.028215494378807052,0.03269251742163999,64508.58253249717,74744.32061956062,203994.04943164394,236362.2953196993,0.014620913007817704,0.01876533325863865,33427.53314199229,42902.847386361704,105707.14128946033,135670.71584750497,0.020341792122631555,0.027347083006845636,46507.07722446644,62523.1490714266,147068.29134665587,197715.5575519497,0.027911671257271516,0.03109890203351717,63813.95713810474,71100.866125742,201797.45106477113,224840.68056805662,0.01468347210670503,0.018914322248444894,33570.56089615997,43243.478261593445,106159.43476124885,136747.8852546139,0.020882428280662207,0.025864385131854396,47743.124048674064,59133.283313431166,150977.0146057697,186995.860794471,0.026983645716270006,0.030070087954205377,61692.22886355333,68748.70681019484,195087.9571412096,217402.49971134486
2025-02-07,2292211.2366369306,-20316.752531225797,2312527.9891681564,0.00881968785776843,0.014202875203991163,0.02027873108549459,32844.546435891956,46895.13322002059,103863.5754525841,148295.43215229115,0.02361109025319322,0.03015056603124765,54601.307065284775,69724.02783652284,172664.49354854395,220486.73560439443,0.02884361535206717,0.03342030392027487,66701.66781045566,77285.38822214189,210929.19401297625,244397.8566323197,0.014946397367054023,0.019183078885623654,34563.96224854167,44361.406841425385,109300.84566546655,140283.08582828022,0.020794632186122323,0.027955871786637037,48088.16895486488,64648.735968194545,152068.1424043718,204437.25351034562,0.028533028653319917,0.03179121216462322,65983.4273765393,73518.06794027436,208657.9183341729,232484.54386627075,0.015010349129190548,0.01933538460304153,34711.852488439006,44713.618075864564,109768.51566725085,141396.87554660757,0.021347303749423664,0.026440166741195873,49366.23741381655,61143.62562728846,156109.7497402805,193353.1213828731,0.027584343814338434,0.030739495077052023,63789.56713349513,71085.94273857956,201720.32309806274,224793.48867421877
2025-02-10,2292484.791811265,273.5551743344404,2292211.2366369306,0.008819966849472831,0.014203324481156571,0.02027937255918843,32557.019973307495,46484.60565211834,102954.33694324602,146997.22999543062,0.02361183713884481,0.03015151977903797,54123.31840730127,69113.6524391915,171152.96069358883,218556.55912109712,0.02884452775730621,0.03342136109913455,66117.75064078314,76608.81945513662,209082.68579193208,242258.35833485125,0.014946870163931116,0.019183685700735507,34261.38374231618,43973.05992333714,108344.00841478257,139055.0250448145,0.02079528997922901,0.027956756110033003,47667.197359512094,64082.790495335816,150736.91333282227,202647.57678465103,0.028533931233822092,0.03179221781069707,65405.797799592474,72874.47890328857,206831.29322714143,230449.33663228134,0.01501082394904299,0.019335996236014556,34407.97932717508,44322.18784376196,108807.5843578612,140159.06446811496,0.02134797902509707,0.02644100311854876,48934.07740081701,60608.364456289586,154743.139785554,191660.4769394678,0.027585216385252465,0.030740467454335917,63231.142963336875,70463.64491830065,199954.43081987323,222825.6101791793
2025-02-11,2294289.3278227714,1804.5360115063377,2292484.791811265,0.008551325087329698,0.01377071445188683,0.019661696044929976,31569.15345332616,45074.13916421767,99830.42871588076,142536.94333032618,0.022892659204882954,0.029233153809757894,52481.07307131234,67016.56052554952,165959.72495507533,211924.9722112673,0.02796597062697273,0.03240340111219536,64111.562350575536,74284.3042526681,202738.56137971717,234907.59583936326,0.01449161294948897,0.018599382015812512,33221.80229551865,42638.80040833813,105056.56322964923,134835.72598766605,0.02016189946431665,0.02710523905181935,46220.84789597362,62138.348304704654,146163.15473547802,196498.71068372924,0.027664834365506413,0.030823878863299046,63421.2120509011,70663.27351874577,200555.48204936617,223456.8912426976,0.014553618806924764,0.018747053421343276,33363.94978069343,42977.3348597028,105506.07304646654,135906.26592041392,0.020697754505960755,0.025635653416919937,47449.28742955811,58769.34558643345,150047.82162939993,185844.98865069365,0.02674501581927451,0.029804163102292912,61312.542022438516,68325.59064466895,193887.2819256923,216064.48891344623
2025-02-12,2280199.5445515,-14089.783271271735,2294289.3278227714,0.008293057243339034,0.01335481016858815,0.01906787183700134,30639.79844489082,43747.214859924556,96891.5501343401,138340.8402461256,0.02220125317415931,0.028350251624378427,50936.09822176513,65043.679742901615,161074.0855028302,205686.17538612435,0.027121340015322123,0.03142475084948799,62224.20095340622,72097.47050346986,196770.20059678447,227992.2203277714,0.01405393602875569,0.01803764190609548,32243.795444678122,41383.569324243654,101963.83401374459,130866.33677208515,0.019552968070383224,0.026286604328045693,44860.165971139635,60309.07577453511,141860.30068198062,190714.0430272144,0.02682929869670993,0.029892933465228633,61554.173672830984,68583.03822659023,194651.38829571803,216878.6096504203,0.014114069180037622,0.018180853327338896,32381.75829191261,41712.137759624755,102400.11084348743,131905.3613951273,0.020072639172709898,0.024861403242863317,46052.44183518562,57039.252134799746,145630.60801161118,180373.95277858878,0.02593726058805605,0.02890401524593549,59507.58016013517,66314.17370997647,188179.49135107454,209703.83007558386
2025-02-13,2292271.3365549804,12071.792003480718,2280199.5445515,0.008180780921710854,0.012882155559343926,0.0186473910635741,29373.885239257597,42519.77261023538,92888.38108445401,134459.32704078668,0.021900679457037955,0.027966429123674582,49937.91932330634,63769.03895053459,157917.5666713825,201655.40728368278,0.026754155247968283,0.030999303956992894,61004.812611277404,70684.59876414872,192914.15608340077,223524.32758983294,0.01386366551748268,0.017793437624774578,31611.923798778345,40572.58836801652,99965.6804238219,128301.7898113861,0.019288248405796415,0.025930720706909598,43981.05523009318,59127.21754578742,139080.30842475535,186976.6791529594,0.02646606775772783,0.02948822522390454,60347.915647240145,67239.0377251792,190836.8654889933,212628.50688955307,0.013922984550540689,0.017934710164961162,31747.18303094045,40894.7179498076,100393.40767201965,129320.4529915634,0.01980088389289536,0.024524814838283615,45149.96643429714,55921.47162446417,142776.73021253003,176839.22044178296,0.025586106589417304,0.02851269556528273,58341.428592035474,65014.63544189326,184491.79629890254,205594.32924189043
2025-02-14,2283634.654046072,-8636.682508908678,2292271.3365549804,0.008036324260424508,0.012654681776573931,0.01831811444798892,29007.96430966508,41990.08868885866,91731.23750341556,132784.3194092667,0.021513956103296743,0.027472596442177668,49315.8249114892,62974.6453651462,155950.33141037755,199143.314195228,0.026281728962550797,0.030451916611618127,60244.853975962054,69804.0555919747,190510.95586829097,220739.80558765325,0.01361886018006908,0.017479240164082248,31218.12282732235,40067.161212886305,98720.372409234,126703.48880987536,0.01894765549743867,0.025472834672077914,43433.16759169706,58390.648779608084,137347.73558557287,184647.4441984927,0.02599872853641789,0.028967520586551384,59596.14021090475,66401.41713161804,188459.54282120653,209979.71799883764,0.013677131754510567,0.01761801810629804,31351.6970871505,40385.27791197365,99142.77130706208,127709.46214072578,0.019451238840050202,0.024091754363481977,44587.51725353202,55224.83797473311,140998.1097332165,174636.2714139169,0.02513430576886058,0.028009216882128683,57614.64867816759,64204.725018255434,182193.51641341904,203033.167602483
2025-02-18,2300044.495465272,16409.841419200413,2283634.654046072,0.00784617928459392,0.012355263275954181,0.01788469522346514,28214.90737683177,40842.10978935726,89223.37128147512,129154.09138102875,0.02100492106056869,0.02682257585848541,47967.56563941683,61252.96374121685,151686.76123418822,193698.87885795382,0.025659885124942095,0.02973140325744377,58597.802890159095,67895.66279211687,185302.5230145002,214704.93766983662,0.013296628553287683,0.017065669283810068,30364.641746266243,38971.753770998286,96021.42825323391,123239.50632761068,0.018499340897398322,0.024870129831394572,42245.73595031057,56794.290333597644,133592.7470330393,179599.31554705277,0.025383580684118303,0.028282129066335284,57966.82449402706,64586.05002608694,183307.19412836301,204239.02315601212,0.01330376931325563,0.01716586490660693,30380.94863318527,39200.56396740093,96072.99515744485,123963.0677001135,0.01899100911072853,0.023521726835633222,43368.52652056435,53715.03052485749,137143.32257040055,169861.8410440194,0.024539610755560284,0.027346499488641533,56039.505518199185,62449.413899114996,177212.4763870839,197482.38646378004
2025-02-19,2311230.270901638,11185.775436365975,2300044.495465272,0.00780671769274317,0.012293123686872704,0.017794745896833112,28274.731468065314,40928.70734821424,89412.55166872284,129427.93690682728,0.020899278863050093,0.026687674334760148,48069.27130815208,61382.838450434894,152008.38279834218,194109.5787495349,0.02553083124062342,0.029581872070615176,58722.0478596487,68039.6220215763,185695.4201059055,215160.17672513126,0.013229754459549966,0.016979839168092484,30429.023921045035,39054.38561245675,96225.02256624994,123500.81115387335,0.018406300270422796,0.024745047944136574,42335.3096188669,56914.71131393557,133876.0038440543,179980.12012299098,0.02525591644597961,0.02813988686240332,58089.731599506245,64722.99188088628,183695.86052229578,204672.07132418608,0.01323685930576357,0.0170795308667973,30445.365383469765,39283.680955306336,96276.69880781014,124225.90669414726,0.018895495686528176,0.023403426609453694,43460.48084288692,53828.92254809944,137434.10766963713,170221.99924478884,0.024416191181690285,0.027208962942225065,56158.32612767446,62581.82544258334,177588.22014599518,197901.10852963838
2025-02-20,2294002.361311085,-17227.909590553027,2311230.270901638,0.007661616878839798,0.012064635566437895,0.017464000990400238,27884.150928547795,40363.32774006922,88177.42755411007,127640.04960247553,0.020510831055357368,0.02619163958371984,47405.25361649134,60534.91025043887,149908.57448604685,191428.19434526068,0.025056298339800366,0.029032043847901076,57910.875199689064,67099.73856741264,183130.26692477576,212188.00427486762,0.012945191792556853,0.016522775004951126,29919.31913358484,38187.937750740006,94613.1945035837,120760.86243706584,0.01806418861027261,0.024285120130926447,41750.49953533865,56128.50477907996,132026.6719814717,177493.91676153868,0.02478649329320009,0.027616860329667415,57287.293608744476,63828.92358118992,181158.32879043944,201844.77911339156,0.012990830291472955,0.0167620794195439,30024.800213798244,38741.025357707214,94946.75496711297,122509.87902069422,0.018544291517102206,0.0229684350569455,42860.12790675108,53085.34237885083,135535.62499147825,167870.59228702972,0.023962375717583414,0.026703239176646416,55382.568121197146,61717.33471619173,175135.0579324152,195167.3488181475
2025-02-21,2251833.5280953576,-42168.83321572747,2294002.361311085,0.007650954057270177,0.012047844977926126,0.017439695999770046,27637.78482807243,40006.70380401997,87398.34953835401,126512.30569642568,0.020482285731929367,0.026155188168318435,46986.41183409432,60000.06341865825,148584.08047442764,189736.86015750899,0.02502142700094102,0.028991639386512967,57399.21262353164,66506.88921094021,181512.24779064895,210313.24999904964,0.012927175716779196,0.016499779936873613,29654.971619374795,37850.534136301336,93777.25426487623,119693.89852466637,0.018039048326831484,0.02425132205581412,41381.619457556204,55632.59006095319,130860.17075221911,175925.6967270577,0.024751997447283812,0.027578425406769913,56781.14059123502,63264.9730043718,179557.73241054246,200061.41080288056,0.012972750699706655,0.01673875130684747,29759.520737827097,38398.73502330711,94107.86760654824,121427.46194292922,0.018518483065086286,0.02293646943811874,42481.44387920728,52616.31505118393,134338.12095091393,166387.3976467402,0.023929026812162878,0.026666075758118156,54893.244010977905,61172.04075602333,173587.67923008712,193442.9779096822
2025-02-24,2242343.301413239,-9490.226682118606,2251833.5280953576,0.00869932667767936,0.014009050337649157,0.020383397339523383,31546.04924709396,45900.01754562846,99757.36680065676,145148.60008587755,0.0232888726495894,0.02973910501738898,52442.66426388837,66967.51377370537,165838.2656414048,211769.87276360675,0.028449990131107432,0.03296422120128877,64064.64165120976,74229.93852861389,202590.1851003133,234735.67632470778,0.014742425746494432,0.0190087640983483,33197.48858141239,42804.57232431602,104979.67651469528,135359.94281424623,0.020901033899129264,0.027652398184318756,47065.64890591692,62268.59736369216,148834.6500965094,196910.59437322337,0.02814364197029758,0.03135736145762504,63374.79659142778,70611.55788288519,200408.70347878724,223293.35204273427,0.014805504766909972,0.019194240394533244,33339.532034503514,43222.23406673222,105428.85735317851,136680.70521179598,0.02105597975786796,0.0260793410836394,47414.561185664235,58726.334642773916,149938.00760411276,185708.97610441636,0.027207903714981392,0.030319997021964133,61267.66981458534,68275.58586581022,193745.3835452358,215906.35991835964
2025-02-25,2247788.670659076,5445.369245836977,2242343.301413239,0.008497516617474957,0.01368406342811035,0.019910536071442244,30684.367964137127,44646.25718734518,97032.49132937714,141183.86171367363,0.022748609136602194,0.029049206730274033,51010.191313927935,65138.294122998355,161308.38843294943,205985.37232663494,0.027789997187526526,0.032199505527109956,62314.71403974286,72202.34552753357,197056.4281076597,228323.86427347772,0.014400425734574812,0.018567792058875203,32290.69818342265,41635.364145252744,102112.15349667711,131662.5819095083,0.0204161643148728,0.02701090806110129,45780.04929200703,60567.72875589934,144769.2271575211,191531.97557191845,0.02749075579981156,0.030629922284677157,61643.7121184946,68682.80105785391,194934.5337221663,217194.08742304056,0.01446204142554207,0.01874896561027467,32428.86171532503,42041.61744462659,102549.06494706198,132947.2676424879,0.020567515684722978,0.025474343295973333,46119.4310223503,57122.223047627056,145842.44642165487,180636.32984266637,0.026576725131833765,0.029616622996466307,59594.14157286832,66410.63618660752,188453.2225727932,210008.87121047874
2025-02-26,2261732.5434246105,13943.872765534556,2247788.670659076,0.008260042357016979,0.013301644306273295,0.019354109995244395,29899.285372777915,43503.94917799994,94549.8421893348,137571.56661468974,0.022112869381759864,0.028237388501995874,49705.05727208379,63471.68196378518,157181.1922089004,200715.08192739013,0.027013369223461637,0.03129964806211388,60720.345296827625,70354.99430963589,192014.59144986814,222482.02678663505,0.013997986927386654,0.01804889072734369,31464.51642741357,40570.09209488679,99499.53738641093,128293.89590263428,0.019845607793442462,0.026256052765741538,44608.73236044343,59018.057943060725,141065.19779186053,186631.48617986392,0.02672249052927761,0.029773928884501793,60066.51146350466,66925.50002759215,189946.98732528868,211637.0136328529,0.014057880686958686,0.01822500114593979,31599.144941622762,40965.95109859214,99925.27012931631,129545.7119866282,0.019992729450513908,0.024762429320727523,44939.43075441722,55660.708085127444,142110.9579353774,176014.61372675202,0.02583400364858322,0.028788947575522146,58069.38071905059,64711.47020045675,183631.5053876661,204635.63657155618
2025-02-27,2233344.78135424,-28387.76207037084,2261732.5434246105,0.008150415345734888,0.01312510531925522,0.019097242882087154,29685.47783643499,43192.855716100516,93873.72339358194,136587.80270990074,0.021819388104495678,0.027862622807815703,49349.6201535497,63017.80074960157,156057.20134936547,199279.7835034072,0.026654848673005622,0.03088424015947571,60286.13868379511,69851.8910476275,190641.50957757802,220891.07458042807,0.013812206103937054,0.017809346441506602,31239.516041762483,40279.97842387876,98788.02369333722,127376.47592189614,0.019582217537625738,0.02590758329447691,44289.73867726827,58596.024258602214,140056.4511938209,185296.89848766223,0.026367830511311717,0.029378770276754382,59636.9803669381,66446.92082073103,188588.6907342686,210123.6132983749,0.013871304955496207,0.01798311952840247,31373.18183761284,40673.0066696825,99210.71205348342,128619.34036341647,0.019727386600889248,0.02443378317084316,44618.07227194982,55262.682556476546,141094.73318536513,174755.94648932258,0.02549113559936082,0.02840686160740599,57654.13095392398,64248.723354029265,182318.37033201606,203172.30255678517
2025-02-28,2263971.023705548,30626.242351308465,2233344.78135424,0.008486205992451899,0.013665849246580089,0.019884034139448486,30520.553097623415,44407.90387760683,96514.46323659737,140430.12236706083,0.02271832958560831,0.029010540764753272,50737.86282110396,64790.539821226164,160447.21012386485,204885.6766669133,0.02775300729368701,0.032156646354325746,61982.034006242044,71816.87832128725,196004.401469736,227104.90993843746,0.014381258038530393,0.0185430773871731,32118.30758966057,41413.08511289086,101567.00657320014,130959.67389114646,0.020388989366076606,0.026974955174350456,45535.642997814284,60244.375365900145,143996.3465933908,190509.44237038426,0.027454164211415874,0.030589152306689123,61314.61436800799,68316.12367019417,193893.8352577908,216034.55171155525,0.014442791715892092,0.018724009787399087,32255.733506873854,41817.16954471346,102001.58548113186,132237.5010627209,0.020540139279587463,0.025440435654752968,45873.212868355906,56817.26420492088,145063.83625375052,179671.96530710583,0.026541350164553456,0.029577201771155207,59275.98588010096,66056.08922267087,187447.12593309957,208887.69526694133
2025-03-03,2231140.1599770966,-32830.86372845154,2263971.023705548,0.008878345065328372,0.014297334442483899,0.02080285542653754,32368.750894010864,47097.06189601671,102358.97783968582,148933.98669334108,0.02376812082434639,0.03035108877516617,53810.33683425265,68713.98552489093,170163.22605709283,217292.70136649598,0.029035445942873748,0.03364257275057606,65735.40827503498,76165.80987021007,207873.61307019074,240857.43902119756,0.015045801557629822,0.01939993440682952,34063.25875489772,43920.88935885031,107717.48219314803,138890.04723421944,0.021331144128053047,0.02822144081497276,48293.09220839885,63892.52425231942,152716.1666310713,202045.9020948761,0.028722793621312224,0.032002646374154786,65027.57247852542,72453.06407298186,205635.2397438211,229116.70592873875,0.015110178644544949,0.019589227511914786,34209.00661426414,44349.443463750606,108178.37739283982,140245.2543063191,0.021489278527564156,0.02661601268647972,48651.103906743076,60257.88148876935,153848.2990268242,190552.15248100905,0.027767799352291206,0.030943934618688888,62865.493125656976,70056.17133615063,198798.1445067339,221537.0655732375
2025-03-04,2191461.338441158,-39678.82153593842,2231140.1599770966,0.009321934969277369,0.015225988346352129,0.02185871690334364,33971.314074889495,48769.86112862019,107426.72758558669,154223.84233654986,0.02495565052227327,0.03186752415309496,55679.5540985973,71100.91293701029,176074.21005413096,224840.82859828457,0.03048614768764078,0.03532346096850581,68018.86842888824,78811.59235621679,215094.54810260556,249224.13787036136,0.015797536888783884,0.02036921584124334,35246.51898128536,45446.575490639676,111459.27957321944,143714.69040520565,0.0223969148437957,0.029631472316147923,49970.65616757975,66111.96788380718,158021.08966269268,209064.39910873285,0.03015787427765901,0.03360159873822354,67286.44444042529,74969.87638428628,212778.42008611775,237075.56527561348,0.015865130456427245,0.02056796662224513,35397.32970461059,45890.016339959584,111936.18495450464,145116.9734966161,0.022562950132782717,0.027945831974221517,50341.10416881208,62351.06802165766,159192.54910124373,197171.38949252706,0.02915516550633495,0.0324899904302514,65049.26063196289,72489.72244620544,205703.8237069267,229232.6298834418
2025-03-05,2216632.088151175,25170.749710016884,2191461.338441158,0.010050079054208754,0.018080573748995375,0.023778267806464474,39622.878347757476,52109.15459296694,125298.54303068286,164783.61545959985,0.02690495711723407,0.034356722939608585,58961.17333483574,75291.43003768667,186451.6012540666,238092.40721030705,0.032867446010817244,0.03808260585079584,72027.73722600806,83456.55838911214,227771.70434228366,263912.8101884273,0.01710436897681866,0.022045941656315585,37483.56333113044,48312.82880934503,118533.43494554044,152778.57924333107,0.024146356469163098,0.03194601123600951,52915.80666638948,70008.44854112167,167334.47329091246,221386.15284463664,0.032513530892058676,0.03622624753121679,71252.14592615885,79388.42090146105,225319.06930134952,251048.22989273473,0.01710436897681866,0.022038965234970488,37483.56333113044,48297.54025168658,118533.43494554044,152730.23257899156,0.024228426491341732,0.030116587323931972,53095.65994703896,65999.33676618397,167903.21930241832,208708.22824163316,0.03143249970557567,0.03502781057480651,68883.10787533216,76762.09264492882,217827.51319713148,242743.0507188339
2025-03-06,2179267.611391136,-37364.47676003911,2216632.088151175,0.010137520958343051,0.018237885924145946,0.023985153444159215,40426.68315950255,53166.260763552986,127840.39703000015,168126.47868727025,0.0271390468859108,0.0346556476801454,60157.2821691491,76818.82068347213,190234.02949994578,242922.44052782457,0.03315341312089819,0.03841394807726271,73488.91935551511,85149.58994063367,232392.3679478611,269266.646041764,0.01725318756663087,0.022237754984993297,38243.969183084875,49292.921268179896,120938.04938383725,155877.90373080407,0.024356444705900388,0.032223961293606565,53989.27688837861,71428.66661074976,170729.08419276468,225877.276718789,0.03279641872169623,0.03654143829207388,72697.59411495381,80998.92466540703,229889.9778177067,256141.08996707818,0.01725318756663087,0.0222307178644673,38243.969183084875,49277.32256101378,120938.04938383725,155828.57628760516,0.024439228788035464,0.030378620261924495,54172.77874122736,67338.22446634129,171309.3680026278,212942.16290531485,0.03170598189523121,0.03533257419286322,70280.49685530971,78319.31771288271,222246.44515107994,247667.42876307864
2025-03-07,2187033.908328119,7766.296936983243,2179267.611391136,0.010674426636727914,0.019203804964377433,0.025255460566977354,41850.230174340046,55038.407224379764,132342.04795322014,174046.72561690607,0.02857639122668937,0.036491087932652315,62275.60385076596,79523.84603605511,196932.75083077312,251476.48177048683,0.03490929168683102,0.040448436285633785,76076.68870971668,88147.96712869969,240575.61316632104,278748.3472403437,0.0181669547896855,0.02341551599530697,39590.65617076868,51028.67561258356,125196.64756022919,161366.84091765198,0.02564641624051927,0.03393061402159454,55890.404261219264,73943.88817187493,176740.97681303328,233831.10567190897,0.03453339006949647,0.03847675421358801,75257.49848998994,83851.14424912976,237985.10623505074,265160.6002385793,0.0181669547896855,0.02340810617321169,39590.65617076868,51012.52762728514,125196.64756022919,161315.77650448607,0.02573358475194044,0.03198753962072507,56080.367774892606,69709.40906353685,177341.69418856959,220440.50698516174,0.03338520128114108,0.03720386598047628,72755.28785176462,81077.18014978849,230072.42143275513,256388.55553712332
2025-03-10,2137474.083332904,-49559.82499521552,2187033.908328119,0.010385859605629495,0.018684659049289468,0.024572717266296448,40863.982906345904,53741.365881150174,129223.26025024019,169945.12075289636,0.02780387157233907,0.03550460638524579,60808.009911505804,77649.7780663756,192291.8113024522,245550.15849633218,0.033965571616175735,0.039354973791699145,74283.85684032345,86070.66214381048,234906.18099730092,272179.3320932721,0.017600530445921046,0.022507043001696522,38492.95688979076,49223.66622090939,121725.41764640983,155658.90004196664,0.024953104042618447,0.03301335102614064,54573.28465924601,72201.3181217085,172575.8789199434,228320.61533098915,0.03359983193234739,0.03743659317191523,73483.97175016966,81875.09867926354,232376.7222460058,258911.7954775167,0.01767583855588976,0.02277530331344977,38657.658279864445,49810.360618972416,122246.24917283852,157514.19063030728,0.025037916084750717,0.0311228047122724,54758.771471223845,68066.62922801392,173162.43972171674,215245.58101071249,0.032482682696847814,0.03619811555314838,71040.72849146924,79166.50613231497,224650.5086706605,250346.47377580265
2025-03-11,2124777.5301456805,-12696.553187223151,2137474.083332904,0.01152899321753391,0.020767924091590343,0.027616863601677057,44390.8995103994,59030.33021152452,140376.3498365155,186670.29450026655,0.030864142107691454,0.03941246865929495,65971.30385949428,84243.13031941329,208619.58040705876,266400.1690317341,0.037704037957560846,0.0436866319350967,80591.40397128639,93379.04354937279,254852.39638000418,295290.46334407176,0.019537756511366196,0.025171026693132998,41761.44818951394,53802.41720745252,132061.29466597916,170138.1819981859,0.027699601014039444,0.036647009927049036,59207.179286171144,78332.03395071097,187229.54037824302,247707.64103788437,0.03729804264332085,0.041557102171171416,79723.59950914381,88827.22886929646,252108.15771597627,280896.36146804,0.01992993564889559,0.025427718258926046,42599.720932006865,54351.0887767453,134712.14583269262,171873.23384453,0.02779374800770554,0.03454837808937173,59408.41604515613,73846.26278721842,187865.90688558595,233522.38709894437,0.03605793287406626,0.04018230984689512,77072.89701687417,85888.64590619088,243725.9004409193,271603.7462112598
2025-03-12,2128076.9377346886,3299.4075890081003,2124777.5301456805,0.011272633633171318,0.020306126926153825,0.02700277288787935,43146.002216977824,57374.88508379303,136439.63893632434,181435.31735520667,0.030177844658023232,0.038536089959649765,64121.20623759462,81880.61804593638,202769.05802819482,258929.2492474445,0.03686564805505908,0.04271521261046303,78331.30062164835,90760.32395010727,247705.32204777206,287009.3448570694,0.01910331344733404,0.02461132179789397,40590.29116422519,52293.583543349705,128357.7709683593,165366.83100928357,0.02708367054474494,0.03583212418154074,57546.77460734247,76135.29231832745,181978.87975554407,240760.93404863615,0.03646868048400949,0.040633035234978514,77487.83284648566,86336.16024890007,245038.0427453032,273018.91081981396,0.01948677205924635,0.024862305550188084,41405.055406557316,52826.86818065588,130934.28173019018,167053.2251043479,0.027175724078582427,0.033780157683627784,57742.36788761087,71775.32001095028,182597.40001621586,226973.49102206453,0.035256145891443054,0.03928881289909465,74911.46658967616,83479.98683409409,236890.85728698285,263986.8974366062
2025-03-13,2101820.717475105,-26256.220259583555,2128076.9377346886,0.010935830305508511,0.019699421222479866,0.026195985045684374,41921.88399028069,55747.0716369637,132568.63721463506,176287.7192573766,0.029276192139786102,0.037384710099726826,62301.98931736837,79557.53938712575,197016.189002363,251583.02950187374,0.03576417759611925,0.04143896907969719,76108.92153934902,88185.31442200445,240677.5423233914,278866.4497516291,0.018532545359962283,0.023875985642257833,39438.68237805775,50809.934410973445,124716.06423060836,160675.12050244195,0.02627446564537246,0.034761533310383806,55914.084391219505,73975.21735812395,176815.85995912293,233930.1772576955,0.03537907060736609,0.039419002922253484,75289.38423802295,83886.67102734394,238085.9378237333,265272.9457756638,0.01890454700975591,0.024119470511352797,40230.33050978282,51328.08894558179,127219.47543227658,162313.66901174883,0.026363768807155952,0.03277087539103726,56104.12839027774,69738.94414904364,177416.83185179386,220533.90512625105,0.03420276407817616,0.038114943211234154,72786.11344154713,81111.53163089474,230169.9005066859,256497.1844584193
2025-03-14,2152472.1568678124,50651.43939270731,2101820.717475105,0.011030158657666182,0.019869341008217616,0.026421941743390416,41761.79257364948,55534.184552178274,132062.3837042375,175614.51118502129,0.029528717543422473,0.03770717652441368,62064.07029323594,79253.7248165036,196263.82298742,250622.28347236163,0.03607266591796317,0.04179640601490928,75818.27656093311,87848.55207813742,239758.44220110666,277801.5137148324,0.018636734462692494,0.024079704273108758,39171.07459976935,50611.2213118938,123869.81413163966,160046.73450843955,0.02650109928716397,0.035061373200363705,55700.559517625974,73692.72057565086,176140.63502146784,233036.8439934114,0.035684237141413506,0.03975901639041069,75001.86891111753,83566.32435579746,237176.73452850428,264259.92065272306,0.019067610510002365,0.02432751597700943,40076.69880266902,51132.07708518504,126733.6493169771,161693.82508448817,0.02659117274437617,0.03305354461578226,55889.87777608918,69472.62485943887,176739.31192086803,219691.72958626196,0.0344977842352745,0.03844370835162664,72508.15761268602,80801.78267001959,229290.9269985648,255517.67223918345
2025-03-17,2176127.519612871,23655.362745058723,2152472.1568678124,0.012181469595451085,0.021943272158196126,0.029179823245442844,47232.28235108983,62808.75707813989,149361.5913176166,198618.72937114435,0.03261087950877868,0.041642993416346676,70194.0101536172,89635.38385731584,221972.95018641607,283451.9719326073,0.03983787511534374,0.04615905037013068,85749.9169745545,99356.07070916519,271165.046809927,314191.48280570295,0.020582008043737308,0.02659310664280068,44302.19924657391,57240.92161324493,140095.85497376908,181011.6876650138,0.029267243131471214,0.03872102522461466,62996.925948772514,83345.92868135929,199213.771587085,263562.9683350495,0.039408902742562014,0.043909001160941125,84826.5658860763,94512.90243480222,268245.15429034026,298876.0399672487,0.021057858267892093,0.02686678454990538,45326.45360490639,57830.00568823765,143334.831649454,182874.53507532424,0.02936671831713638,0.03650362259106709,63211.043516216036,78573.03125208279,199890.87078726126,248469.74142017332,0.03809860971313927,0.04245640329899066,82006.19662290587,91386.22598182813,259326.36357599086,288988.6208694342
2025-03-18,2161029.508128601,-15098.011484269984,2176127.519612871,0.012110024063662204,0.021814572682632365,0.02900868067738564,47471.29194327146,63126.58832972103,150117.40601153852,199623.80003772274,0.032419613454190505,0.04139875311458352,70549.21301287565,90088.96593030426,223096.20025307703,284886.3243890714,0.03960422201210753,0.04588832294478003,86183.83741340504,99858.84238901857,272537.22371999454,315781.3864570686,0.020461292517712684,0.026437135425114198,44526.3817346435,57530.577938323324,140804.78224759252,181927.66139093568,0.029095587837080193,0.03849392255716504,63315.70939158374,83767.6842144935,200221.85334671853,264896.6764355322,0.03917776560499447,0.043651470498184845,85255.81388997106,94991.1662226694,269602.5556637285,300388.4428592886,0.02093435183293401,0.026709208184050308,45555.81912890585,58122.64295638119,144060.1491220103,183799.93537090725,0.02919447959087912,0.036289525210795884,63530.91045848837,78970.634484898,200902.37887303543,249727.07324091558,0.03787515757462319,0.042207392267294426,82421.1727078114,91848.6678439549,260638.63317879176,290450.9904391644
2025-03-19,2189469.2952966955,28439.787168094423,2161029.508128601,0.011864310081567955,0.021371952131809688,0.028420090728507756,46185.4192031527,61416.65468799733,146051.11937164146,194216.51508212954,0.03176181523034648,0.0405587669652542,68638.21994450716,87648.69222522584,217053.1095642387,277169.5013668056,0.03880064713503195,0.044957242832708064,83849.34339328951,97153.92836558519,265154.90543238656,307227.6972680891,0.020046130199546153,0.025900722467854943,43320.278885007116,55972.225534883975,136990.75015032195,176999.71839886974,0.028505234530493948,0.037712875802160636,61600.65295652375,81498.63744485822,194798.36869620028,257721.32052603734,0.03838284358454663,0.04276577641665425,82946.45759208985,92418.10477442006,262299.7298335696,292251.70812324923,0.020509591079000654,0.026167274834703796,44321.83152137153,56548.25306510587,140157.9376777799,178821.2773893324,0.028602119757592803,0.03555320596807774,61810.02479118612,76831.52720558988,195460.46057162157,242962.62207885596,0.03710666564255237,0.04135099872312878,80188.59940181741,89360.7284312694,253578.61648855868,282583.43521457654
2025-03-20,2184203.9427588545,-5265.35253784107,2189469.2952966955,0.011940377675927377,0.021508977628804844,0.028602305110830138,47093.24609149173,62623.86881487034,148921.92005993615,198034.06134657972,0.03196545495827422,0.04081880803060232,69987.38214133092,89371.52685361395,221319.53503919818,282617.5828243218,0.039049416078768176,0.04524548456676636,85497.49750372801,99063.59920975546,270366.8263563409,313266.6067168836,0.020174655237244234,0.026066784011826362,44171.78818514292,57072.423221024634,139683.45898756702,180478.84896352128,0.028687994809218832,0.03795467053939553,62811.48377841562,83100.58575910858,198627.35195451227,262787.12589293567,0.03862893379595188,0.043039967643161536,84576.86445628546,94234.68762526546,267455.52903720055,297996.2474903226,0.02064108757934068,0.02633504536952065,45193.02747649641,57659.77322681089,142912.90118430037,182336.21276551893,0.02878550121244202,0.03578115406039524,63024.971054367605,78341.73816551606,199302.45799798545,247738.32845957196,0.037344573685306026,0.04161611915369766,81764.7974299225,91117.21507642973,258562.99230083686,288137.93369295116
2025-03-21,2175028.1884676176,-9175.754291236866,2184203.9427588545,0.011591639116225443,0.02088077221667177,0.027766927289522528,45607.86500350403,60648.632064073536,144224.73262855603,191787.8142959914,0.03103185076040702,0.039626626953278364,67779.89078198536,86552.6348295849,214338.83442852498,273703.46355030796,0.03790891303186991,0.043924015049714035,82800.79730991278,95939.00685338466,261839.11157726726,303385.7781111994,0.019585420926498433,0.025305460295016898,42778.553608249655,55272.286149703556,135277.66440968332,174786.3157176417,0.027850114277962815,0.03684614135404527,60830.329412211046,80479.48722095577,192362.39176091852,254498.484540635,0.03750071163242845,0.041782913910618835,81909.20220381305,91262.40530352744,259019.64029133262,288597.06550457707,0.02003823033742838,0.025565886634251554,43767.58170892116,55841.11038665814,138405.24587771558,176585.0958947255,0.02794477284474861,0.03473610603342602,61037.08302700049,75870.73975429875,193016.2040981262,239924.3453854679,0.03625386339178218,0.04040065128090967,79185.83136057154,88243.26181778847,250407.58551339604,279049.69550678186
2025-03-24,2221589.703916996,46561.51544937771,2175028.1884676176,0.011285720233315762,0.02032970066874251,0.02703412088543469,44217.67201762393,58799.9749762616,139828.55640598465,185941.8472858918,0.030212878652661233,0.038580827189372925,65713.86272428972,83914.386671284,207805.480056393,265360.59033733263,0.0369084460391737,0.04276480145772876,80276.91052773879,93014.64864478112,253857.88078920415,294138.1454778024,0.01906853543419876,0.02463761530197094,41474.60208217591,53587.50777840791,131154.20762883784,169458.5787117586,0.02711511245782371,0.035873722329475756,58976.133929236035,78026.35729186998,186498.91080752152,246741.00656839658,0.036511017621436305,0.04068020684563128,79412.49251626187,88480.59660194138,251124.35102246355,279800.21399268945,0.019509394598250445,0.024891168641280388,42433.48319113259,54138.993438686055,134186.455938449,171202.5294951594,0.02720727285823988,0.03381937366729296,59176.58539800167,73558.09104268166,187132.794009147,232611.10802890398,0.03529707537597431,0.03933442397821704,76772.13391321036,85553.48092975863,242774.80399720036,270543.8614938172
2025-03-25,2218129.5103163198,-3460.1936006760225,2221589.703916996,0.012109687405609939,0.0218139662386227,0.029007874237540084,48461.682797317146,64443.59473863812,153249.29688412228,203788.53998293987,0.03241871219058745,0.04139760223135517,72021.07721685748,91968.4868840299,227750.64354413026,290829.89151285635,0.039603121016752445,0.04588704725173903,87981.88589379602,101942.19171761611,278223.15226143465,322369.5154972194,0.020460723694822686,0.026436400474095692,45455.33309510859,58730.835101877376,143742.3843821743,185723.20780569973,0.02909477898122002,0.03849285242807826,64636.66142241902,85515.324628615,204399.070443983,270423.20067511604,0.03917667646510578,0.04365025698952795,87034.50106856629,96972.96150126618,275227.2583930281,306655.42979582236,0.020933769859019142,0.02670846566942296,46506.24758296487,59335.2523386106,147065.6677898695,187634.54293084188,0.02919366798583322,0.036288516363843074,64856.3522168983,80618.1943243372,205093.79373550945,254937.11491496477,0.037874104647171405,0.04220621890393881,84140.72092923084,93764.90135825732,266076.3221049687,296510.65287310886
2025-03-26,2196128.4347730177,-22001.07554330165,2218129.5103163198,0.011746984226267819,0.02116060545037107,0.02813904518692081,46936.96340562843,62416.04652123345,148427.7108137595,197376.86955012684,0.03144772346165824,0.04015768236856027,69755.12344257104,89074.9403276129,220585.06854473005,281679.69387884176,0.03841694853983182,0.04451266182201129,85213.7672525044,98734.84877013385,269469.5925213825,312227.0065458977,0.01984789453687804,0.025644590893786134,44025.20058989525,56883.02384149619,139219.9083098575,179879.91553678873,0.028223347004053035,0.03733993414951533,62603.03886958773,82824.80985030807,197968.19127595,261915.04589732314,0.038003276637842795,0.04234286676062179,84296.18939911388,93921.96231312718,266567.9565741404,297007.32322197856,0.02030677226369186,0.025908507331178672,45043.05081736785,57468.42467953413,142438.63334559143,181731.11552915996,0.028319274135648897,0.03520162123452066,62815.81767102051,78081.75487126788,198641.05692627828,246916.18909615398,0.03673971878648425,0.040942079767087414,81493.4544410236,90814.83534510131,257704.93042879854,287181.7250236836
2025-03-27,2183921.7218227875,-12206.71295023011,2196128.4347730177,0.011647923618555217,0.020982161145424016,0.027901752715680787,46079.52071445527,61275.83251891184,145716.23894658798,193771.19628277404,0.0311825293882446,0.03981903847978551,68480.83945766924,87447.72265077791,216555.42876656473,276533.9797711554,0.03809298400599771,0.044137293025555954,83657.08534092535,96931.16424733223,264546.93208840786,306523.25527345063,0.0196805201319442,0.025428333792427392,43220.949872885474,55843.8868904494,136676.6442342831,176593.87597063798,0.027985343627862803,0.037025051921230026,61459.40889804338,81311.76932316061,194351.7157654363,257130.39163939536,0.03768280053893082,0.04198579553001425,82756.26976542597,92206.19942003016,261698.30311807443,291581.60455499194,0.02013552820969675,0.02569002466092753,44220.206050489265,56418.593647883,139836.5697215048,178411.25831081806,0.028080461819924143,0.03490477108772615,61668.30066429349,76655.3602949985,195012.28953124216,242405.53339303198,0.0364298980869688,0.04059682116925288,80004.73506467535,89155.83333119143,252997.18640271266,281935.5000169221
2025-03-28,2147573.893151088,-36347.828671699855,2183921.7218227875,0.011375311277974023,0.020491086834875324,0.027248729708041684,44750.92964244117,59509.09270147014,141514.86508005866,188184.2744267482,0.030452721862014823,0.038887098879634395,66506.36076308186,84926.37994190415,210311.57890019263,268560.79404925543,0.03720144162731536,0.043104287388444185,81245.03645301648,94136.38953131529,256919.36377493964,297685.40162378683,0.01921990991224136,0.024833199602056273,41974.77874882101,54233.7640332917,132735.9051279071,171502.2204293217,0.027330364227396323,0.036158503822622326,59687.376101539296,78967.3419268372,188748.05603996574,249716.66125811508,0.03680085824681211,0.0410031443412335,80370.19370693424,89547.65758985495,254152.86810284344,283174.55711680575,0.019664268811554766,0.025088765760049477,42945.223801316824,54791.90051709585,135804.72183783556,173267.2029633805,0.02742325623788068,0.034087846831069996,59890.244981019874,74445.18914454183,189389.58376549056,235416.3585387942,0.03557727919025812,0.03964667805348965,77697.99282695854,86585.24139913083,245702.62695661397,273806.57457675773
2025-03-31,2164844.049301757,17270.156150669325,2147573.893151088,0.011770083280152076,0.021202215276017095,0.028194377288207777,45533.3240037435,60549.50859780699,143989.01329024672,191474.35837301827,0.031509561687094324,0.04023664769711022,67669.11206383753,86411.17414223176,213988.521362904,273256.125578899,0.03849249092137396,0.04460019070211817,82665.46858509799,95782.20518142887,261411.16457400634,302889.9276868965,0.019886923071910135,0.025695017945996754,42708.636804338246,55181.94972487132,135056.56806260388,174500.64685949523,0.028278844874883823,0.03741335870975485,60730.90898176995,80347.9524201664,192047.9967547703,254082.5349785641,0.03807800558255976,0.042426128995598694,81775.33069236674,91113.24701840815,258596.30140135298,288125.3855917153,0.020346703127452234,0.025959453343821243,43696.048448212016,55749.84428166422,138179.03784541605,176296.48712977263,0.0283749606358282,0.03527084105554427,60937.324680694444,75746.73744036844,192700.74050818727,239532.21563831688,0.036811963094265286,0.041022587520265344,79056.41089688549,88099.03798802748,249998.32207231302,278593.61971186474
2025-04-01,2175881.242268385,11037.192966627888,2164844.049301757,0.011578943628120118,0.020857903009595117,0.027736516172372397,45154.1072112352,60045.23198412233,142789.824498937,189879.6957030179,0.030997863807546874,0.039583226760596786,67105.54100483416,85691.51290484001,212206.35319310022,270980.35692500597,0.03786739412762727,0.04387590823712174,81977.00283975819,94984.49885484294,259234.04472772713,300367.3587909589,0.019563970424467007,0.025277745045520782,42352.94495412297,54722.375941562634,133931.77167076417,173047.3469513391,0.027819612052090985,0.03680578642713656,60225.12160485261,79678.78772665796,190448.55663194944,251966.45041730892,0.03745963980180146,0.04173715209201498,81094.27831391714,90354.425341201,256442.62467957725,285725.7807538316,0.020016283905836624,0.025537886158528245,43332.133102684944,55285.54088203558,137028.23647806334,174828.23086158675,0.027914166946160897,0.0346980620763505,60429.81820461222,75115.89320829033,191095.86411648165,237537.31101617022,0.03621415714430091,0.04035640335508646,78398.00259431853,87365.31965448038,247916.25220583615,276273.39861683274
2025-04-02,2197984.4287903723,22103.18652198743,2175881.242268385,0.011295101254059092,0.020346599310542626,0.027056592437410192,44271.783783760555,58871.93196426148,139999.67283519072,186169.39526153682,0.030237992481065346,0.038612896701346995,65794.28064340254,84017.07764210772,208059.78384548068,265685.32770026947,0.03693912541902182,0.042800348811487816,80375.15010504887,93128.4761414603,254168.54160987624,294498.09962766385,0.019084385758569297,0.024658094808412336,41525.35699228483,53653.08596369984,131314.70874721915,169665.95514210165,0.027137651332363028,0.03590354161671273,59048.30649330836,78121.84273480755,186727.1404945645,247042.95805146932,0.036541366647159595,0.04071402142337841,79509.67425440614,88588.87551244226,251431.6666619735,280142.62197243376,0.01952561137765241,0.024911858908673354,42485.411540456036,54205.24650941891,134350.66779744398,171412.04010065546,0.02722988833919954,0.03384748531983621,59249.0032663269,73648.10840538613,187361.79941634892,232895.7679240116,0.03532641533739772,0.03936711990188324,76866.08448922588,85658.17775663816,243071.90180489418,270874.94193054887
2025-04-03,2086126.619524241,-111857.80926613136,2197984.4287903723,0.011227362344894506,0.020224576814993084,0.026894328813897986,44453.30491822958,59113.31595571602,140573.69306357056,186932.71846523578,0.030056649385512467,0.038381327683646146,66064.04733096811,84361.56060495508,208912.86101502692,266774.6784779903,0.03671759433177467,0.04254366683271299,80704.70060388236,93510.31724194856,255210.67179023472,295705.58720947197,0.018969933002079217,0.024510215439575465,41695.61735376672,53873.07188248424,131853.1192847455,170361.61169862517,0.026974901582963257,0.03568822112603652,59290.413647506,78442.15432625588,187492.75053965065,248055.8722413994,0.03632222099628088,0.040469851553902286,79835.6761689081,88952.10355093508,252462.5752333752,281291.2498841064,0.01940851250569511,0.024762457667393722,42659.608273501064,54427.49637151216,134901.5262348266,172114.85587452844,0.027066585426610956,0.03364449539686353,59491.933308215295,73950.0769968154,188130.01166079636,233850.67645476092,0.03511455598476108,0.03913102766161698,77181.24727839262,86009.38948279947,244068.53405239253,271985.57092617796
2025-04-04,1964083.120407459,-122043.49911678188,2086126.619524241,0.016798201770363702,0.03127688484565505,0.043768310617218156,65247.54205231533,91306.23787018425,206330.84461293367,288735.67625090375,0.05493628326585455,0.06781625161463221,114604.04289862327,141473.28772963805,362409.804623295,447377.8172980077,0.0723700381217372,0.07425623578902105,150973.06298174008,154907.91014514543,477418.74435435043,489861.82363536407,0.028589092650671707,0.038582193057118463,59640.46720661109,80487.33997607818,188599.7170894711,254523.31713272937,0.04497028290429338,0.060552753937935945,93813.7042541823,126320.71187542948,296664.98118064395,399461.16518023715,0.05493628326585455,0.06781625161463221,114604.04289862327,141473.28772963805,362409.804623295,447377.8172980077,0.029080377198925162,0.038288768775489423,60665.34898048356,79875.21977135706,191840.67782730176,252587.62308400212,0.04148576583528824,0.05479409091076114,86544.56044034411,114307.41164157007,273677.9300895923,361471.774225808,0.05434473194148969,0.06444837169634658,113369.99193405094,134447.46378074127,358507.3928265187,425160.21118013543
2025-04-07,1955256.7465272704,-8826.37388018868,1964083.120407459,0.021983971415385693,0.041940344492762495,0.0589712539176651,82374.32268230875,115824.44440894826,260490.48038976637,366269.05305583146,0.07656271810859445,0.08851556748489299,150375.54228960487,173851.93199036564,475529.2180181229,549768.0807102458,0.08933563486890883,0.09449199217304227,175462.61249690785,185590.12684074606,554861.4996937528,586887.5120563072,0.036747109948738976,0.050888998409095124,72174.37837407523,99950.22278974578,228235.4243688779,316070.3566568655,0.06046684028066962,0.0795818390932309,118761.90033963702,156305.34685399727,375558.10432317766,494280.90652126545,0.07656271810859445,0.08851556748489299,150375.54228960487,173851.93199036564,475529.2180181229,549768.0807102458,0.037414825956729306,0.05040965261027411,73485.82811459489,99008.74779744318,232382.59258575682,313093.15132109984,0.05439698002890236,0.07248950197598647,106840.19027590878,142375.40723777818,337858.3469176453,450230.56966540136,0.0718956527308059,0.08436058879637122,141209.0379592523,165691.20848258733,446542.18615241227,523961.6070707874
2025-04-08,1925759.501945018,-29497.244582252344,1955256.7465272704,0.021342784962842164,0.04071710869993629,0.057689750691994016,79612.40148463465,112798.27424599757,251756.5186872161,356699.46275366435,0.07432968310806752,0.08680243829651903,145333.6143642831,169721.05309428595,459585.24197569874,536705.0946603118,0.08933563486890883,0.0930388158907448,174674.10278273086,181914.77245928737,552368.0130397852,575265.0210026185,0.036061114657710266,0.04977109075197312,70508.73772178144,97315.26097481648,222968.20614426097,307737.8757741179,0.06046684028066962,0.07813457858832815,118228.19739996619,152773.16192189383,373870.38743989036,483111.1570188914,0.07432968310806752,0.08680243829651903,145333.6143642831,169721.05309428595,459585.24197569874,536705.0946603118,0.036747109948738976,0.04916334477645323,71850.03464265126,96126.96155600643,227209.75943278024,303980.1430684238,0.052810432903508855,0.07092141078516648,103257.95522161144,138669.56691092867,326530.3250319687,438511.6735876541,0.06979873777141397,0.08255151316524278,136474.452926645,161409.40305237574,431570.1136736306,510421.34941364167
2025-04-09,2088599.489766296,162839.98782127816,1925759.501945018,0.021024936753881975,0.04011072766312016,0.05703768367599017,77243.61492718254,109840.86130797231,244265.75787487812,347347.3018878542,0.07322272557231904,0.08595320787051419,141009.35952920586,165525.20677929802,445910.7475138589,523436.66359292576,0.08933563486890883,0.09231844901961175,172038.94771109187,177783.13040434406,544034.9210256618,562199.621632459,0.035524073183178406,0.04919546489971308,68410.82148029601,94738.63398322508,216334.0124809072,299589.8658000215,0.06046684028066962,0.07741714427954424,116444.59222309128,149086.80120978074,368230.1326344982,471453.86089165375,0.07322272557231904,0.08595320787051419,141009.35952920586,165525.20677929802,445910.7475138589,523436.66359292576,0.036713766344548454,0.04854011992759934,70701.8843902034,93476.59717612514,223578.98953894767,295598.95499861916,0.05202395159181423,0.07014407842807874,100185.6191066639,135080.6255380492,316814.74517114164,427162.4444605433,0.0687592575055091,0.0816547202792629,132413.79348791845,157247.3534564531,418729.18104499375,497259.7929559426
2025-04-10,2021622.9944836013,-66976.4952826947,2088599.489766296,0.028475803907582746,0.04734885896221372,0.06985150300740008,98892.80266949588,145891.81354066468,312726.5006331867,461350.4227610946,0.09312632691731404,0.10712408269938832,194503.59888331138,223739.30446762496,615074.385571047,707525.8042195817,0.09917156942653442,0.11412296059042545,207129.6893035826,238357.1572597817,655001.5892423366,753751.513543849,0.041663342443974356,0.05870821564799096,87018.0357704433,122617.9492474836,275175.1905486058,387752.00164097757,0.06540989765384098,0.09522355612418296,136615.0788654779,198883.8707347008,432014.8119384421,628926.0213921601,0.09312632691731404,0.10712408269938832,194503.59888331138,223739.30446762496,615074.385571047,707525.8042195817,0.04353685561780518,0.06115932029771826,90931.0544293768,127737.32516826784,287549.24203757325,403940.8897492775,0.06864860644730998,0.08865034901148677,143379.4443990189,185155.07371299533,453405.61395037174,585511.7532694347,0.08933563486890883,0.10267697074176844,186586.3614051511,214451.06870200648,590037.8823636129,678153.8237555894
2025-04-11,2047582.6893946505,25959.69491104898,2021622.9944836013,0.028739479676365615,0.04778729247679937,0.07023650025990903,96607.88931521082,141991.72397748553,305500.9701775107,449017.2566627973,0.09398864342727248,0.1081160134260007,190009.60277289402,218569.81881390078,600863.1220661906,691178.4552222488,0.10008986272195151,0.11517969842536482,202343.9679934042,232849.92683440418,639867.8096553676,736336.121800278,0.04204913010723515,0.058927986459975365,85007.48832281928,119130.17244610451,268817.28127027577,376722.6829783229,0.06540989765384098,0.09581871456015038,132234.15316382388,193709.31665666067,418161.1084612441,612562.6446298406,0.09398864342727248,0.1081160134260007,190009.60277289402,218569.81881390078,600863.1220661906,691178.4552222488,0.04386928425300784,0.06155490294489018,88687.153797418,124440.80721659634,280453.4051974922,393516.38467436266,0.0692842680124624,0.08936781755844367,140066.66936995863,180668.03494296505,442929.6994828108,571322.4908066585,0.08988523190645503,0.10355831804611429,181714.05168658055,209355.87703207074,574630.286187156,662041.4129634757
2025-04-14,2075209.017669227,27626.32827457646,2047582.6893946505,0.02803869056979731,0.04662203776873747,0.06921326675664705,95462.47747957043,141719.88688736473,301878.8599179726,448157.6323055031,0.09169680592023746,0.10547969135936143,187756.79247505913,215978.39011011895,593739.11038875,682983.6381243605,0.09764925188754094,0.11237113407892341,199944.9177972667,230089.18892764885,632281.3468144996,727605.9019921656,0.04102379587531247,0.058312815813739025,83999.61428754948,119400.31223007066,265630.1037242784,377576.9399822818,0.06540989765384098,0.09423692132016681,133932.17415108054,192957.88879701923,423530.7222957429,610186.4210960683,0.09169680592023746,0.10547969135936143,187756.79247505913,215978.39011011895,593739.11038875,682983.6381243605,0.04350435149304477,0.06050876059080493,89078.75703049879,123896.6907424574,281691.7633531133,391795.7373036635,0.06759482683863276,0.08746095237953971,138405.99732741335,179083.5320903154,437678.1933818037,566311.8528332515,0.08933563486890883,0.10144367723674827,182922.09950365886,207714.3174585039,578450.4688115178,656850.3457961497
2025-04-15,2070110.8291684184,-5098.188500808552,2075209.017669227,0.027382016512831918,0.045530136468661456,0.06816877453937961,94484.54977547679,141464.45564758097,298786.3809860575,447349.8878022258,0.08954924081178434,0.10300932717883793,185833.39205804802,213765.88466556426,587656.7842184772,675987.0815840443,0.0953622788123539,0.10973937036236472,197896.66093688388,227732.13096932237,625804.1899026243,720152.2302668277,0.04051737710514436,0.05766611188876444,84082.02634090025,119669.23540548659,265890.7135195181,378427.34973220114,0.06540989765384098,0.09275470281185272,135739.209456072,192485.39570638596,429245.069671853,608692.2667509748,0.08954924081178434,0.10300932717883793,185833.39205804802,213765.88466556426,587656.7842184772,675987.0815840443,0.043484980254758,0.05948702058261491,90240.42315784207,123448.00154731737,285365.2741961853,390376.85748551326,0.06601173689156468,0.08567412538496964,136988.15166938343,177791.71757981303,433194.57173184893,562226.7766656085,0.08933563486890883,0.09959090410135565,185390.11507916503,206671.94226896446,586255.0193308886,653554.0660207553
2025-04-16,2037076.792147923,-33034.037020495394,2070110.8291684184,0.026554686139121878,0.04415447208682039,0.06683936412938746,91404.65082314155,138364.89149897613,289046.8853335118,437548.2053388339,0.08933563486890883,0.10072765458358524,184934.66517276393,208517.40855021568,584814.7602665506,659389.9428145501,0.09248096765213701,0.10642366444092344,191445.85262866304,220308.78023894154,605404.942899509,696677.5340885498,0.04023741760501598,0.05686519756337551,83295.91392191555,117717.26127874521,263404.80777858186,372254.6655579802,0.06540989765384098,0.0908872856672341,135405.73746801412,188146.75429346488,428190.5386537256,594972.2779354132,0.08933563486890883,0.10072765458358524,184934.66517276393,208517.40855021568,584814.7602665506,659389.9428145501,0.04337311331047087,0.05818506637088797,89787.15155875462,120449.53599025834,283931.9035444022,380894.8768396412,0.06540989765384098,0.08359702113857972,135405.73746801412,173055.09874519508,428190.5386537256,547248.2727401634,0.08684356693157376,0.09725663267058238,179775.8083486632,201332.00849982759,568501.0225796897,636667.712755835
2025-04-17,2061560.671579889,24483.879431965997,2037076.792147923,0.02604550708485884,0.043307821811201866,0.06602118078111781,88221.35873007696,134490.21515941757,278980.431861823,425295.4029098649,0.08933563486890883,0.09936722424930983,181983.54850325495,202418.66641842737,575482.5099500119,640104.0268160682,0.09070766965871539,0.10438301893951032,184778.48873158943,212636.22537601358,584320.8869955799,672414.7852490965,0.04023741760501598,0.056334977976955,81966.70957914232,114758.67622301937,259201.49457963128,362898.79813055036,0.06540989765384098,0.08973798700030912,133244.98448741034,182803.1706924017,421357.63777402,578074.382888529,0.08933563486890883,0.09936722424930983,181983.54850325495,202418.66641842737,575482.5099500119,640104.0268160682,0.04321946523365816,0.05737149214183866,88041.36959652905,116870.13517303647,278411.2562457314,369575.817598552,0.06432342120631644,0.08236497102119278,131031.74853094279,167783.77095320803,414358.7711522013,530578.870624138,0.0851783645997751,0.09582000933692615,173514.86971931605,195192.71724364956,548702.19622042,617253.5691671562
2025-04-21,2017496.1008748803,-44064.57070500869,2061560.671579889,0.02542107104225967,0.04321946523365816,0.06505230532490826,89099.54977242398,134109.27425343785,281757.51577639696,424090.761993041,0.08853297065629097,0.09769884899495784,182516.0904431458,201412.10474662745,577166.5554296315,636920.9993277536,0.08933563486890883,0.10228178816429127,184170.83141636345,210860.11189836825,582399.3058426029,666798.2212768147,0.04023741760501598,0.05561507142340111,82951.8776604372,114653.84399359029,262316.869594621,362567.2895133611,0.06540989765384098,0.0883285348531114,134846.47253522422,182094.63363144797,426421.9876506485,575833.7919692736,0.08853297065629097,0.09769884899495784,182516.0904431458,201412.10474662745,577166.5554296315,636920.9993277536,0.042951852777073,0.05635221473454601,88547.85045670313,116173.50965316479,280012.88935516274,367372.8942795586,0.06278127950588236,0.08085403593235953,129427.41674079157,166685.50061665958,409285.4285727081,527105.8348740452,0.08313622962684254,0.09405819415292901,171390.38138213338,193906.67390550394,541983.9742124589,613186.74304893
2025-04-22,2064847.082886096,47350.98201121576,2017496.1008748803,0.02520845997132695,0.04321946523365816,0.06470222919332845,87195.1025908028,130536.495115453,275735.1249989857,412792.6423402758,0.08779251838845385,0.09713079234007777,177121.06353469187,195960.9948209946,560105.9823610203,619683.0761868027,0.08933563486890883,0.10179992931588973,180234.29501720556,205380.96046414596,569950.8847291062,649471.6230996939,0.04023741760501598,0.055358252631889815,81178.833127394,111685.05883608428,256710.01047729483,353179.1665319404,0.06540989765384098,0.08784863761784487,131964.21347524915,177234.28386117236,417307.4842144714,560464.0164701265,0.08779251838845385,0.09713079234007777,177121.06353469187,195960.9948209946,560105.9823610203,619683.0761868027,0.04191600067589774,0.05546177771325569,84565.36792789254,111893.92028408269,267419.17382229416,353839.6444230162,0.06077179254818417,0.08013910545020815,122606.85450913868,161680.3327733958,387716.91699776397,511278.1044178991,0.08244091341514996,0.09345832260884583,166324.22136762866,188551.80145765314,525963.3695757524,596253.1495340402
2025-04-23,2092218.163290356,27371.08040425973,2064847.082886096,0.025092429862896403,0.04321946523365816,0.06451117906913714,89241.5867116161,133205.7199144504,282206.6760161229,421233.4722921127,0.08738842486431198,0.09682078178902193,180443.73415908538,199920.10883981318,570613.1894486377,632202.8940025722,0.08933563486890883,0.1015369602513769,184464.42505684381,209658.29618017707,583327.7304530614,662997.7462795394,0.04023741760501598,0.05521145932710833,83084.11436458689,114003.22073346398,262735.03877000784,360509.8381126778,0.06540989765384098,0.08758673908170928,135061.43636241165,180853.22269237303,427101.76295910764,571908.1058895483,0.08738842486431198,0.09682078178902193,180443.73415908538,199920.10883981318,570613.1894486377,632202.8940025722,0.041723068695565295,0.055267775187899396,86151.7566850942,114119.50437433863,272435.77554953523,360877.5592724587,0.06049207067358712,0.07985927254934,124906.87566809592,164897.1859649104,394990.2225266491,521450.687401467,0.08206145238763962,0.09313094943867635,169444.35058001394,192301.16927486338,535830.0844809171,608109.6916221584
2025-04-24,2146698.3381505683,54480.174860212486,2092218.163290356,0.024540925825496728,0.04321946523365816,0.06360309653553943,90424.55016955567,133071.55381316552,285947.53493196075,420809.20182726765,0.0854677233061926,0.0953472670879119,178817.12307629062,199487.28402142605,565469.3935597334,630834.1817486201,0.08933563486890883,0.10028703897877156,186909.63790180633,209822.36449399378,591060.1724070432,663516.5758430635,0.03964337280375618,0.05409758508640127,82942.58463410962,113183.95010791422,262287.48246507,357919.0769158696,0.06540989765384098,0.0863419061497958,136851.77593032934,180646.10429971406,432763.31377884926,571253.1400234328,0.0854677233061926,0.0953472670879119,178817.12307629062,199487.28402142605,565469.3935597334,630834.1817486201,0.04051737710514436,0.05424735910326478,84771.19230826785,113497.31002638502,268070.047662273,358910.007985642,0.06046684028066962,0.07869223543964288,126509.82151199391,164641.3242967419,400059.18235926743,520641.58176412433,0.08025783183140225,0.0915749082737845,167916.8935039627,191594.68639206025,530999.8410924542,605875.5965845787
2025-04-25,2146730.875155144,32.537004575598985,2146698.3381505683,0.02461239685181907,0.04321946523365816,0.06372077761538723,92779.15419285024,136789.28741261372,293393.44663336774,432565.7077352601,0.08571663265645765,0.09553822418132855,184007.75287548036,205091.74707991444,581883.6062159154,648557.0500757169,0.08933563486890883,0.10044901994376401,191776.65891071255,215633.7441821315,606451.0442150775,681893.7720056176,0.03964337280375618,0.054183791231078485,85102.36251650684,116316.25459045352,269117.29981350043,367824.2934058489,0.06540989765384098,0.08650322770178875,140415.31859209918,185696.33515209012,444032.225129221,587223.3722265947,0.08571663265645765,0.09553822418132855,184007.75287548036,205091.74707991444,581883.6062159154,648557.0500757169,0.04051737710514436,0.054364530429396686,86978.58609783328,116704.24712712187,275050.4397302102,369051.23353686725,0.06046684028066962,0.07884306649270093,129804.06554372932,169252.27981457583,410476.4966679673,535222.7033902007,0.08049156831111715,0.0917765602137757,172791.1159286081,197016.58929208785,546413.485776602,623021.1590009382
2025-04-28,2152594.6325654155,5863.757410271559,2146730.875155144,0.023862604381068544,0.04300411626454814,0.06237014644511972,92318.264143867,133891.91906168635,291935.98432767414,423403.4245258436,0.08310535972067488,0.09353492020980782,178404.84160324745,200794.3011195673,564165.6450678277,634967.3327195303,0.08933563486890883,0.09874970045437428,191779.56562467304,211989.03087772723,606460.2360516993,670368.1765453817,0.03897599987740808,0.05321268608859151,83670.98232687503,114233.31617631801,264590.87821662024,361237.4637913216,0.06388231815045335,0.08450531012062343,137138.14475006206,181410.15835050278,433668.89150005876,573669.2910794031,0.08310535972067488,0.09353492020980782,178404.84160324745,200794.3011195673,564165.6450678277,634967.3327195303,0.04023741760501598,0.05310982077766087,86378.90670919894,114012.49203736076,273154.08699626836,360539.1565498712,0.058932404260060224,0.07706977172107249,126512.01177219581,165448.0584947851,400066.10857017385,523192.69929629023,0.07803947182324028,0.08966105811316594,167529.7436437498,192478.16175061293,529775.5657383655,608669.3909742391
2025-04-29,2162906.364675025,10311.732109609526,2152594.6325654155,0.02314529962201025,0.04300411626454814,0.06114074357702341,92570.42984928541,131611.236454959,292733.4023045794,416191.2728686551,0.08060723046877374,0.09161841727243658,173514.69165304577,197217.31326478554,548701.6331254314,623655.9039356604,0.08933563486890883,0.097124010674268,192303.40811563694,209068.6240706554,608116.7714583214,661133.0393407748,0.03780438969795506,0.05226622648084143,81377.52635122936,112507.99858710764,257338.33362025622,355781.53052226605,0.06196202939666795,0.08250218065734698,133379.1319021279,177593.75125794736,421781.8491467507,561600.752188507,0.08060723046877374,0.09161841727243658,173514.69165304577,197217.31326478554,548701.6331254314,623655.9039356604,0.03910667257855472,0.051525857034171695,84180.81349009,110914.28329009094,266203.1059145126,350741.7602418416,0.05716090885396677,0.07531594972311295,123044.2655916098,162124.70912053963,389100.13229217246,512683.3458131792,0.0756936220727572,0.08763721847251674,162937.68459325223,188647.4060969022,515254.19998880307,596555.4779489461
2025-04-30,2173922.875915973,11016.511240948455,2162906.364675025,0.022470711931916725,0.042868933079245546,0.059895445424690615,92721.4882039279,129548.24012410894,293211.0907648471,409667.5056585986,0.07825787028356118,0.08981604628123331,169264.44572222698,194263.69815162613,535261.1753681817,614315.7528465806,0.08933563486890883,0.09559513428006938,193224.613250247,206763.32436632572,611029.8778759311,653843.0415857802,0.036747109948738976,0.05128984448492564,79480.55799154047,110935.1310796379,251339.5929543658,350807.6867409898,0.06046684028066962,0.08068049038712036,130784.1136948485,174504.34616340479,413575.6810421408,551831.1954748246,0.07825787028356118,0.08981604628123331,169264.44572222698,194263.69815162613,535261.1753681817,614315.7528465806,0.0379668783070248,0.050382763990258414,82118.80273710607,108973.20090444958,259682.45537532453,344603.51877718157,0.05549490987805483,0.07366657166518403,120030.29378231171,159333.8967184154,379569.1165712519,503858.0221002209,0.07348747281123219,0.08573390291373303,158946.52266729696,185434.40428054385,502633.0377922401,586395.0740829955
2025-05-01,2171433.750723809,-2489.1251921644434,2173922.875915973,0.02182167690615525,0.03930880355181449,0.0583622794391608,85454.30726617658,126875.09436339211,270230.2468329946,401214.27653711,0.07599750136381253,0.08808194718650308,165212.70672724742,191483.35994396164,522448.4516595247,605523.5514447707,0.08933563486890883,0.09412417009784835,194208.78027599756,204618.68655231872,614142.0872753365,647061.1013373935,0.036284541974718566,0.05031128406605437,78879.79584097402,109372.85134790238,249439.8162265548,345867.32444638875,0.06046684028066962,0.07921551439557076,131450.2473205051,172208.41887198234,415682.18052524165,544570.8358917886,0.07599750136381253,0.08808194718650308,165212.70672724742,191483.35994396164,522448.4516595247,605523.5514447707,0.036870258230422684,0.049230435898338885,80153.09780804506,107023.17079071383,253466.350591672,338436.9821118594,0.05389201717169714,0.07207967029411116,117157.08895880885,156695.64414084927,370483.24514480075,495515.13491230184,0.07136489013767487,0.08390268292429603,155141.76720752163,182397.96175985163,490601.3445993889,576792.9997334252
2025-05-02,2209896.355818948,38462.60509513924,2171433.750723809,0.02115876174624076,0.03811465142937847,0.05701172102371385,82763.44051082588,123797.1752177424,261720.97900605932,391481.04158301733,0.07368879264328873,0.08631076299295055,160010.3313957255,187418.10381361636,505997.09636884177,592668.0828009172,0.08933563486890883,0.09262174816778149,193986.4126966874,201121.99002256183,613438.8992469382,636003.576016955,0.035182263123783426,0.04912963898390128,76395.953573829,106681.75625051942,241585.21731378013,337357.334538546,0.06046684028066962,0.07771920871843167,131299.73778507192,168762.11289075064,415206.227583699,533672.6594772348,0.07368879264328873,0.08631076299295055,160010.3313957255,187418.10381361636,505997.09636884177,592668.0828009172,0.03585696749750433,0.04795985881463759,77861.02942268754,104141.65611005283,246218.1939410777,329324.8326097579,0.052254845320279394,0.07045883176549851,113467.93476730677,152996.6853321743,358817.11526009714,483818.000105746,0.06919691433263708,0.08203230082787219,150256.51522783225,178127.70666717034,475152.8213997239,563289.2674506189
2025-05-05,2204251.680780457,-5644.675038491376,2209896.355818948,0.020960164806536185,0.037756905866449864,0.05660711907097737,83438.84868126661,125095.86614836214,263856.80717493925,395587.8629003794,0.07299714684260372,0.08578014945178791,161316.12879265056,189565.23967511082,510126.39030584396,599457.9225690675,0.08933563486890883,0.09217165075638,197422.49394157375,203689.79511634092,624304.7422061659,644123.6887006792,0.03485204106863382,0.04877287083840695,77019.3985504262,107782.98952862374,243556.72343561763,340839.7399325292,0.06046684028066962,0.07727094362161187,133625.44998413816,170760.77672009144,422560.7753147872,539992.9894549459,0.07299714684260372,0.08578014945178791,161316.12879265056,189565.23967511082,510126.39030584396,599457.9225690675,0.03541463345336309,0.04742553060973025,78262.6694112509,104805.50726722284,247488.29110434192,331424.1142937535,0.05176437936155252,0.06997325896372512,114393.91331232447,154633.64998871167,361745.31652680185,488994.5368695993,0.06854742947202595,0.08147196945684743,151482.7145909865,180044.60840407974,479030.4042527392,569351.0429899854
2025-05-06,2182530.958288778,-21720.72249167878,2204251.680780457,0.020331287676174436,0.03662406865682892,0.055103633133376434,80728.664893834,121462.27595135468,255286.45352899056,384097.4417941759,0.07080698103738751,0.08351845820375724,156076.40696265138,184095.70187182422,493556.935017341,582161.7253622878,0.08759128413284277,0.0898741967869421,193073.23527153724,198105.34932641065,610551.1786756158,626464.1205347613,0.033947612772590174,0.04752639076618829,74829.082512466,104760.12672779932,236630.3359600676,331280.6084277281,0.06046684028066962,0.07550259708091175,133284.13432014943,166426.72651888934,421481.4404154901,526287.5193256362,0.07080698103738751,0.08351845820375724,156076.40696265138,184095.70187182422,493556.935017341,582161.7253622878,0.0343520724828492,0.04614156445580543,75720.61350861244,101707.6210055489,239449.60451252913,321627.73777471954,0.05021126970576877,0.06821760013824724,110678.27564306166,150368.75976354058,349995.438532012,475507.7697874703,0.06649077051261741,0.07926153628097228,146562.39265882457,174712.3745685743,463470.980125827,552489.0390531727
2025-05-07,2195729.6579009136,13198.699612135531,2182530.958288778,0.01986060446848668,0.03577619643208174,0.05390452902712329,78082.65628283893,117648.30339367264,246919.0396098277,372036.60157852276,0.06916775102440514,0.08158494880511019,150960.75792597458,178061.67649755804,477379.83235139603,563080.4617203568,0.08556348602985055,0.08779354769546271,186744.9571592582,191612.13578334978,590539.4061738233,605930.7764048371,0.03355679852261216,0.04655337568467237,73238.75163666018,101604.18364464548,231601.26815923082,321300.64011910785,0.06046684028066962,0.07403463008394849,131970.75086246437,161582.8721436753,417328.15724801796,510969.906845788,0.06916775102440514,0.08158494880511019,150960.75792597458,178061.67649755804,477379.83235139603,563080.4617203568,0.03355679852261216,0.04496333873049554,73238.75163666018,98133.87876733135,231601.26815923082,310326.572531604,0.04904884448885141,0.0668132971488929,107050.62156521012,145822.0894528061,338523.78908280336,461129.93583568383,0.06495146372374225,0.07742657753476821,141758.58036323797,168985.90246397804,448279.99181985133,534380.3442452304
2025-05-08,2210251.915102422,14522.257201508151,2195729.6579009136,0.019312122618577603,0.03478818046142413,0.052451832349427394,76385.43958355805,115170.04390088428,241551.96915722708,364199.6569483779,0.06725757472055134,0.07933185204179834,147679.45153240132,174191.30034438375,467003.4304468316,550841.2576747253,0.08320051569947681,0.08536899070242185,182685.83987399182,187447.224750375,577703.3502626221,592760.1712886723,0.03263007471821273,0.04537011775387002,71646.82279830248,99620.51313462919,226567.1471571145,315027.7231801485,0.06046684028066962,0.07232402464710866,132768.8345238239,158804.00589641315,419851.9193812806,502182.3601914749,0.06725757472055134,0.07933185204179834,147679.45153240132,174191.30034438375,467003.4304468316,550841.2576747253,0.03263007471821273,0.04378896510726442,71646.82279830248,96148.72937480874,226567.1471571145,304048.97895553295,0.04769428345301615,0.06517687866432934,104723.75269012035,143110.8054926772,331165.58362096583,452556.10313819535,0.06315772682947869,0.07528832073871843,138677.2939250906,165312.79873956047,438536.1085519182,522764.9703940235
2025-05-09,2209126.1526371045,-1125.762465317268,2210251.915102422,0.018793294892673434,0.03385358238985939,0.05104269336274853,74824.94531026433,112817.21075700062,236617.25297796965,356759.34525937086,0.06545067367547795,0.07720057081499948,144662.47683596882,170632.70949085272,457462.9187630099,539588.0053169245,0.08096530131072346,0.08307551938476024,178953.71227887116,183617.8258182947,565901.3265436741,580650.548593882,0.0319609001968123,0.04422450821918945,70641.64086840177,97747.30398592626,223388.4827957845,309104.1157363822,0.06046684028066962,0.07070590450537191,133646.94953054228,156277.86084204723,422628.76285008475,494193.9881197087,0.06545067367547795,0.07720057081499948,144662.47683596882,170632.70949085272,457462.9187630099,539588.0053169245,0.0318482986962756,0.04266076560771677,70392.7631861971,94291.03888419151,222601.46246123422,298174.4458175468,0.04641295787781743,0.06362893449605028,102584.329035014,140635.97432582168,324400.1319907872,444729.9998265597,0.06146096980119151,0.07326567056154748,135844.22620713565,161935.58866992345,429577.16179768497,512085.2944371147
2025-05-12,2278220.970606018,69094.81796891335,2209126.1526371045,0.018221202768015657,0.03282303569821767,0.049488887973064874,72510.22656987394,109327.19668622548,229297.46961566003,345722.9517296853,0.063458270790453,0.0748504859131995,140187.325604317,165354.1659684442,443311.24799728236,522895.78505778563,0.07850061315918136,0.08054659347457276,173417.75752799597,177937.58615050782,548395.1005072785,562688.0535880374,0.031010917791243833,0.04291157146112773,68507.02950991603,94797.07476553327,216638.24898370338,299774.6717803575,0.05894835611668578,0.06861796650037397,130224.35515233598,151585.74433675286,411805.5691080651,479356.212916109,0.063458270790453,0.0748504859131995,140187.325604317,165354.1659684442,443311.24799728236,522895.78505778563,0.030878795425457933,0.04138403419815881,68215.1545363101,91422.55224878094,215715.25927510712,289103.4946118964,0.04500008760490302,0.06173226325113923,99410.87039895206,136374.35720957012,314364.77464050014,431253.5832236462,0.05959001864558554,0.07103536909629601,131641.8686260957,156926.09163285707,416288.14029912313,496243.87386811996
2025-05-13,2288991.8559018867,10770.885295868851,2278220.970606018,0.019209421655756228,0.0346031785484415,0.05217289596369579,78833.68701868373,118861.38568173781,249294.00732788956,375872.70459801715,0.06689990209091577,0.07890996897135544,152412.7598750137,179774.34610041213,481971.4656773634,568496.3985447118,0.08275805925704768,0.08491500241157526,188541.14608606152,193455.13921311134,596219.4542904953,611758.8649783859,0.03245654951041033,0.045141703987287236,73943.1917281293,102842.77667272708,233828.9033234106,325217.4151818506,0.06046684028066962,0.07200372083869633,137756.8235537062,164040.3867763795,435625.32565964235,518741.2504683254,0.06689990209091577,0.07890996897135544,152412.7598750137,179774.34610041213,481971.4656773634,568496.3985447118,0.03245654951041033,0.043564559544035215,73943.1917281293,99249.69312843557,233828.9033234106,313855.0873586189,0.047440647489303475,0.06487046605656258,108080.27796925891,147789.25614304672,341779.84852697613,467350.6631140591,0.06282185699874566,0.07488794097820299,143122.07202695482,170611.2775820478,452591.73104784894,539520.231670496
2025-05-14,2270291.452883783,-18700.403018103912,2288991.8559018867,0.018660025674513334,0.03361351589365526,0.05068073342564931,76941.06412880552,116007.78606244581,243309.00824410436,366848.8302708651,0.0649865421775902,0.0766531170676505,148753.66578772845,175458.36069734592,470400.39418868703,554848.0543229827,0.08039115066468727,0.08248640451268065,184014.68915805072,188810.70815215464,581905.5406673324,597071.8843901303,0.03175775658402656,0.043933162555582134,72693.24618255132,100562.65129374122,229876.22844820237,318007.02563350066,0.06036801481286093,0.07027049931508528,138181.8942636031,160848.6006423893,436969.5172695413,508647.9364807729,0.0649865421775902,0.0766531170676505,148753.66578772845,175458.36069734592,470400.39418868703,554848.0543229827,0.031622452303122016,0.04237289218486972,72383.53578549216,96991.2051221755,228896.8381784603,306713.1211906645,0.046083828864294324,0.06321896703954644,105485.508959146,144707.7006920516,333574.46845299884,457605.92915280716,0.06102513055961395,0.07274612044064135,139686.0268563057,166515.27723708583,441726.0021653758,526567.5412835808
2025-05-15,2288073.332985016,17781.88010123279,2270291.452883783,0.018202812406422443,0.032789907945743685,0.04943893964878255,74442.64775006792,112240.80212426819,235408.32194382366,354936.5811169529,0.06339422339683282,0.07477494054339616,143923.36354003468,169760.90840556534,455125.63729894394,536831.1282208097,0.07842138377571715,0.08046529911667784,178039.39730932962,182679.6808383307,563010.0087411354,577683.8736817428,0.03097961897970108,0.04286826151470155,70332.76418321158,97323.44771681374,222411.7289544607,307763.76452544535,0.058888860506098845,0.06854871151036047,133694.87667706158,155625.55384816756,422780.32179483835,492131.21228539146,0.06339422339683282,0.07477494054339616,143923.36354003468,169760.90840556534,455125.63729894394,536831.1282208097,0.03084762996285555,0.0413422659700797,70033.11064639264,93858.99307472001,221464.14126918776,296808.1970060857,0.04495466975333105,0.0616699578886662,102060.2025082006,140008.7782943417,322742.6983839436,442746.63182766427,0.05952987541551501,0.07096367426142587,135150.16734708016,161108.22314094406,427382.35496968956,509468.93490802974
2025-05-16,2309546.112466274,21472.779481258243,2288073.332985016,0.01775145127616776,0.031976841833711675,0.04821304031079925,73165.35907279537,110314.97183727138,231369.18049409866,348846.5710231072,0.0618222856278144,0.0729208038899587,141453.92312918496,166848.14680044452,447316.5810545968,527620.16726754,0.07647682907577115,0.07847006302103085,174984.5931995251,179545.25863607432,553349.86994851,567771.9603740117,0.03021144120995141,0.041805290225578,69125.9929835344,95653.56974284418,218595.58334878695,302483.1467131542,0.0574286387533292,0.06684896186651411,131400.9368811224,152955.3269845032,415526.2472243687,483687.21352684416,0.0618222856278144,0.0729208038899587,141453.92312918496,166848.14680044452,447316.5810545968,527620.16726754,0.029993139176781425,0.03998025144855494,68626.50192290173,91477.74718547412,217016.0539262945,289278.03632715566,0.04383996340482579,0.0601407754044493,100309.05118562088,137606.5044279616,317205.0716769754,435149.97484640416,0.058053758909365274,0.06920404264481034,132831.25764005998,158343.92451034838,420049.31860723207,500727.455102463
2025-05-19,2309297.6227385364,-248.48972773738203,2309546.112466274,0.017362094285242324,0.031275467803950636,0.047155544559790874,72232.1350821783,108907.90461929516,228418.0671166371,344397.0337933458,0.06046628725169881,0.0713213727033618,139649.67865743,164719.99906280744,441611.0590680838,520890.3732192724,0.07479940070210132,0.07674891542919329,172752.66510634517,177255.1592654962,546291.8936003449,560530.0302948668,0.029548789145169535,0.040888340858804335,68244.29109831194,94433.50867564746,215807.39717421963,298624.9748563168,0.05616900980073985,0.06538270931995308,129724.91822637875,151004.38213241004,410226.21087444737,477517.7842048495,0.06046628725169881,0.0713213727033618,139649.67865743,164719.99906280744,441611.0590680838,520890.3732192724,0.029335275307703985,0.03910333213878838,67751.17104503562,90310.94872561621,214248.0146459629,285588.29562362813,0.042878385899526215,0.058821658957061346,99029.60946307947,135851.333773098,313159.12170029536,429599.6378947459,0.05678041868894016,0.06768613419975639,131136.9952472491,156324.24810891788,414691.5904919828,494340.67753745004
2025-05-20,2304140.8085042736,-5156.814234262798,2309297.6227385364,0.01683319558296458,0.03032272822870832,0.04571905274531704,70024.20421350283,105578.8998186184,221435.97665542853,333869.7962815724,0.05862431241078576,0.06914872112989705,135380.98528490882,159684.97732068127,428112.26537805126,504968.2364456847,0.07252079851779451,0.07441092548945269,167472.10761624324,171836.97333856745,529593.3046161607,543396.2219795013,0.02864864910584013,0.03964276586864354,66158.25727478712,91546.94497923892,209210.77901573147,289496.858964511,0.05445794223574635,0.06339096629963556,125759.59654424158,146388.60777884707,397686.7627036437,462921.42408219917,0.05862431241078576,0.06914872112989705,135380.98528490882,159684.97732068127,428112.26537805126,504968.2364456847,0.028441639506267696,0.03791213358386979,65680.21049861042,87550.39995817635,207699.0623749124,276858.6739265477,0.0415721884854677,0.0570297841649369,96002.55604152891,131698.74499738062,303586.73828918976,416467.9991774289,0.05505072587274035,0.06562422231560787,127128.51038795013,151545.86058749846,402015.64837029844,479230.0894268381
2025-05-21,2258633.8582148617,-45506.950289411936,2304140.8085042736,0.01632957285623904,0.02941551990946593,0.04435121062090145,67777.49982677039,102191.4342981872,214331.27356426223,323157.68974172213,0.05687036522213612,0.06707990019133049,131037.32930286604,154561.5354612382,414376.41910258064,488766.4907103964,0.07035109032936193,0.07218466767592768,162098.81815065318,166323.63854042432,512601.4713775072,525961.5265143043,0.02779152659998106,0.038456716687232405,64035.59056964838,88609.69028013946,202498.31751408803,280208.44404732424,0.052828646287424785,0.06149440832641876,121724.63976889323,141691.77571972646,384927.10903321457,448068.7369880794,0.05687036522213612,0.06707990019133049,131037.32930286604,154561.5354612382,414376.41910258064,488766.4907103964,0.02759071040192179,0.036777862197466246,63572.88177269134,84741.37313872864,201035.1038223074,267975.75116859435,0.040328414015088014,0.055323542752594414,92922.34447441998,127473.23252728365,293846.25406192895,403105.7554904783,0.05340369477067749,0.06366084883616725,123049.63244602428,146683.55970743476,389117.10377599276,463854.1439767956
2025-05-22,2247285.479581906,-11348.37863295572,2258633.8582148617,0.016568956738033564,0.029846737639588106,0.045001378574110434,67412.85219002962,101641.63731383067,213178.1564887637,321419.0790204635,0.05770405811207267,0.06806326007707636,130332.3394083253,153729.98371056854,412147.04530843,486136.8931859798,0.07138240432880225,0.07324286105957821,161226.71529781586,165428.8058616902,509843.6400086106,523131.8171247548,0.028198937349611132,0.03902047412306422,63691.07466351136,88132.96401794971,201408.86256053825,278700.903238386,0.05360308947277742,0.062395887520236816,121069.75278813571,140929.46416657302,382856.1745640299,445658.096193454,0.05770405811207267,0.06806326007707636,130332.3394083253,153729.98371056854,412147.04530843,486136.8931859798,0.02799517728024293,0.03731700841362522,63230.855271884124,84285.4586903028,199953.52105961918,266534.02309338935,0.04091960965618282,0.056134559950370144,92422.41583439031,126787.41771989797,292265.34089188476,400937.0186460699,0.05418656789717757,0.06459408703210166,122387.61691302375,145894.39201118235,387023.6268453007,461358.57660081005
2025-05-23,2240689.7393148933,-6595.740267012734,2247285.479581906,0.016111513136710852,0.02902271477746989,0.043758959210906105,65222.32549745529,98338.8736362862,206251.10286483334,310974.8232261491,0.056110937158770316,0.06618413737190613,126097.29432263735,148734.65089453882,398754.6568441531,470340.263816743,0.0694116451178565,0.07122073747847404,155987.7821872512,160053.32918048956,493276.67886995553,506133.0673030379,0.02742040773796278,0.03794317840128828,61621.48415373909,85269.15387040096,194864.24272578894,269644.74038582906,0.05212319000305613,0.060673232319534566,117135.6880433568,136350.07399098962,370415.5695079596,431176.7929440121,0.056110937158770316,0.06618413737190613,126097.29432263735,148734.65089453882,398754.6568441531,470340.263816743,0.027222273173049157,0.0362867427795715,61176.21922300543,81546.6701498546,193456.19138247345,257873.21327600486,0.03978988170156294,0.05458477044531222,89419.22338220417,122667.56202806173,282768.41249115026,387908.8910286586,0.05269055947889834,0.06281074289865418,118410.72922797501,141153.67047789786,374447.6037618724,446367.0988030253
2025-05-27,2290353.972064655,49664.23274976155,2240689.7393148933,0.015637275084555185,0.02816843898055696,0.04247092602591278,63116.73219625165,95164.16816546462,199592.6322070369,300935.52303815563,0.054459326827883875,0.06423602510432905,122026.4548332357,143933.002345644,385881.532068687,455156.117878593,0.0673685320285832,0.06912437424255163,150951.97846915314,154886.27610184814,477352.0692712212,489793.4107835459,0.026613295417436168,0.03682633115888859,59632.13797120529,82516.382364334,188573.37773442102,260939.71254864545,0.05058895793624509,0.05888733205870542,113354.15897037712,131948.24071957023,358457.3245991987,417256.97392601665,0.054459326827883875,0.06423602510432905,122026.4548332357,143933.002345644,385881.532068687,455156.117878593,0.026420992890105365,0.035218652273804725,59201.24767137084,78914.07278241338,187210.7829652713,249548.2094327274,0.03861867724462973,0.052978082420810896,86532.47384795539,118707.4456888897,273639.7089284939,375385.9035976271,0.05113962704429485,0.060961925589320495,114588.03759054189,136596.76115686845,362359.19139510515,431956.88625772094
2025-05-28,2271961.6688568145,-18392.303207840305,2290353.972064655,0.016083812994486284,0.028972816712635296,0.043683725470694615,66358.00583968547,100051.19414638734,209842.43944016023,316389.65612229,0.05601446695597414,0.06607034855501129,128292.95688569972,151324.48524866634,405697.9515165933,478530.0391383371,0.06929230732347984,0.07109828935452986,158703.91131185682,162840.24943014962,501865.8333228286,514946.08294920885,0.02737326448159994,0.03787794359501964,62694.46503380875,86753.89856649419,198257.30619262104,274339.9153693382,0.0520335758393192,0.06056891827092755,119175.30710431219,138724.26254547836,376865.4112996724,438684.6363708993,0.05601446695597414,0.06607034855501129,128292.95688569972,151324.48524866634,405697.9515165933,478530.0391383371,0.027175470564742225,0.036224355843761595,62241.446950683465,82966.59729224286,196824.73722870162,262363.417157446,0.03972147190213071,0.054490924144731966,90976.23094729966,124803.50455636065,287692.1027309649,394663.33436930185,0.052599969850284756,0.06270275387882965,120472.54987708078,143611.50140576993,380967.6531398134,454139.44263870607
2025-05-29,2276060.688856097,4099.019999282435,2271961.6688568145,0.015718402376283965,0.028314578838963437,0.042691268201072115,64329.637791949215,96992.92494772167,203428.17647620453,306718.5597565685,0.054741865676310376,0.0645692861565237,124371.42049828569,146698.9431330688,393296.9646051365,463902.790640015,0.06771804474877706,0.06948299639663036,153852.80195915198,157862.70445046033,486525.2785897362,499205.7036574541,0.026751367080786712,0.037017388775709474,60778.080597065426,84102.0883795824,192197.16650001323,265954.1552562601,0.05085141703647556,0.05919284371218875,115532.47031392486,134483.87198472494,365345.7498977911,425275.3440302399,0.054741865676310376,0.0645692861565237,124371.42049828569,146698.9431330688,393296.9646051365,463902.790640015,0.026558066874311007,0.035401369138594894,60338.90993737052,80430.55370793819,190808.38693385862,254343.74318558598,0.03881903368001017,0.053252936468242064,88195.35654304479,120988.63040991315,278898.20572665567,382599.643079637,0.05140494305489706,0.06127820038111704,116790.06021049344,139221.72240242496,369322.59833336336,440257.74256335205
2025-05-30,2281233.248419436,5172.559563338757,2276060.688856097,0.015245951405930812,0.02746352222854145,0.04140808874018523,62508.643321908785,94247.32298220038,197669.68634430552,298036.20399728615,0.05309647914537789,0.062628515003745,120850.8088994622,142546.30100145825,382163.81319604727,450770.98319654894,0.06568263076801208,0.06739453293292856,149497.65383172224,153394.0470524563,472753.090959641,485074.56819679984,0.02594729621957371,0.03590475017362029,59057.62090747614,81721.39041337627,186756.59525840482,258425.72726211816,0.0493229664504946,0.057413673299044156,112262.06499573891,130677.00479878135,355003.8202203958,413236.97297290235,0.05309647914537789,0.062628515003745,120850.8088994622,142546.30100145825,382163.81319604727,450770.98319654894,0.025759806073683857,0.03433730354204325,58630.88195686835,78153.78675336386,185407.1282081741,247143.97390772597,0.037652242698888304,0.05165230296196814,85698.78945420866,117563.77626062103,271003.3673945175,371769.30331399554,0.04985985503349114,0.05943635001118154,113484.05599379298,135280.73974954194,358868.095054469,427795.261161029
2025-06-02,2283404.7172937947,2171.4688743590377,2281233.248419436,0.014791952885960576,0.026645705215161936,0.04017502623707851,60785.06866441057,91648.6056081467,192219.26470926654,289818.33810022473,0.05151535624226706,0.06076354427396993,117518.54346403136,138615.81748958665,371626.2646518331,438341.70299329725,0.06372671366172844,0.06538763828982137,145375.49801764003,149164.45450236433,459717.6897170356,471699.4221640294,0.025174629839676083,0.034835567739234234,57429.20260692114,79468.05535430863,181607.0844451504,251300.05614395434,0.04785421234175757,0.055703991691789335,109166.62027094109,127073.79791698988,345215.1645188816,401842.63234564825,0.05151535624226706,0.06076354427396993,117518.54346403136,138615.81748958665,371626.2646518331,438341.70299329725,0.024992722831661755,0.03331479700422285,57014.23029211836,75998.8225903774,180294.82676446118,240329.37887665041,0.03653102290723885,0.0501141851709941,83335.78405476532,114322.14542952001,263530.88820900064,361518.36655429174,0.04837511329527927,0.05766643652929727,110354.91684524818,131550.59232850204,348972.8882294675,415999.4993023398
2025-06-03,2301960.1087448657,18555.391451071016,2283404.7172937947,0.014343223878431718,0.025837380516706834,0.03895627575904525,58997.19655436317,88952.94383640183,186565.51667642553,281293.9071000661,0.049952585264201786,0.05892022006071656,114061.96883329886,134538.70843062867,360695.61591636296,425448.75209808425,0.06179349867686702,0.06340403745897394,141099.56637684602,144777.07822929355,446196.0066129456,457825.3201889448,0.024410931716111473,0.033778795191427693,55740.03663410564,77130.66028460694,176265.47262499935,243908.563932049,0.04640250590544426,0.05401415417675933,105955.70087874458,123336.17444784658,335061.3458563371,390023.22914705536,0.049952585264201786,0.05892022006071656,114061.96883329886,134538.70843062867,360695.61591636296,425448.75209808425,0.02423454304308632,0.0323041585908245,55337.26990604282,73763.46811449552,174991.81239858718,233260.56735501176,0.03542281699422937,0.04859392014931187,80884.62742445814,110959.5865007367,255779.65035540663,350885.0215728005,0.04690760479620274,0.05591706624458811,107109.04606860237,127681.2928401221,338708.54358468705,403763.699969735
2025-06-04,2298558.8897148804,-3401.2190299853683,2301960.1087448657,0.014046869070730715,0.02530353735847235,0.0381513744544871,58247.733609338786,87822.94208801723,184195.50674825095,277720.52781519823,0.04892048195705051,0.05770283053700903,112612.99796570324,132829.61405785987,356113.56771153054,420044.121143958,0.06051674244878551,0.062094004826988285,139307.12702829132,142937.92210393818,440527.8157038043,452009.39786017174,0.02390656135726844,0.033080869227350665,55031.95058169346,76150.84132396682,174026.3079199795,240810.10432180733,0.04544375312915028,0.05289813211575974,104609.7068949536,121769.38995759457,330804.93915067386,385068.62155523314,0.04892048195705051,0.05770283053700903,112612.99796570324,132829.61405785987,356113.56771153054,420044.121143958,0.02373381716694244,0.03163670106605405,54634.30034654558,72826.42382634258,172768.82746481063,230297.37313599733,0.034690922811476045,0.047589889118119316,79857.12044756515,109550.02632950204,252530.38799671078,346427.60093264206,0.04593841583862138,0.05476172686241211,105748.40071943973,126059.31072325482,334405.80519361806,398634.542156373
2025-06-05,2299081.931757902,523.0420430214144,2298558.8897148804,0.013623760077252082,0.024541363654903028,0.03700220807698454,56409.76959470302,85051.75431443256,178383.35420457486,268957.26262665965,0.04744693680068062,0.05596475022698077,109059.57837294455,128638.27414489951,344876.66831614514,406789.94057103136,0.058693903646972766,0.06022365694013084,134911.3939998179,138427.62203087698,426627.2873477985,437746.57669847447,0.023186466291067128,0.032084432711020655,53295.45821440676,73747.95802937543,168535.03689985586,233211.52015932917,0.04407493132625964,0.051304775238600886,101308.82521354697,117927.04720950994,320366.63475070265,372918.06692025514,0.04744693680068062,0.05596475022698077,109059.57837294455,128638.27414489951,344876.66831614514,406789.94057103136,0.02301892536846791,0.030683764673065644,52910.3555373753,70528.44005919443,167317.2353074082,223030.51040571518,0.03364598949860043,0.04615642305652673,77337.28826526154,106093.25653402039,244561.97897923872,335496.3350320456,0.0445546941858025,0.053112236216686204,102411.58839930422,122081.6027085007,323853.8781374789,386055.9249626433
2025-06-06,2322219.625620006,23137.693862104323,2299081.931757902,0.01320884303852267,0.02379394665134935,0.03587529109410351,54704.23283132872,82480.23355100855,172989.97339916043,260825.3999638248,0.04600192144497195,0.054260321471208545,105762.18642028136,124748.9247058309,334449.3994074193,394490.7377272763,0.05690635743692652,0.05838952148432684,130832.37818539467,134242.29384860565,413728.3067623744,424511.40688720474,0.022480313226308418,0.03110728853538315,51684.08195886387,71518.20501767912,163439.4177648268,226160.4220227488,0.04273261174015443,0.049742267876905485,98245.77554861463,114361.54932045488,310680.42122330086,361642.9725983188,0.04600192144497195,0.054260321471208545,105762.18642028136,124748.9247058309,334449.3994074193,394490.7377272763,0.022317874829229083,0.029749278400331283,51310.62277511505,68396.02845303727,162258.4361310732,216287.23282128063,0.03262128748911702,0.044750710810835245,74999.01265690902,102885.55065851432,237167.70225962895,325352.67840154195,0.04319776323074736,0.05149468191109325,99315.19693616709,118390.49276341495,314062.2285864643,374383.6104420733
2025-06-09,2322338.264827569,118.63920756289735,2322219.625620006,0.013039226580576607,0.02348840551199375,0.035414611851764186,54545.23625447301,82240.50667588165,172487.1820761264,260067.31702206904,0.04541120483554195,0.05356355768136564,105454.79109214565,124386.34486569652,333477.3300284156,393344.1595987919,0.056175615557799485,0.05763973410427749,130452.1169296065,133852.12175247195,412525.8150881679,423277.57438398007,0.022191640623276946,0.03070783582917035,51533.86338007991,71310.33902281658,162964.38490899603,225503.0920308863,0.042183876758520485,0.049103520996283255,97960.22649337191,114029.16014461301,309777.4358250246,360591.8657330723,0.04541120483554195,0.05356355768136564,105454.79109214565,124386.34486569652,333477.3300284156,393344.1595987919,0.02203128811861579,0.0293672640775023,51161.489646738446,68197.23699154124,161786.83577081683,215658.5990235595,0.032202393326970696,0.044176061158616234,74781.02977582607,102586.51620512828,236478.3798644812,324407.0484299786,0.04264305517879888,0.05083343205572395,99026.5396326036,118046.39355742329,313149.41404396103,373295.4732100842
2025-06-10,2337537.616268845,15199.351441275794,2322338.264827569,0.012642005403646305,0.022772865213339183,0.03433575692786535,52886.29628469823,79739.24216539999,167241.15327014716,252157.62413840086,0.0440278181661618,0.05193182137466936,102247.48684414792,120603.2559405849,323334.94345560926,381380.982004481,0.054464306686160376,0.05588382297892313,126484.54348457426,129781.14048880337,399979.24621786515,410404.0012789169,0.021515604391225938,0.029772366028590652,49966.51136863607,69141.50486264848,158007.9826575872,218644.63621757666,0.04089880597077432,0.0476076532558898,94980.86209168745,110561.07485479569,300355.8583360769,349624.81709752436,0.0440278181661618,0.05193182137466936,102247.48684414792,120603.2559405849,323334.94345560926,381380.982004481,0.02102081236405049,0.028435671424932436,48817.436910794924,66037.24783618448,154374.29016968605,208828.11357136886,0.031221393994052736,0.04283030135475565,72506.63795364632,99466.44773024511,229286.1214147325,314540.52559365996,0.041343996184666644,0.04928486507716868,96014.74436053637,114456.12804557277,303625.28113810206,361942.0567878863
2025-06-11,2341416.1868134835,3878.570544638671,2337537.616268845,0.012360601290621501,0.02226595371221415,0.033571461793128705,52047.5043644015,78474.55477457067,164588.6603190631,248158.33145528467,0.04304778305908199,0.05077584748721267,100625.81219758488,118690.45349928952,318206.75794872147,375332.1695760571,0.05325196106335996,0.05463987970127802,124478.46212568777,127722.77415014185,393635.4599521782,403894.87538972497,0.021036678827077767,0.029109649474735287,49174.02807966064,68044.90064359436,155501.93045680344,215176.86919361542,0.039988420960603406,0.046547932981304094,93474.438210604,108807.54430335951,295592.1277501826,344079.666608295,0.04304778305908199,0.05077584748721267,100625.81219758488,118690.45349928952,318206.75794872147,375332.1695760571,0.020189195893896842,0.027634118015181605,47193.00484420438,64595.79035289955,149237.38493504561,204269.8247738944,0.030526422871689482,0.04187692231571144,71356.66175270377,97888.88116654371,225649.5773647666,309551.8220918384,0.04042370148427905,0.04818781098647927,94491.922808325,112640.8208265484,298809.6965631211,356201.55132282316
2025-06-12,2348377.9052883936,6961.718474910129,2341416.1868134835,0.011990926166487349,0.02160003390710132,0.032567422101697496,50574.66902580712,76253.88927170172,159931.14603071954,241135.9705448556,0.041760329951267515,0.04925726701677114,97778.31251456968,115331.76231126186,309202.173313786,364711.05546475283,0.05165932613779033,0.05300573554952295,120955.98241889916,124108.48720960793,382496.4010670041,392465.4965402362,0.020407523604453543,0.02823905159441701,47782.50610024577,66119.3725034291,151101.55158766653,209087.81457194526,0.038792465833909356,0.045155799014802975,90829.30742992439,105728.51874175604,287227.48977421573,334342.93285974895,0.041760329951267515,0.04925726701677114,97778.31251456968,115331.76231126186,309202.173313786,364711.05546475283,0.01958538679733551,0.026807649644637915,45857.54167228445,62767.86480837994,145014.27958050565,198489.4166600089,0.029613452790450336,0.040624486767356444,69337.41771099734,95118.83089807854,219264.1670412502,300792.15401032753,0.03921472818979206,0.04674663231002637,91817.99934507014,109453.32156971392,290354.00813027023,346121.79363113217
2025-06-13,2318701.5918263085,-29676.31346208509,2348377.9052883936,0.011648357286564976,0.020982942339769238,0.03163700312017475,49275.87817865443,74295.63911695835,155824.00874953743,234943.43982748938,0.040567278700849786,0.04785003570238505,95267.30097875209,112369.96661074186,301261.6576296449,355345.0350870157,0.05018347037428583,0.05149141420315269,117849.75303766753,120921.29942673675,372673.64128737664,382386.7238157011,0.01982450087492447,0.027432289869721693,46555.41983804305,64421.38342152105,147221.16411360336,203718.30163101762,0.03768420352075376,0.04386574257748339,88496.75092652922,103013.34066803033,279851.2984524487,325756.78589382715,0.040567278700849786,0.04785003570238505,95267.30097875209,112369.96661074186,301261.6576296449,355345.0350870157,0.019025851701809596,0.026041781655409425,44679.88976582324,61155.9446539081,141290.21726524865,193392.07756554743,0.028767425785346155,0.03946388543130541,67556.78710633052,92676.11660371016,213633.31865910024,293067.6131670725,0.038094402259508005,0.04541112734166579,89460.05258139686,106642.4881034056,282897.5257556398,337233.1577541717
2025-06-16,2345215.9596387343,26514.36781242583,2318701.5918263085,0.011715255480892047,0.02110345040109207,0.03181869898772001,48932.60403803973,73778.06799266854,154738.48060335807,233306.7362235995,0.04080026242783248,0.048124845352211613,94603.6334383463,111587.15552456799,299162.9565928408,352869.5690770759,0.05047168127566142,0.051787136814401176,117028.76771602622,120078.91656767883,370077.4577454242,379722.87531919347,0.019938355839993024,0.02758983746320579,46231.0974245912,63972.600044164385,146195.56659085266,202299.12398254772,0.03790062933155027,0.0441176698577905,87880.24956228449,102295.71132692638,277901.7499608342,323487.44266017276,0.04080026242783248,0.048124845352211613,94603.6334383463,111587.15552456799,299162.9565928408,352869.5690770759,0.018939993971188288,0.026058697643148304,43916.19417017497,60422.343706088446,138875.19974396113,191072.22767677897,0.028932641256775533,0.03969053221175142,67086.16133782496,92030.50021982139,212145.0693050555,291025.9948992623,0.03831318390076737,0.045671929989350546,88836.8404986434,105899.57676808683,280926.7561088016,334883.8658350073
2025-06-17,2325947.851772695,-19268.1078660395,2345215.9596387343,0.011694834647140554,0.0210666650272753,0.03176323588977248,49405.8790383292,74491.64773846425,156235.10756388964,235563.2735124779,0.04072914358817806,0.04804095904961609,95518.6375654128,112666.42387951053,302056.45370282506,356282.5152852374,0.05038370420899226,0.05169686678033511,118160.66721664593,121240.31703655941,373656.83824978967,383395.5460764436,0.019903601339713393,0.02754174568364658,46678.243516182745,64591.34153359918,147609.5666871242,204255.7563720067,0.037834564835396614,0.04404076845319555,88730.22527795858,103285.11305118831,280589.60917819606,326616.20562973834,0.04072914358817806,0.04804095904961609,95518.6375654128,112666.42387951053,302056.45370282506,356282.5152852374,0.018906979713089456,0.02601327478973985,44340.95057170317,61006.74719936583,140218.39742352726,192920.27378809443,0.02888220883914197,0.03962134774017703,67735.01711917468,92920.61706265928,214196.93144708883,293840.7915063082,0.03824640028173285,0.04559231935764528,89696.06833945127,106923.83499449572,283643.873114783,338122.8547426238
2025-06-18,2325498.5157473907,-449.336025304161,2325947.851772695,0.011517231289918287,0.020746736567642407,0.031280864184615814,48255.82735080187,72757.65885180059,152598.324804383,230079.91919320115,0.04011061131676909,0.04731138604847277,93295.1902255286,110043.81674383389,295025.29585134843,347989.10332868894,0.04961855315839587,0.05091177341432461,115410.16712684014,118418.13000298652,364958.9932615057,374471.0070673592,0.019601335721993775,0.027123483549570705,45591.684714446805,63087.80829471601,144173.56606193533,199501.16679936583,0.037259991022550704,0.04337194426132478,86664.79607597171,100880.88058183342,274058.14855409355,319013.3550020459,0.04011061131676909,0.04731138604847277,93295.1902255286,110043.81674383389,295025.29585134843,347989.10332868894,0.018619849268470556,0.02561822474633177,43308.798406330476,59586.65481496047,136954.44568907478,188429.5473655141,0.028443589789912366,0.039019638986813265,66158.30656855043,90757.64547832441,209210.934896298,287000.874785587,0.037665572138654894,0.044899932571018306,87608.15660169382,104434.90170829887,277041.3164700693,330252.1566140341
2025-06-20,2324923.260249242,-575.2554981485009,2325498.5157473907,0.011166470311948277,0.020114888042161938,0.030328195419272244,46777.142286472525,70528.17343281442,147922.3120590297,223029.66725907006,0.03888902976663035,0.045870502591178176,90436.38100115496,106671.78569237169,285984.9473064284,337325.80486525595,0.04810740418576641,0.04936123900345209,111873.69703045959,114789.48803798005,353775.6928798679,362996.2336446697,0.019004370747140537,0.026297429146710103,44194.63596518845,61154.63244864652,139755.71001198943,193387.92800816317,0.036125226029017576,0.042051037768904155,84009.15951151938,97789.62591722408,265660.28837279964,309237.9494342605,0.03888902976663035,0.045870502591178176,90436.38100115496,106671.78569237169,285984.9473064284,337325.80486525595,0.01805277577878732,0.024838013483773836,41981.70327869036,57760.76349062973,132757.80241402015,182655.57202068774,0.027577331127518326,0.0378312833493753,64131.04260531818,87976.59327779124,202800.16335410424,278206.4155400789,0.03651845504196869,0.0435324907038758,84923.61299748601,101234.74251865025,268552.04420273507,320132.3646996257
2025-06-23,2346259.5154275065,21336.255178264342,2324923.260249242,0.010826464245459333,0.019502413037077927,0.029404737053276224,45341.61370089054,68363.75713667466,143382.7720823107,216185.1819584829,0.037704903926401745,0.04447379900282857,87661.0081639544,103398.1697733257,277208.4477847109,326973.72237648524,0.046642589538948766,0.04785824654104198,108440.44133735997,111266.75057801134,342918.7850999331,351856.3596723724,0.018425709705350204,0.02549670293751781,42838.3610805689,59277.87771910034,135466.7922433096,187453.10845330392,0.03502525480623937,0.04077063245333326,81431.02959518248,94788.59172582712,257507.52573335572,299747.8460534044,0.037704903926401745,0.04447379900282857,87661.0081639544,103398.1697733257,277208.4477847109,326973.72237648524,0.017503089699813505,0.024081724788412254,40693.34036932534,55988.16210750041,128683.6411675456,177050.1142664343,0.02673763338785768,0.03667936466043325,62162.94578744707,85276.7080702053,196576.49475390193,269668.6288631108,0.03540651045194123,0.042206976865106736,82317.41971397608,98127.9822584883,260310.5374042107,310307.9261334166
2025-06-24,2374649.763148717,28390.247721210588,2346259.5154275065,0.010732513508184086,0.019333173473547446,0.029149566328752867,45360.642225721356,68392.44736942166,143442.94556128912,216275.90844056377,0.03737770536531441,0.04408786079520929,87697.79687821469,103441.5629056031,277324.7839139626,327110.9435092908,0.046237830831372666,0.04744293851015672,108485.95056083545,111313.44591929729,343062.6979006612,352004.0233069549,0.018265813642112074,0.02527544565676963,42856.339064831016,59302.75487886658,135523.64362131656,187531.77693988115,0.03472130991364161,0.040416829873716816,81465.20377298904,94828.37167462279,257615.59397238804,299873.6412968036,0.03737770536531441,0.04408786079520929,87697.79687821469,103441.5629056031,277324.7839139626,327110.9435092908,0.017351200020541538,0.023872746515595265,40710.41815228153,56011.658671604244,128737.64585907315,177124.4169261906,0.026505607463896585,0.036361065604111086,62189.0337243537,85312.49616472945,196658.99205398167,269781.80075492454,0.035099257069314604,0.041840709863735615,82351.96588331557,98169.16365003122,260419.7819837574,310438.1531279074
2025-06-25,2361570.9715429647,-13078.791605752427,2374649.763148717,0.010814592753544721,0.01948102814784392,0.02937249401526632,46260.61887717105,69749.38595643928,146288.92162084163,220566.92502051004,0.037663559545451954,0.044425032357199495,89437.76275394509,105493.89256489788,282827.0391322401,333600.9797421797,0.04659144475963446,0.04780576876307327,110638.36326322252,113521.95747037428,349869.2245048825,358987.9500471495,0.018405505448556042,0.025468745157774624,43706.62915404603,60479.34965660455,138212.49697510377,191252.49632059273,0.034986848728335046,0.04072592642350211,83081.51204606082,96709.81153558136,262726.80951626826,305823.2765380632,0.037663559545451954,0.044425032357199495,89437.76275394509,105493.89256489788,282827.0391322401,333600.9797421797,0.017483897119194288,0.024055318568003272,41518.132153011255,57122.95653997591,131291.861799386,180638.64934913506,0.026708314896484755,0.036639144809230945,63422.89364303888,87005.1365432118,200560.79971061696,275134.3996104982,0.035367686317577036,0.04216069584729388,83985.86793715243,100116.88640796152,265586.63394750893,316597.393293512
2025-06-26,2386688.513839524,25117.542296559084,2361570.9715429647,0.010572049639233886,0.019044119487052567,0.028713745568987196,44974.039759219035,67809.54801999059,142220.40121810284,214432.6188497312,0.03681886411989455,0.043428694728328256,86950.36071072778,102559.94480242099,274961.1832191168,324323.022276798,0.045546520149917745,0.046733610032545114,107561.33984084247,110364.73684826761,340138.82207647525,349003.94180563866,0.017992717957275375,0.02489754761858565,42491.08042706135,58797.32571866054,134368.594390914,185933.46959776393,0.03420218494636221,0.039812550094586494,80770.88713267275,94020.16260647557,255419.97197163268,297317.85981585615,0.03681886411989455,0.043428694728328256,86950.36071072778,102559.94480242099,274961.1832191168,324323.022276798,0.017091778899468474,0.023515820501438495,40363.448901015305,55534.279068212076,127640.43274702862,175614.8100709635,0.026109317040475373,0.035817424334846575,61659.00520959871,84585.38958461025,194982.89472251973,267482.48786005215,0.034574481341585486,0.04121514138164256,81650.09149244214,97332.48147492627,258200.26027725404,307792.331776912
2025-06-27,2397039.9221939067,10351.408354382962,2386688.513839524,0.01057251377744012,0.01904495556934121,0.02871500617093454,45454.37670393073,68533.7754030005,143739.36000771815,216722.82692390567,0.036820480555886756,0.043430601351656585,87879.01801678645,103655.31739514206,277897.8554720183,327786.89455632056,0.04554851975083563,0.046735661749541496,108710.12891171209,111543.46708431987,343771.6120915318,352731.4140984717,0.017993507880528,0.024898640680336745,42944.89858213713,59425.299721977215,135803.69340448896,187919.29775961876,0.034203686503894756,0.03981429796053654,81633.54570981355,95024.32762899694,258147.93791847766,300493.3084336979,0.036820480555886756,0.043430601351656585,87879.01801678645,103655.31739514206,277897.8554720183,327786.89455632056,0.01709252926934664,0.02351685290207206,40794.54327961549,56127.40270302906,129003.67286990017,177490.4316910631,0.026110463301795617,0.03581899680524257,62317.542853424005,85488.78825232705,197065.37360196837,270339.2852851988,0.03457599924381816,0.04121695082469698,82522.14024974487,98372.02310879277,260957.92058105007,311079.65106250293
2025-06-30,2407113.523897716,10073.601703809109,2397039.9221939067,0.010305102490337014,0.018563250254141125,0.02798871562915929,44496.85194485246,67090.06873402737,140711.40085302683,212157.42557677583,0.03588917771680087,0.042332108292050426,86027.79176188365,101471.75356668059,272043.764042222,320881.85944202513,0.04439645804170809,0.04555357357967521,106420.082329981,109193.73446907908,336529.8489453786,345300.9071419267,0.01753839690095197,0.02426887772219769,42040.23754286377,58173.46876695018,132942.9040099701,183960.66069622952,0.033338570409064544,0.03880727230071171,79913.88421940016,93022.58097625575,252709.89080429153,294163.22971241764,0.03588917771680087,0.042332108292050426,86027.79176188365,101471.75356668059,272043.764042222,320881.85944202513,0.01666020680110672,0.02292203959319027,39935.18081425925,54945.044002986455,126286.1301437169,173751.48518761265,0.025450049634301475,0.034913024560602836,61004.784995237074,83687.91367630138,192914.06875381336,264644.41984466766,0.033701466218342725,0.0401744477736235,80783.75996183683,96299.75516546964,255460.67943172136,304526.56443944917
2025-07-01,2419440.8917013034,12327.367803587578,2407113.523897716,0.010043837015802968,0.018092615790186,0.027279117148473864,43550.980151242074,65663.93180808153,137720.29161070933,207647.58463551608,0.03497927865896918,0.04125886148336319,84199.09471619147,99314.76345722612,266260.9162274137,314060.85780569306,0.043270873731530275,0.04439865289556019,104157.90535003695,106872.59782774342,329376.2172183544,337960.8285948327,0.017093745565054018,0.02365358836816708,41146.586123708126,56936.87244972468,130116.93009119645,180050.19978762083,0.032493336950554216,0.03782339073111795,78215.15081024442,91045.19534854153,247338.02409393666,287910.18731635896,0.03497927865896918,0.04125886148336319,84199.09471619147,99314.76345722612,266260.9162274137,314060.85780569306,0.01623782023679957,0.022340896653833903,39086.27669062025,53777.074471444816,123601.65959790848,170058.0412302612,0.02480481400458739,0.0340278739337364,59708.00324820977,81908.95553538346,188813.2848050748,259018.86025726824,0.03284703225494597,0.03915590417625889,79066.53556078493,94252.70648311582,250030.33907077895,298053.22812196455
2025-07-02,2427468.205483817,8027.313782513607,2419440.8917013034,0.009817919192775212,0.01768565534610818,0.026665523085706244,42789.397740909895,64515.656952162804,135311.95656813867,204016.42071091125,0.03419248348564231,0.04033081853003178,82726.69273398451,97578.03154734355,261604.77233229304,308568.8292853699,0.04229757422671401,0.04339998605222651,102336.48070388302,105003.70095402304,323616.3667501417,332050.8577619082,0.016709252887666757,0.023121543972930172,40427.04970619904,55941.208967377075,127841.55615242987,176901.63540034756,0.031762458508856437,0.03697262243608711,76847.39093729327,89453.07459530221,243012.7876032285,282875.4594260998,0.03419248348564231,0.04033081853003178,82726.69273398451,97578.03154734355,261604.77233229304,308568.8292853699,0.015872580040961873,0.02183837886819272,38402.769207905105,52836.6668421711,121440.21915476045,167084.21119275704,0.024246874885134568,0.03326247887711838,58663.88059305992,80476.60155465108,185511.47905821874,254489.35926254498,0.03210819808148377,0.038275163417894775,77683.88739718717,92604.49550980444,245658.0216711609,292841.1273818176
2025-07-03,2450500.831185902,23032.625702084973,2427468.205483817,0.009553342000995786,0.017209055270840146,0.025946929962579166,41774.434516378155,62985.34751407633,132102.3610373095,199177.15736170555,0.03327105083958297,0.03924396758948893,80764.41807612331,95263.48358052176,255399.51501862402,301249.5859565012,0.04115772237132076,0.0422304259644419,99909.06246651115,102513.01633272097,315940.19628621533,324174.6214254398,0.01625896529424224,0.02249845540865842,39468.12130583787,54614.285177013735,124809.15829426674,172705.5339413356,0.03090651114248701,0.035976269499707336,75024.57314081854,87331.25036245675,237248.53160687909,276165.66205576865,0.03327105083958297,0.03924396758948893,80764.41807612331,95263.48358052176,255399.51501862402,301249.5859565012,0.015444839440222137,0.021249869547580933,37491.85667994171,51583.3826974315,118559.6608172143,163120.97874000377,0.023593460455806528,0.03236610836518683,57272.37511381007,78567.69899173483,181111.15236718504,248452.87933239675,0.031242933587582875,0.03724370908901241,75841.22792989988,90407.91966786627,239831.02080246052,285894.94466799096
2025-07-07,2439507.555507165,-10993.275678737087,2450500.831185902,0.009546793120559482,0.017197258347273637,0.025929143166922068,42141.895874112735,63539.38688248078,133264.3758798487,200929.18367926474,0.033248243309619535,0.03921706558477026,81474.84786569378,96101.45181215156,257646.09127130083,303899.4741753149,0.0411295084747794,0.04220147672234563,100787.89470371451,103414.75378538045,318719.3078369593,327026.165627322,0.016247819663768745,0.022483032565588687,39815.295591023954,55094.68998955478,125907.01978049563,174224.70734787153,0.03088532452044895,0.03595160752408945,75684.51340880647,88099.44412025053,239335.44597338286,278594.90401472076,0.033248243309619535,0.03921706558477026,81474.84786569378,96101.45181215156,257646.09127130083,303899.4741753149,0.015434251898517739,0.02123530261854818,37821.6471060503,52037.126717236475,119602.54971423492,164555.84331726804,0.023577286979384597,0.03234392117939887,57776.1613400905,79258.80573392822,182704.26429605216,250638.35074402668,0.031221516345687508,0.037218178274999576,76508.35175599146,91203.17679811154,241940.651574276,288409.7685250552
2025-07-08,2440301.944917928,794.3894107630476,2439507.555507165,0.009321252429819243,0.016790977256073546,0.02531657339754307,40961.71588054038,61759.97208285802,129532.31905119719,195302.1800102447,0.032462761560171964,0.03829057184502994,79193.15209866707,93410.13932064046,250430.7357199315,295388.79680687725,0.04015783373185121,0.04120447698745893,97965.33880165151,100518.63293162717,309793.6023632891,317867.8273503502,0.015863968833053927,0.021951876330113355,38700.27182856524,53551.768164870424,122381.00504591553,169345.56013028597,0.030155666158933073,0.03510225944544062,73564.97543606895,85632.22713252513,232632.87839231646,270792.8788516488,0.032462761560171964,0.03829057184502994,79193.15209866707,93410.13932064046,250430.7357199315,295388.79680687725,0.015069621410531784,0.02073362370289732,36762.45528962483,50579.83167626045,116253.09109531947,159947.4717649154,0.023020279246635113,0.031579803822719216,56158.14515205115,77039.17002695758,177587.64785082452,243619.24633416138,0.03048391553318018,0.0363389077670675,74365.74226463528,88649.04005663918,235165.12544529562,280332.8789664819
2025-07-09,2452931.602519608,12629.65760168014,2440301.944917928,0.009037641410938185,0.01628009031212925,0.024546284294237074,39728.33605212853,59900.34530373512,125632.02957330809,189421.52379037347,0.03147504054831307,0.037125532256597954,76808.60266641903,90597.50857188925,242890.12832076632,286494.47742379864,0.03893598031392298,0.039950778110740395,95015.5484873524,97491.96152462438,300465.54635019996,308296.65197531483,0.015381287305210463,0.02128396243557943,37534.985326246526,51939.2949271046,118696.04557193733,164246.4720328797,0.02923814147340775,0.03403422833682041,71349.89350334246,83053.79360412371,225628.17428101288,262639.15610655583,0.03147504054831307,0.037125532256597954,76808.60266641903,90597.50857188925,242890.12832076632,286494.47742379864,0.014611108918291984,0.020102776701622707,35655.51751071561,49056.8450832207,112752.64648587845,155131.36528500984,0.022319857827816047,0.030618947928550598,54467.19246751114,74719.47818138279,172240.3859521019,236283.73663242545,0.029556403440900433,0.035233250052673575,72126.54880160827,85979.768629319,228084.17398037022,271891.90156294155
2025-07-10,2467254.6088346173,14323.006315009205,2452931.602519608,0.008853082086901061,0.01594763161780294,0.024045020144556988,39118.449580649736,58980.789795804434,123703.39920931177,186513.63395035948,0.03083228300311913,0.03636738498938027,75629.48135617908,89206.70794144808,239161.41934276605,282096.37966040644,0.03814086155663712,0.03913493598251084,93556.92465960041,95995.32123408258,295852.97280511056,303563.8598192266,0.015067183231061789,0.02084931875573748,36958.76990842496,51141.95286695326,116873.8924287156,161725.0550485505,0.028641064052311684,0.0333392091509113,70254.57114370364,81778.79972928124,222164.46085244408,258607.27145928997,0.03083228300311913,0.03636738498938027,75629.48135617908,89206.70794144808,239161.41934276605,282096.37966040644,0.014312732797490258,0.01969225423114381,35108.15459738273,48303.75272842312,111021.7329730412,152749.87815538983,0.021864059939185408,0.029993672806926296,53631.04358421083,73572.42790374251,169596.2510178666,232656.44516435367,0.028952826734104004,0.0345137454255612,71019.30367835828,84659.85687567563,224582.7574627864,267717.9741110014
2025-07-11,2463427.7872093986,-3826.821625218727,2467254.6088346173,0.008701051027724114,0.015673768199117862,0.023632102942996554,38671.176827079005,58306.41490256237,122288.99857269306,184381.07329088167,0.030302810374740013,0.035742859879914504,74764.74855771875,88186.735771649,236426.89413218008,278870.9444538573,0.037485881118925334,0.03846288463250175,92487.21295689509,94897.72937861411,292470.24738482485,300092.96961469593,0.014808439462174715,0.020491280280273392,36536.19051269899,50557.20571242643,115537.5790459639,159875.92218494328,0.028149220504371433,0.03276668590651099,69451.29402451233,80843.75681907554,219624.27556350103,255650.4061530477,0.030302810374740013,0.035742859879914504,74764.74855771875,88186.735771649,236426.89413218008,278870.9444538573,0.014066944957102036,0.019354085643192714,34706.734777632875,47751.45700294712,109752.33204469741,151003.3657209106,0.02148859564801151,0.02947860135489597,53017.836649939905,72731.21505486548,167657.12042856132,229996.29656490323,0.028455629388440033,0.033921052257045885,70207.28275591845,83691.87251771636,222014.92184016563,264656.9388004344
2025-07-14,2474258.635387443,10830.848178044427,2463427.7872093986,0.008444546180143432,0.015211709361614267,0.022935434351571242,37472.94753235392,56499.78629337757,118499.86484222462,178668.0119998355,0.029409490966352165,0.03468916914802677,72448.15725419571,85454.26319445613,229101.18920530882,270230.1074659776,0.03638080654894519,0.03732900823886407,89621.48977376125,91957.31616458633,283408.03498257406,290794.566596312,0.014371890303337471,0.01988720236965351,35404.11392796684,48990.68692726105,111957.63855246572,154922.1548263807,0.027319388396505103,0.03180073205250032,67299.34050551668,78338.80699172987,212819.20102466035,247729.0592741898,0.029409490966352165,0.03468916914802677,72448.15725419571,85454.26319445613,229101.18920530882,270230.1074659776,0.013652254874185572,0.018783531951213142,33631.34401513369,46271.87455055403,106351.6478604948,146324.5151853308,0.02085511712526139,0.028609579426012163,51375.0750318755,70477.63293841267,162462.2520627742,222869.84418268953,0.027616764421916174,0.03292106796649912,68031.9048697642,81098.67361328314,215135.7729483557,256456.52383657213
2025-07-15,2448839.3389581707,-25419.296429272275,2474258.635387443,0.008257511456860338,0.014874791569891792,0.022427447003783317,36804.0814913931,55491.304418805106,116384.72470324894,175478.91229719028,0.02875811244494358,0.033920853241628184,71155.00805434474,83928.96405280867,225011.89237935547,265406.6880652718,0.03557502327290629,0.03650222363997048,88021.80853709765,90315.94205204063,278349.39874448226,285604.08590823,0.014053573312868477,0.019446729037785267,34772.17512741534,48116.23725177994,109959.27260088811,152156.90215266528,0.02671430268319364,0.031096390931881546,66098.0941022458,76940.5137925917,209020.52635923921,243307.2679281898,0.02875811244494358,0.033920853241628184,71155.00805434474,83928.96405280867,225011.89237935547,265406.6880652718,0.013349876788008749,0.018367503354077247,33031.04792408903,45445.953784333455,104453.34494229786,143712.7243972423,0.020393205854087132,0.02797591781092475,50458.06568770884,69219.65622656993,159562.4138995503,218891.77252981716,0.027005092251329528,0.032191912994053516,66817.58270228661,79651.11871517815,211295.74908589412,251878.9533204274
2025-07-16,2457990.1659473595,9150.82698918879,2448839.3389581707,0.008396050939022447,0.0151243517348553,0.02280372100719883,37037.10750455391,55842.649077055336,117121.61765890547,176589.96166099448,0.029240598485307735,0.034489956592818546,71605.52786550228,84460.36250345377,226436.56111364227,267087.1175143949,0.036171879278239324,0.037114635646573954,88579.12094059834,90887.77982242953,280111.7753078072,287412.3957147713,0.014289355579652312,0.01977299437628544,34992.33607181402,48420.88647764646,110655.48263700161,153120.2875938106,0.027162498932074005,0.03161810718009023,66516.59592927212,77427.66468600075,210343.9453375842,244847.7743155483,0.029240598485307735,0.034489956592818546,71605.52786550228,84460.36250345377,226436.56111364227,267087.1175143949,0.01357385286443334,0.018675662103426676,33240.18487565441,45733.69603996154,105114.6940521488,144622.64530410146,0.020735350602345798,0.02844528066761389,50777.54226211439,69657.92230655924,160572.6875337401,220277.69156377693,0.027458167189921463,0.03273200924209428,67240.63999037021,80155.4318751829,212633.57369697228,253473.7315600393
2025-07-17,2476848.5814174525,18858.415470093023,2457990.1659473595,0.008191382802578145,0.014755669731020125,0.02224784121127627,36269.291090814586,54684.97491087547,114693.568966627,172929.07450752982,0.028527808765001345,0.03364920476875697,70121.0734004002,82709.41441355362,221742.30392111273,261550.13348558918,0.03529012770510898,0.03620990277063478,86742.78685418433,89003.58492013034,274304.7770497345,281454.0482678274,0.013941028038678872,0.019290993738091455,34266.90982226907,47417.07289958089,108361.4834139659,149945.95034092013,0.026500366451224004,0.0308473616091732,65137.640131109925,75822.51148076984,205983.30422269623,239771.83419349894,0.028527808765001345,0.03364920476875697,70121.0734004002,82709.41441355362,221742.30392111273,261550.13348558918,0.013242966928853704,0.01822041082073058,32551.08247908851,44785.59061687662,102935.56093791994,141624.47270519554,0.020229890881207486,0.02775187818266499,49724.872844196165,68213.84365955963,157243.85454991483,215711.11391884388,0.026788827288371075,0.031934110398660495,65846.67403207837,78493.7293181848,208225.4662880308,248218.9666861996
2025-07-18,2483969.2879371694,7120.706519716885,2476848.5814174525,0.00815951970588928,0.01356744655945171,0.021745376410109804,33604.51076423506,53860.004713769005,106266.79367062838,170320.28968291535,0.02841684040338179,0.033518315040991724,70384.21084148233,83019.79106078361,222574.41757260062,262531.63062336255,0.03515285506405058,0.0360690523597967,87068.29919816699,89337.58117043426,275334.13746321993,282510.23714874353,0.013886799792356555,0.019215955028081756,34395.50036612651,47595.01095188586,108768.12241811518,150508.63986861802,0.026397284498045116,0.03072737057844758,65382.07666225595,76107.04422791625,206756.28040446836,240671.60574338638,0.02841684040338179,0.033518315040991724,70384.21084148233,83019.79106078361,222574.41757260062,262531.63062336255,0.013191454022440796,0.018149536497593214,32673.234182316035,44953.65372744803,103321.83854018786,142155.9349252539,0.020151200019763404,0.02764392806006133,49911.47118281033,68469.82400036902,157833.93030753895,216520.59483202768,0.026684623271217584,0.0318098920985482,66093.77129497442,78788.28611933133,209006.8564423757,249150.43707811588
2025-07-21,2480644.013713763,-3325.274223406333,2483969.2879371694,0.007942139460678,0.013205992090770686,0.021166051225953504,32803.278770215555,52575.821192173375,103733.07563532832,166259.34482101712,0.027659778718665422,0.03262534341946102,68706.04084830302,81040.35106234421,217267.57809320476,256272.0917366539,0.03421633716481878,0.035108125769858826,84992.33066311303,87207.50616936482,268769.3485416063,275774.3485583785,0.013516837337105224,0.018704016927980308,33575.40881541181,46460.20361016001,106174.76522799724,146920.0639632833,0.025694026416205412,0.02990875335687022,63823.17250130058,74292.42477895335,201826.59260193564,234933.27519822394,0.027659778718665422,0.03262534341946102,68706.04084830302,81040.35106234421,217267.57809320476,256272.0917366539,0.012840016485250735,0.01766600917778415,31894.206605969783,43881.82423803199,100858.337038853,138766.5124753639,0.01961434577349741,0.026907457768070756,48721.43250434779,66837.29871235417,154070.69757990056,211358.0965840784,0.02597371010976261,0.030962435092036424,64517.898206433485,76909.73784836654,204023.50817922218,243209.94584729598
2025-07-22,2487340.0989624155,6696.08524865238,2480644.013713763,0.007707178124503621,0.012815304221019924,0.020539871881935685,31790.207699793795,50952.110226371406,100529.46362117073,161124.71990729112,0.026841488055525834,0.031660150813496615,66584.17666410963,78537.5635887753,210557.65438561863,248357.58282083768,0.0332040763830681,0.03406948219248201,82367.49331055241,84514.25705110814,260468.88402002832,267257.5470384472,0.013116953379224326,0.018150674742164384,32538.491878335342,45025.36264401568,102895.74596243011,142382.69843015066,0.024933890837078216,0.029023928721539492,61852.10704359053,71998.0350375419,195593.5363382896,227677.777775239,0.026841488055525834,0.031660150813496615,66584.17666410963,78537.5635887753,210557.65438561863,248357.58282083768,0.012460155687689517,0.017143375554711675,30909.210616608496,42526.611944642376,97743.50622634035,134480.95491519236,0.019034072295054386,0.026111423870461274,47216.75749532165,64773.147313802416,149312.49741304354,204830.67672923286,0.0252053003301294,0.03004643819265481,62525.37737779303,74534.51703602973,197722.60407539227,235698.83813447633
2025-07-23,2515434.533166315,28094.434203899466,2487340.0989624155,0.007501504237222571,0.012473314793339976,0.019991744509508504,31025.376052455616,49726.267766712204,98110.85358900343,157248.26568222497,0.026125195646085328,0.03081526748726163,64982.24672374634,76648.05048131864,205491.90712205294,242382.41773253214,0.03231799183267082,0.033160303407849784,80385.83700334196,82480.9523601048,254202.33654960495,260827.67303777178,0.012766914136948073,0.017666305525482325,31755.65747284108,43942.11013405347,100420.20621032441,138957.15321757586,0.024268504599643425,0.028249395663149646,60364.02463254691,70265.85460440707,190887.80657335688,222200.14228815594,0.026125195646085328,0.03081526748726163,64982.24672374634,76648.05048131864,205491.90712205294,242382.41773253214,0.012127643759845728,0.016685887141378343,30165.574629795596,41503.476173511706,95391.92275794465,131245.5155228267,0.01852612871616318,0.025414613966352972,46080.782834251775,63214.78841815999,145720.23011982493,199902.71320701815,0.024532671254319904,0.0292446184290262,61021.096945532474,72741.31209737211,192965.65166982627,230028.22621685572
2025-07-24,2519322.90496173,3888.371795414947,2515434.533166315,0.007775938644643663,0.012929637504843822,0.020723120828748196,32523.656681006498,52127.65376761136,102848.83294933291,164842.11498630946,0.027080957631837148,0.03194261067136949,68120.37601833703,80349.54596224967,215415.54328505704,254087.57420109457,0.03350031055931097,0.034373437191135656,84267.83805268696,86464.13093420597,266478.30174469884,273423.58965911326,0.01323397786243182,0.018312608178242106,33289.20492631953,46064.16700389407,105269.70906326741,145667.68625067963,0.025156341554497304,0.029282869205742863,63279.1302743093,73659.14043031806,200106.18002133287,232930.65425000028,0.027080957631837148,0.03194261067136949,68120.37601833703,80349.54596224967,215415.54328505704,254087.57420109457,0.012571320470995549,0.01729632224947539,31622.333640242825,43507.76628310328,99998.59923293092,137583.63736088455,0.019203887069054484,0.026344380091003494,48306.120704525696,66267.56343576933,152757.36635331882,209556.43544672432,0.02543017246010853,0.03031450111855425,63967.93399053197,76254.14296932024,202284.36862538478,241136.7728071671
2025-07-25,2536502.978784868,17180.073823137674,2519322.90496173,0.007548540124499266,0.012329412761018958,0.0195110426465153,31061.771973562503,49154.61663905112,98225.94759724099,155440.54609181228,0.026289005692528206,0.031008485194283644,66230.49418985561,78120.38699812545,209439.21219849205,247038.35460788046,0.0325206319129507,0.03336822494516136,81929.9728621261,84065.33340226038,259085.32288010296,265837.9258125747,0.012846965166078608,0.01777707668937357,32365.65360214731,44786.19648680008,102349.18334281868,141626.38863411944,0.024420672832923714,0.028426524855912537,61523.560422561364,71615.5951779644,194554.58069828528,226468.39675093914,0.026289005692528206,0.031008485194283644,66230.49418985561,78120.38699812545,209439.21219849205,247038.35460788046,0.012203686439657798,0.01679051089174553,30745.026772400754,42300.718675583914,97224.31132364164,133766.6176768664,0.018642291138313543,0.025573968527771537,46965.95106571839,64429.084682785244,148519.37784368257,203742.6551574685,0.02468649586378805,0.029427987861659746,62193.25447288424,74138.60386681516,196672.33923276898,234446.85076410262
2025-07-28,2532149.862661081,-4353.116123786662,2536502.978784868,0.007505525337987736,0.012259154532410423,0.019399860441716075,31095.38198884305,49207.80379842355,98332.23179772058,155608.7386577035,0.02613919977657442,0.03083178568038041,66302.15809633378,78204.91621954154,209665.83336898836,247305.659476396,0.03233531554503268,0.033178078632283406,82018.62419992404,84156.29528114545,259365.66302516544,266125.57253009983,0.012773757704128924,0.01767577535878771,32400.674466799173,44834.65684989719,102459.92904074705,141779.6337577451,0.024281513470841655,0.02826453844823972,61590.13124819476,71693.08596793948,194765.09613300473,226713.44414494614,0.02613919977657442,0.03083178568038041,66302.15809633378,78204.91621954154,209665.83336898836,247305.659476396,0.012134144653007979,0.016694831431940595,30778.294057361218,42346.48965742856,97329.51171568657,133911.35823023767,0.018536059448453705,0.025428237197165714,47016.77000593622,64498.799395859016,148680.08144304683,203963.11243720673,0.024545821729215697,0.029260294692589228,62260.549932877955,74218.82464787565,196885.14616253786,234700.53114793147
2025-07-29,2515983.051446894,-16166.811214186717,2532149.862661081,0.00728902996356755,0.011905541676407373,0.01884027535461081,30146.615720820704,47706.40065167471,95331.96942363218,150860.88502783317,0.0253852197967812,0.02994244900049033,64279.18082204087,75818.76812432801,203268.6175274636,239759.9966610489,0.0314026098474734,0.0322210636023449,79516.11421247928,81588.56177547158,251452.0315975206,258005.68622784156,0.012405301222753622,0.017165921160428053,31412.081787464922,43466.684908828836,99333.72449588234,137453.72664876748,0.02358111808029488,0.027449253500336796,59710.92490841341,69505.62348102701,188822.5239058674,219796.08039012647,0.0253852197967812,0.02994244900049033,64279.18082204087,75818.76812432801,203268.6175274636,239759.9966610489,0.011784137681926862,0.016213272364589703,29839.202612870373,41054.43539128252,94359.84381991792,129825.52388867878,0.018001390527911002,0.02469476479051315,45582.21855295833,62530.845272745566,144143.63143093276,197739.89507744883,0.023837802419918102,0.028416287355347274,60360.888123737604,71954.29812418041,190877.8880616183,227539.46951119124
2025-07-30,2506922.9909785003,-9060.060468393844,2515983.051446894,0.007239037856334518,0.01182388703660905,0.0187110585630027,29748.699386331016,47076.70621914507,94073.64748845935,148869.61639111227,0.025211114238626292,0.029737087501260126,63430.73613247522,74818.00815256375,200585.59983976162,236595.31575914804,0.031187233775933205,0.03200007413257704,78466.55160176007,80511.64416260802,248133.02320069526,254600.17371884125,0.012320218961864901,0.01704818799487719,30997.46209816674,42892.95205299142,98022.58191494875,135639.4240558482,0.0234193860268341,0.027260991683426404,58922.77831880682,68588.19304113557,186330.18555261655,216894.91060529932,0.025211114238626292,0.029737087501260126,63430.73613247522,74818.00815256375,200585.59983976162,236595.31575914804,0.011703315696341917,0.016102072979390272,29445.34393772867,40512.54270930692,93114.3533302538,128111.90876625864,0.017877927261864206,0.024525394745984263,44980.56198585072,61705.47751094111,142241.02630967478,195129.85304287143,0.023674309886517527,0.028221393097574477,59564.16242917974,71004.54672171775,188358.42019643582,224536.09186847
2025-07-31,2475695.136081008,-31227.854897492565,2506922.9909785003,0.007073916377938771,0.011554185765996025,0.018284261837583055,28965.45393881197,45837.23637370776,91596.8079073413,144950.06858843353,0.024636052118811116,0.029058788540978403,61760.685463592185,72848.14508336135,195304.43591820356,230366.06178181857,0.03047585717446266,0.031270156752062045,76400.62702043752,78391.87489324593,241599.99604958622,247896.87471362608,0.01203919642689331,0.01665932112312579,30181.33831548505,41763.63513765781,95441.77190904232,132068.21040323845,0.022885192986181926,0.026639172135216334,57371.416450039396,66782.35308640766,181424.34857217627,211184.34325862376,0.024636052118811116,0.029058788540978403,61760.685463592185,72848.14508336135,195304.43591820356,230366.06178181857,0.011436364641759279,0.015734786863699283,28670.085453639935,39445.89894675422,90662.77074516399,124738.88502458028,0.017470134149199727,0.023965973795428995,43796.28095410742,60080.85070894922,138496.00085963178,189992.33200082165,0.023134302066964523,0.027577666922474934,57995.91373191481,69135.08724549972,183399.18237548674,218624.34193023562
2025-08-01,2451819.325676037,-23875.810404970776,2475695.136081008,0.007514337664338938,0.01249465389697009,0.019496380235387634,30932.953879744462,48267.09371993506,97818.58901693471,152633.95219180413,0.02616989012116957,0.030867985645762003,64788.66968475391,76419.72192383136,204879.76277612563,241660.37943601163,0.03237328082266751,0.03321703340805822,80146.37387166251,82235.24804337007,253445.08763786106,260050.68776595462,0.012989882400709892,0.017714266338842762,32158.988677701764,43855.123014316545,101695.65146910414,138682.07579210936,0.024310022683904087,0.028297724178186073,60184.20491656032,70056.5381100972,190319.16670263465,221538.2254142951,0.02616989012116957,0.030867985645762003,64788.66968475391,76419.72192383136,204879.76277612563,241660.37943601163,0.012273548151199857,0.01674295421819963,30385.56346038153,41450.450321623815,96087.58852239311,131077.83305599022,0.01855782285577955,0.025458092792160922,45943.51178030639,63026.47649945175,145286.14093254568,199307.21863334364,0.024574641269740263,0.02929464955175657,60839.31986243157,72524.62140848141,192390.82206080572,229342.99009221018
2025-08-04,2489169.578254078,37350.25257804105,2451819.325676037,0.007662385646831415,0.012740824402478097,0.019880499220811112,31238.199495040644,48743.39219367208,98783.86040705019,154140.140214875,0.026685491044039434,0.03147614876041009,65428.00265693069,77173.82982862729,206901.5111514493,244045.0780167042,0.033011101363419046,0.03387147761859542,80937.2562846814,83046.74341447561,255946.07742437074,262616.86144933174,0.013245809931271403,0.018063273997261684,32476.332773722806,44287.884271467636,102699.18161453781,140050.58704778465,0.024788980374317503,0.028855247829750325,60778.10114555566,70747.85427615338,192197.23148004487,223724.35908232778,0.026685491044039434,0.03147614876041009,65428.00265693069,77173.82982862729,206901.5111514493,244045.0780167042,0.012515362416538604,0.01707282502035054,30685.4074407089,41859.48232878083,97035.77844291832,132371.30583451668,0.01892345032103036,0.025959669836518734,46396.881205572645,63648.42019334592,146719.82093786853,201273.97728242778,0.025058812493203835,0.029871814693608525,61439.68074932928,73240.29255880279,194289.32988148122,231606.14098289845
2025-08-05,2470914.655078469,-18254.923175609205,2489169.578254078,0.00830085236236264,0.01355820242800092,0.020491758480640835,33748.665019590466,51007.461814941176,106722.64945195698,161299.75699928016,0.028909054122761707,0.0340988924127009,71959.53805847907,84877.92564585389,227556.03963836466,268407.56811131653,0.03576174462715065,0.0366938115576705,89017.04679119462,91337.11943954129,281496.6184419581,288833.33234779246,0.014349514332376159,0.019568392605529773,35718.37453887161,48709.047569016766,112951.41786180074,154031.53297558063,0.026854517089701095,0.03125960544849256,66845.44697838821,77810.4589106131,211383.86366372695,246058.27594048143,0.028909054122761707,0.0340988924127009,71959.53805847907,84877.92564585389,227556.03963836466,268407.56811131653,0.01355820242800092,0.018495414670362503,33748.665019590466,46038.22353466052,106722.64945195698,145585.6457974951,0.020500242945398303,0.028122754011700005,51028.58108650323,70002.30374264649,161366.54199993986,221366.72128569233,0.02714683291465897,0.03236087753819042,67573.0706371156,80551.71189366932,213684.81170473053,254726.87900967002
2025-08-06,2474265.318992446,3350.663913977798,2470914.655078469,0.008247469433337592,0.012987168979091766,0.02021616536840405,32090.18615841832,49952.41927827938,101478.07879941081,157963.41955506717,0.028723139482066007,0.03387960182975384,70972.42628609987,83713.60466936206,224434.5181324807,264725.66189809097,0.035531760212068275,0.036457833003597756,87795.94702873354,90084.19386099317,277635.1619422905,284871.2337808962,0.014257232350754318,0.019442547925008557,35228.40435633769,48040.87659996912,111401.9960994251,151918.5908469882,0.026681815213168328,0.031058574370458426,65928.48823431326,76743.08657781026,208484.1855120427,242682.9482573772,0.028723139482066007,0.03387960182975384,70972.42628609987,83713.60466936206,224434.5181324807,264725.66189809097,0.013471009387295493,0.018376470330006132,33285.714513768056,45406.68984702682,105258.67140963112,143588.5609254473,0.02036840551878505,0.027941896080988876,50328.591696947144,69042.04051719506,159152.98119099173,218330.10233996605,0.026972251149862275,0.03215276415978095,66646.13064665177,79446.7361636845,210753.5700805701,251232.6389437108
2025-08-07,2454273.17631614,-19992.14267630689,2474265.318992446,0.008003104927979619,0.012602371781693501,0.019617180032306135,31181.611436493273,48538.10821036618,98604.91325367353,153490.97526047638,0.027872100769089206,0.0328757821478781,68962.97230042011,81343.40760324577,218080.06668442927,257230.4406657148,0.03447898868270397,0.03537762283727254,85310.16593154748,87533.62525465859,269774.43191059015,276805.62765635754,0.01383480440975668,0.018866484122045096,34230.97674610471,46680.68735449783,108247.85304995021,147617.29478243305,0.025891258954752448,0.030138338991048296,64061.844096796594,74570.24693758858,202581.33845648944,235811.8260039759,0.027872100769089206,0.0328757821478781,68962.97230042011,81343.40760324577,218080.06668442927,257230.4406657148,0.013071876468743174,0.017831993370289758,32343.29060076468,44121.08276461117,102278.46532313208,139523.11436897004,0.019764909454960983,0.0271140048508626,48903.62999743585,67087.24186148228,154646.8566420316,212148.48622087835,0.026173089556854726,0.031200109000122253,64759.16778140902,77197.34764778658,204786.46956624562,244119.44789084748
2025-08-08,2462582.8573455303,8309.681029390544,2454273.17631614,0.008009732173091245,0.012612807607230802,0.019633424710045946,30955.275388462716,48185.787625088255,97889.17582529571,152376.83974443455,0.027895181216644867,0.03290300606515658,68462.39500848933,80752.96520588106,216497.10229696898,255363.29786291212,0.03450754019005737,0.03540691848941244,84690.93026910897,86898.25030457694,267816.2368088813,274796.39564588375,0.013846260793337796,0.01888210716032793,33982.50645736679,46341.849115919766,107462.12100665871,146545.79419016684,0.02591269909840742,0.03016329607477371,63596.84232317276,74028.96846559904,201110.87373582012,234100.15318407328,0.027895181216644867,0.03290300606515658,68462.39500848933,80752.96520588106,216497.10229696898,255363.29786291212,0.013082701083715342,0.017846759763078215,32108.522343524663,43800.82377068106,101536.0629079453,138510.36650699686,0.019781276465108404,0.027136457531131256,48548.656221609315,66600.27981889756,153524.33100078974,210608.57703226272,0.026194763079991402,0.031225945318865286,64289.10438717926,76637.00000120561,203299.9985958099,242347.47304613658
2025-08-11,2454809.2829084736,-7773.574437056668,2462582.8573455303,0.007809734840754489,0.012297874745530714,0.019143192017892365,30284.53553012646,47141.69649813553,95768.11015549446,149075.1336984919,0.027198658323267497,0.0320814413365632,66978.94972967687,79003.20747435682,211806.03643169807,249830.07807780613,0.03364591138220532,0.03452283284321105,82855.84458958567,85015.33634669679,262013.18636002985,268842.0989008601,0.013500529480272203,0.018410634334601116,33246.17246320629,45337.71250524574,105133.6284665024,143370.4354184752,0.025265677377664112,0.02941013996180093,62218.82398945841,72424.90650206369,196753.19714381278,229027.66387125963,0.027198658323267497,0.0320814413365632,66978.94972967687,79003.20747435682,211806.03643169807,249830.07807780613,0.012756035315127923,0.017401138827653973,31412.793894728213,42851.746175270375,99335.97637677268,135509.1196292633,0.019287352019478572,0.026458879430139477,47496.70244675663,65157.18290923375,150197.7610790433,206045.10391337483,0.02554069842165093,0.03044625560783513,62896.08609778962,74976.42713021502,198894.8879790671,237096.28055312135
2025-08-12,2495857.1270831004,41047.84417462675,2454809.2829084736,0.0076113211398095276,0.011985435604923145,0.018656841116918222,29421.958582667074,45798.98676355935,93040.40234436741,144829.11270075105,0.026507650681049568,0.03126638197321339,65071.2269599356,76753.00471080639,205773.28733515073,242714.31214778143,0.03279110517749624,0.0336457476192953,80495.90938654589,82593.89358624177,254550.41598801222,261184.82455409676,0.01315753575852395,0.017942894754505497,32299.240920224776,44046.384605609855,102139.16800242319,139286.89804950447,0.024623778944797545,0.028662947536690825,60446.68113397523,70362.0696885872,191149.18938129133,222504.40109943,0.026507650681049568,0.03126638197321339,65071.2269599356,76753.00471080639,205773.28733515073,242714.31214778143,0.012431956171870524,0.016959046435805453,30518.081415419056,41631.22461989109,96506.64709117947,131649.49158093342,0.018797338597301576,0.0257866665704666,46143.881282629656,63301.348472447025,145919.7649335216,200176.440132953,0.024891812819016396,0.02967273968466414,61104.65317654159,72840.91682724019,193229.87967251427,230343.20402896465
2025-08-13,2518108.548896814,22251.42181371385,2495857.1270831004,0.008423556198203615,0.013264450221390498,0.02064778856949523,33106.17262189648,51533.93025967964,104690.91009590127,162964.59640086017,0.029336389976544742,0.03460294485386204,73219.43800584842,86364.00653157507,231540.1930959781,273106.96849743585,0.03629037747719543,0.03723622229252069,90575.59727099423,92936.29079443838,286425.1878064731,293890.3561981647,0.014561629953058809,0.019857654084848176,36343.74790028858,49561.86747481916,114929.02207187403,156728.38631184647,0.02725148261959102,0.03172168733213103,68015.8071196875,79172.79941100093,215084.8673929092,250366.37487040047,0.029336389976544742,0.03460294485386204,73219.43800584842,86364.00653157507,231540.1930959781,273106.96849743585,0.01375862081546283,0.018768815307604648,34339.551821106805,46844.28145239146,108591.19758408044,148134.62474353748,0.0208032791078625,0.028538466716975193,51922.012428057584,71227.93555158639,164191.81997223146,225242.50937469472,0.02754811947947803,0.03283923851026604,68756.17034059203,81962.0474838293,217426.10146678588,259186.75173977335
2025-08-14,2484366.4103495013,-33742.138547312934,2518108.548896814,0.008451375550593818,0.013308256946992905,0.020715979259125303,33511.63558913825,52165.08447117252,105973.0965792355,164960.4812639853,0.02943327534792601,0.03471722337162555,74116.18227564634,87421.73696605058,234375.94746724403,276451.80582085793,0.03641022885298691,0.03735919738347532,91684.9085419958,94074.51431125269,289933.13805693435,297489.73499766487,0.01438351330365744,0.019914187007117556,36219.24781311086,50146.08454695258,114535.3182275029,158575.84290774295,0.027341482446304535,0.03182645030605083,68848.82068755163,80142.45659670622,217719.0875891831,253432.70012677807,0.02943327534792601,0.03471722337162555,74116.18227564634,87421.73696605058,234375.94746724403,276451.80582085793,0.013804059572190086,0.01883080056355869,34760.120418212755,47417.99988166809,109921.15226327695,149948.88171566586,0.020871983315296504,0.02863271689393073,52557.9196186798,72100.28918874922,166202.73507507652,228001.13379326137,0.027639098969072986,0.03294769227098741,69598.25139782781,82965.86557399487,220088.9955821336,262361.10326117685
2025-08-15,2474433.110291235,-9933.300058266148,2484366.4103495013,0.008835136045556857,0.014008253664249716,0.02166401264000691,34801.63487111731,53821.345316220184,110052.43249027114,170198.03793369114,0.030769783026265998,0.03629366483314613,76443.41540419747,90166.76181995119,241735.30479966503,285132.3365929548,0.038063546394337684,0.039055605736586195,94563.79612087242,97028.43502782803,299036.9799337521,306830.85248959967,0.015036640614315313,0.02081845143329147,37356.52486670205,51720.66145636176,118131.70404749645,163555.09229258457,0.028583005885158205,0.03327162739577423,71010.65972790917,82658.91351972576,224555.42289138556,261390.4356372188,0.030769783026265998,0.03629366483314613,76443.41540419747,90166.76181995119,241735.30479966503,285132.3365929548,0.014430875018055669,0.019685870522473697,35851.58116680926,48906.915484523044,113372.65420551432,154657.24626445022,0.021819739405413183,0.02993287277288459,54208.227661387915,74364.22368221961,171421.4673309286,235160.32326604743,0.028894136594274557,0.03444378277342823,71783.62241086605,85570.97696767989,226999.74551584394,270599.1888236771
2025-08-18,2473609.105167463,-824.0051237721927,2474433.110291235,0.008622012284348154,0.013670342431927279,0.021141426928490546,33826.34794258006,52313.04679065973,106968.30442390355,165428.37920144643,0.030027545232040823,0.03541817833045916,74301.15214292952,87639.9131670877,234960.87354635797,277141.73954737803,0.037145366285885044,0.038113494879668336,91913.72423168972,94309.29367916679,290656.7168007494,298232.17254788807,0.014673922328242283,0.02031626259894578,36309.639266844555,50271.2328522029,114821.16110231512,158971.59659764395,0.027893518175010394,0.03246903937273095,69020.64493475607,80342.46608323521,218262.44356759294,254065.18565785044,0.030027545232040823,0.03541817833045916,74301.15214292952,87639.9131670877,234960.87354635797,277141.73954737803,0.014082769188612622,0.019211002139374263,34846.870364892304,47536.339775543434,110195.47968168248,150323.10531837455,0.02129339720686673,0.029210823174978633,52689.08707925394,72280.22804302967,166617.52300539115,228570.15041234874,0.02819714369726686,0.03361291967216109,69771.94598015693,83172.921370355,220638.26607952523,263015.87118041486
2025-08-19,2478484.66890168,4875.563734217081,2473609.105167463,0.00835974915551571,0.01325451992319384,0.020498350046738265,32786.501166635826,50704.90531652166,103680.02019433699,160342.98934338934,0.0291141716825727,0.03434083327919379,72017.08016342054,84945.79787845157,227738.00375134012,268622.1989562059,0.036015483879958975,0.036954164077504334,89088.22885247851,91410.1567359671,281721.7158841609,289064.29655863886,0.014227573070652465,0.019698285447016455,35193.45429200134,48725.85823792763,111291.47429175282,154084.69297832993,0.027045057153445524,0.0314814008058578,66898.89962453728,77872.67967679615,211552.89577252103,246255.03527938065,0.0291141716825727,0.03434083327919379,72017.08016342054,84945.79787845157,227738.00375134012,268622.1989562059,0.013654401542148533,0.018626644641041145,33775.65198027126,46075.03778279811,106807.98971483369,145702.0626719565,0.02064569771505754,0.02832229255950406,51069.385850501414,70058.28075440593,161495.57799355977,221543.7361394622,0.027339447038262115,0.032590486718960865,67627.10512408879,80616.12468986087,213855.68375576453,254930.57015609555
2025-08-20,2480169.417552696,1684.748651016038,2478484.66890168,0.008119416302828848,0.012873468228355096,0.019909046845115762,31906.693639570978,49344.267378064775,100897.82450625183,156040.27438702958,0.028277173848795467,0.03335357513638371,70084.54186410707,82666.32462858729,221626.78106000135,261413.8716212087,0.03498008152269359,0.03589177578017784,86697.595770927,88957.21601082741,274161.87029671104,281307.4169018124,0.013818547254294733,0.019131983151761824,34249.0575162629,47418.326927326925,108305.0294655001,149949.91592484666,0.02626754390324492,0.0305763479482301,65103.704853894335,75783.00962069164,205875.99145366575,239646.91834383854,0.028277173848795467,0.03335357513638371,70084.54186410707,82666.32462858729,221626.78106000135,261413.8716212087,0.013126619054613797,0.018074296967574167,32534.12408137296,44796.8679353087,102881.93377567182,141660.1347173399,0.02005215844309307,0.02750806030936933,49698.967279593555,68178.30574799469,157161.93396169797,215598.733175013,0.02655347042875444,0.0316535489594764,65812.369363802,78452.83581239097,208116.98540190095,248089.65006638176
2025-08-21,2475579.324898836,-4590.092653859872,2480169.417552696,0.007873825662297908,0.012484080224323957,0.019306851393535218,30962.63397864268,47884.2623754807,97912.44573063214,151423.33318362388,0.027421864922769483,0.032344718640272364,68010.8707537139,80220.38199095015,215069.25723306846,253679.12186015543,0.03392202755593373,0.034806145499023805,84132.37532560667,86325.13760956826,266049.93098906736,272984.0541736989,0.013400573135858792,0.018553291799868546,33235.6916692352,46015.306916965186,105100.4852858668,145513.1770893105,0.025473020911472112,0.029651495151227142,63177.407437313435,73540.73145878561,199784.50416637192,232556.2122045597,0.027421864922769483,0.032344718640272364,68010.8707537139,80220.38199095015,215069.25723306846,253679.12186015543,0.012729573914742713,0.01752759779563167,31571.49992182143,43471.41201588972,99837.84890078365,137468.6750738233,0.019445634248200963,0.0266760150121245,48228.46736730334,66161.0366152478,152511.80493978306,209219.56806198027,0.02575029892384649,0.030696113711165894,63865.10388376417,76131.56246415364,201959.19127596024,240749.1392141066
2025-08-22,2510087.749833414,34508.42493457766,2475579.324898836,0.007647430483665477,0.012125126941172067,0.018751723777362724,30016.713567339437,46421.37968945307,94921.18274567061,146797.29194615158,0.026633407281733395,0.031414714768146605,65933.1124182693,77769.61837761787,208498.80846566337,245929.12683536124,0.032946671506983743,0.03380536851135321,81562.09880692254,83687.87135729216,257922.00297357718,264644.2860202102,0.013015268040345116,0.01801983119362685,32220.328468694963,44609.52154110975,101889.62491984133,141067.69340025148,0.024740598151952016,0.02879892921576018,61247.31327060277,71294.03374576096,193681.01050096145,225451.53021751044,0.026633407281733395,0.031414714768146605,65933.1124182693,77769.61837761787,208498.80846566337,245929.12683536124,0.01236356198052599,0.01702362884786335,30606.97842109545,42143.34361052191,96787.7641062858,133268.95402435324,0.01888651622501151,0.025909002705414522,46755.06908600491,64139.791426272204,147852.51047030254,202827.82955515996,0.025009903622409076,0.029813511981712223,61914.00032534842,73805.7138645505,195789.26008050708,233394.1601466477
2025-08-25,2495201.8940662304,-14885.855767183471,2510087.749833414,0.008153059205601783,0.012926809604607244,0.019991540229163416,32447.426432953558,50180.52022952497,102607.771738886,158684.73809745425,0.028394340671508686,0.033491776091180446,71272.28668415062,84067.29688663565,225382.75997040578,265844.13489535067,0.03512502192699918,0.03604049380101633,88166.88725159068,90464.80198787818,278808.1779222895,286074.8223578232,0.013775540696126364,0.019197708348428412,34577.81594867844,48187.93255026481,109344.65491191974,152383.6225934031,0.02637638379920059,0.03070304142751572,66207.03785927792,77067.32816983502,209365.0367683167,243708.29020033454,0.028394340671508686,0.033491776091180446,71272.28668415062,84067.29688663565,225382.75997040578,265844.13489535067,0.013181009364473615,0.018149188042608393,33085.49013620473,45556.0545751744,104625.5063334415,144060.8936684855,0.020135244811832827,0.027622040300534178,50541.23134207838,69333.74498377572,159825.40679045639,219252.5528580054,0.026663495064836635,0.0317847058345945,66927.71232999013,79782.4007474743,211644.00954730358,252294.103558339
2025-08-26,2515362.5353546618,20160.64128843136,2495201.8940662304,0.008037835664664594,0.012744120783380445,0.019709008728299324,31799.154316899698,49177.95590902034,100557.7553085788,155514.35134384056,0.02799305614845504,0.033018451792143126,69848.32672232734,82387.70345089005,220879.8031941578,260532.7940953269,0.034628615694704865,0.035531149613987165,86405.38747031917,88657.39181517139,273237.82651558315,280359.2895459114,0.013580857137807366,0.018926395718653136,33886.980453299824,47225.178445030295,107160.04125803258,149339.1267941846,0.026003618158498013,0.030269129068779387,64884.27728165926,75527.58818415352,205182.1005439618,238839.20484114593,0.02799305614845504,0.033018451792143126,69848.32672232734,82387.70345089005,220879.8031941578,260532.7940953269,0.012943811470024701,0.017710933920303918,32297.422896441833,44192.35586362419,102133.41890642872,139748.49969774985,0.01931173318664249,0.027164301701904738,48186.67322501202,67780.41705757922,152379.6402572893,214340.49865807855,0.026286671808969576,0.031335506796349735,65590.55328643827,78188.41590977709,207415.54137578743,247253.480915442
2025-08-27,2519897.477031303,4534.941676641349,2515362.5353546618,0.008038403659694087,0.012745021348851325,0.019710401468765903,32058.34921319596,49578.805411333255,101377.40153876613,156781.9487700943,0.02799503428254685,0.03302078504667605,70417.66041028772,83059.24559440836,222680.19439677618,262656.3968136365,0.03463106273174486,0.03553366042874065,87109.6777549481,89380.0381864687,275464.98794893885,282644.4980220666,0.013581816831395583,0.01892773315563778,34163.193219741814,47610.11085888153,108033.5027188054,150556.38996718105,0.02600545570861462,0.0302712680419527,65413.14900427423,76143.21353040669,206854.53977748187,240785.98312063576,0.02799503428254685,0.03302078504667605,70417.66041028772,83059.24559440836,222680.19439677618,262656.3968136365,0.012944726146672044,0.017712185466473063,32560.679179764775,44552.56774161968,102965.90837007982,140887.5896724623,0.0193130978535651,0.027166221271922097,48579.44278249618,68332.89521454771,153621.6866545157,216087.587991591,0.026288529361120718,0.03133772112528722,66125.18186453408,78825.7296619398,209106.18538478742,249268.8439564242
2025-08-28,2527566.074693072,7668.597661768552,2519897.477031303,0.00780600107588126,0.012376543225878412,0.019140543518947093,31187.620049259876,48232.20732240264,98623.91415559396,152523.6317162436,0.027185654886260083,0.03206610348435855,68505.0631593305,80803.29326845979,216632.0308371747,255522.44917088439,0.033629825570765076,0.034506327783407786,84743.71260877371,86952.40832302444,267983.1492224545,274967.65833773924,0.013189145667055351,0.018380503347666513,33235.29489061112,46316.984012350265,105099.23056168783,146467.16382863125,0.025253598081681004,0.029396079235061136,63636.47809199052,74075.10589904283,201236.21304209612,234246.0525591501,0.027185654886260083,0.03206610348435855,68505.0631593305,80803.29326845979,216632.0308371747,255522.44917088439,0.012570474251569961,0.017200099007314465,31676.306351618103,43342.486093220345,100169.27593237167,137060.97550874937,0.018754726560878697,0.026380804131491263,47259.988143170194,66476.92177300181,149449.2047249696,210218.48463952457,0.025528487640549012,0.030431699523406165,64329.17159784426,76684.7628508059,203426.70224100113,242498.51243841354
2025-08-29,2512702.3971195654,-14863.677573506257,2527566.074693072,0.007604710244169484,0.012057393298093836,0.018646972497512234,30475.85824949359,47131.45508044667,96373.1257168318,149042.74749212599,0.026484627173159643,0.031239225217576643,66941.64514377259,78959.20585964303,211688.06897307115,249690.93275458534,0.032762624106960896,0.03361652423978514,82809.69721067577,84967.98621757823,261867.25553462777,268692.3646453424,0.012849041422246542,0.01790653123695742,32476.80119119638,45259.94086996534,102700.66288065012,143124.49991363322,0.02460239169416426,0.028638052022308964,62184.1706024802,72384.56873688346,196643.6135123224,228900.10465756906,0.026484627173159643,0.031239225217576643,66941.64514377259,78959.20585964303,211688.06897307115,249690.93275458534,0.012246323486983457,0.016756565602559403,30953.391785416352,42353.32674539802,97883.21934946156,133932.9790007841,0.01827110447688609,0.025700530845178163,46181.42382294999,64959.789865875195,146038.48487008255,205420.89230208943,0.024870192764650627,0.029646967104345133,62861.05550300803,74934.66827048427,198784.11151176685,236964.2274438807
2025-09-02,2501986.9630529154,-10715.434066649992,2512702.3971195654,0.007513248055290662,0.011912378491768768,0.0184227045286053,29932.261991662934,46290.77383045201,94654.12341454279,146384.27995594544,0.026166095382319364,0.03086350966424985,65747.61059041305,77550.81471688347,207912.20017951317,245237.2089070578,0.03236858656732759,0.03321221680521509,81332.6250590962,83452.41678011867,257196.34326723084,263899.7132708301,0.012694505428666202,0.01769116858807612,31897.5142208569,44452.641719105224,100868.79663551897,140571.59584379537,0.02430649763327908,0.028293620894877886,61074.994868721384,71093.44904575188,193136.09186825604,224817.22570170017,0.026166095382319364,0.03086350966424985,65747.61059041305,77550.81471688347,207912.20017951317,245237.2089070578,0.012099036408860212,0.016555033641591308,30401.277787379953,41597.872715621525,96137.28158760481,131544.0235991377,0.018051357089407274,0.025391429415804193,45357.68822981492,63801.10555938344,143433.60420602598,201756.81080448284,0.02457107784836079,0.029290401710277587,61739.806209387614,73598.06259000952,195238.40991907145,232737.50916006125
2025-09-03,2502213.442450374,226.47939745849,2501986.9630529154,0.007359197965086103,0.011668129537427963,0.018044969190498746,29193.507985857406,45148.277663319386,92317.97812562407,142771.38984979395,0.02562959115348468,0.03023069062076586,64124.902934395,75636.79381724223,202780.7480099031,239184.5433750269,0.031704907737107206,0.03253124035440645,79325.26582303774,81392.73925866584,250848.5159991105,257386.44105758882,0.01243421990474939,0.017328432512179078,31110.256097416037,43355.51223561433,98379.26785897584,137102.16778784004,0.023808122213566058,0.02771349432125833,59567.6113931128,69338.80149242935,188369.32677803206,219268.54294235923,0.02562959115348468,0.03023069062076586,64124.902934395,75636.79381724223,202780.7480099031,239184.5433750269,0.011850960259043664,0.01621559264256416,29650.948067785448,40571.2013898723,93764.5306775707,128297.40380138549,0.017681235782686978,0.024870808778345944,44238.22141894753,62226.43932400356,139893.53931872008,196777.27894611962,0.02406727753042802,0.028689837348181396,60216.01461730727,71781.59901725849,190419.75780868338,226993.346983441
2025-09-04,2527766.79557434,25553.353123965677,2502213.442450374,0.007135041597193777,0.011235445204688084,0.017234628126419405,28113.48202308512,43124.71817355994,88902.63615114741,136372.33288130592,0.02484893053111981,0.02930988351099976,62177.3280054835,73339.58451787816,196621.97532070221,231920.12972691687,0.030739196935953606,0.03154036000093974,76916.03178327245,78920.7127740755,243229.84901704354,249569.2069300242,0.012055481680197435,0.016800619765243156,30165.38831540424,42038.73661808887,95391.3335801071,132938.15766908485,0.02308294234654136,0.026869359368219985,57758.44863082277,67232.87220118994,182648.25179123378,212609.0097907786,0.02484893053111981,0.02930988351099976,62177.3280054835,73339.58451787816,196621.97532070221,231920.12972691687,0.011489987742703368,0.01572167627189126,28750.401783382396,39338.98970537939,90916.75328045529,124400.80831891511,0.017142676878347383,0.024113260171996782,42894.636524584035,60336.52374367356,135644.75082273473,190800.8411268379,0.023334203961559268,0.02781596362363964,58387.15882149237,69601.47809378171,184636.40798190844,220099.19929066475
2025-09-05,2522729.336616548,-5037.45895779226,2527766.79557434,0.007351764603096468,0.011576715738888285,0.01775812057734523,29263.23764656467,44888.3875472187,92538.48267392976,141949.54514155016,0.02560370327418125,0.030200155273347986,64720.190980213374,76338.94972115835,204663.2140985598,241404.9553039362,0.03167288331580804,0.03249838127293135,80061.66276580007,82148.32909163082,253177.2076002241,259775.82590662432,0.012421660376109282,0.017310929448368716,31399.06064463051,43757.99266011647,99292.54802678722,138374.92264289822,0.0237840741594783,0.027685501537769563,60120.59292380693,69982.49150599624,190118.0079190318,221304.0694923353,0.02560370327418125,0.030200155273347986,64720.190980213374,76338.94972115835,204663.2140985598,241404.9553039362,0.011838989867983636,0.016199213633525333,29926.205481430075,40947.83433724049,94634.97104753483,129488.42175693129,0.01766337636014931,0.02484568732822305,44648.896260918176,62804.10344150437,141192.20719707705,198604.0132799733,0.02404296770932558,0.02866085838234238,60775.01544269925,72447.96615154356,192187.47363083612,229100.5848856611
2025-09-08,2526523.57144492,3794.234828372486,2522729.336616548,0.0071445292997453815,0.011250385350542154,0.01725754558569747,28381.677172053736,43536.11652703641,89750.7436792964,137673.2887039346,0.024881972982014205,0.029348857839710602,62770.48319462756,74039.2246684265,198497.6967243454,234132.58614515272,0.030780071870350374,0.0315823002685588,77649.79029049867,79673.59540532596,245550.19715240347,251950.03085555634,0.01207151225587663,0.01682296010914219,30453.15810522618,42439.77499606292,96301.34155773236,134206.35237262235,0.023113636504103936,0.02690508845065982,58309.44888479415,67874.25593874259,184390.66758511457,214637.24325563665,0.024881972982014205,0.029348857839710602,62770.48319462756,74039.2246684265,198497.6967243454,234132.58614515272,0.011505266362251604,0.015742581908676754,29024.67297763967,39714.27321510777,91784.07495088277,125587.55897795876,0.01716547206698707,0.02414532437750209,43303.83996026017,60912.11814924721,136938.76570583752,192621.03045690135,0.02336523223006338,0.0278529514372988,58944.15680363937,70265.45770222972,186397.7902576108,222198.88717326723
2025-09-09,2520262.586688531,-6260.9847563887015,2526523.57144492,0.0069366534913515914,0.010923046368312919,0.016755423459940716,27597.334121528416,42332.97232108141,87270.43317271186,133868.6126594821,0.024158012027966053,0.02849492928922069,61035.78682790612,71993.11051587231,193012.10515668697,227662.20507037625,0.029884501000104792,0.03066338791984801,75503.89619763404,77471.7723598554,238764.28420145035,244987.25502722088,0.01172028192796471,0.01633348259627244,29611.568554982747,41266.928783267686,93640.0017239664,130497.48699508689,0.022441126717716465,0.026122263329936102,56698.03562209301,65998.51404257482,179294.93142317573,208705.62656114346,0.024158012027966053,0.02849492928922069,61035.78682790612,71993.11051587231,193012.10515668697,227662.20507037625,0.011170511412625437,0.015284538865786824,28222.560389092654,38616.74772307641,89247.5722311807,122116.87863304268,0.016666028894080896,0.023442796805240276,42107.11484327749,59228.77870903322,133154.3886030408,187297.8437506323,0.02268540206430198,0.027042547482991015,57315.2030431642,68323.63364769529,181246.58617141287,216058.30034563542
2025-09-10,2535745.946198698,15483.359510167036,2520262.586688531,0.006752740679418533,0.010633441564645525,0.016311183734331127,26799.064943114874,41108.46611023726,84746.08438301375,129996.38402419222,0.023517506065211066,0.02773943781513336,59270.29066837206,69910.66730125365,187429.11609227932,221076.94141421843,0.029092167547237643,0.029850403690094507,73319.90143497728,75230.85561769445,231857.88635357615,237900.85407518802,0.011409539866434948,0.015900429868947175,28755.03645670726,40073.25851097239,90931.4094043727,126722.77015940036,0.02184614086138862,0.025429678799217637,55058.0114764853,64089.46806917474,174108.71970538373,202668.69312722597,0.023517506065211066,0.02773943781513336,59270.29066837206,69910.66730125365,187429.11609227932,221076.94141421843,0.010874345521221516,0.01487929698288008,27406.206171858583,37499.73550218021,86666.03352723716,118584.57584076753,0.016224159303580305,0.02282125347957143,40889.1416932881,57515.55132589934,129302.81932014441,181880.1430701593,0.022083939689299472,0.02632556328367489,55657.326965627406,66347.3322173471,176003.9216880907,209808.68648268652
2025-09-11,2566832.0905358936,31086.14433719544,2535745.946198698,0.006716717505061099,0.010576716401087817,0.016224170084091487,26819.865738151715,41140.37352117318,84811.8622724725,130097.28411698867,0.02339204956367219,0.027591458994024865,59316.294854360785,69964.93029380616,187574.5941019057,221248.5360633411,0.02893697245331319,0.029691163709201204,73376.81059375232,75289.24801352885,232037.84891502946,238085.50704405882,0.011348674528424953,0.015815607426516803,28777.355430181997,40104.36241846001,91001.98819558973,126821.12935119242,0.021729600425638526,0.025294021619899354,55100.746191830396,64139.21278572201,174243.85874103318,202825.9997330748,0.02339204956367219,0.027591458994024865,59316.294854360785,69964.93029380616,187574.5941019057,221248.5360633411,0.0107893154906192,0.014531032272928896,27358.963017596456,36847.0061801619,86516.63755591815,116520.4644876122,0.01583635070404574,0.02205316499201678,40156.962100364886,55921.223729357596,126987.46415021217,176838.4365286254,0.021966130691783638,0.026185126918464557,55700.52685536116,66398.82943419491,176140.53173431748,209971.5349810852
2025-09-12,2551025.342543432,-15806.747992461547,2566832.0905358936,0.007163473891448054,0.011280217120841053,0.01730330607476467,28954.423293987216,44414.681305070626,91561.92594563472,140451.554474523,0.024947950571177147,0.029426679919428708,64037.200119200774,75533.34633511779,202503.4073566805,238857.41371330415,0.0308616889888054,0.03166604459355449,79216.77366460393,81281.4194430763,250505.43367019182,257034.41689161595,0.01210352134441512,0.016867568241760448,31067.70699533087,43296.215452254815,98244.7157839917,136914.6548945024,0.023174925133202268,0.02697643057748688,59486.1415276704,69243.96769440705,188111.69644256664,218968.65214144439,0.024947950571177147,0.029426679919428708,64037.200119200774,75533.34633511779,202503.4073566805,238857.41371330415,0.011506957046415729,0.015497550734340185,29536.42661115802,39779.61054961249,93402.38203366783,125794.17377123797,0.016889691239622074,0.02352001130389529,43353.001473104894,60371.9197846054,137094.22805964644,190912.77323633508,0.02342718799594602,0.027926806938558032,60133.65793901151,71683.42423609122,190159.323124743,226682.89106616384
2025-09-15,2563160.237544497,12134.895001065452,2551025.342543432,0.007108153210243705,0.01119310445669037,0.01716967947213461,28553.893130752967,43800.28745676312,90295.33835821546,138508.67053347532,0.024755287396694498,0.029199429286091635,63151.36551091369,74488.48409662464,199702.15236429023,235553.2691985637,0.030623356346870922,0.031421500230790204,78120.95811460598,80157.04338948011,247040.16063676818,253478.82761570043,0.012010050626731097,0.01673730667041459,30637.94351402066,42697.293482148845,96885.68432788823,135020.69732825225,0.022995954334305506,0.02676810225262343,58663.262282784824,68286.1072182363,185509.52378944875,215939.63135609138,0.024755287396694498,0.029199429286091635,63151.36551091369,74488.48409662464,199702.15236429023,235553.2691985637,0.01141809335932156,0.01537786926741306,29127.845523156167,39229.33421549052,92110.3351867123,124054.0472129247,0.016759258821096405,0.02333837554071916,42753.293974861495,59536.78745817034,135197.78643531588,188271.85293716504,0.023246269070536757,0.027711139232202916,59301.82151852282,70691.81845209918,187528.8253953172,223547.15824775206
2025-09-16,2556662.863108198,-6497.374436299317,2563160.237544497,0.006988957708423781,0.011005409050700058,0.016881763820876697,28208.626876666716,43270.66576528841,89203.51059610849,136833.85969018424,0.024340169880699893,0.028709788654598865,62387.75561328815,73587.78870777393,197287.40584394554,232705.02029178443,0.030109838106730107,0.03089459804154835,77176.33979407269,79187.80525501682,244053.01522435996,250413.8275157039,0.011808655979064685,0.016456641410580435,30267.47746438068,42181.00890712796,95714.1678152609,133388.06215037417,0.022610338797381585,0.026319232161279536,57953.92136285814,67460.40935849403,183266.39084492132,213328.54546017954,0.024340169880699893,0.028709788654598865,62387.75561328815,73587.78870777393,197287.40584394554,232705.02029178443,0.011226625149853347,0.015120000199311243,28775.63918592113,38754.98330253945,90996.5609547042,122554.01791781906,0.016478225449104402,0.022947017996507967,42236.33225643822,58816.88409886721,133563.0099419837,185995.31862656056,0.02285645604521951,0.027246455502254026,58584.759306290194,69837.031357403,185261.27558062304,220844.08411399412
2025-09-17,2557350.455382191,687.592273992952,2556662.863108198,0.006804507554413825,0.010714958102356575,0.01643622615036436,27394.535460055347,42021.88900828439,86629.12749602353,132884.88084897288,0.023697792537693177,0.027952089844581546,60587.26611876273,71464.07005190545,191593.75813803994,225989.23222984874,0.02931518967591942,0.030079238498025736,74949.05676939603,76902.47201847682,237009.72787255273,243186.96927575316,0.011497006015671173,0.01602232342364948,29393.96831719804,40963.67927795323,92951.88935317249,129538.52785897389,0.022013614557890537,0.0256246240912206,56281.39082293673,65513.524795131365,177977.38488257848,207171.95589853113,0.023697792537693177,0.027952089844581546,60587.26611876273,71464.07005190545,191593.75813803994,225989.23222984874,0.010930335942750747,0.014720958384816919,27945.18398612757,37636.52761182266,88370.43102862636,119017.15047317717,0.016043337823695727,0.022341408236067783,41017.40601414197,57119.448746694135,129708.42671657728,180627.5567328036,0.02225323636446781,0.026527376474553114,56894.02299700374,67821.55828818002,179914.69792053098,214470.5986525193
2025-09-18,2588130.029749444,30779.57436725311,2557350.455382191,0.006597543654543741,0.010389055089085645,0.015936306731358128,26568.454763063844,40754.72127654898,84016.83096243098,128877.74463921979,0.022977007451822896,0.027101907303451,58760.26047023928,69309.07498420634,185816.25899071278,219174.5394694908,0.02842354749134664,0.029164357229265053,72688.97212057267,74583.48224118988,229862.7126774891,235853.67970887982,0.01114731646314953,0.015534993148207686,28507.594833324845,39728.42180192815,90148.93028655468,125632.30073798378,0.021344054933964105,0.024845233063697406,54584.22860507561,63537.96808952323,172610.48671535443,200924.69706199068,0.022977007451822896,0.027101907303451,58760.26047023928,69309.07498420634,185816.25899071278,219174.5394694908,0.010597882060451145,0.014273210045531047,27102.49851338149,36501.60020970449,85705.62558361301,115428.19490354595,0.015555368380444618,0.021661878536063717,39780.528411367784,55397.014938636254,125797.07630496185,175180.74278046342,0.021576388474169924,0.02572052759613073,55178.386889921516,65776.40296063514,174489.3801861266,208003.24964864977
2025-09-19,2584152.635700772,-3977.394048672635,2588130.029749444,0.007035906834653755,0.011079339150192725,0.01699516900855664,28674.77036439248,43985.70727171253,90677.58573377664,139095.01947204236,0.024503677767836005,0.028902649957788042,63418.704270240196,74803.81629508774,200547.55175060558,236550.43716529539,0.030312104402938064,0.03110213605276406,78451.66767014435,80496.37230751151,248085.95607625137,254551.87987264025,0.011887981982067853,0.016567190789635273,30767.64316091013,42878.04399124346,97295.83062377853,135592.2806252262,0.022762226345509295,0.026496034626620913,58911.60154876656,68575.18288643869,186294.84150240538,216853.76888374606,0.024503677767836005,0.028902649957788042,63418.704270240196,74803.81629508774,200547.55175060558,236550.43716529539,0.011302041293903236,0.015221570537489003,29251.15247021923,39395.403808024676,92500.26599075338,124579.20537542873,0.01658891982141739,0.02310116722583025,42934.28155091613,59788.82461943493,135770.1194038415,189068.86442176427,0.02300999691423113,0.027429486696898812,59552.86399816363,70991.07822085671,188322.6914204386,224493.50072908116
2025-09-22,2589980.487748608,5827.852047836408,2584152.635700772,0.006831959167447249,0.010758185754195161,0.016502535272134227,27800.794072061923,42645.07001923062,87913.83002902294,134855.5522381293,0.023793397197587947,0.028064857733771598,61485.770080422255,72523.87608329307,194435.07714356863,229340.6331670175,0.029433456756461165,0.03020058800186342,76060.54485499382,78042.92908472847,240524.56181518192,246793.41117874192,0.011360011893076801,0.015657266214244722,29356.004675086533,40460.76575540915,92831.83777582465,127948.17566163614,0.018289763437222446,0.024965469969995,47263.540392642,64514.58502447106,149460.43792411764,204013.03097791833,0.023793397197587947,0.028064857733771598,61485.770080422255,72523.87608329307,194435.07714356863,229340.6331670175,0.010974432499367998,0.014780347554397456,28359.60866856202,38194.67408926965,89680.95694371121,120782.16460990945,0.016108061905222376,0.022431540797258114,41625.690628411605,57966.52527406395,131631.9915633063,183306.24791175817,0.02234301321143779,0.026634396603188143,57737.756479834134,68827.34618242833,182582.8174644216,217651.17924136852
2025-09-23,2594046.597929958,4066.1101813497953,2589980.487748608,0.006646773831702492,0.010466577125972126,0.016055221776823666,27108.230529783712,41582.71112844983,85723.75181102946,131496.07845073196,0.023148459465884546,0.027304138886559973,59954.05833808054,70717.18695096833,189591.37931894386,223627.380484998,0.02863564101459532,0.029381978596897687,74165.75148197563,76098.75125741224,234532.69906105142,240645.3810680251,0.011052090319641827,0.015232864365570713,28624.698276707608,39452.82147934922,90519.24388949278,124760.77599475725,0.017794005792921456,0.024288762333853405,46086.12780255227,62907.42051624366,145737.13239367589,198930.73055733534,0.023148459465884546,0.027304138886559973,59954.05833808054,70717.18695096833,189591.37931894386,223627.380484998,0.01067696234224424,0.014379715238366205,27653.124134839258,37243.18188674979,87446.85668546523,117773.28207405651,0.01567144090398321,0.02182351719641382,40588.72615622192,56522.483712757996,128352.82197851255,178739.7875420857,0.021737389216665636,0.025912451469086387,56299.41392576099,67112.7436946665,178034.37893800656,212229.13009825014
2025-09-24,2593292.644667526,-753.9532624320127,2594046.597929958,0.006455732089840619,0.010165746501054474,0.01559376218576708,26370.42012647873,40450.94574691792,83390.5904552183,127917.12206816165,0.022483125857467055,0.026519362634952377,58322.27614139348,68792.46242246905,184431.2309320999,217540.8671065466,0.02781259469509112,0.028537481023695042,72147.16664840591,74027.55556300686,228149.37333669918,234095.68519377,0.010734430859678179,0.01479504099206217,27845.613852262533,38379.02575169314,88055.56261868498,121365.13575360616,0.01728257002762338,0.023590654111516025,44831.79198364269,61195.25604092052,141770.5742551891,193516.39108648704,0.022483125857467055,0.026519362634952377,58322.27614139348,68792.46242246905,184431.2309320999,217540.8671065466,0.010370084820110542,0.013966413098685676,26900.483247852848,36229.52638392998,85066.7972224188,114567.82192238267,0.015221011952496604,0.021196265112271885,39484.01427242504,54984.09940331034,124859.41626745916,173874.9892075658,0.021112612625099614,0.025167675132489187,54767.10095355273,65286.122055239975,173188.77985760613,206452.8452943115
2025-09-25,2568278.9294928624,-25013.715174663343,2593292.644667526,0.006259469485504248,0.00985669466068147,0.015119691648856643,25561.293764278933,39209.785142620945,80831.90823578057,123992.22761651226,0.021799609755342408,0.02571313971497292,56532.767635151904,66681.69609414772,178772.30816013087,210866.03790066042,0.026967055848025164,0.027669904694788177,69933.46757902205,71756.16032364561,221149.04222325108,226912.90277092517,0.010223908421882345,0.014267963210936848,26513.586510221856,37001.004049309384,83843.32231221627,117007.44850893081,0.016757157548288167,0.022873467718169435,43456.21341551061,59317.59559156889,137420.61287937863,187578.70739412066,0.021799609755342408,0.02571313971497292,56532.767635151904,66681.69609414772,178772.30816013087,210866.03790066042,0.010054820830579927,0.013541816078574003,26075.092903392746,35117.8920320064,82456.68377521393,111052.52544501897,0.014758273504732772,0.020551871241019815,38272.52212781512,53297.01652349074,121028.34172308973,168539.96470585975,0.020470761897640244,0.024402545260639754,53086.676259890686,63282.94113558347,167874.8103892434,200118.23102280617
2025-09-26,2597096.4406838687,28817.511191006284,2568278.9294928624,0.006516641314360357,0.010261659362280219,0.015740887863980247,26354.80352177745,40426.99063257038,83341.20641504377,127841.36934521365,0.02269525203335237,0.026769570324858633,58287.73759678893,68751.72341691183,184322.01046408218,217412.03905937553,0.028075003907738854,0.02880672947061176,72104.44098167548,73983.71632697327,228014.26291528175,233957.05335702217,0.01064396019032723,0.01485416595567516,27336.658683178262,38149.64143915072,86446.10505746257,120639.7588664602,0.017445629448838706,0.023813229712214674,44805.242525192625,61159.01611305433,141686.61749584292,193401.79037218966,0.02269525203335237,0.026769570324858633,58287.73759678893,68751.72341691183,184322.01046408218,217412.03905937553,0.010467925594140002,0.014098184891462204,26884.55273892882,36208.071200836996,85016.42052993324,114499.9746761929,0.015364620767349875,0.02139624987817241,39460.63177643314,54951.537732274424,124785.474322745,173772.0201626712,0.02131180813765878,0.025405129778058665,54734.66778934356,65247.45951001975,173086.21718697893,206330.58359127634
2025-09-29,2604746.156868357,7649.716184488498,2597096.4406838687,0.006883950090601693,0.01084005509725164,0.016628118874459478,28152.668509889263,43184.82834412697,89026.55470294863,136562.41793083894,0.023974463953838065,0.028278430125821194,62263.99500181655,73441.8102278977,196896.04042708012,232243.3958060065,0.02965744412975903,0.030430413211812758,77023.24258917788,79030.71784093829,243568.8793534869,249917.07349546975,0.0112439042110692,0.015691417118669438,29201.50360595818,40752.123548182324,92343.26249644793,128869.52990083872,0.018428947771038203,0.025155456150958898,47861.754661712235,65331.145633434484,151352.15754319238,206595.22234981685,0.023974463953838065,0.028278430125821194,62263.99500181655,73441.8102278977,196896.04042708012,232243.3958060065,0.011057947471099226,0.014892825380312766,28718.556018460986,38678.10378693667,90816.04812947333,122310.90354310384,0.01623064358174524,0.022602243883333754,42152.54667615904,58700.20714087484,133298.05667322263,185626.3536888449,0.02251304260629271,0.026837083245939072,58468.542821767085,69698.49337636505,184893.76678787233,220405.98855147295
2025-09-30,2617377.2199789155,12631.063110558316,2604746.156868357,0.006713007336987607,0.010570874053916877,0.016215208206832307,27534.443566679416,42236.5012595667,87071.55577607728,133563.5443768014,0.02337912830631705,0.02757621807460499,60896.694606811565,71829.04805079107,192572.25693321644,227143.3940021777,0.02892098830164105,0.02967476295874896,75331.83313153424,77295.22477278083,238220.1730113829,244428.96253665834,0.01096469475691623,0.015301766697752732,28560.246529312175,39857.21799926764,90315.42956854538,126039.59007554509,0.017971318788153452,0.02453079401856865,46810.72354729881,63896.49144479598,148028.50532994096,202058.44745901832,0.02337912830631705,0.02757621807460499,60896.694606811565,71829.04805079107,192572.25693321644,227143.3940021777,0.010783355708353835,0.01452300564802271,28087.904339479115,37828.7431478646,88821.75241368129,119624.9893687399,0.015827603049743098,0.02204098330526113,41226.88821625622,57411.16655797855,130370.86760452607,181550.0494505015,0.021953997080874827,0.02617066282617245,57184.58952430784,68167.93341917027,180833.54995861743,215565.93299128764
2025-10-01,2640735.074130788,23357.85415187245,2617377.2199789155,0.006615489468749852,0.010417314099130598,0.015979654682460438,27266.040616429607,41824.78414900136,86222.79112257902,132261.58055575154,0.023039506637631064,0.027175626526629467,60303.079832888565,71128.86580945471,190695.08219489385,224929.2233423531,0.028500861675089403,0.029243686471128665,74597.50609814913,76541.75879773777,235898.02703845143,242046.29391608268,0.010695228188488566,0.015056931862633828,27993.446623026335,39409.67046003248,88523.05088711214,124624.32049035843,0.017710254765776222,0.024174442443367812,46354.41738396571,63273.63495696235,146585.53854343554,200088.80230205107,0.023039506637631064,0.027175626526629467,60303.079832888565,71128.86580945471,190695.08219489385,224929.2233423531,0.01062670909554081,0.01431203424875182,27814.10631001126,37459.99241424107,87955.92702169696,118458.8971616315,0.015597680150624542,0.021720800472456787,40825.01271076198,56851.52835631566,129100.02567133274,179780.31806760616,0.021635077871174465,0.025790489362765717,56627.159972481975,67503.43935021153,179070.80293976082,213464.61824170503
2025-10-02,2652167.003196884,11431.929066095969,2640735.074130788,0.006773104423430316,0.010665508053241285,0.01636037217290207,28164.781199618643,43203.40862281583,89064.8583910844,136621.17393105643,0.02358842608066008,0.027823089600018253,62290.784094740506,73473.40857745176,196980.7549771697,232343.3185608995,0.02917989865980435,0.029940421359697336,77056.38185052732,79064.72081880737,243673.67489932672,250024.60035276433,0.010907138486182359,0.015413949153912455,28802.86315886354,40704.156161605206,91082.65071616102,128717.84370584924,0.018132204043372877,0.02475040188947316,47882.34718863085,65359.2543683647,151417.27683103355,206684.10997434225,0.02358842608066008,0.027823089600018253,62290.784094740506,73473.40857745176,196980.7549771697,232343.3185608995,0.010879891914500487,0.014653020450930528,28730.912181373402,38694.74504672798,90855.12174741668,122363.52782717894,0.015969297044835337,0.022238301558092505,42170.68281550982,58725.46291355223,133355.40818153328,185706.21945457289,0.02215053660393818,0.026404951350998233,58493.69892083742,69728.48116329817,184973.31735797942,220500.81826016947
2025-10-03,2653675.998251673,1508.9950547888875,2652167.003196884,0.006651469729619533,0.01047397168744945,0.016066564675560467,27778.72210187182,42611.21268725012,87844.03233077486,134748.48595357448,0.023164813686043215,0.02732342906434705,61436.954493327394,72466.29697865195,194280.70870303057,229158.5520507184,0.0286558718890614,0.02940273675349896,76000.1578720058,77980.96822131421,240333.60140791396,246597.47372456227,0.010711262803898594,0.01513713798010782,28408.057771069987,40146.21787368029,89834.16645822735,126953.48792219168,0.017806577130062527,0.0243059221697887,47226.0163042321,64463.364760985205,149341.77633762083,203851.05828294906,0.023164813686043215,0.02732342906434705,61436.954493327394,72466.29697865195,194280.70870303057,229158.5520507184,0.01068450553936404,0.014389874403781677,28337.09303697563,38164.3500738572,89609.75626494098,120686.27165340405,0.01568251266429301,0.021838935354386392,41592.64261545517,57920.50373185344,131527.4845702212,183160.7150169394,0.021752746525839837,0.025930758429720244,57691.91656473807,68772.70187517347,182437.85892496927,217478.3787692811
2025-10-06,2666531.6621362343,12855.663884561509,2653675.998251673,0.006450344094695595,0.010157262104237664,0.01558074753246667,26954.08265396677,41346.25576172578,85236.29342697114,130748.34092691357,0.022464361297339842,0.026497229405887456,59613.13639080455,70315.06169457198,188513.2894612119,222355.74877010632,0.027789382126306942,0.028513663460161258,73744.01635482477,75666.02434645567,233199.055489954,239276.97842455347,0.010387378065661276,0.014679424630887693,27564.735857611216,38954.43681113109,87167.34841096622,123184.74529228061,0.01726814588453527,0.023570965201249627,45824.064268099646,62549.70461018155,144908.4147331316,197799.5335389082,0.022464361297339842,0.026497229405887456,59613.13639080455,70315.06169457198,188513.2894612119,222355.74877010632,0.010361429881230384,0.013954756641304565,27495.87778338875,37031.40276047305,86949.6000611303,117103.57767414159,0.015208308398916452,0.021178574574323872,40357.92297221391,56201.0750250664,127622.9582258283,177723.40402921452,0.021094991904050515,0.02514667003042822,55979.273699092206,66731.11469570202,177022.0066510906,211022.31324035238
2025-10-07,2642107.9418151714,-24423.720321062952,2666531.6621362343,0.00636489329685411,0.010022703987965084,0.015374341906957347,26725.857524128,40996.16947940974,84514.58219739297,129641.27089721417,0.02216676514313845,0.026146207916168184,59108.38110131652,69719.69125325952,186917.11308541207,220473.02212401934,0.027421242870578302,0.028135929302683046,73119.61232952452,75025.346329231,231224.5165898278,237250.97664332294,0.01024977149302559,0.014484959261575869,27331.340215814118,38624.602495745545,86429.2865869306,122141.71760517998,0.017039386484817332,0.0232587093350863,45436.063565141645,62020.08486243123,143681.44877803788,196124.72884221334,0.02216676514313845,0.026146207916168184,59108.38110131652,69719.69125325952,186917.11308541207,220473.02212401934,0.010224167056622649,0.01376989129595596,27263.06517545452,36717.851124840716,86213.38195205436,116112.0403414722,0.01500683665300208,0.02089801185271502,40016.205083736604,55725.210280962914,126542.3513810166,176218.58757967432,0.020815536442109633,0.024813540047653543,55505.28698723596,66166.09018675362,175523.12906097094,209235.5488582572
2025-10-08,2656040.8306543925,13932.888839221094,2642107.9418151714,0.006569724584301601,0.010345248807777646,0.015869110020040482,27333.26403508325,41927.90161348767,86435.37023762759,132587.66661006983,0.02288012306306766,0.026987629944717432,60451.754854639534,71304.23140770686,191165.233894802,225483.7780560679,0.028303697331105864,0.029041383385542317,74781.42350124767,76730.46968424052,236479.62493358616,242643.0501367009,0.010579623666980604,0.014951105780581852,27952.5077119452,39502.43532179403,88393.59068316864,124917.66874035557,0.017587738092333764,0.024007207566757744,46468.70249232025,63429.633772935915,146946.93978847502,200582.11387281702,0.02288012306306766,0.026987629944717432,60451.754854639534,71304.23140770686,191165.233894802,225483.7780560679,0.010553195243524278,0.014213025914340953,27882.680964441588,37552.348645505066,88172.77911945576,118750.95320853498,0.015489777926136683,0.021570539493516203,40925.665275599065,56991.69370505697,129418.31702855571,180223.55981866052,0.02148540990730265,0.025612074935363736,56766.7721492387,67669.86659308981,179512.29540740608,213990.90739390245
2025-10-09,2627512.5097671994,-28528.320887193084,2656040.8306543925,0.006498566909365753,0.010233197862209345,0.015697229302997103,27179.791350193263,41692.4819569049,85950.04699475391,131843.20428929362,0.022632305009430476,0.026695322866353153,60112.32619687129,70903.86752053583,190091.86623312053,224217.7162797288,0.02799713572896778,0.028726831794814493,74361.53563751136,76299.6381823681,235151.822922317,241280.64130303296,0.010465034172066694,0.014789168105506663,27795.558055202626,39280.63433963736,87897.27228988051,124216.27244947814,0.017397242656189974,0.02374718189136874,46207.78683564285,63073.484716451974,146121.85203617593,199455.8716678078,0.022632305009430476,0.026695322866353153,60112.32619687129,70903.86752053583,190091.86623312053,224217.7162797288,0.010438891998839163,0.014059082493290376,27726.123375708263,37341.4971437176,87677.70055407453,118084.18221481952,0.015322005812046806,0.02133690573645762,40695.87304432023,56671.69283585537,128691.65018910241,179211.62821874983,0.021252698201594245,0.025334666700163426,56448.03418500949,67289.90918665424,178504.3574636765,212789.37657571572
2025-10-10,2558396.352123562,-69116.15764363762,2627512.5097671994,0.006833346110578866,0.010834382764342565,0.016546952913260585,28467.47624891622,43477.32577812099,90022.06418332171,137487.3760320148,0.0237982274502303,0.02807055512755274,62530.140335765274,73755.73475375463,197737.66587098423,233236.11232110282,0.029439431986945944,0.03020671896621396,77352.4758261411,79368.5319627493,244610.00626372063,250985.3355461621,0.011161250168464748,0.015562648592268571,29326.32444228239,40891.05386129657,92737.98063867951,129308.86612632009,0.018293476407566154,0.02497053816291797,48066.338108011194,65610.40139868623,151999.10720506386,207478.30661774566,0.0237982274502303,0.02807055512755274,62530.140335765274,73755.73475375463,197737.66587098423,233236.11232110282,0.011004149307704247,0.01479170563113181,28913.539965338976,38865.39158659276,91432.64150877707,122903.15956797838,0.016111331972457198,0.022436094582003865,42332.72630664353,58951.119184535244,133867.83469352112,186419.80723917938,0.02234754902436549,0.026639803601755926,58718.4646241561,69996.41722135499,185684.08892035612,221348.10647091613
2025-10-13,2600285.2714643613,41888.91934079956,2558396.352123562,0.009302070373232897,0.015193542495906385,0.024144931485144832,38871.10369736121,61772.30463386787,122921.22284825386,195341.17896079604,0.03580807681436967,0.039349147572780706,91611.25309844366,100670.71560937386,289700.21909323963,318348.7550046871,0.04007519356682733,0.04111968295198622,102528.22903201666,105200.44686483894,324222.7282045734,332673.02296041086,0.015374588110497602,0.022009642111146355,39334.29013729935,56309.38808870196,124385.94697976316,178065.92001065367,0.030421183169999005,0.036172916569935994,77829.44404940815,92544.6577981942,246118.31222076822,292651.9039231569,0.03580807681436967,0.039349147572780706,91611.25309844366,100670.71560937386,289700.21909323963,318348.7550046871,0.015038609877177436,0.020683710130522715,38474.72465078012,52917.12854631047,121667.76224429162,167338.65344225604,0.02234918809312851,0.03227623143329765,57178.08129038332,82575.39275924455,180812.96911587077,261126.3198021888,0.032395956961338845,0.03761084991992024,82881.6981134412,96223.4612353907,262094.94238095486,304285.30184875405
2025-10-14,2624709.702445972,24424.4309816109,2600285.2714643613,0.009857082471292591,0.016100071855421585,0.025585549384536242,41864.77971517064,66529.72722693364,132388.05764115445,210385.47014682824,0.037944581381934975,0.04169693167620706,98666.73609932634,108423.91730289701,312011.6153686287,342866.53151489503,0.04246629752210122,0.043573106823343116,110424.48798034331,113302.50790468237,349192.8914757714,358293.9895880283,0.016291919635806767,0.023322857035944312,42363.638672869354,60646.08163903494,133965.58817865996,191779.74914386793,0.032236276371747315,0.03833118946111828,83823.51465630914,99672.0273934558,265073.22779444314,315190.62557001604,0.037944581381934975,0.04169693167620706,98666.73609932634,108423.91730289701,312011.6153686287,342866.53151489503,0.015935895114220066,0.02191781274366068,41437.873353107316,56992.56566005475,131038.06118941784,180226.31718247067,0.023682662177477647,0.03420200690117652,61581.677649161225,88934.97479965175,194738.36350563297,281237.0840165765,0.03432887590522287,0.03985491773346102,89264.87040227883,103634.15557774247,282280.3055109519,327719.9750139093
2025-10-15,2636460.4785726685,11750.776126696264,2624709.702445972,0.00982734639937413,0.016051502423647068,0.025508364909435456,42130.53415018149,66952.0528713276,133228.44695407993,211720.98109741148,0.03783011315016607,0.04157114364889636,99293.06502986983,109112.18407703351,313992.24135360355,345043.02215898305,0.04233818853235647,0.0434416588982615,111125.4542248628,114021.74360061534,351409.5413713475,360568.4125616728,0.016242771452722057,0.023252498473338722,42632.55982657203,61031.05834908229,134815.99153536066,192997.1523937358,0.03213902850602585,0.03821555494047228,84355.61994695372,100304.73783661469,266755.8924679059,317191.4316697726,0.03783011315016607,0.04157114364889636,99293.06502986983,109112.18407703351,313992.24135360355,345043.02215898305,0.015887820957938874,0.021851692808280306,41700.91781902662,57354.350128762184,131869.88082762537,181370.38012566007,0.02361121818299134,0.03409882897404331,61972.59345146612,89499.52725021729,195974.54781426853,283022.3556189932,0.034225315249646476,0.03973468654908389,89831.51700501918,104292.01730902992,284072.19940400805,329800.31647023925
2025-10-16,2607147.934228157,-29312.54434451135,2636460.4785726685,0.009590587712237737,0.01566479247307167,0.024893821904485657,41299.60626029607,65631.57761180303,130600.8222506844,207545.2716834119,0.0369187167711573,0.040569619026369776,97334.73768677418,106960.1971937737,307799.46654523525,338237.84211307514,0.041318184400489066,0.04239507015397602,108933.76021826717,111772.92694727347,344478.7963763652,353457.02989699517,0.015851453482608798,0.022692303402618588,41791.73063483118,59827.361088784,132157.05616630113,189190.72743788862,0.03136474072927562,0.03729487256618748,82691.89935341367,98326.45757415732,261494.7460021921,310935.5601902517,0.0369187167711573,0.040569619026369776,97334.73768677418,106960.1971937737,307799.46654523525,338237.84211307514,0.015505054392215776,0.021325245699290063,40878.46312319646,56223.16748203002,129269.0507165011,177793.26651232882,0.023042380900624663,0.033277326031876026,60750.326576714615,87734.35491561859,192109.40058147802,277440.3905789445,0.033400765022552466,0.03877740552541545,88059.79693605192,102235.09712934325,278469.5286098409,323295.7637372666
2025-10-17,2614260.5490891137,7112.614860956557,2607147.934228157,0.009693333083909614,0.015832611690527427,0.025160513066764083,41277.96086239515,65597.17966613453,130532.37349245689,207436.4958282687,0.03731423239440331,0.041004247300519436,97283.72390437797,106904.13864412974,307638.146800803,338060.56941387465,0.0417608321651947,0.042849254753577495,108876.66731113615,111714.34601400561,344298.2527515907,353271.7807204104,0.015832611690527427,0.022799860073613655,41277.96086239515,59442.60809161288,130532.37349245689,187974.03163025156,0.031700755793243954,0.037694418001591685,82648.55997982726,98274.92402478242,261357.69486929412,310772.5967983142,0.03731423239440331,0.041004247300519436,97283.72390437797,106904.13864412974,307638.146800803,338060.56941387465,0.015671162312201545,0.021553706181703648,40857.038449210406,56193.70054658932,129201.2999485786,177700.08388067107,0.02328923730409811,0.033633830902482495,60718.48692712872,87688.37275758639,192008.71476888494,277294.98222783295,0.033758592313156165,0.03919283355367862,88013.64421169565,102181.51503602121,278323.5808806532,323126.32228056923
2025-10-20,2641810.420416612,27549.871327498466,2614260.5490891137,0.00942169874823455,0.015388937577471666,0.02445544503774122,40230.69240117917,63932.905172584,127220.61983335468,202173.59777692583,0.036268583117736695,0.03985519347363492,94815.52601605849,104191.85997443768,299833.01975769555,329483.59116855625,0.04059057671186046,0.04164849865158403,106114.34336259213,108880.02695362728,335563.01743896183,344308.87687398656,0.015388937577471666,0.022160944151611465,40230.69240117917,57934.48202612497,127220.61983335468,183204.9182646415,0.030812411849447257,0.036638114859639734,80551.6727202959,95781.57827055179,254726.7551325864,302887.94522063504,0.036268583117736695,0.03985519347363492,94815.52601605849,104191.85997443768,299833.01975769555,329483.59116855625,0.015232012462806909,0.020949710981154817,39820.44926474981,54768.002932852025,125923.31712778671,173191.63216659424,0.022636607661774288,0.03269131678124915,59177.990375384885,85463.61975899455,187137.23693773898,270259.6955209934,0.032812582027846655,0.03809454061218785,85780.63870914998,99589.05465811575,271262.19746491994,314928.2427426471
2025-10-21,2654592.02349756,12781.603080947418,2641810.420416612,0.009488735685319253,0.015498432400830849,0.024629449553718836,40943.92021663739,65066.3364801397,129476.04422078888,205757.82228014464,0.036526640055194036,0.04013876973400849,96496.45832061842,106039.02014600656,305148.5944326608,335324.82451386127,0.040879385344993066,0.041944834573415725,107995.58618462883,110810.30105870064,341512.0295884406,350412.93955446157,0.01528028326575561,0.02228854139567251,40367.61155839075,58882.10091497466,127653.59622545393,186201.55230720446,0.031031647230430583,0.03689880107625306,81979.72901604381,97479.63718412504,259242.66565409285,308257.6789886775,0.036526640055194036,0.04013876973400849,96496.45832061842,106039.02014600656,305148.5944326608,335324.82451386127,0.015340390738150718,0.02109877162239529,40526.404105309055,55738.95473003419,128155.74234917492,176262.05134392375,0.02279767085050316,0.03292392088002606,60227.124414087295,86978.75726182493,190454.89007084985,275050.9809982772,0.03304604894880924,0.03836558953770868,87301.39646656168,101354.61422614535,276071.2557477107,320511.4323223237
2025-10-22,2628252.332175204,-26339.691322356,2654592.02349756,0.009275325507503237,0.015149858752642067,0.02407551113841426,40216.69420187832,63910.659829661156,127176.35364042303,202103.2518259581,0.035705123152656525,0.03923601279458778,94782.53511904007,104155.60659836093,299728.69338106527,329368.947927283,0.0399599712960822,0.04100145761555341,106077.42106177125,108842.14233802138,335446.258871914,344189.075200392,0.014936615987314154,0.021787252104848505,39650.62165797029,57836.26565146127,125386.27508078796,182894.33081717975,0.030333717646027027,0.03606891393848988,80523.64490617054,95748.2512373352,254638.1234021144,302782.5558880145,0.035705123152656525,0.03923601279458778,94782.53511904007,104155.60659836093,299728.69338106527,329368.947927283,0.014995371588733264,0.020624241321103267,39806.593808833255,54748.94650168951,125879.50232907032,173131.3704400465,0.022284930781504893,0.03218343236370267,59157.39949677814,85433.88284145834,187072.12286231766,270165.6591309864,0.03230281366265901,0.03750271301160559,85750.79148542261,99554.40282012636,271167.8122561088,314818.6640094895
2025-10-23,2639838.830222853,11586.498047649397,2628252.332175204,0.009318586313422755,0.015220518817205406,0.024187801107529588,40003.364078236686,63571.64467105462,126501.74455619011,201031.19176343826,0.03587165449452588,0.039419012467557676,94279.7595842208,103603.1114499019,298138.7775392271,327621.80486195965,0.04014634756518358,0.041192691454073574,105514.73161651006,108264.78738274246,333666.878609552,342363.31852332596,0.015006281471808347,0.02188886946416005,39440.29427555784,57529.472217857256,124721.16149806337,181924.16479580745,0.030475196354331192,0.03623714202755894,80096.50589176823,95240.3530452959,253287.39123908366,301176.4407816887,0.03587165449452588,0.039419012467557676,94279.7595842208,103603.1114499019,298138.7775392271,327621.80486195965,0.015065311113709123,0.020720434311883782,39595.43906955102,54458.529803891666,125211.77241419944,172212.9922044605,0.022388869351066546,0.03233353827860386,58843.598086706595,84980.69738821682,186079.79567351905,268732.56089628744,0.03245347638079049,0.03767762844586588,85295.9249850055,99026.3148336778,269729.39808348083,313148.7031673399
2025-10-24,2655199.155896816,15360.325673962943,2639838.830222853,0.009098726815933905,0.014861411168671835,0.023617122506935245,39231.7302749675,62345.39705193775,124061.6242182812,197153.45631167028,0.035025311104445365,0.03848897394227834,92461.17629415056,101604.68794826193,292387.9122278825,321302.23486716807,0.03919914854756221,0.04022080536119482,103479.43444752846,106176.44377531759,327230.7038402775,335759.3961868108,0.01465222846498953,0.021372431060401608,38679.52165117595,56419.77340950915,122315.38722351287,178414.98904465276,0.029756175128258948,0.03538217545123017,78551.50654248946,93403.2406539152,248401.6743118847,295366.981307207,0.035025311104445365,0.03848897394227834,92461.17629415056,101604.68794826193,292387.9122278825,321302.23486716807,0.014709865381967367,0.02023156356235824,38831.673822668374,53408.06708803507,122796.53463636946,168891.1374252674,0.021860634123178103,0.0315706719769063,57708.550811660265,83341.48578086574,182490.46103240506,263548.91865007236,0.03168778030105691,0.03678867553197298,83650.63288230084,97116.17418177164,264526.5276226464,307108.3080560376
2025-10-27,2665186.213325561,9987.057428745087,2655199.155896816,0.0089352823716948,0.014594449082853558,0.023192877715244937,38751.168885571824,61581.70933233643,122541.95567225578,194738.46369663012,0.034396135987577084,0.03779757952165319,91328.59124032677,100360.10124083633,288806.3638139349,317366.5061261336,0.03849499694716658,0.039498301288691244,102211.88340036721,104875.85624109111,323222.35548071645,331646.57728223293,0.01438902402037089,0.020988508651544523,38205.72443306779,55728.670455114036,120817.10886523951,176229.5296110927,0.029221651825723616,0.03474658982264865,77589.305261572,92259.11596738959,245358.92669665403,291748.9413705599,0.034396135987577084,0.03779757952165319,91328.59124032677,100360.10124083633,288806.3638139349,317366.5061261336,0.014445625579979096,0.01986813505973005,38356.01284636195,52753.855439839164,121292.36255718177,166822.33854515554,0.02146794190730454,0.03100355406690551,57001.6612311169,82320.6105882488,180255.07990364698,260320.62783463974,0.0311185587225601,0.036127824321879914,82625.97085286707,95926.568643844,261286.2617777452,303346.44503903645
2025-10-28,2637960.302607651,-27225.91071791016,2665186.213325561,0.008711749840699843,0.014229342082732141,0.02261266520028645,37923.84634359093,60266.96353835014,119925.73207999588,190580.8724435069,0.03353565335100076,0.036852003515826785,89378.76096595239,98217.45170380666,282640.45909616083,310590.8533616145,0.03753197376107211,0.03851017859823979,100029.69902690609,102636.79707273377,316321.6825861518,324566.0504943413,0.014029056106205164,0.02046344248513534,37390.04692022878,54538.884788563264,118237.71008848699,172467.09697737067,0.02849061843240306,0.033877339938492276,75932.80345515974,90289.41934821302,240120.60804020797,285520.21375442867,0.03353565335100076,0.036852003515826785,89378.76096595239,98217.45170380666,282640.45909616083,310590.8533616145,0.014084241673643104,0.01937109710040155,37537.12673373893,51627.580928980955,118702.81729701186,163260.74582025156,0.020930881835762305,0.03022794311001307,55784.697701420104,80563.09723399622,176406.70332044715,254762.8826170392,0.03034007071257797,0.03522402031501458,80861.93817448543,93878.57332147635,255707.90064709197,296870.11518298386
2025-10-29,2630439.373279505,-7520.929328145925,2637960.302607651,0.008812872668851135,0.014394511117707837,0.022875144805291684,37972.14890395776,60343.72391276108,120078.47818757284,190823.6100606928,0.03392492303536559,0.03727976818844764,89492.60023631428,98342.5485715404,283000.45047767606,310986.444391806,0.03796763128134301,0.038957190764988665,100157.10410422733,102767.52273915349,316724.5728159568,324979.44134887104,0.01419190029430672,0.020700974693434144,37437.669594946965,54608.349466564854,118388.30620886578,172686.7635767859,0.028821327183726948,0.034270575796668375,76029.51697913845,90404.41849911775,240426.44305652202,285883.873000273,0.03392492303536559,0.03727976818844764,89492.60023631428,98342.5485715404,283000.45047767606,310986.444391806,0.014247726435768764,0.019595949760200668,37584.93673997159,51693.337559303276,118854.00581165393,163468.68654332779,0.02117383991027501,0.030578818095219867,55855.74913707502,80665.70823585051,176631.38768814158,255087.36709589054,0.03069224723427199,0.03563288794990373,80964.92980182897,93998.14387911255,256033.58876942482,297248.2304862107
2025-10-30,2625769.2004322438,-4670.172847261652,2630439.373279505,0.008572970367477565,0.014002666542840546,0.022252442073815756,36833.16540519138,58533.6997825864,116476.6961141235,185099.8111894757,0.03300142539550165,0.03626494560798618,86808.2487346737,95392.7407970865,274511.78569199867,301658.33316485945,0.036934083825892854,0.03789670571422844,97152.8683116343,99684.9868282929,307224.3450831616,315231.6069012898,0.013805571151767065,0.020137456796802802,36314.71792821977,52970.35923602507,114837.2212397255,167506.98366317587,0.02803675863498856,0.033337668864734916,73748.99381260805,87692.71679515298,233214.79559350648,277308.7192807847,0.03300142539550165,0.03626494560798618,86808.2487346737,95392.7407970865,274511.78569199867,301658.33316485945,0.013859877604891742,0.019062512636833517,36457.56776074208,50142.783793565,115288.95207386962,158565.40500904366,0.02059744976891459,0.029746407471581145,54180.342861299774,78246.1214268627,171333.28785055163,247435.96178299026,0.029856748864727486,0.034662896422171505,78536.36777189733,91178.64754078921,248353.80131583882,288332.2002026043
2025-10-31,2624458.9325458305,-1310.2678864127956,2625769.2004322438,0.008323192780677734,0.013594692164309884,0.02160410654443073,35696.52397440245,56727.397567222884,112882.32030991785,179387.78204631901,0.03203991310245631,0.03520834909462915,84129.41700895528,92448.9986507437,266040.575970409,292349.40313818346,0.03585799165092264,0.03679256709071557,94154.81006634922,96608.78947163791,297743.652470213,305503.8167220707,0.013403339241604013,0.01955074237375141,35194.07536354868,51335.73717058203,111293.43829243234,162337.85482280707,0.027219894279536784,0.03236635995759642,71473.1600382295,84986.59110676016,226017.97729053252,268751.1984707723,0.03203991310245631,0.03520834909462915,84129.41700895528,92448.9986507437,266040.575970409,292349.40313818346,0.013456063450275753,0.018507117225363016,35332.5169667961,48595.41839914725,111731.22908161955,153672.2059901588,0.01999733323089091,0.028879731680608815,52508.38168845356,75831.50996368994,166046.0823849911,239800.28989501257,0.02898685822455787,0.03365297637711133,76112.79954334012,88364.9488738928,240689.8056487785,279434.5037658322
2025-11-03,2624604.705202515,145.77265668427572,2624458.9325458305,0.00807056091641897,0.012796007208834215,0.0205733986388976,33582.59542014579,53994.03983068104,106197.49126759998,170744.14593880431,0.031067413342922543,0.034139678561141244,81535.15045892658,89598.18435403053,257836.78481473113,283334.33677439875,0.03476960267351268,0.0356758111702506,91251.39431756973,93629.7013015825,288562.2457096666,296083.1127542326,0.012996510916329616,0.01895732340297017,34108.80916629066,49752.716742085184,107861.5252415074,157331.9046861813,0.0263936953895231,0.03138395163535496,69269.16962792761,82365.89220799366,219048.3476528095,260463.82088917514,0.031067413342922543,0.034139678561141244,81535.15045892658,89598.18435403053,257836.78481473113,283334.33677439875,0.013047634799804125,0.01794537515715656,34242.98169894177,47096.900129085574,108285.81604411821,148933.47514138857,0.019390358995468676,0.028003152146045755,50889.200870928165,73493.12278912973,160925.7830579574,232405.66037207659,0.028107027103827984,0.032631515696812934,73765.73834994911,85640.07285301018,233267.74646986998,270817.6891982666
2025-11-04,2604147.830281114,-20456.87492140057,2624604.705202515,0.007824710946254152,0.01240620803339889,0.01994668018723809,32561.391978179963,52352.15067259487,102968.16243658437,165552.03653371576,0.030121020307474808,0.03309969645300579,79055.77162449888,86873.61905133398,249996.3005155261,274718.5047840116,0.03371043146243426,0.03458903452577128,88476.55703071185,90782.54276475153,279787.43974683364,287079.60691825434,0.012600603884077868,0.0183798347449584,33071.60424254386,48239.800752462485,104581.59528212625,152547.6442504859,0.025589675781560982,0.03042791603223982,67162.78346089179,79861.25158772367,212387.36973310442,252543.4518089451,0.030121020307474808,0.03309969645300579,79055.77162449888,86873.61905133398,249996.3005155261,274718.5047840116,0.01265017040303248,0.017398713036310937,33201.69676141264,45664.744099570016,104992.98394830003,144404.6001233761,0.018799678963449747,0.027150104360281566,49341.725863766944,71258.29165073432,156032.23741314255,225338.5037888801,0.02725081502062077,0.031637476094909536,71522.61732372464,83035.86861943165,226174.37495958636,262582.4723279053
2025-11-05,2633636.447087944,29488.61680682981,2604147.830281114,0.007824716470320816,0.012406216791897535,0.019946694269137324,32307.622540617092,51944.1406022547,102165.67301334582,164261.79540315532,0.030121041572225074,0.033099719820633165,78439.64505611717,86196.56355381465,248047.9372324964,272577.467309512,0.03371045526122656,0.034589058944837214,87787.00892631173,90075.0228026634,277606.8971806777,284842.23234801984,0.012600612779815532,0.01837984772070065,32813.8584307691,47863.84056275988,103766.53145954896,151358.75374147668,0.025589693847285825,0.030427937513651436,66639.34570996735,79238.8474561047,210732.1142268673,250575.23712792993,0.030121041572225074,0.033099719820633165,78439.64505611717,86196.56355381465,248047.9372324964,272577.467309512,0.012650179333762971,0.01739872531940374,32942.93706468583,45308.85279018233,104174.71393998888,143279.17298625133,0.018799692235592396,0.027150123527633237,48957.177745270645,70702.93527635033,154816.1894887619,223582.3127327335,0.02725083425907186,0.03163749843024284,70965.20090911223,82388.72289263905,224411.66948424638,260536.01785319563
2025-11-06,2611928.2871144023,-21708.15997354174,2633636.447087944,0.008072173019270039,0.012798563224446675,0.020577508196454434,33706.76257826216,54193.6755764333,106590.14229783797,171375.44959776776,0.031073619090719273,0.03414649799707798,81836.61578024601,89929.46166552005,258790.10186565501,284381.9276158427,0.03477654793743931,0.03568293745025733,91588.78415194123,93975.88460815705,289629.1660456675,297177.84049093653,0.01299910698276405,0.018961110147835,34234.9219294028,49936.67076258733,108260.32881495904,157913.61837571338,0.02639896755734741,0.03139022061200146,69525.28312452234,82670.42908589827,219858.24964155862,261426.85105487032,0.031073619090719273,0.03414649799707798,81836.61578024601,89929.46166552005,258790.10186565501,284381.9276158427,0.013050241078286912,0.017948959764317575,34369.59054706068,47271.0346226218,108686.1883761043,149484.13676016292,0.019394232239638886,0.02800874580451399,51077.35688960102,73764.85378798959,161520.78463243277,233264.94923934634,0.02811264151142597,0.032638033875664975,74038.47730840894,85956.71557624226,234130.22278526507,271819.00140819827
2025-11-07,2633199.923279908,21271.63616550574,2611928.2871144023,0.00808459760329854,0.012818262606985506,0.020609180830214104,33480.382694846245,53829.7023846921,105874.26624980029,170224.46530462438,0.031121447202250165,0.03419905584397137,81286.98828349457,89325.48135147394,257052.0271112637,282471.9741615532,0.0348300755490302,0.03573786016483197,90973.65956884366,93344.7278854636,287683.97131831764,295181.9476866979,0.013019115039654961,0.018990294842680253,34004.994845271336,49601.2882802393,107533.23553334245,156853.0458441724,0.02643960050586065,0.03143853603248811,69058.34046126169,82115.2015687211,218381.64728894993,259671.0674809902,0.031121447202250165,0.03419905584397137,81286.98828349457,89325.48135147394,257052.0271112637,282471.9741615532,0.013070327840114526,0.017976586570418434,34138.75900745402,46953.554969036784,107956.2349551439,148480.17794407305,0.01942408359039096,0.0280518565028291,50734.31338101683,73269.43750581342,160435.98580877122,231698.30539773696,0.028155912124665807,0.03268826991414498,73541.223327922,85379.41684558595,232557.7676313414,269993.42252900027
2025-11-10,2665405.824231484,32205.900951575957,2633199.923279908,0.008086187283745456,0.01282078307150701,0.020613233228787334,33759.6850002806,54278.76415659366,106757.49769070889,171644.5233139443,0.031127566635588064,0.03420578042978823,81965.10607672071,90070.65840344774,259196.42385974538,284828.4309058801,0.034836924212721554,0.03574488732688831,91732.58616424637,94123.43456681125,290083.90793666727,297644.43442894745,0.013021674997939865,0.018994028918496254,34288.67360555115,50015.07549096069,108430.30653963957,158161.55589670004,0.026444799344196312,0.03144471781523882,69634.4436042903,82800.22853864521,220203.4453881021,261837.31296459408,0.031127566635588064,0.03420578042978823,81965.10607672071,90070.65840344774,259196.42385974538,284828.4309058801,0.013072897868410522,0.017980121320021997,34423.55366414466,47345.25408044536,108856.83473573202,149718.8392935882,0.019427902962411443,0.028057372360262012,51157.55259011131,73880.67074647774,161774.385704598,233631.19461984208,0.02816144844263312,0.03269469743299945,74154.72387859262,86091.67477223396,234497.82671722813,272245.7798587171
2025-11-11,2659440.913810235,-5964.910421248991,2665405.824231484,0.008386304002142447,0.013296623069726558,0.021378287969061664,35440.89657265988,56981.81326483482,112073.95548806044,180192.31512327338,0.0322828581002237,0.035475318991358744,86046.9180031748,94556.12185603737,272104.24652778,299012.711777506,0.036129887510119224,0.03707154943692627,96300.81259830012,98810.72378246866,304529.9083356661,312466.94440236903,0.013504971047274463,0.019698987315838273,35996.22848548292,52505.79552309746,113830.0691899593,166037.90421206,0.027426291130047076,0.03261178026265442,73102.19611509576,86923.62905063645,231169.44168401504,274876.6502875908,0.0322828581002237,0.035475318991358744,86046.9180031748,94556.12185603737,272104.24652778,299012.711777506,0.01355809504113654,0.018647448802999286,36137.82548812933,49703.01864657271,114277.83822817485,157174.7455089893,0.020148964481000634,0.029098714370300635,53705.16727989239,77559.8827602477,169830.65072480953,245265.88457800992,0.029206653209148784,0.03390815254580626,77847.58356997433,90378.98728452162,246175.67442142082,285803.45243848476
2025-11-12,2675444.099472308,16003.185662072618,2659440.913810235,0.00814932234214527,0.012920884746072234,0.020774176530994115,34362.32953633107,55247.69501724213,108663.2270440838,174708.55172882066,0.0313706033930142,0.03447285116031496,83428.26615429614,91678.51079143224,263823.3422863124,289912.9065932519,0.035108922766237775,0.03602397504396534,93370.10564433635,95803.63311000027,295262.19920664636,302957.68874672154,0.01312334518966433,0.019142329852290793,34900.76112344806,50907.89519483317,110365.89722355286,160984.89970081413,0.026651274150230463,0.031690230814872336,70877.48888029599,84278.29639716135,224134.29969499275,266511.3739337926,0.0313706033930142,0.03447285116031496,83428.26615429614,91678.51079143224,263823.3422863124,289912.9065932519,0.013174967996323091,0.018120505900509915,35038.04892756208,48190.414770755844,110800.03937951621,152391.47206380952,0.019579591483228097,0.028276437759114606,52070.76666618722,75199.51547339799,164662.22217632417,237801.74783701284,0.028381326443186358,0.032949969981032806,75478.46073121412,87628.4982763777,238683.8501942147,277105.6424934925
2025-11-13,2631521.0526636657,-43923.04680864187,2675444.099472308,0.008036565417822867,0.012742106786099204,0.02048673763084761,34090.79441571517,54811.121311888535,107804.55759820904,173327.98445336407,0.030936548559467997,0.033995872522550354,82769.00630146719,90954.05654687011,261738.5795814655,287621.9811198589,0.03462314321535163,0.03552553450409154,92632.28422069718,95046.58166957159,292929.0030014786,300563.68188905565,0.012941765914936782,0.018877469763575613,34624.97125386945,50505.61509192528,109493.77308008369,159712.7783182583,0.02628251763572719,0.03125175350255985,70317.4067277832,83612.31950658678,222363.1644162425,264405.3700905402,0.030936548559467997,0.033995872522550354,82769.00630146719,90954.05654687011,261738.5795814655,287621.9811198589,0.012992674450069722,0.017869784131665324,34761.17419380365,47809.60851390787,109924.48459428687,151187.25694492683,0.01930868128696302,0.02788519490251258,51659.29741779659,74605.28016456257,163361.04216429222,235922.61079499935,0.02798863230942096,0.03249406246926801,74882.0211645403,86936.04770128768,236797.74267688158,274915.9215091146
2025-11-14,2620192.0284151854,-11329.024248480331,2631521.0526636657,0.008783622396500402,0.014346735166962879,0.02270009877429554,37753.735628852985,59735.78782210338,119387.7947670248,188901.14734239585,0.033812324876337445,0.037156035165895475,88977.84475158536,97776.88877256543,281372.6507078687,309197.67104625213,0.037841615214026306,0.03882789031067449,99581.0071025079,102176.41078305549,314902.79413732945,323110.1812154439,0.014346735166962879,0.020784203224054446,37753.735628852985,54694.06834693931,119387.7947670248,172957.83047724867,0.028725668060838077,0.0341568304024779,75592.20025392366,89884.41829638294,239043.5261459573,284239.4879758817,0.033812324876337445,0.037156035165895475,88977.84475158536,97776.88877256543,281372.6507078687,309197.67104625213,0.014346735166962879,0.01962940361402147,37753.735628852985,51655.18886152974,119387.7947670248,163348.049768594,0.02110356309959608,0.03047732579060391,55534.47058280317,80201.72444686349,175615.41569327653,253620.1215252966,0.030590378453864937,0.03551462098788784,80499.22491029458,93457.47280699771,254560.90059469448,295538.4784333627
2025-11-17,2588181.073417272,-32010.954997913446,2620192.0284151854,0.00858136079202561,0.014016371048054378,0.022177380675478524,36725.58368742148,58108.99605701781,116136.4928513772,183756.78008591986,0.033033724115535644,0.036300438357502386,86554.70059639297,95114.11921230458,273709.9960785362,300777.2543516628,0.036970231465545025,0.03793379547848576,96869.10577468533,99393.82852026039,306327.0091517752,314310.88348822616,0.014016371048054378,0.02030560269888817,36725.58368742148,53204.57832379265,116136.4928513772,168247.6494520083,0.02806419840181559,0.03337029666854471,73533.58893629939,87436.58531677068,232533.6255652643,276498.76042863046,0.033033724115535644,0.036300438357502386,86554.70059639297,95114.11921230458,273709.9960785362,300777.2543516628,0.014016371048054378,0.01917739480824254,36725.58368742148,50248.457002327865,116136.4928513772,158899.57303639277,0.02061760863343415,0.02977552048338071,54022.093786308265,78017.5814124672,170832.86033596366,246713.25480101284,0.029885969868400815,0.03469682123522699,78306.98001064024,90912.3344118885,247628.41352289947,287490.044144472
2025-11-18,2596096.296722796,7915.223305523861,2588181.073417272,0.00884801438086571,0.014451909855133942,0.022866511256456407,37404.15956179021,59182.67164904348,118282.33817962267,187152.0404248507,0.03406020013742099,0.037428422881063246,88153.96535247737,96871.53570862586,278767.31528939656,306334.693277591,0.03811902885787676,0.03911253425288437,98658.94902700344,101230.3208867001,311986.9904837839,320118.3822716882,0.014451909855133942,0.02093657043983799,37404.15956179021,54187.63535465622,118282.33817962267,171356.3487393796,0.028936253475961737,0.03440723120410173,74892.26358208891,89052.14459114827,236830.13204508167,281607.60743067256,0.03406020013742099,0.037428422881063246,88153.96535247737,96871.53570862586,278767.31528939656,306334.693277591,0.014451909855133942,0.019773305092654934,37404.15956179021,51176.893999714855,118282.33817962267,161835.54861210348,0.02125827151530654,0.030700752458693248,55020.25598948189,79459.10645325865,173989.32637228406,251271.75723408093,0.030814633901357184,0.03577497563613673,79753.85224777489,92592.1148434131,252203.82527550825,292801.9762770703
2025-11-19,2609896.4838090045,13800.187086208723,2596096.296722796,0.008611014321752302,0.014064805659488042,0.022254016261961683,36513.58988672272,57773.5692048876,115466.10959133334,182696.0672448079,0.033147874603294374,0.03642587721900865,86055.07450184414,94565.0849531476,272130.03964130726,299041.0555792636,0.0370979848468951,0.038064878526865784,96309.94107690277,98820.09017879934,304558.7751196226,312496.5635482418,0.014064805659488042,0.020375770217518713,36513.58988672272,52897.461604574964,115466.10959133334,167276.461111762,0.02816117632428418,0.03348561020776437,73109.12556683183,86931.86865388013,231191.3545344372,274902.70620085695,0.033147874603294374,0.03642587721900865,86055.07450184414,94565.0849531476,272130.03964130726,299041.0555792636,0.014064805659488042,0.019243663720692316,36513.58988672272,49958.40412066814,115466.10959133334,157982.34528845278,0.02068885431175046,0.029878412006436372,53710.25806217281,77567.23476186738,169846.74919188768,245289.13364848937,0.029989243057511706,0.03481671867863441,77854.96284312595,90387.55442564219,246199.00973205644,285830.54411746183
2025-11-20,2568638.507376024,-41257.97643298097,2609896.4838090045,0.008449085974802597,0.013800319892131159,0.021835534079533023,36017.40636191257,56988.48361626492,113897.0395154826,180213.40862658626,0.03252453566332206,0.03574089611644944,84885.67126522481,93280.0391025043,268432.06191041734,294977.38379348227,0.03640036489912099,0.037349076343013134,95001.18435958058,97477.22302114405,300420.12298983935,308250.0447350147,0.013800319892131159,0.01999260806427328,36017.40636191257,52178.63748911838,113897.0395154826,165003.33966986337,0.027631611216160822,0.03285592021946086,72115.64495503558,85750.55065308008,228049.6929899435,271167.0506773722,0.03252453566332206,0.03574089611644944,84885.67126522481,93280.0391025043,268432.06191041734,294977.38379348227,0.013800319892131159,0.01888179059644537,36017.40636191257,49279.5188856807,113897.0395154826,155835.52167603382,0.02029980467673565,0.029316554635759058,52980.38884782196,76513.17286126214,167538.70008050132,241955.8972477708,0.02942530153179519,0.03416199747028588,76796.99100285198,89159.27707759122,242853.40901647086,281946.3900992294
2025-11-21,2619183.684573377,50545.17719735345,2568638.507376024,0.009074053722511041,0.014997719096770142,0.02361656336470453,38523.71879477255,60662.41407046594,121822.69533131795,191831.3968269184,0.03493033267608641,0.03838460307050263,89723.39758725055,98596.16953723702,283730.2957845679,311788.46430577873,0.039092851889383946,0.040111738267710736,100415.40472621916,103032.55551223025,317541.39110248914,325817.5485663841,0.014997719096770142,0.021557694402886608,38523.71879477255,55373.92397349913,121822.69533131795,175107.72273725856,0.029675485059890157,0.035286229310844505,76225.59364989576,90637.56738793573,241046.49193213804,286621.15452287527,0.03493033267608641,0.03838460307050263,89723.39758725055,98596.16953723702,283730.2957845679,311788.46430577873,0.014997719096770142,0.020335201408178818,38523.71879477255,52233.78139229526,121822.69533131795,165177.7200029741,0.02180135445922999,0.031485061522293606,55999.798576932146,80873.74143326654,177086.91201376152,255745.22582865262,0.0316018522828245,0.0366889153735831,81173.73467807192,94240.56082244575,256693.88776490212,298014.82017055963
2025-11-24,2644383.546414126,25199.861840749625,2619183.684573377,0.010009097906350543,0.016543172809205607,0.026050153785451263,43329.60831294925,68230.13777548134,137020.2523918855,215762.6404376153,0.038529760826630274,0.0423399796802996,100916.52092762444,110896.18398380902,319126.0596713415,350684.5252099217,0.043121210647960054,0.044245089107134275,112942.37138818875,115886.01551190134,357155.13792730967,366463.75797921186,0.016543172809205607,0.02377912678413886,43329.60831294925,62281.9009064183,137020.2523918855,196952.66386918732,0.032733422620809485,0.03892233115636033,85734.84646866932,101944.734730301,271117.3896858389,322377.5572094224,0.038529760826630274,0.0423399796802996,100916.52092762444,110896.18398380902,319126.0596713415,350684.5252099217,0.016543172809205607,0.02243066087815655,43329.60831294925,58750.02100626597,137020.2523918855,185783.87896253788,0.024047895014346433,0.0347294685485838,62985.854269909636,90962.85739635494,199178.75986435637,287649.81184957526,0.034858294120093364,0.04046955829024805,91300.27523140862,105997.20679570895,288716.8207315079,335192.59909031837
2025-11-25,2684066.0192613164,39682.47284718976,2644383.546414126,0.009983600203592012,0.01650102986016876,0.025983792252748696,43635.05186111846,68711.11270661149,137986.14970070357,217283.6167174292,0.038431608086182865,0.0422321205878228,101627.91208533806,111677.9248126159,321375.67603702063,353156.6067688992,0.043011361406602146,0.04413237683864277,113738.53641249026,116702.9311762548,359672.83279746573,369047.07213483844,0.01650102986016876,0.02371855058513748,43635.05186111846,62720.9449121287,137986.14970070357,198341.04292027617,0.032650035777353266,0.03882317836159505,86339.21739946553,102663.3740789029,273028.5783787509,324650.09436722414,0.038431608086182865,0.0422321205878228,101627.91208533806,111677.9248126159,321375.67603702063,353156.6067688992,0.01650102986016876,0.022373519832170202,43635.05186111846,59164.167719561025,137986.14970070357,187093.525862023,0.023986634141010876,0.03464099687268465,63429.8606563445,91604.08216151048,200582.83134115144,289677.5425995734,0.0347694942671536,0.0403664640076555,91943.87855720127,106744.41324876223,290752.0731506721,337555.4733643424
2025-11-26,2704276.145719697,20210.12645838084,2684066.0192613164,0.010344240681065738,0.017097101334008262,0.026922412294969326,45889.7487184789,72261.53199747024,145116.12720318633,228511.0283251427,0.039819884179740514,0.04375768369360908,106879.19801776278,117448.51188360114,337981.7002282838,371404.80534953234,0.04456507325384649,0.04572658345054336,119615.5987665407,122733.16881652031,378257.735787096,388116.35791015654,0.017097101334008262,0.024575342647476982,45889.7487184789,65961.8421117964,145116.12720318633,208589.65973368761,0.033829462462332344,0.04022559926145598,90800.5106450225,107968.16408209711,287136.4263446358,341425.3132862097,0.039819884179740514,0.04375768369360908,106879.19801776278,117448.51188360114,337981.7002282838,371404.80534953234,0.017097101334008262,0.02318172495962899,45889.7487184789,62221.280232002086,145116.12720318633,196760.9644647366,0.02485311026317063,0.03589234362110873,66707.38873033096,96337.4198650686,210947.28515009352,304645.6706775679,0.036025482764120334,0.041824633461236896,96694.77411465962,112260.07744136576,305775.7240378158,354997.5350216032
2025-11-28,2710070.1026267093,5793.956907012034,2704276.145719697,0.010196049824508167,0.016852169475841443,0.02653672373052106,45572.91991714362,71762.6289700019,144114.22656262587,226933.35842678917,0.03924942735003622,0.04313081422803289,106141.2901158612,116637.63206233704,335648.23055483866,368840.57820566755,0.04392663718283292,0.045071507667031226,118789.75709521893,121885.80303557497,375646.1951190391,385436.752031082,0.016852169475841443,0.02422327803593024,45572.91991714362,65506.43296370201,144114.22656262587,207149.5295584324,0.03334482398825357,0.03964933018633595,90173.61209465605,107222.7378166722,285153.99906362005,339068.0684597538,0.03924942735003622,0.04313081422803289,106141.2901158612,116637.63206233704,335648.23055483866,368840.57820566755,0.016852169475841443,0.02284962521599701,45572.91991714362,61791.69641025599,144114.22656262587,195402.50114205916,0.024497066372509767,0.03537815245821298,66246.8322312903,95672.29377238001,209490.8776219319,302542.3572934637,0.035509384259327516,0.04122545673585655,96027.18080169389,111485.01924717626,303664.6086181465,352546.58580878726
2025-12-01,2690688.545611996,-19381.55701471353,2710070.1026267093,0.00989932825194839,0.01636174403520696,0.02576446206728577,44341.47333664527,69823.4983588111,140220.0505514252,220801.28901487187,0.03810720541057691,0.04187563764064869,103273.19807785926,113485.91359835168,326578.5271757584,358873.9693158664,0.04264830085783544,0.04375985375568457,115579.88508264886,118592.27135859788,365495.68856168905,375021.6903859204,0.01636174403520696,0.023518341391338998,44341.47333664527,63736.35386803606,140220.0505514252,201552.0479774769,0.032374435575013266,0.03849547042629904,87736.98994125798,104325.4234888637,277448.7232616579,329905.9560864392,0.03810720541057691,0.04187563764064869,103273.19807785926,113485.91359835168,326578.5271757584,358873.9693158664,0.01636174403520696,0.02218466409446589,44341.47333664527,60121.994899228244,140220.0505514252,190122.44135458674,0.02378416204365092,0.034348590891494474,64456.74647052733,93087.08924239528,203830.12941088562,294367.2227613269,0.034476003634535866,0.04002572913912048,93432.38670800542,108472.53187576511,295459.1492229386,343020.26429263444
2025-12-02,2694337.512648288,3648.967036292423,2690688.545611996,0.009757447525384015,0.016127241645500005,0.02539519654697864,43393.384367863626,68330.56446252075,137221.92998559494,216080.21750652473,0.037561039261381234,0.04127546096778884,101065.05810188096,111059.41004088448,319595.77545919747,351200.6913237688,0.04203705009834529,0.043132671820992646,113108.60919093531,116056.58601038624,357680.8280172106,367003.1492560545,0.016127241645500005,0.023181268078961922,43393.384367863626,62373.57249282385,137221.92998559494,197242.5548789498,0.031910433541280286,0.03794373952350311,85861.03801503571,102094.785313575,271516.4423938154,322852.058816805,0.037561039261381234,0.04127546096778884,101065.05810188096,111059.41004088448,319595.77545919747,351200.6913237688,0.016127241645500005,0.021866705523924508,43393.384367863626,58836.49408349424,137221.92998559494,186057.33084286287,0.023443278894249967,0.033856294555004315,63078.56199234585,91096.74395601591,199471.92742394152,288073.19832618796,0.03398188117286871,0.03945206601905881,91434.6584301858,106153.2221382098,289141.7777189029,335685.9629225523
2025-12-03,2714858.155630715,20520.64298242703,2694337.512648288,0.009466018897412137,0.01564556445548775,0.0246367105528179,42154.43121897733,66379.61343071522,133304.01612087653,209910.7686425637,0.03643919237379458,0.040042674326871086,98179.48294332216,107888.47954564731,310470.7855985501,341173.3286567336,0.04078151684517889,0.041844415303409335,109879.17065866356,112742.97784680987,347468.44669172063,356524.6001858254,0.01564556445548775,0.022488906154050182,42154.43121897733,60592.703469284344,133304.01612087653,191610.95255012496,0.030957354998892007,0.036810462411769766,83409.56286588474,99179.80973396105,263764.19729519734,313634.0966614554,0.03643919237379458,0.040042674326871086,98179.48294332216,107888.47954564731,310470.7855985501,341173.3286567336,0.01564556445548775,0.021213606035300654,42154.43121897733,57156.614519452676,133304.01612087653,180745.08522572083,0.022743091413298645,0.03284509839487038,61277.564348439715,88495.78071192335,193776.67280860126,279848.230364475,0.03296693407934358,0.038273739264989205,88824.04716697865,103122.37145098014,280886.300041879,326101.57150301995
2025-12-04,2714876.1801553774,18.02452466217801,2714858.155630715,0.00936393397356872,0.015476837108412373,0.02437101947953848,42017.41744714143,66163.86099506007,132870.74053106445,209228.49953516445,0.036046219127204994,0.039610839845718414,97860.37197714436,107537.81160653074,309461.6681190913,340064.41926672804,0.04034171442280075,0.04139315020497512,109522.03241286585,112376.5314212239,346339.0763954428,355365.7948405463,0.015476837108412373,0.022246377769421077,42017.41744714143,60395.760120554645,132870.74053106445,190988.16299811826,0.030623499841649558,0.03641348525667727,83138.45829905821,98857.4474240291,262906.8893799522,312614.69753027736,0.036046219127204994,0.039610839845718414,97860.37197714436,107537.81160653074,309461.6681190913,340064.41926672804,0.015476837108412373,0.02098483094198767,42017.41744714143,56970.839427387014,132870.74053106445,180157.61280226588,0.022497821804178683,0.032490885139582405,61078.395009001026,88208.1445048561,193146.84405590378,278938.64481261064,0.032611406904581565,0.0378609816104342,88535.34400149508,102787.19470527182,279973.3404712504,325041.6495678586
2025-12-05,2722548.5439267573,7672.363771379925,2714876.1801553774,0.009078670967625466,0.015005350542135655,0.0236285804262241,40737.66876172567,64148.670170041405,128823.81985254433,202855.90660823166,0.03494810664049373,0.03840413470723481,94879.7822598064,104262.4705361502,300036.2158418259,329706.8813704317,0.039112743911727546,0.04013214874060536,106186.25678646637,108953.81467432212,335790.42765274557,344542.2141347346,0.015005350542135655,0.021568663828702664,40737.66876172567,58556.25166632375,128823.81985254433,185171.12650761302,0.02969058514554108,0.035304184369837364,80606.26238650456,95846.48920548524,254899.3828145141,303093.2116200757,0.03494810664049373,0.03840413470723481,94879.7822598064,104262.4705361502,300036.2158418259,329706.8813704317,0.015005350542135655,0.02034554878017198,40737.66876172567,55235.6457554782,128823.81985254433,174670.4486175231,0.021812447869126277,0.03150108239355322,59218.09515077185,85521.53823936958,187264.05937301126,270442.8498375942,0.03161793258194128,0.03670758417591143,85838.772032471,99656.5459102304,271446.03117456933,315141.6688214661
2025-12-08,2710418.384483424,-12130.15944333328,2722548.5439267573,0.008829199954515362,0.014593021467189795,0.022979295314085543,39730.20934698949,62562.24699782655,125637.9534517978,197839.19605116316,0.03398777449485542,0.03734883504639287,92533.3659622796,101684.01647291756,292616.1960027019,321553.0936885007,0.038037972517988315,0.0390293653221616,103560.2266927751,106259.34172823654,327486.1913525358,336021.5425314001,0.014593021467189795,0.0209759827594178,39730.20934698949,57108.131319085696,125637.9534517978,180591.76788430687,0.028874723398540542,0.03433406763433981,78612.83614498442,93476.16584495467,248595.61554376155,295597.5910096946,0.03398777449485542,0.03734883504639287,92533.3659622796,101684.01647291756,292616.1960027019,321553.0936885007,0.014593021467189795,0.019786477448633454,39730.20934698949,53869.64536721663,125637.9534517978,170350.7761059422,0.021213067906163976,0.03063547034892594,57753.60714014616,83406.55519097966,182632.94165342522,263754.68619203597,0.030749109633979886,0.035698903693289624,83715.94366103616,97191.9982699472,264733.0584392093,307348.08487617783
2025-12-09,2711776.6656780983,1358.2811946743168,2710418.384483424,0.008629824577556289,0.014263491139302628,0.022460391484848265,38660.02861088226,60877.05800322769,122253.74481766336,192510.1605403816,0.03322028419145072,0.03650544741164476,90040.86901027209,98945.0357983148,284734.2285733308,312891.67628957145,0.037179023219229446,0.03814802902174179,100770.70805053558,103397.11919233615,318664.95886755857,326970.4001476918,0.014263491139302628,0.020502316459946678,38660.02861088226,55569.855457536585,122253.74481766336,175727.31249215384,0.02822269276248854,0.03355875755954261,76495.30532307622,90958.27344980637,241899.39513092325,287635.3161378093,0.03322028419145072,0.03650544741164476,90040.86901027209,98945.0357983148,284734.2285733308,312891.67628957145,0.014263491139302628,0.019339671801424606,38660.02861088226,52418.602000456915,122253.74481766336,165762.17408330244,0.02073404790072318,0.02994367964528332,56197.94461488005,81159.899809658,177713.50480301506,256650.13806958543,0.030054752800290182,0.03489277375880612,81460.95453101117,94574.01548148888,257602.15668940876,299069.29638953076
2025-12-10,2743672.085225129,31895.419547031168,2711776.6656780983,0.008367825311200679,0.013830455197426594,0.021778499745542898,37505.105680087814,59058.427423439636,118601.55783439589,186759.14568581874,0.032211724862339815,0.035397151367631476,87351.00384293616,95989.16911021862,276228.12804579927,303544.40509536903,0.03605027758602277,0.03698986462027731,97760.30154899471,100308.25174385987,309145.21763971023,317202.54362015397,0.013830455197426594,0.019879871377451425,37505.105680087814,53909.771318054685,118601.55783439589,170477.66550387038,0.02736585903059759,0.032539922265570065,74210.0979554108,88241.0019027521,234672.93492330273,279042.54902794847,0.032211724862339815,0.035397151367631476,87351.00384293616,95989.16911021862,276228.12804579927,303544.40509536903,0.013830455197426594,0.018752524313315838,37505.105680087814,50852.6578554111,118601.55783439589,160810.22389635257,0.020104567510971172,0.02903459719192096,54519.09704980163,78735.3431624141,172404.52265313952,248983.01674819327,0.029142298194358315,0.03383343807431319,79027.40422769386,91748.72788958743,249906.59493033245,290134.9525541099
2025-12-11,2773372.8888064246,29700.80358129507,2743672.085225129,0.008603668026377694,0.014220259236658756,0.02239231520194298,39015.72831228543,61437.17014313325,123378.56603713916,194281.39064759403,0.033119595231227705,0.036394801291907454,90869.30890987476,99855.40035192194,287353.98556063644,315770.5017800525,0.03706633552611769,0.03803240432224733,101697.8700845976,104348.44607294555,321596.90265522915,329978.7598897606,0.014220259236658756,0.020440175000992915,39015.72831228543,56081.13756734079,123378.56603713916,177344.12848603143,0.02813715124295874,0.03345704270407739,77199.11642306343,91795.15412136221,244125.04124939136,290281.7651896971,0.033119595231227705,0.036394801291907454,90869.30890987476,99855.40035192194,287353.98556063644,315770.5017800525,0.014220259236658756,0.01928105425819357,39015.72831228543,52900.890341916805,123378.56603713916,167287.3037312607,0.020671204075778556,0.029852921903677044,56715.005590705536,81906.62848952452,179348.59517581286,259011.50149213432,0.029963658401705843,0.03478701556935705,82210.45312798173,95444.1635459369,259972.2793589363,301820.9461747735
2025-12-12,2744120.547657032,-29252.341149392538,2773372.8888064246,0.008748568545227056,0.014459752780022704,0.02276944017713406,40102.28633895829,63148.148080563355,126814.5642113634,199691.97795617025,0.03367738599190937,0.03700775213734322,93399.9492758307,102636.29645337569,295356.57305581926,324564.46739692905,0.03769059615927002,0.03867293521006014,104530.07755107102,107254.47004214818,330553.1290554201,339168.41456748394,0.014459752780022704,0.02078442258864218,40102.28633895829,57642.95411683607,126814.5642113634,182283.02606978163,0.028611029105464345,0.034020516658688715,79349.05244194635,94351.57856439461,250923.73589269613,298365.8890958068,0.03367738599190937,0.03700775213734322,93399.9492758307,102636.29645337569,295356.57305581926,324564.46739692905,0.014459752780022704,0.01960578026545111,40102.28633895829,54374.139452098134,126814.5642113634,171946.12648025007,0.021019342589100813,0.030355696285458193,58294.47487714644,84187.66509893164,184343.315615247,266224.7726040887,0.030468297775949598,0.035372888546994816,84499.9510198997,98102.2100950067,267212.3073955511,310226.42739658454
2025-12-15,2755257.588768892,11137.04111185996,2744120.547657032,0.008870815630972799,0.014661804421822555,0.023087606250969676,40233.758779652,63355.174709500825,127230.31657349692,200346.65363991915,0.034147972953852024,0.03752487557592669,93706.15424350194,102972.78211617393,296324.87818451854,325628.5284913628,0.038217261237867846,0.03921332688696402,104872.77183800978,107606.09605250994,331636.8235432739,340280.353644785,0.014661804421822555,0.021074851254455823,40233.758779652,57831.9323661678,127230.31657349692,182880.6277659011,0.0290108219298845,0.03449589831633809,79609.19256221528,94660.90337975098,251746.3711835361,299344.06004914397,0.034147972953852024,0.03752487557592669,93706.15424350194,102972.78211617393,296324.87818451854,325628.5284913628,0.014489152291340264,0.019853395229421825,39759.98052079879,54480.10978981252,125732.09816965194,172281.23411184477,0.021313053881699743,0.030779868009951878,58485.58909009373,84463.6682602803,184947.67182139092,267097.57123535743,0.030894042924025894,0.03586716741295149,84776.9779880178,98423.8310841349,268088.34358809516,311243.4822655459
2025-12-16,2741559.4525767965,-13698.136192095466,2755257.588768892,0.008657608325827244,0.014309412495376312,0.022532702788221115,39426.11736870999,62083.4003527202,124676.33018224813,196324.95000269677,0.033327237004357864,0.0366229768182148,91825.12266895644,100905.73480169354,290376.53405826195,319091.9509462705,0.03729872120530086,0.038270846725143276,102767.58465228039,105446.0408680621,324979.6371353691,333449.6593902747,0.014309412495376312,0.020568323734413883,39426.11736870999,56671.03005749917,124676.33018224813,179209.53232956037,0.028313555813549947,0.03366680008855823,78011.13952031508,92760.70643356525,246692.88374937096,293335.1096963007,0.033327237004357864,0.0366229768182148,91825.12266895644,100905.73480169354,290376.53405826195,319091.9509462705,0.014140910005355405,0.019376225026484083,38961.84960435343,53386.491045913994,123208.18660268707,168822.90798927305,0.020800801235317,0.03004008341920641,57311.565456080505,82768.16780801903,181235.0831110412,261735.9280323662,0.030151514174596758,0.035005111157310295,83075.18824243054,96448.0981618778,262706.81189332093,304995.66618303314
2025-12-17,2709346.1761715338,-32213.27640526276,2741559.4525767965,0.008482179399379912,0.014019461185767253,0.022076123128882373,38435.18633387372,60523.004040236716,121542.73110801785,191390.54360272115,0.032651927936414825,0.03588088624715504,89517.20167893443,98369.58285772068,283078.2470700817,311071.9343110525,0.03654293804063811,0.03749536540252514,100184.6372102396,102795.77344711378,316811.6401420144,325068.7779315378,0.014019461185767253,0.020151548244491887,38435.18633387372,55246.66757374408,121542.73110801785,174705.30266719972,0.027739838856932708,0.03298461046133362,76050.41743118099,90429.27059983269,240492.53608910358,285962.46224317217,0.032651927936414825,0.03588088624715504,89517.20167893443,98369.58285772068,283078.2470700817,311071.9343110525,0.013854373057983073,0.01898360500637324,37982.587416638795,52044.68174920675,120111.48766302946,164579.73442608948,0.020379315058924593,0.029431381871817326,55871.10383683537,80687.88317307817,176679.94351217232,255157.49040450118,0.029540554708270286,0.034295803362433847,80987.1869948204,94023.9838919956,256103.97219359965,297329.9437816892
2025-12-18,2733933.6211001067,24587.44492857298,2709346.1761715338,0.008718523062035254,0.014410093197787755,0.022691242374991663,39041.93090370169,61478.43076126513,123461.42590661331,194411.86817855723,0.03356172668952947,0.03688065525411476,90930.33587199077,99922.46228743641,287546.96975960385,315982.57024057757,0.03756115416341229,0.0385401195364074,101766.16940523057,104418.52549515922,321812.88407107146,330200.37048106437,0.014410093197787755,0.020713041994627285,39041.93090370169,56118.801125023834,123461.42590661331,177463.23111309498,0.028512769351352073,0.033903678931903956,77250.96261414664,91856.80287230137,244288.9933012186,290476.71565756924,0.03356172668952947,0.03688065525411476,90930.33587199077,99922.46228743641,287546.96975960385,315982.57024057757,0.014240405128061262,0.019512555707172682,38582.18718084628,52866.26819256235,122007.58860242502,167177.8188818101,0.020947155201964423,0.030251444766160478,56753.094848113964,81961.63620086125,179469.04398360793,259185.45114883146,0.03036365954582342,0.03525140632704192,82265.66488505097,95508.26293684004,260146.87426489498,302023.6462466569
2025-12-19,2752308.8906142525,18375.269514145795,2733933.6211001067,0.008737780122636847,0.014271858660109188,0.02094349565430215,39018.31422646123,57258.12691266063,123386.74341576842,181066.09559899257,0.030430725358209256,0.034557651463592576,83195.58317127188,94478.32520257506,263087.53408719343,298766.6971582263,0.03363585624107802,0.036621114516284234,91958.19825197305,100119.69621822664,290797.3560015493,316606.2786937427,0.014271858660109188,0.020707428993333252,39018.31422646123,56612.73633141692,123386.74341576842,179025.1913818425,0.02857574700518305,0.03397856377136164,78124.19548552063,92895.13789121962,247050.39810248924,293760.21929166495,0.03363585624107802,0.036962115497805294,91958.19825197305,101051.97026643521,290797.3560015493,319554.3880895474,0.014271858660109188,0.019555654115592472,39018.31422646123,53463.86026922293,123386.74341576842,169067.57095572748,0.020993422285768074,0.030318262723858427,57394.62300901359,82888.11779410265,181497.7341551897,262115.24319369596,0.030430725358209256,0.03532926796290629,83195.58317127188,96587.87349264437,263087.53408719343,305437.6745889589
2025-12-22,2782231.715251941,29922.824637688696,2752308.8906142525,0.00862903389158458,0.014094237935209421,0.02068284292723655,38791.69637550956,56925.57247181127,122670.11484830857,180014.46611990486,0.03005199910915674,0.03412756346664839,82712.38432886369,93929.59634425853,261559.5251824268,297031.46414808225,0.03321724046646531,0.036165345645394226,91424.106257524,99538.20235195597,289108.4088190283,314767.43363091,0.014094237935209421,0.020449714238990377,38791.69637550956,56283.930310494085,122670.11484830857,177985.41544734937,0.028220106929248177,0.033555682822786155,77670.45119545463,92355.6041637863,245615.5326705846,292054.0638384952,0.03321724046646531,0.03650210269184195,91424.106257524,100465.06176487105,289108.4088190283,317698.42044648813,0.014094237935209421,0.019312273800342488,38791.69637550956,53153.34287865933,122670.11484830857,168085.62874845442,0.02073214819573329,0.02994093613094834,57061.27580064897,82406.70470652262,180443.5977250988,260592.88134152893,0.03005199910915674,0.03488957679617065,82712.38432886369,96026.8924058692,261559.5251824268,303663.6966304728
2025-12-23,2782846.933143451,615.2178915096447,2782231.715251941,0.008775429467442789,0.014333353241132586,0.02103373698313667,39878.70997338828,58520.73012475052,126107.5536651797,185058.79753024125,0.030561845260017952,0.03470655346357146,85030.13515904415,96561.67377343561,268888.8968545432,305354.82380220236,0.03378078641003279,0.03677890756534821,93985.97531614499,102327.44308063133,297209.75011138205,323587.7872760319,0.014333353241132586,0.020796653158198057,39878.70997338828,57861.10798783307,126107.5536651797,182972.8891825147,0.028698874176728402,0.034124970598437145,79846.9179265187,94943.57548101182,252498.1247923282,300237.947720114,0.03378078641003279,0.037121377851813124,93985.97531614499,103280.27477316544,297209.75011138205,326600.9056512329,0.014333353241132586,0.01963991551315228,39878.70997338828,54642.79582556086,126107.5536651797,172795.69252831308,0.021083878738459755,0.030448898046696378,58660.23610666881,84715.88983999153,185499.95418032134,267895.1659022906,0.030561845260017952,0.03548149470386433,85030.13515904415,98717.7398696351,268888.8968545432,312172.9034520604
2025-12-24,2793563.5731520746,10716.640008623712,2782846.933143451,0.00850826690317097,0.013896983098711436,0.020393377770008457,38673.17679619549,56751.64878370386,122295.32303035114,179464.4711264287,0.029631408638216446,0.03364993374430127,82459.674653581,93642.61492080912,260760.38702177195,296123.94920382486,0.0327523511005239,0.03565919629734369,91144.77981333046,99234.08505442318,288225.1010446608,313805.7302948513,0.013896983098711436,0.020163511816611406,38673.17679619549,56111.96702025878,122295.32303035114,177441.61977626922,0.027825154566170893,0.03308605681255316,77433.14604871116,92073.43173062355,244865.10790639473,291161.75625678926,0.0327523511005239,0.03599124028612615,91144.77981333046,100158.11265027517,288225.1010446608,316727.76211859315,0.013896983098711436,0.019041990339228612,38673.17679619549,52990.94441646956,122295.32303035114,167572.07971942602,0.02044199299036492,0.0295219000334838,56886.93750057694,82154.92896874793,179892.29161346928,259796.69655059165,0.029631408638216446,0.034401282374148724,82459.674653581,95733.50315110163,260760.38702177195,302735.91834438784
2025-12-26,2796260.508027696,2696.9348756209947,2793563.5731520746,0.008302623061924587,0.013561094601244343,0.01990047215381885,37883.779890105456,55593.23409743555,119799.03082921659,175801.24224283145,0.02891522086892666,0.03283661868124355,80776.5077290802,91731.1818134069,255437.74585808875,290079.4669893806,0.03196073050765654,0.034797317587401996,89284.33251751952,97208.51885557025,282341.8501231972,307400.3275550265,0.013561094601244343,0.019676162034314437,37883.779890105456,54966.60951849863,119799.03082921659,173819.68133554683,0.027152623751919028,0.03228637059066304,75852.5806288648,90194.0287913647,239866.92118877993,285218.5623275162,0.03196073050765654,0.03512133611082318,89284.33251751952,98113.68519962618,282341.8501231972,310262.7148635709,0.013561094601244343,0.018581747603204885,37883.779890105456,51909.293229819035,119799.03082921659,164151.59833578643,0.019947912349840634,0.02880835907468822,55725.761300945196,80477.98251333402,176220.33005785462,254493.72623733766,0.02891522086892666,0.033569807300349044,80776.5077290802,93779.39083198967,255437.74585808875,296556.4726122003
2025-12-29,2784044.505146095,-12216.002881600522,2796260.508027696,0.008053161106213834,0.013153635758951586,0.019302539348001666,36780.99220973723,53974.92848346773,116311.70998367925,170683.71055245594,0.028046429464816024,0.03185000432406323,78425.1231036494,89060.90927188937,248002.01478662554,281635.32378477865,0.03100043322824035,0.03375179175368684,86685.28716787804,94378.80235600936,274122.9470762614,298451.9782838552,0.013153635758951586,0.01908496888663661,36780.99220973723,53366.54479463925,116311.70998367925,168759.83240446282,0.02633679162593765,0.03131628907663103,73644.53033176399,87568.50240296248,232884.4530617299,276915.9188832893,0.03100043322824035,0.03406607476413382,86685.28716787804,95257.61952646631,274122.9470762614,301231.0421893636,0.013153635758951586,0.018023437408577724,36780.99220973723,50398.226244514924,116311.70998367925,159373.18496514126,0.019348554148218938,0.02794277845733529,54103.59785210007,78135.28788481373,171090.59882242998,247085.4753489715,0.028046429464816024,0.032561163439304375,78425.1231036494,91049.49542076209,248002.01478662554,287923.78533867915
2025-12-30,2776455.5149336816,-7588.990212413482,2784044.505146095,0.007881138937997328,0.01287266324227871,0.01889022117543144,35838.06736626216,52591.21646445431,113329.91981594027,166308.02894662332,0.027447334582242987,0.03116966194306915,76414.60102459998,86777.72605986302,241644.18573077227,274415.26451931626,0.030338238387079386,0.03303082562348223,84463.00587736069,91959.28857749455,267095.4765966482,290800.8039135882,0.01287266324227871,0.01867729819870134,35838.06736626216,51998.42942106952,113329.91981594027,164433.47172209035,0.02577421601871872,0.030647347293844607,71756.56448136232,85323.57883073212,226914.18082984388,269816.8472220398,0.030338238387079386,0.03333839528942044,84463.00587736069,92815.57621589943,267095.4765966482,293508.6231831944,0.01287266324227871,0.017638441909189822,35838.06736626216,49106.20727661852,113329.91981594027,155287.46224644867,0.01893525306153598,0.0273458976458344,52716.58723952002,76132.1960791728,166704.48614785162,240751.14288072687,0.027447334582242987,0.031865630112626074,76414.60102459998,88715.33241807457,241644.18573077227,280542.5138200888
2025-12-31,2749179.12771068,-27276.38722300157,2776455.5149336816,0.007670244830388812,0.012528199218946169,0.018384731249589274,34783.987813630934,51044.38846849574,109996.62759461426,161416.52933088053,0.026712861915475686,0.03033558223813591,74167.07278488438,84225.39460379668,234536.87738772208,266344.0837744526,0.029526407031054167,0.03214694239946602,81978.75563754697,89254.55551325282,259239.5875610174,282247.6869678179,0.012528199218946169,0.018177505952029663,34783.987813630934,50469.03664825258,109996.62759461426,159597.10712298835,0.02508451490707228,0.02982724438626333,69646.03975317698,82814.01717151552,220240.11563067045,261880.9164502841,0.029526407031054167,0.03244628170292289,81978.75563754697,90085.65777317206,259239.5875610174,284875.8630776759,0.012528199218946169,0.017166448775290256,34783.987813630934,47661.881373981174,109996.62759461426,150720.10271053607,0.018428558111964543,0.026614139364938325,51166.07180223979,73892.9740149966,161801.32581879414,233670.1009710263,0.026712861915475686,0.03101292675606109,74167.07278488438,86106.01152610013,234536.87738772208,272291.11665518745
2026-01-02,2794008.289106149,44829.161395469215,2749179.12771068,0.007819908548769435,0.012772652547514253,0.01874345868281809,35114.30978912683,51529.12539191101,111041.19739838762,162949.40207485537,0.027234089898579783,0.03092749763815195,74871.39151137181,85025.2309791287,236764.12876213153,268873.3884759551,0.030102533603856577,0.032774201507938035,82757.25707493185,90102.15071300714,261701.42526486857,284928.0183328669,0.012772652547514253,0.018532189953886846,35114.30978912683,50948.30981199526,111041.19739838762,161112.70194181008,0.025573970179724417,0.030409240972110174,70307.42503079372,83600.45057004972,222331.59951884212,264367.83721767913,0.030102533603856577,0.033079381594082226,82757.25707493185,90941.1454360277,261701.42526486857,287581.152602474,0.012772652547514253,0.01750140477890067,35114.30978912683,48114.49672376968,111041.19739838762,152151.39811982153,0.018788140705795542,0.027133441049165638,51651.964276864506,74594.68979533434,163337.8527365438,235889.12110697597,0.027234089898579783,0.03161805867020662,74871.39151137181,86923.70695486374,236764.12876213153,274876.89664238837
2026-01-05,2819364.8657956324,25356.57668948313,2794008.289106149,0.008554500352267722,0.01397249853187835,0.020504194250470432,39039.27671759161,57288.88869725703,123453.03263317149,181163.37290320868,0.02979242406456954,0.033832785612558536,83240.27978897281,94529.08344503981,263228.8772028342,298927.208814442,0.03293032555462109,0.035852966386553026,92007.60256257537,100173.4852730733,290953.58614928304,316776.3746202458,0.01397249853187835,0.02027307921826844,39039.27671759161,56643.151381547636,123453.03263317149,179121.37221540377,0.027976354908365707,0.033265844604927805,78166.1675129493,92945.04557028537,247183.12530717888,293918.04123024544,0.03293032555462109,0.03618681468390126,92007.60256257537,101106.26018316824,290953.58614928304,319726.06788040465,0.01397249853187835,0.019145463455559907,39039.27671759161,53492.58359361324,123453.03263317149,169158.40208277272,0.020553073643230182,0.02968232039616997,57425.45812579425,82932.64922680342,181595.2433561339,262256.0639485009,0.02979242406456954,0.034588217029068336,83240.27978897281,96639.7650846194,263228.8772028342,305601.7702110121
2026-01-06,2864462.0022826293,45097.1364869969,2819364.8657956324,0.008584051398078307,0.01402076575114317,0.020575024849412912,39529.65435032376,58008.502173306835,125003.74286620664,183438.9905224771,0.029895340336950904,0.033949659089250996,84285.87219700235,95716.4760419736,266535.33071638766,302682.073897575,0.03304408153322294,0.035976818465401045,93163.32249725502,101431.77796445925,294608.2934801318,320755.4454881688,0.01402076575114317,0.020343111443182883,39529.65435032376,57354.6536638749,125003.74286620664,181371.33998796612,0.028072997670825953,0.03338075961543306,79148.02331068931,94112.5408533217,250288.02596187897,297609.9854821432,0.03304408153322294,0.03631182002312948,93163.32249725502,102376.2695863056,294608.2934801318,323742.1902441497,0.01402076575114317,0.01921160039452095,39529.65435032376,54164.511168017874,125003.74286620664,171283.22364056364,0.02062407309331711,0.02978485632155095,58146.787068899306,83974.37744575168,183876.2857585479,265550.29782324797,0.029895340336950904,0.03470770010158483,84285.87219700235,97853.67023897977,266535.33071638766,309440.47536220914
2026-01-07,2842748.444375027,-21713.557907602284,2864462.0022826293,0.009185539177788898,0.015003206194519983,0.022016724746146302,42976.11405661386,63066.07145005175,135902.40540207826,199432.42886108148,0.03199011832103783,0.036328524746101154,91634.47837913825,104061.67873419095,289773.66387953126,329071.92194075097,0.03535949302277244,0.03849772795863281,101285.92418370942,110275.2789117173,320294.2153356525,348721.0509713608,0.015003206194519983,0.021768561078433724,42976.11405661386,62355.216053541975,135902.40540207826,197184.5067210885,0.030040083404099385,0.03571976226756473,86048.67745644371,102317.90174600798,272109.8104075464,323557.61492670426,0.03535949302277244,0.03885620320422881,101285.92418370942,111302.11763148598,320294.2153356525,351968.2001154812,0.015003206194519983,0.02055776461583193,42976.11405661386,58886.93559392091,135902.40540207826,186216.84090443028,0.022069209819346656,0.03187189264822757,63216.412947921184,91295.82543167895,199907.85042119026,288702.74922923057,0.03199011832103783,0.037139681983431067,91634.47837913825,106385.20781839904,289773.66387953126,336419.5660564937
2026-01-08,2852957.327202002,10208.88282697508,2842748.444375027,0.009098663682372825,0.01486130804943013,0.021808493761253676,42246.96033889557,61996.06171396637,133596.61888970903,196048.760976496,0.031687560428271005,0.035984934835485545,90079.76311350707,102296.11752451325,284857.22252710303,323488.7271697273,0.035025068073451834,0.03813362203909282,99567.45777993463,108404.29473001635,314859.9474172456,342804.4794910395,0.01486130804943013,0.0215626771894665,42246.96033889557,61297.267036916775,133596.61888970903,193838.97818021753,0.0297559686583497,0.03538192994405316,84588.73361439566,100581.92630744331,267493.06261073746,318067.9785787302,0.035025068073451834,0.038488706877881695,99567.45777993463,109413.71160310459,314859.9474172456,345996.5359186035,0.01486130804943013,0.020363332263949315,42246.96033889557,57887.831115633715,133596.61888970903,183057.3951325685,0.021860482438254752,0.03157045291670283,62143.85244463629,89746.85591717201,196516.1163024735,283804.47753722337,0.031687560428271005,0.03678842026547902,90079.76311350707,104580.2244807052,284857.22252710303,330711.7075707283
2026-01-09,2877511.4029060733,24554.075704071205,2852957.327202002,0.008865076081754358,0.014479777595013663,0.021248610034518816,41310.187585949614,60621.37769083844,130634.28334041359,191701.62840036818,0.030874054020266023,0.03506110306413241,88082.35863754837,100027.83088660112,278540.87497445854,316315.7750077994,0.03412587870912504,0.03715462758606561,97359.67571040509,106000.56701112751,307878.32750025205,335203.22502446984,0.014479777595013663,0.02100910424695232,41310.187585949614,59938.07789929332,130634.28334041359,189540.84473436733,0.028992051498025605,0.03447357895874378,82713.08575190992,98351.64968522482,261561.74327685623,311015.2246402929,0.03412587870912504,0.03750059642514242,97359.67571040509,106987.60134555526,307878.32750025205,338324.5016500499,0.014479777595013663,0.019840549788392194,41310.187585949614,56604.24189450964,130634.28334041359,178998.32961377493,0.02129926401988341,0.030759952979053998,60765.89134953634,87756.83323598116,192158.62071485774,277511.4732692652,0.030874054020266023,0.03584396082392332,88082.35863754837,102261.29066855354,278540.87497445854,323378.59498115204
2026-01-12,2882196.238859229,4684.8359531555325,2877511.4029060733,0.008847632151500405,0.014451285540559668,0.02120679885681235,41583.738929612104,61022.80552961301,131499.3286433865,192971.05468709467,0.030813302726084273,0.03499211285684743,88665.6299555043,100690.2037573547,280385.3408330475,318410.381939685,0.03405872875546791,0.03708151792222901,98004.38036234387,106702.4906582799,309917.06261848466,337422.90249300376,0.014451285540559668,0.020967764348027353,41583.738929612104,60334.98100489614,131499.3286433865,190795.9625584666,0.02893500344569231,0.03440574483059702,83260.80235810614,99002.9230755196,263293.77526473376,313074.7319330842,0.03405872875546791,0.03742680599373617,98004.38036234387,107696.0610213292,309917.06261848466,340564.8478558799,0.014451285540559668,0.019801509269899507,41583.738929612104,56979.06871888615,131499.3286433865,180183.6361069326,0.021257353169644,0.030699426203036152,61168.27614125217,88337.94896191002,193431.07315249223,279349.12254734256,0.030813302726084273,0.0357734301768232,88665.6299555043,102938.45325487298,280385.3408330475,325519.97110017185
2026-01-13,2884144.777721795,1948.538862565998,2882196.238859229,0.008587347687062267,0.014026149746828764,0.020582925690706924,40426.116045986186,59324.03101047449,127838.60365959659,187599.05797555967,0.029906820193775444,0.033962695810733134,86197.32467873882,97887.15412721512,272579.8741978563,309546.36071395135,0.03305677051152606,0.03599063361921198,95276.09963715306,103732.06885145328,301289.4814305458,328029.6039719989,0.014026149746828764,0.020350923229371,40426.116045986186,58655.35438900601,127838.60365959659,185484.51683361302,0.02808377774525442,0.033393577878639315,80942.9585903308,96246.84456386698,255964.10969813733,304359.246426015,0.03305677051152606,0.036325763818055565,95276.09963715306,104697.9798500884,301289.4814305458,331084.08274469373,0.014026149746828764,0.019218977678720207,40426.116045986186,55392.86518032685,127838.60365959659,175167.6200924665,0.02063199276921247,0.029796293752343078,59465.45195959498,85878.76578494796,188046.27028364319,271572.50252457353,0.029906820193775444,0.03472102791198553,86197.32467873882,100072.816057251,272579.8741978563,316458.03060798434
2026-01-14,2873767.5278117694,-10377.249910025392,2884144.777721795,0.008327388114853602,0.013601544616025257,0.019959831255457687,39228.823873259236,57567.04307963654,124052.43336908768,182042.97429268534,0.029001469150937327,0.03293456370338724,83644.43579793563,94988.04991167008,264506.93072120013,300378.5882186333,0.03205606293173128,0.034901110979612196,92454.32649887397,100659.85696853731,292366.2512733026,318314.4169673499,0.013601544616025257,0.019734852064029786,39228.823873259236,56918.17051958369,124052.43336908768,179991.05909173394,0.027233614561614057,0.03238267433354044,78545.68721636741,93396.32106774626,248383.27198689175,295345.0996544474,0.03205606293173128,0.035226095985050276,92454.32649887397,101597.16077480944,292366.2512733026,321278.43185471505,0.013601544616025257,0.018637173215023554,39228.823873259236,53752.3057996067,124052.43336908768,169979.7158126355,0.02000741295603251,0.028894288609482406,57704.275592864535,83335.31159902502,182476.941603515,263529.39417276764,0.029001469150937327,0.03366993927652204,83644.43579793563,97108.97953059098,264506.93072120013,307085.5565713363
2026-01-15,2898655.427774354,24887.899962584488,2873767.5278117694,0.008121836247479247,0.013265806344139902,0.019467146090499637,38122.84350202861,55944.052294045694,120555.01634856036,176910.62678875227,0.028285601695457293,0.032121612394162724,81286.2436570227,92310.0466393009,257049.67239560653,291909.9982965624,0.03126479638988078,0.03403961774351544,89847.75662888601,97821.94813044,284123.55360377167,309340.1612470404,0.013265806344139902,0.01924772024812675,38122.84350202861,55313.47343347175,120555.01634856036,174916.56134498486,0.02656138453567013,0.031583345770006585,76331.24437233052,90763.19349349613,241380.58885147414,287018.41915002285,0.03126479638988078,0.03435658087296851,89847.75662888601,98732.82647937583,284123.55360377167,312220.61150101124,0.013265806344139902,0.018177136321811605,38122.84350202861,52236.86411023005,120555.01634856036,165187.4684130319,0.019513553292267498,0.028181066780714907,56077.41580354278,80985.83461351346,177332.35923551657,256099.69558840472,0.028285601695457293,0.0328388360785907,81286.2436570227,94371.18077378754,257049.67239560653,298427.87672466
2026-01-16,2908974.787043899,10319.359269544948,2898655.427774354,0.008152780439430624,0.013316349059530186,0.019541315907153706,38599.507479545086,56643.54142012441,122062.3601960677,179122.60562568172,0.028393369823458654,0.032243995720965354,82302.59555157297,93464.23320970926,260263.65928661267,295559.8567038312,0.03138391524814506,0.034169308669718707,90971.15627884599,99045.05203877742,287676.05522028106,313207.9554124404,0.013316349059530186,0.019321054052433544,38599.507479545086,56005.07819940817,122062.3601960677,177103.60764597158,0.026662583397174044,0.03170367830124632,77285.64208270492,91898.03918831964,244398.65940990695,290607.1163385015,0.03138391524814506,0.03448747942853297,90971.15627884599,99967.31943577346,287676.05522028106,316124.42099866265,0.013316349059530186,0.018246391201906364,38599.507479545086,52890.0008947001,122062.3601960677,167252.8682755957,0.01958789992033658,0.028288436630744526,56778.57242278446,81998.43038295848,179549.61114882372,259301.80456890172,0.028393369823458654,0.03296395202726439,82302.59555157297,95551.13846472334,260263.65928661267,302159.23057065014
2026-01-20,2864408.418607832,-44566.3684360669,2908974.787043899,0.007952200845037385,0.012988732252846516,0.0190605487323614,37783.89463919441,55446.65568966086,119483.16593168028,175337.7206184625,0.02769481910877213,0.0314507095983502,80563.5305191597,91489.32125624029,254764.25278503218,289314.63675257674,0.030611789341196884,0.033328654843139245,89048.9233798409,96952.21662478059,281597.4210661166,306589.828736349,0.012988732252846516,0.01884570589190371,37783.89463919441,54821.683283592545,119483.16593168028,173361.384340531,0.02600661452826942,0.030923685391872468,75652.5859591053,89956.22112743474,239234.4825124467,284466.54846445366,0.030611789341196884,0.03363899777410693,89048.9233798409,97854.99638630288,281597.4210661166,309444.6690082631,0.012988732252846516,0.017797482541405958,37783.89463919441,51772.42798580391,119483.16593168028,163718.79243218392,0.019105986657710947,0.027592467545403895,55578.83346887827,80265.79240190699,175755.7034568524,253822.72218826335,0.02769481910877213,0.03215295310777323,80563.5305191597,93532.1299195171,254764.25278503218,295774.5649524554
2026-01-21,2918525.490322819,54117.07171498705,2864408.418607832,0.008587477455502828,0.014193499241465518,0.020776915976952585,40655.97871675771,59513.57303709055,128565.49324828401,188198.44249199066,0.029907272133252,0.033963209040921684,85666.64207608244,97284.5018997537,270901.708458836,307640.6070381994,0.0330572700517468,0.03599117749475653,94689.52263241609,103093.43181158933,299434.56207249756,326010.05632788106,0.014193499241465518,0.02045194397180359,40655.97871675771,58582.7204897299,128565.49324828401,185254.82827656125,0.02808420213566877,0.033394082508553455,80444.62502729367,95654.29106918506,254388.2406044329,302485.42774732766,0.0330572700517468,0.036326312757948835,94689.52263241609,104053.39608084974,299434.56207249756,329045.72989112313,0.014193499241465518,0.019285526797232798,40655.97871675771,55241.625315280566,128565.49324828401,174689.35764590374,0.02063230455133949,0.02979674402158984,59099.34685213752,85350.04442254452,186888.5442810569,269900.5387717913,0.029907272133252,0.034721552601774626,85666.64207608244,99456.70757965792,270901.708458836,314509.72453305137
2026-01-22,2911455.872101223,-7069.618221595883,2918525.490322819,0.009504678932553088,0.01570946228605457,0.02299603307174026,45848.46612111524,67114.5086961805,144985.58016778954,212234.71152310804,0.03310157387288394,0.03759071265407394,96607.78711781562,109709.45308031535,305500.6470009709,346931.75258517225,0.036588013168782,0.03983528204466895,106783.04907335724,116260.28606156523,337677.6505693414,367647.30537727295,0.01570946228605457,0.022636351828090536,45848.46612111524,66064.76981819778,144985.58016778954,208915.14572025303,0.03108378749866815,0.036960799505517034,90718.82615064077,107871.03549956251,286878.1172928703,341118.16573949676,0.036588013168782,0.040206212052011026,106783.04907335724,117342.85474311872,337677.6505693414,371070.6881345475,0.01570946228605457,0.021345353301089227,45848.46612111524,62296.95770917524,144985.58016778954,197000.27766017918,0.022835976154263228,0.032979240600998966,66647.37850262129,96250.75434550473,210757.5161476256,304371.6102411442,0.03310157387288394,0.03843005250722926,96607.78711781562,112159.08783679295,305500.6470009709,354678.17785115336
2026-01-23,2893484.8750121472,-17970.997089075856,2911455.872101223,0.009234256906498976,0.015262505092680506,0.02234176227536766,44436.110075059485,65047.054969708755,140519.31819514366,205696.84879045456,0.032159785650913916,0.03652120186377079,93631.79677886998,106329.8676224696,296089.73923524615,336244.5649911967,0.03554703064632042,0.03870190997019923,103493.61111099173,112678.90304426943,327275.5343864431,356321.97786917206,0.015262505092680506,0.02199231448950558,44436.110075059485,64029.65316156783,140519.31819514366,202479.5417811556,0.030199408252143997,0.03590921066618978,87924.24448968678,104548.0822565981,278040.8741369193,330610.06493348634,0.03554703064632042,0.03906228647596366,103493.61111099173,113728.12333814459,327275.5343864431,359639.90376508876,0.015262505092680506,0.020738046760018,44436.110075059485,60377.90801536415,140519.31819514366,190931.70968468738,0.02218625921144163,0.032040932939652995,64594.31466111159,93285.76235475422,204265.15822672,294995.4823062157,0.032159785650913916,0.03733666126970123,93631.79677886998,108704.04169832595,296089.73923524615,343752.3626326281
2026-01-26,2900083.720826418,6598.845814270899,2893484.8750121472,0.009080495342105303,0.015008365893026517,0.021969744867409872,43426.4797101204,63569.12448172622,137326.58664706914,201023.22222502565,0.03162428625964514,0.03591307960889197,91504.39397533769,103913.95266343608,289362.3008754564,328604.7710873784,0.03495512952237819,0.038057476283515385,101142.13857709187,110118.73200748528,319839.5253239921,348226.00619333936,0.015008365893026517,0.021626115810523185,43426.4797101204,62574.839003009896,137326.58664706914,197879.0154678512,0.02969655151947666,0.03531127880615138,85926.52266162472,102172.65114293603,271723.5230288079,323098.2921894838,0.03495512952237819,0.03841185208387838,101142.13857709187,111144.11302590593,319839.5253239921,351468.54568105174,0.015008365893026517,0.020392733158222355,43426.4797101204,59006.064953475085,137326.58664706914,186593.56101681862,0.021816831117883403,0.0315074125900116,63126.67086028998,91166.22177996587,199624.06102229722,288292.90649674204,0.03162428625964514,0.03671496062782007,91504.39397533769,106234.18326326387,289362.3008754564,335941.9844796529
2026-01-27,2919951.960143465,19868.239317046944,2900083.720826418,0.008821531981946034,0.014408654812198829,0.020973114682939754,41786.305259865054,60823.788467019105,132139.89962424772,192341.70747606165,0.030722404685579206,0.03488888748954116,89097.54569328953,101180.6946461628,281751.1783217209,319961.450319879,0.03395825683483394,0.03697212889152213,98481.78783434434,107222.2691225994,311426.7576019892,339066.5863189579,0.014580347738098768,0.021009368440859516,42284.22911924853,60928.92740018099,133714.47312124088,192674.18597561342,0.028849646314760863,0.034304249226084264,83666.38962903785,99485.19473573923,264576.3548308498,314599.80883032904,0.03395825683483394,0.03731639837669375,98481.78783434434,108220.67945212293,311426.7576019892,342223.83699969156,0.014580347738098768,0.01981116018202167,42284.22911924853,57454.023134565585,133714.47312124088,181685.573845234,0.0211946448073947,0.030608864093829874,61466.24437462354,88768.26847150429,194373.33144032233,280709.9123192671,0.030722404685579206,0.035667899953915116,89097.54569328953,103439.89601241458,281751.1783217209,327105.67233019887
2026-01-28,2911162.56626523,-8789.393878235016,2919951.960143465,0.008714768732962353,0.01423427299230825,0.020719285997690913,41563.39332510766,60499.31976173063,131434.99019277949,191315.64733790414,0.03035058449068146,0.03446664212564827,88622.24867506519,100640.93923435,280248.15717904543,318254.59383914835,0.03354727449787376,0.03652467094313168,97956.42992753736,106650.2845139924,309765.4300297007,337257.81216919987,0.014403887991762522,0.02075510099180057,42058.66097523389,60603.89782398365,133001.16401857778,191646.35220791056,0.028500491317771954,0.033889079490394575,83220.06548838003,98954.48408543534,263164.9539716537,312921.5543968596,0.03354727449787376,0.03686477388117315,97956.42992753736,107643.36875457715,309765.4300297007,340398.2202778663,0.014403887991762522,0.01957139413781331,42058.66097523389,57147.53067544829,133001.16401857778,180716.3595887573,0.02093813503728633,0.030238418032415004,61138.34844387278,88294.72800538769,193336.4334636491,279212.4458820809,0.03035058449068146,0.03523622653355023,88622.24867506519,102888.08873469917,280248.15717904543,325360.7045031611
2026-01-29,2917618.4331406136,6455.866875383537,2911162.56626523,0.008481488741167791,0.013853244970957822,0.020164664869393053,40329.048180754464,58702.61752906061,127531.64811785407,185633.97600555708,0.02953814937990605,0.03354402693772645,85990.35475153301,97652.11554290174,271925.3778207267,308803.1034494995,0.03264926926567597,0.03554696571663664,95047.33050214975,103482.99593858607,300566.0499055888,327241.9662638859,0.014018319656504364,0.020199521155155067,40809.60742595556,58804.08984337003,129051.30988334087,185954.85963822334,0.02773758015116767,0.03298192470204746,80748.60501486078,96015.74455597906,255349.5097282546,303628.4440338063,0.03264926926567597,0.0358779646597212,95047.33050214975,104446.5876711672,300566.0499055888,330289.1108733501,0.014018319656504364,0.019047500182187337,40809.60742595556,55450.369511313926,129051.30988334087,175349.46475370985,0.020377655680993506,0.029428985432809522,59322.6684067503,85672.56075515984,187594.74904424298,270920.4249654602,0.02953814937990605,0.034293010839767414,85990.35475153301,99832.52944125865,271925.3778207267,315698.17761019425
2026-01-30,2877111.4913032628,-40506.94183735084,2917618.4331406136,0.008240990886859877,0.013460427649330566,0.019592883336466152,39272.39182764244,57164.55758084721,124190.20733793292,180770.20339132214,0.028700576901431487,0.03259286532570745,83737.33220938622,95093.54466315362,264800.69496784016,300712.1919145147,0.03172347906035462,0.034539009537845444,92557.00726984092,100771.65089003733,292690.95638146024,318667.940387852,0.013460427649330566,0.019510502854945645,39272.39182764244,56924.20276943198,124190.20733793292,180010.13474066975,0.02695106392581793,0.032046701846266665,78632.92090271742,93500.04802802895,248659.1291244505,295673.1131037065,0.03172347906035462,0.03486062280136131,92557.00726984092,101709.99567601374,292690.95638146024,321635.24714208074,0.013620821540162167,0.018507396544307015,39740.36000009586,53997.52130711304,125670.0526353522,170755.15533394966,0.019799834661988102,0.02859450836551166,57768.362582952934,83427.8646938103,182679.60246057896,263822.0727567866,0.028700576901431487,0.033320611326378854,83737.33220938622,97216.82980935686,264800.69496784016,307426.6090985206
2026-02-02,2899019.7638131287,21908.27250986593,2877111.4913032628,0.0086929242183024,0.014367783081576406,0.020701684769112674,41337.71380855608,59561.055138551805,130721.32889923084,188348.59408069943,0.030274507453165005,0.03438024774247373,87103.13328704731,98915.80585372423,275444.2925242985,312799.24308878474,0.03346318460954448,0.036433117887128094,96277.3129757229,104822.14213706269,304455.5960041678,331476.7183710279,0.014367783081576406,0.020598306289892926,41337.71380855608,59263.623728035214,130721.32889923084,187408.03337579046,0.028429051739799892,0.033804132830715566,81793.55144743329,97258.25902079364,258653.9204880513,307557.61976832553,0.03346318460954448,0.03677236832020431,96277.3129757229,105798.20345649587,304455.5960041678,334563.29527642595,0.014454378324750591,0.01952962976009517,41586.85797778473,56188.922203668,131509.19193974382,177684.97343359835,0.020885651326956294,0.030162622152312708,60090.34743613919,86781.22680225724,190022.36328905923,274426.3348387835,0.030274507453165005,0.03514790310344448,87103.13328704731,101124.43591413373,275444.2925242985,319783.54458839406
2026-02-03,2887324.4837070494,-11695.2801060793,2899019.7638131287,0.008630504355610302,0.014264614685692591,0.02055303555875116,41353.39989700182,59583.656291173626,130770.93266629823,188420.06520072947,0.030057120236752975,0.034133379106613855,87136.18560965442,98953.34063579969,275548.8131456956,312917.9384916213,0.03322290097930527,0.0361715085415443,96313.84655021252,104861.91814887233,304571.1253106224,331602.50116458413,0.014264614685692591,0.020450399392511046,41353.39989700182,59286.11201676152,130770.93266629823,187479.14758884508,0.028224915886144494,0.03356140100920997,81824.58898589603,97295.16482695758,258752.06980255866,307674.32617468823,0.03322290097930527,0.03650832297438412,96313.84655021252,105838.34984641247,304571.1253106224,334690.2493083956,0.014350588128532047,0.019389396533917257,41602.63860695646,56210.243760235906,131559.09467083696,177752.39811561306,0.02073568113794684,0.029946038332426532,60113.149435035,86814.15697361006,190094.46954077462,274530.46918399807,0.030057120236752975,0.03489552228997633,87136.18560965442,101162.80878722295,275548.8131456956,319904.89026772056
2026-02-04,2908684.46125086,21359.977543810848,2887324.4837070494,0.008425966912789979,0.013926552425318182,0.02006594173871857,40210.475791250974,57936.88487084133,127156.6892994144,183212.5167268089,0.02934478567802327,0.033324439815279744,84727.91815729256,96218.47098447922,267933.2027813811,304269.52128977806,0.032435539438265944,0.03531426688390797,93651.92716235085,101963.74739807253,296153.3970972184,322437.6805439765,0.013926552425318182,0.01996573798408717,40210.475791250974,57647.56411673471,127156.6892994144,182297.60416947448,0.027556003400697693,0.03276601723358752,79563.12329194916,94606.12379210436,251600.6873593533,299170.83178289584,0.032435539438265944,0.03564309902973888,93651.92716235085,102913.19250376004,296153.3970972184,325440.0895912483,0.014010488352454699,0.018929880215812548,40452.82604873489,54656.70662075726,127923.06810459183,172839.68232519785,0.02024425873430293,0.029236336343905746,58451.74389805313,84414.78973965331,184840.6439266968,266943.00378151657,0.02934478567802327,0.03406852069180998,84727.91815729256,98366.87391714318,267933.2027813811,311063.36788878153
2026-02-05,2909712.875303645,1028.4140527849086,2908684.46125086,0.008366400715762876,0.013828100606760053,0.01992408836432084,40221.58136349655,57952.88622988909,127191.80820242998,183263.11746705798,0.029137336811500665,0.033088857339298054,84751.31882584466,96245.04518336272,268007.20219277637,304353.55628524424,0.03220624091943039,0.03506461760319675,93677.79251764878,101991.90836212174,296235.1905324493,322526.73333147814,0.013828100606760053,0.019824592986146763,40221.58136349655,57663.485569427874,127191.80820242998,182347.9522236435,0.027361200080813546,0.032534382448104714,79585.09751623812,94632.25268319489,251670.1759579218,299253.4585914764,0.03220624091943039,0.035391125116069795,93677.79251764878,102941.61569129725,296235.1905324493,325529.971602228,0.013911443160575122,0.018796058069784065,40463.9985547394,54671.802040349736,127958.39867073801,172887.418233346,0.02010114477279369,0.029029654144813764,58467.887453978954,84438.10392650642,184891.69433295671,267016.7297137672,0.029137336811500665,0.03382767803992751,84751.31882584466,98394.0414749341,268007.20219277637,311149.2792498651
2026-02-06,3002454.8395698764,92741.96426623128,2909712.875303645,0.008111988609173802,0.013407604825478236,0.01931822098301271,39012.2803876773,56210.476322233124,123367.66274217694,177753.13354122147,0.028251305710379388,0.032082665287744075,82203.1879696303,93351.34426180625,259949.30491098398,295202.87050579756,0.03122688816356847,0.03399834507642642,90861.27854520218,98925.42240789425,287328.5913178293,312829.6533032044,0.013407604825478236,0.01922175113871122,39012.2803876773,55929.77677419053,123367.66274217694,176865.48363122702,0.026529179145185895,0.031545051306028034,77192.29412998435,91787.04193726384,244103.46726439625,290256.1122111476,0.03122688816356847,0.034314923891524955,90861.27854520218,99846.57586223482,287328.5913178293,315742.59629345255,0.013488413033233993,0.01822449272268148,39247.409070214446,53028.041121063885,124111.20492222898,167689.3897996305,0.019489893320677215,0.02814689754308663,56709.99353346901,81899.39018097169,179332.7456591823,258988.61195070032,0.028251305710379388,0.03279901934623856,82203.1879696303,95435.72888908368,259949.30491098398,301794.27344783535
2026-02-09,2997654.613928277,-4800.225641599391,3002454.8395698764,0.01099648328459069,0.018175136757839352,0.026187474411328644,54570.02731841912,78626.70928240598,172565.57830381495,248639.48625630618,0.03829702258959278,0.04349075295332886,114985.08081523972,130579.02168126013,363614.7523146883,412927.1231492914,0.04233067503720731,0.046087618135196906,127095.94012772285,138375.99211427037,401912.65216399584,437583.30856659304,0.018175136757839352,0.026056701418239295,54570.02731841912,78234.06927641983,172565.57830381495,247397.8495368878,0.035962535092077835,0.04276197195420159,107975.8875304106,128390.88964344388,341449.73697427096,406007.6420886063,0.04233067503720731,0.04651676736311245,127095.94012772285,139664.49329052307,401912.65216399584,441657.9070513576,0.01828467908446922,0.02470483370359696,54898.92320714671,74175.14751413369,173605.63842525944,234562.41192363907,0.026420190713397834,0.03815548853158003,79325.42946980044,114560.13119779539,250849.03349561236,362270.943632747,0.03829702258959278,0.044461831169732534,114985.08081523972,133494.64017170222,363614.7523146883,422147.1183671903
2026-02-10,2987666.8535774453,-9987.760350831784,2997654.613928277,0.010668687588130894,0.01763335158365221,0.02540684835197625,52858.69773375453,76160.95618767764,167153.8789890449,240842.09032935573,0.037155421327880016,0.04219433106235266,111379.12017596864,126484.03119067867,352211.7035416748,399977.62620232365,0.04106883406984289,0.04471378592958898,123110.17993811936,134036.4866980337,389308.5717576243,423860.5875326481,0.01763335158365221,0.0252799735891882,52858.69773375453,75780.62946961499,167153.8789890449,239639.39164526103,0.03489052289218786,0.04148727439717771,104589.7369301371,124364.51951600825,330741.78857706033,393275.14178304735,0.04106883406984289,0.04513014258860689,123110.17993811936,135284.5801579785,389308.5717576243,427807.4055988338,0.017739628547863914,0.023968403886880745,53177.27936587804,71848.99650000452,168161.32256724907,227206.47653748037,0.025632627581497782,0.037018106278246435,76837.76433678204,110967.49708387275,242982.34561948848,350910.0370331306,0.037155421327880016,0.04313646227342517,111379.12017596864,129308.21516247602,352211.7035416748,408908.48008454405
2026-02-11,3008394.9295128286,20728.075935383327,2987666.8535774453,0.010375930994884501,0.01714947951461824,0.024709665844080225,51236.931501930325,73824.24960533323,162025.40386413177,233452.77530563957,0.03613584938159058,0.041036487746191876,107961.8794232452,122603.35422653447,341405.43944992055,387705.84813228046,0.039941875214635186,0.04348680692849253,119333.01664849205,129924.09162817911,377364.1326680277,410856.0524734604,0.01714947951461824,0.024586272617611985,51236.931501930325,73455.5917526581,162025.40386413177,232286.9768138794,0.03393310141610434,0.040348833233232836,101380.8023399768,120548.8716314538,320594.2464096548,381209.00371865206,0.039941875214635186,0.043891738456156404,119333.01664849205,131133.89213134896,377364.1326680277,414681.77757789486,0.017252840161173615,0.023310693347556005,51545.738679608156,69644.58584840133,163001.93790340202,220235.51798007838,0.024929249526350557,0.036002302357386565,74480.29249443879,107562.88540563696,235527.36507797043,340143.7095814972,0.03613584938159058,0.04195276618751495,107961.8794232452,125340.88895432303,341405.43944992055,396362.6930459013
2026-02-12,2983666.79025215,-24728.139260678552,3008394.9295128286,0.010201396389141647,0.016861006350402448,0.024294022005637152,50724.56601103433,73086.01261923189,160405.16191843015,231118.26497658127,0.0355280045310313,0.04034620875210603,106882.26868686336,121377.32983490189,337991.41053658235,383828.8185877992,0.0392700088108731,0.0427553108626434,118139.69538855474,128624.86040892116,373590.51950632397,406747.52261340764,0.01666245720974282,0.024091383125368394,50127.25178301477,72476.3948393092,158516.28847906317,229190.4842898903,0.03336230921632854,0.03967012134665432,100367.00188324189,119343.39191243348,317388.3278734535,377396.94213340804,0.0392700088108731,0.04315343099530392,118139.69538855474,129822.56299735405,373590.51950632397,410534.9907523348,0.016962628356858463,0.02291858176980803,51030.28513998353,68948.14518791562,161371.93069019233,218033.17923779154,0.024509912048133718,0.03539670391509937,73735.49512841087,106487.26457965185,233172.10900602807,336742.2978726726,0.0355280045310313,0.04124707437923576,106882.26868686336,124087.48941973137,337991.41053658235,392399.0956983967
2026-02-13,3006395.149807421,22728.35955527145,2983666.79025215,0.010095136100564256,0.016685377903849188,0.024040969414545584,49783.60793452185,71730.24204764733,157429.59121391975,226830.9419857457,0.03515793597668469,0.03992595258114048,104899.56598744541,119125.73878553095,331721.5540834574,376708.6625125384,0.03886096260685326,0.04230996088336837,115948.16356729869,126238.82518457374,366660.28738641785,399202.21672707895,0.016488896900548257,0.02384044127138309,49197.37409005744,71131.93288638248,155575.7570239353,224938.92229120378,0.03301479908441085,0.03925690747069098,98505.15961500375,117129.53110830221,311500.6656618468,370396.09956978133,0.03886096260685326,0.04270393409745312,115948.16356729869,127414.3099796873,366660.28738641785,402919.4260345342,0.016785941390145814,0.0226798561071883,50083.655868897076,67669.13347471514,158378.42609377418,213988.58907004396,0.02425461069252584,0.035028003020709034,72367.67643378406,104511.88934174154,228846.68650484903,330495.612887379,0.03515793597668469,0.040817434567261016,104899.56598744541,121785.62398162684,331721.5540834574,385119.958046765
2026-02-17,3001812.719334192,-4582.430473229848,3006395.149807421,0.009962549473992678,0.01646623692869981,0.023725222206936666,49504.01483802295,71327.39297103771,156545.44021092396,225557.02135036365,0.03469618171384642,0.039401576553649946,104310.43242134481,118456.708645659,329858.55016852217,374593.003447242,0.03835057385270076,0.041754273973551706,115296.97922309088,125529.84675781608,364601.0616820781,396960.23008660186,0.016272336450629407,0.023527327742980653,48921.073381206756,70732.44401442661,154702.0174648481,223675.6275559319,0.0325811921677794,0.03874131849008471,97951.93810815553,116471.71200573524,309751.225649616,368315.8929173018,0.03835057385270076,0.042143072856265916,115296.97922309088,126698.72983305862,364601.0616820781,400656.5629227903,0.016565479642966074,0.02238198537197228,49802.37765284677,67289.09226535811,157488.9462748663,212786.79324375084,0.023936057581553004,0.03456795526010526,71961.2474186921,103924.93303274039,227561.4451099795,328639.49406392983,0.03469618171384642,0.04028135007066104,104310.43242134481,121101.65548013017,329858.55016852217,382957.05973422324
2026-02-18,3008400.899531758,6588.180197566282,3001812.719334192,0.009666274228285117,0.015976549183141817,0.02301966023636113,47958.6085490234,69100.70889226037,151658.43642733697,218515.62803179346,0.0336643554941404,0.03822981707529832,101054.09051049856,114758.75115444999,319561.09288998303,362899.03508453944,0.03721007003679538,0.04051254786587728,111697.66152376847,121611.08147642571,353219.0197296622,384568.0061818177,0.015788415091670855,0.022827650935744653,47393.86524030549,68524.33293143938,149872.56127844873,216692.96720703115,0.031612263407108925,0.0375891943591433,94894.09438240241,112835.72173680142,300081.4747473809,356817.88211726275,0.03721007003679538,0.040889784298155714,111697.66152376847,122743.47459703535,353219.0197296622,388148.94764964987,0.016072840528420586,0.02171636978503693,48247.65713404302,65188.47503848859,152572.48831044778,206144.05831465652,0.023224225599211758,0.033539942353867605,69714.7758004006,100680.62556357536,220457.47809725397,318380.0930314718,0.0336643554941404,0.03908342709715189,101054.09051049856,117321.12857540116,319561.09288998303,371001.9839597332
2026-02-19,3011234.783524953,2833.883993194904,3008400.899531758,0.009387173397689796,0.015515247543880032,0.02235499811936982,46676.08466746659,67252.79645134292,147602.7398080574,212672.01580193298,0.03269234193876482,0.03712598188014104,98351.6708963799,111689.83728421605,311015.2917158547,353194.27731171774,0.03613567868305224,0.03934280185082914,108710.60825528493,118358.9204781341,343773.12790900376,374283.77010964917,0.015332545574440037,0.02216853283230174,46126.44389825708,66691.83411399586,145864.62308246843,210898.09713434454,0.030699501285369753,0.0365038562941061,92356.40728208273,109818.23411156682,292056.60352154245,347275.74841014884,0.03613567868305224,0.039709146082131976,108710.60825528493,119461.03079312382,343773.12790900376,377768.9489377823,0.015515247543880032,0.02096621635939776,46676.08466746659,63074.78415538968,147602.7398080574,199459.98085453126,0.022553656929050717,0.032571521062684725,67850.44179308684,97988.19326409833,214561.93631483347,309865.87451931986,0.03269234193876482,0.037954945046290184,98351.6708963799,114183.69081893783,311015.2917158547,361080.5346323004
2026-02-20,3035230.519874002,23995.736349049024,3011234.783524953,0.009104123985929923,0.01504741963610059,0.021680932689925644,45311.31341052248,65286.37865516732,143286.95415098316,206453.65673452933,0.03170657681407912,0.03600653016800288,95475.94696906082,108424.11607593083,301921.4541836819,342867.1600904193,0.0350460873693029,0.03815650684496476,105531.99731289939,114898.20062936583,333721.4775355312,363340.013043788,0.014870226639680108,0.02150008985038062,44777.74369630412,64741.81840637792,141599.658563568,204731.6060251669,0.029773825854437167,0.03540316340037981,89655.98005149575,106607.23707804122,283517.10281734687,337121.6842241639,0.0350460873693029,0.03851180477779425,105531.99731289939,115968.0861232165,333721.4775355312,366723.2880399302,0.01504741963610059,0.020334026566374633,45311.31341052248,61230.52808578776,143286.95415098316,193627.93108599915,0.021873601383430044,0.03158939902377724,65866.54932674408,95123.09713104722,208288.31748834142,300805.6450235375,0.03170657681407912,0.036810497786865466,95475.94696906082,110845.05133467758,301921.4541836819,350522.82957586815
2026-02-23,3002003.83393127,-33226.6859427318,3035230.519874002,0.009038355696684491,0.014762803963067282,0.020989479992925865,44808.51314761868,63707.910270813336,141696.96011207567,201462.10142540466,0.03147752816336724,0.03574641860817863,95541.55417164568,108498.6207357357,302128.9223747622,343102.76451169874,0.03479291405854975,0.03788086383058432,105604.51462586342,114977.1540177807,333950.7974142928,363589.685580167,0.014762803963067282,0.02134477297087986,44808.51314761868,64786.30636099622,141696.96011207567,204872.28929020293,0.029558739417371502,0.03514741056855129,89717.58800860865,106680.49325220892,283711.9242838136,337353.34058720386,0.03479291405854975,0.038233595087339235,105604.51462586342,116047.77469359674,333950.7974142928,366975.2854258144,0.014938716915382604,0.02018713334053452,45342.449509327285,61272.60322395639,143385.41514065838,193760.98435547831,0.021715586252611527,0.031361196866678334,65911.81015088281,95188.461869519,208431.44478139613,301012.34647576953,0.03147752816336724,0.03654457835634624,95541.55417164568,110921.21956310899,302128.9223747622,350763.69466305134
2026-02-24,3033641.715191425,31637.88126015477,3002003.83393127,0.009168428790811714,0.014975258933186922,0.02129154451643237,44955.78473154064,63917.29826864829,142162.6737518897,202124.24441326552,0.03193052864499112,0.036260853692210375,95855.5694117156,108855.22180563639,303121.9257533877,344230.43610863783,0.03529362703524287,0.03842601621582001,105951.60367313943,115355.04800259681,335048.3893545828,364784.69128626294,0.014975258933186922,0.021651950598861894,44955.78473154064,64999.23870987386,142162.6737518897,205545.64050018587,0.029984126160662452,0.035653225187563066,90012.46169138758,107031.11870507925,284644.396743437,338462.11562390206,0.03529362703524287,0.03878382371072058,105951.60367313943,116429.18747409768,335048.3893545828,368181.4185408952,0.01515370349000782,0.020477651105411304,45491.47597526114,61473.98712835165,143856.67820465486,194397.81617746493,0.022028100341396493,0.03181252319736015,66128.44167909499,95501.31660550264,209116.49382354965,302001.6800182485,0.03193052864499112,0.03707049994428821,95855.5694117156,111285.78295850214,303121.9257533877,351916.54534401826
2026-02-25,3040358.689617144,6716.97442571912,3033641.715191425,0.009252624058185907,0.015112779326118481,0.02148706845235115,45846.757796195576,65184.0671942261,144980.17797005977,206130.11948721574,0.032223752212300553,0.03659384338340935,97755.31893122692,111012.6098070923,309129.46121885395,351052.69598995714,0.03561773451675762,0.03877888896896374,108051.4452306494,117641.25524502498,341688.6714017898,372014.3133755087,0.015112779326118481,0.021850784206172116,45846.757796195576,66287.45047748968,144980.17797005977,209619.32379448338,0.030259475577304976,0.03598063492110733,91796.4073911285,109152.3550357445,290285.72837668116,345170.0538843024,0.03561773451675762,0.03913998227197702,108051.4452306494,118736.68295212233,341688.6714017898,375478.3599419921,0.01529286257016876,0.020665700917364183,46393.0658375535,62692.332376585684,146707.75568481625,198250.56213832772,0.02223038819685196,0.03210466310023356,67439.03297886917,97394.04523303539,213260.9474124366,307987.01347385644,0.032223752212300553,0.03741092475705791,97755.31893122692,113491.3419468985,309129.46121885395,358891.13526120764
2026-02-26,3052292.2552396776,11933.565622533672,3040358.689617144,0.008987095731486833,0.014679078466664847,0.02087044063996601,44629.66377169637,63453.62555585945,141131.38872606147,200657.9825519837,0.03129900708582718,0.03554368702344266,95160.20816978323,108065.55770275602,300923.00043227803,341733.2989570623,0.03459559016207812,0.03766602699225041,105183.00317170758,114518.23246924243,332617.8611593107,362138.4482194545,0.014679078466664847,0.021223718615822715,44629.66377169637,64527.717319605734,141131.38872606147,204054.55894144945,0.02939110052323317,0.03494807618705615,89359.48787322296,106254.68712071815,282579.51222558017,336006.8233700279,0.03459559016207812,0.0380167577754068,105183.00317170758,115584.57985352818,332617.8611593107,365510.5347307603,0.014853993749479643,0.020072644401705093,45161.46897174917,61028.038830319,142813.10442974983,192987.60383700617,0.021592428873890093,0.03118333554832675,65648.72875667186,94808.52520560242,207599.50836567688,299810.88125118724,0.03129900708582718,0.03633732010301189,95160.20816978323,110478.48693259193,300923.00043227803,349363.6511561397
2026-02-27,3032715.3799340287,-19576.875305648893,3052292.2552396776,0.008765988996417612,0.014317933641844761,0.020356971647620535,43702.517966038395,62135.42690016586,138199.49625711047,196489.4723914199,0.03052896730051483,0.03466921669121494,93183.33045182678,105820.58160182153,294671.5641878997,334634.06118546525,0.03374444556352554,0.036739341386565,102997.9098509059,112139.2071768189,325707.9893655564,354615.30968424806,0.014317933641844761,0.020701558034765234,43702.517966038395,63187.205260908646,138199.49625711047,199815.48760504532,0.028668000372645563,0.034088259483913946,87503.11551063425,104047.33041735103,276709.1473744119,329026.5485789471,0.03374444556352554,0.03708144324880311,102997.9098509059,113183.40204143136,325707.9893655564,357917.34377747454,0.014488545538087028,0.019578803343317675,44223.27533559042,59760.22981166925,139846.27565321288,188978.43969997007,0.02106119702845716,0.03041614159405496,64284.928576036706,92838.95342180737,203286.79352152074,293582.5483991942,0.03052896730051483,0.03544332426173104,93183.33045182678,108183.3841440302,294671.5641878997,342105.8988800808
2026-03-02,3029879.279997616,-2836.099936413113,3032715.3799340287,0.008643851256392613,0.014118439887339993,0.02007333513931446,42817.209787010055,60876.71220356914,135399.90598020479,192509.06702584645,0.030103602966506902,0.034186165688432205,91295.65970795313,103676.91046428133,288702.22516479465,327855.17783647415,0.0332742795250774,0.03622744704939486,100911.41927192619,109867.53584244543,319109.9268194971,347431.6541723139,0.014118439887339993,0.02041312035655278,42817.209787010055,61907.184057762024,135399.90598020479,195767.7051497929,0.028268565148852592,0.03361330303844584,85730.51229559233,101939.58109507793,271103.6838271422,322361.2599838878,0.0332742795250774,0.03656478235895657,100911.41927192619,110890.57782394804,319109.9268194971,350666.796975834,0.014286674624377872,0.019306009161882586,43327.41786146398,58549.63091038859,137013.32557608798,185150.18983902584,0.020767748450284375,0.029992349276257567,62982.67013177851,90958.25893045956,199168.69073547743,287635.2702236033,0.030103602966506902,0.03494948751084416,91295.65970795313,105991.84829494933,288702.22516479465,335175.65402307425
2026-03-03,2979340.1788535407,-50539.10114407493,3029879.279997616,0.008383657685744662,0.013292427291508218,0.019438247960512706,40274.45003141558,58895.54473501337,127358.99360991319,186244.0653989802,0.029197436986449006,0.033157108124460676,88464.70935427787,100462.03489094402,279749.9741043216,317688.84863068856,0.03227267117440558,0.0351369436934665,97782.2977015078,106460.69765927707,309214.775581412,336658.285893872,0.013693452555038472,0.019798653203417792,41489.50816814148,59987.52911289399,131201.3448114873,189697.22320240497,0.027417636704458723,0.0326014895447353,83072.1293573416,98778.5776686524,262697.13884933916,312365.28946478665,0.03227267117440558,0.03546412467758959,97782.2977015078,107452.01654388083,309214.775581412,339793.11145675747,0.01385662316086464,0.01872486780373193,41983.89540583885,56734.088979221844,132764.73452873004,179408.9421489983,0.020142606431603566,0.029089532207935323,61029.66587226236,88137.77090164654,192992.7489953958,278716.1039393155,0.029197436986449006,0.03389745275480444,88464.70935427787,102705.18974648009,279749.9741043216,324782.3271186485
2026-03-04,3004263.096112438,24922.91725889733,2979340.1788535407,0.009112912236084042,0.014448672387711322,0.021186460851046904,43047.51017580007,63121.67406123162,136128.17975480354,199608.25975626262,0.03173718330944359,0.03604128742688767,94555.86539746527,107379.25572853537,299011.9007842927,339563.0215558549,0.03507991750861125,0.03819333948560971,104515.0077042733,113790.95089407044,330505.4740155495,359838.58194163605,0.015061944975182135,0.021650707557431256,44874.657836241335,64504.82292646294,141906.12798324588,203982.16051347088,0.029802566656963403,0.035437338226721196,88791.98427405191,105579.88561049294,280784.90827185643,333872.9136291948,0.03507991750861125,0.03854898038906634,104515.0077042733,114850.52612698254,330505.4740155495,363189.2530299417,0.015152723961779906,0.020434424179347033,45145.11931840768,60881.10098926491,142761.40228623652,192522.94558480746,0.021894716065196915,0.03161989240691528,65231.80727763127,94206.41589894869,206281.0868864625,297906.8444417767,0.03173718330944359,0.03684603111916065,94555.86539746527,109776.8609446032,299011.9007842927,347144.91496852937
2026-03-05,2954643.8517159186,-49619.24439651938,3004263.096112438,0.009067868855172133,0.014377255365669337,0.021081740230287475,43193.05771846492,63335.09417568159,136588.441497465,200283.15341641832,0.03158031248704964,0.035863142241674896,94875.56736854205,107742.31474729498,300022.88718534063,340711.11498020106,0.03490652419089202,0.03800455711898752,104868.38244025297,114175.68843667145,331622.94304880593,361055.2288776313,0.014987496664124671,0.02154369225406202,45026.38313113802,64722.91959288192,142385.92549378015,204671.8427294448,0.029655258274384377,0.035262178246805026,89092.198039416,105936.86079541512,281734.26755534235,335001.76828170865,0.03490652419089202,0.038358440157530364,104868.38244025297,115238.84618970584,331622.94304880593,364417.22888928675,0.015077826947567381,0.020333420731911068,45297.75906814633,61086.94552260798,143244.09155688877,193173.88315406605,0.021786494674478622,0.03146360133100229,65452.36194418629,94524.93634952436,206978.54198135532,298914.0945469389,0.03158031248704964,0.036663908239910184,94875.56736854205,110148.02648441489,300022.88718534063,348318.64346330025
2026-03-06,2902112.989597285,-52530.86211863346,2954643.8517159186,0.009691975970830448,0.015366787473010407,0.022650982377522173,45403.384127755395,66925.58581707151,143578.10732324448,211637.28492300698,0.03375386594847172,0.03833146667604617,99730.65249629527,113255.83234163345,315376.01442305034,358146.3884977229,0.03730900822306998,0.040620267039833395,110234.83175991235,120018.42226430251,348593.14584679063,379531.5755350591,0.01611557674709984,0.023091823168344346,47615.789752674566,68228.11334925983,150574.3482061572,215756.23863980037,0.0316963175355328,0.03768914060245161,93651.32972839745,111357.98755749044,296151.5078451741,352144.8763343604,0.03730900822306998,0.04099850650941785,110234.83175991235,121135.98518758653,348593.14584679063,383065.6198011926,0.01632803253561528,0.021773352493451793,48243.52094197317,64332.502076020806,152559.40852266713,203437.2341377365,0.0232859766992808,0.03362912200499336,68801.76788573015,99362.07857065812,217570.2935651347,314210.4813318875,0.03375386594847172,0.039187346369181315,99730.65249629527,115784.6520147637,315376.01442305034,366143.218456657
2026-03-09,2937273.772696677,35160.78309939196,2902112.989597285,0.010373372836916153,0.017145251356422607,0.024442072754703316,49757.45667138452,70933.6568341064,157346.89365871536,224311.91836054478,0.03612694018480775,0.041026370310159134,104844.46238473471,119063.16219314122,331547.3011916106,376510.7779523749,0.03993202765238738,0.04347608537283483,115887.2561509514,126172.51209734449,366467.68122436426,398992.5163327571,0.017475979067117092,0.02478651817702266,50717.26585661076,71933.27636842668,160382.0768031807,227472.9928825937,0.033924735300926705,0.04033888533657661,98453.41498546896,117068.00312115444,311337.0347758352,370201.53099054884,0.03993202765238738,0.0438809170657162,115887.2561509514,127347.37941185618,366467.68122436426,402707.7729950994,0.017475979067117092,0.02316127080820894,50717.26585661076,67216.62486808357,160382.0768031807,212557.63121225903,0.024923103286716528,0.035993426086264504,72329.66178945483,104456.989385058,228726.47364432746,330322.0039808145,0.03612694018480775,0.04194242284548909,104844.46238473471,121721.65015507581,331547.3011916106,384917.6550442272
2026-03-10,2932159.257401281,-5114.515295395628,2937273.772696677,0.010481037961887731,0.01661785825115729,0.024214944588938612,48811.19919951537,71125.9216483927,154354.56479465615,224919.91308759878,0.03650190130796298,0.04145218256582724,107216.0773654422,121756.40867163881,339047.0062636225,385027.57112465496,0.0403464817373946,0.04392732319475937,118508.66262783462,129026.57432473711,374757.2963644328,408017.85355517117,0.017657362065669487,0.02504377718227527,51864.50649050021,73560.42988675664,164009.97023056672,232618.50410327292,0.034276839763305963,0.040757562193106896,100680.46244768519,119716.11846886655,318379.5772137363,378575.60699616786,0.0403464817373946,0.044336356631421846,118508.66262783462,130228.01751040178,374757.2963644328,411817.1505011601,0.01742760941343893,0.02337015577370326,51189.66005089589,68644.5456179344,161875.9184105618,217073.1131000032,0.02518177990735186,0.03636700146802867,73965.78167168479,106819.83960366216,233900.33899726058,337793.99244143034,0.03650190130796298,0.04237774280055713,107216.0773654422,124475.0324741619,339047.0062636225,393624.6144417757
2026-03-11,2921507.107797039,-10652.149604242297,2932159.257401281,0.010170706013510663,0.016125821837618074,0.023497966846709864,47283.47778437557,68899.78101968871,149523.48549259873,217880.23830905496,0.03542112035920975,0.04022482926103888,103860.36596878186,117945.60549514109,328435.31507999107,372976.75337231753,0.039151867011901285,0.042626683711953446,114799.50930349018,124988.2252583207,363027.9236687191,395247.47251848073,0.017134547093243642,0.024302258623144234,50241.22088083255,71258.09259761247,158876.6904110419,225337.8743276397,0.03326194042732079,0.03955077582972573,97529.30654309857,115969.17348653312,308414.74729295436,366726.7265846548,0.039151867011901285,0.043023606120699366,114799.50930349018,126152.06497359506,363027.9236687191,398927.8568501096,0.016911597163078475,0.022678191294469307,49587.49617916179,66496.06854519532,156809.43139104822,210279.03204949643,0.02443617524007867,0.035290214754418445,71650.75744567665,103476.52988784731,226579.58960460644,327221.5188160852,0.03542112035920975,0.04112298468032697,103860.36596878186,120579.14022239178,328435.31507999107,381304.72140758
2026-03-12,2869994.127090762,-51512.9807062773,2921507.107797039,0.009901081537695484,0.015698327792044345,0.022875037918732747,45862.776224985355,66829.58587070451,145030.83268957268,211333.70643723325,0.03448210973428838,0.03915847275738462,100739.72868056096,114401.7564911759,318566.9934979617,361770.11883606843,0.03811395463824241,0.04149665426893274,111350.18938187913,121232.77039648335,352120.21633783466,383371.68150512176,0.016680311834431787,0.02365800799455602,48731.649584563536,69117.03851241458,154103.00682441896,218567.26682480617,0.032380169462709406,0.03850228842019805,94598.89523697816,112484.70928606024,299147.97308450495,355707.88328584295,0.03811395463824241,0.041883054301330824,111350.18938187913,122361.64083758736,352120.21633783466,386941.48328224936,0.016463272286296536,0.02207699454056795,48097.56700201334,64498.0964690657,152097.8616389186,203960.88958751148,0.023788374494360345,0.034354674424973725,69497.90516821155,100367.42551861389,219771.67294193595,317389.66752612643,0.03448210973428838,0.04003281815957021,100739.72868056096,116956.16279833076,318566.9934979617,369847.8608361775
2026-03-13,2861474.360107523,-8519.76698323898,2869994.127090762,0.010542191048320678,0.01742427638652388,0.024514632609356102,50007.57089812978,70356.85161663969,158137.8242904422,222487.90010708122,0.03671487677220323,0.041694041140569564,105371.48071308431,119661.65320811525,333213.8794778498,378403.3727188388,0.04058188894552838,0.04418362332475272,116469.78293991597,126806.73945563071,368309.7926755565,400998.1193393332,0.018564023954973086,0.025230445171024556,53278.63972594497,72411.22946472596,168481.85216951533,228984.4132816292,0.0344768327937974,0.04099536790783234,98948.30763888873,117656.46513340392,312902.022757926,372062.4112657431,0.04058188894552838,0.044595043324387025,116469.78293991597,127987.51243834884,368309.7926755565,404732.05136431317,0.017529293245579895,0.023530422511001826,50308.96866686606,67532.1744145395,159090.92772134152,213555.4864936929,0.02532870653511616,0.036579189840226956,72693.23900258877,104982.06001518943,229876.2057431672,331982.42310448963,0.03671487677220323,0.04262500168634108,105371.48071308431,122333.50450703272,333213.8794778498,386852.5083926973
2026-03-16,2887645.706972641,26171.346865118016,2861474.360107523,0.010246943032444831,0.016936286460367777,0.023828067871090368,48462.74946177859,68183.40526402694,153252.6699733196,215614.85926063947,0.035686628045687695,0.04052634432458746,102116.37115142938,115965.09519369605,322920.3192296279,366713.82989032456,0.03944533942401598,0.04294620246403734,112871.82738756017,122889.45721482937,356932.058210063,388610.5852206728,0.01804411388938472,0.024523833154389177,51632.769245334406,70174.31978283942,163277.15271714996,221910.68376678508,0.033511263451580495,0.03984723836062442,95891.62114150592,114021.8508900197,303235.93133311404,360568.75184055936,0.03944533942401598,0.0433461001019513,112871.82738756017,124033.75405238773,356932.058210063,392229.1695466849,0.01703836218326645,0.022871421879420567,48754.836525642575,65445.987287164164,154176.33037020086,206958.383545863,0.02461934257890272,0.0355547412058614,70447.61755223355,101738.98034083082,222774.92719751399,321726.9047001193,0.035686628045687695,0.0414312320878854,102116.37115142938,118554.40832714814,322920.3192296279,374901.95696742064
2026-03-17,2899967.458030734,12321.751058093272,2887645.706972641,0.010182013683672697,0.01682897035184564,0.023677082262556246,48596.10398927692,68371.02494910861,153674.37401650986,216208.16479938108,0.03546050114017615,0.04026955074851515,102397.3638845281,116284.19534066666,323808.89627217565,367722.9131564461,0.039195395592691085,0.04267407555268464,113182.41581632878,123227.61106873593,357914.22505986475,389679.92159858136,0.017929778076225773,0.02436843885668798,51774.84668878553,70367.41785014034,163726.4410425893,222521.31347123245,0.033298920657680586,0.03959474791260188,96155.48528397393,114335.60382848876,304070.3430161601,361560.92574869224,0.039195395592691085,0.04307143925505089,113182.41581632878,124375.05665798059,357914.22505986475,393308.4631517085,0.016930399275968105,0.02272649802033191,48888.99478658201,65626.07444293366,154600.57604169665,207527.86913543617,0.024463343089515022,0.03532944999608802,70641.46765063687,102018.93461090817,223387.93503311623,322612.1978342536,0.03546050114017615,0.04116870472633221,102397.3638845281,118880.63346461748,323808.89627217565,375933.57143182534
2026-03-18,2866070.894491331,-33896.563539403025,2899967.458030734,0.009926772988292927,0.016407105067769413,0.02308354987014259,47580.07077702244,66941.54343924309,150461.39488740842,211687.74735510958,0.034571584345254994,0.039260081653795326,100256.46957380425,113852.95919563589,317038.79402059206,360034.66940842144,0.038212853205932575,0.041604330308065485,110816.03077570988,120651.20400655169,350431.05851055897,381532.60710233613,0.017480317962896785,0.023757575674577525,50692.35324843077,68896.1963379774,160303.2962188766,217868.90255016045,0.032464189932687446,0.038602194641257845,94145.09435612256,111945.10826821614,297712.92869681056,354001.51504171046,0.038212853205932575,0.04199173297611558,110816.03077570988,121774.65913705126,350431.05851055897,385085.2841637164,0.01650599139178065,0.022156794684776764,47866.83789869931,64253.983560120956,151368.23214995797,203188.93678899683,0.023850100866957977,0.03444381836520087,69164.51638492873,99885.95238940389,218717.40504041,315867.11580565426,0.034571584345254994,0.04013669581840044,100256.46957380425,116395.11174623952,317038.79402059206,368073.66162793536
2026-03-19,2886105.9471205454,20035.05262921425,2866070.894491331,0.010046025610884312,0.016604207420243013,0.023360857900051196,47588.83561325549,66953.87489768461,150489.11173322322,211726.7428506565,0.03498690079352807,0.039731722105922976,100274.93805278647,113873.93231580366,317097.1964790948,360100.992237792,0.03867191306021567,0.042104132762120425,110836.44445618331,120673.42944731224,350495.6122362819,381602.8901171406,0.017690313070396996,0.024042980932554907,50701.6914055044,68908.88786760566,160332.8260643777,217909.03669077728,0.03285418976388571,0.039065931744360946,94162.43704436785,111965.72993869787,297767.7710924159,354066.7264895902,0.03867191306021567,0.042496189388130316,110836.44445618331,121797.09153211168,350495.6122362819,385156.22162548004,0.016704281688563104,0.022422969390040456,47875.65556097522,64265.81993686499,151396.11604638796,203226.3666987518,0.02413661765149693,0.03485759993116956,69177.25734242106,99904.35261454812,218757.6954856571,315925.3024265699,0.03498690079352807,0.04061886723947975,100274.93805278647,116416.55316228035,317097.1964790948,368141.4653388837
2026-03-20,2853003.8941673846,-33102.05295316083,2886105.9471205454,0.009888319866941168,0.016343549227120488,0.02299413163267178,47169.214621449835,66363.50005392668,149162.1536450985,209859.81367111538,0.034437665162281986,0.03910800074231545,99390.75022980807,112869.83352239132,314301.14907909726,356925.75305478217,0.03806482892016945,0.04144316853233218,109859.12912262717,119609.37516868295,347405.06979003735,378238.0550426246,0.01741260484115145,0.02366554647822988,50254.6223869072,68301.27443267693,158919.06969431436,215987.59429948396,0.032338434116921284,0.038452662172172955,93332.14702541246,110978.4569777256,295142.16351401247,350944.6952606193,0.03806482892016945,0.04182907052722051,109859.12912262717,120723.12921113585,347405.06979003735,381760.0545699956,0.01644205249736171,0.0220709663984057,47453.50549550384,63699.14738113642,150061.16032510923,201434.39073514083,0.023757713257815467,0.034310394106483864,68567.27752336585,99023.4324787728,216828.76993070528,313139.58836081513,0.034437665162281986,0.03998121918598588,99390.75022980807,115390.0344658039,314301.14907909726,364895.32819727104
2026-03-23,2890764.5183393634,37760.6241719788,2853003.8941673846,0.009994824964146982,0.016519582296696034,0.023241796782834296,47130.43262249237,66308.93672887323,149039.51419617864,209687.26928723438,0.034808586302071606,0.039529225123871976,99309.03227027177,112777.03321182597,314042.7342012211,356632.29270582466,0.038474817508606915,0.04188954453477216,109768.804179435,119511.03368260305,347119.43724002474,377927.0719581264,0.017600152492943475,0.023920443302160425,50213.30360030754,68245.11789127383,158788.408218505,215810.0117231326,0.03268674486287736,0.038866828034278766,93255.41038144485,110887.2117357314,294899.5009390774,350656.15247026435,0.038474817508606915,0.04227960300214828,109768.804179435,120623.87200898009,347119.43724002474,381446.17573700764,0.016619146525776906,0.022308688322182385,47414.489755779876,63646.7746569528,149937.78172298518,201268.77363945282,0.024013602791523907,0.03467994443542273,68510.90227720648,98942.01652376956,216650.495749189,312882.12850512716,0.034808586302071606,0.040411848827129115,99309.03227027177,115295.16207430302,314042.7342012211,364595.3153530611
2026-03-24,2910879.784564621,20115.266225257423,2890764.5183393634,0.010211553594049001,0.01687779431647222,0.02374577387010435,48789.728957887666,68643.44056420765,154286.66992919843,217069.6186132898,0.03556337863161572,0.04038638018490775,102805.35310054301,116747.51486269526,325099.07145556924,369188.0581304771,0.03930910870572967,0.04279788096155375,113633.37669406831,123718.59574377134,359340.28856915043,391232.55146793084,0.01798179568825158,0.024439136217956632,51981.13695162542,70647.78783773149,164378.78813227813,223407.92121957365,0.033395527003184995,0.03970961962079711,96538.60453205128,114791.15943655289,305281.87245553563,363001.5190710379,0.03930910870572967,0.043196397489728276,113633.37669406831,124870.61318339004,359340.28856915043,394875.55048136145,0.016979517504717802,0.02279243180666775,49083.786741160344,65887.55315338468,155216.56228804027,208354.73742010506,0.024534315785567067,0.035431947283849685,70922.92955465062,102425.41602382345,224277.99572436736,323897.6049255892,0.03556337863161572,0.04128814277520014,102805.35310054301,119354.2981626783,325099.07145556924,377431.4307249134
2026-03-25,2913211.9862516937,2332.2016870728694,2910879.784564621,0.010045118148146263,0.016602707553518368,0.02335874770156134,48328.48578657495,67994.5064772202,152828.09095265102,215017.50884708762,0.03498374040851416,0.03972813311872284,101833.46274360032,115643.81957378253,322025.68429167627,365697.86717471527,0.038668419806119916,0.04210032947382718,112559.12151469266,122548.99798887361,355943.1954140906,387533.9586162347,0.017688715095181957,0.02404080911753542,51489.72318548821,69979.90526481067,162824.80135772322,221295.89107961036,0.03285122202777252,0.03906240289835176,95625.958098887,113705.95893333058,302395.8310283079,359569.8137628945,0.038668419806119916,0.042492350685157367,112559.12151469266,123690.1246080552,355943.1954140906,391142.5178314961,0.01670277278207756,0.022420943911509342,48619.76363752574,65264.672382869765,153749.19239361456,206385.01547455727,0.024134437378223732,0.03485445122597006,70252.44587611222,101457.1174757698,222157.74016621787,320835.57605870574,0.03498374040851416,0.040615198115996565,101833.46274360032,118225.95914194148,322025.68429167627,373863.3094465411
2026-03-26,2852305.743687683,-60906.2425640109,2913211.9862516937,0.009741078959882996,0.016100187458373875,0.022651740119839687,46903.259084633966,65989.32082657535,148321.12839242758,208676.55505956322,0.033924875009486447,0.038525667486513177,98830.35250972645,112233.43630005735,312529.0158880739,354913.2883356022,0.03749802889623843,0.04082606372502654,109239.70724133417,118934.9781952228,345446.285812605,376105.42455936637,0.017153324420862037,0.023313157338682375,49971.27030691918,67916.16939642113,158023.031741806,214769.78524651393,0.03185690232625427,0.03788008716112777,92805.90970169341,110352.72395805632,293478.05498126894,348965.9537112894,0.03749802889623843,0.04120621948996605,109239.70724133417,120042.45252628725,345446.285812605,379607.5658957014,0.016197223976825745,0.021742321172939613,47185.94703329209,63339.99064994166,149215.066177268,200298.63742758456,0.023403951719275066,0.03379949906893036,68180.67267424805,98465.10581691087,215606.21805302732,311374.0044309328,0.033924875009486447,0.03938588336984615,98830.35250972645,114739.42752214706,312529.0158880739,362837.9283937946
2026-03-27,2822009.606106568,-30296.137581114657,2852305.743687683,0.010769411959478128,0.018143184567629114,0.025451788668163302,51749.909551034245,72596.28300532726,163647.58288896986,229569.6039590078,0.037506210159634346,0.042592692851051085,106979.17866228237,121487.38245817831,338297.86678689736,384176.83553982916,0.041456569905153215,0.04513593419675946,118246.81245405845,128741.4843561263,373929.2534095892,407116.3199162951,0.019178696484732936,0.02594024236703761,54703.506139846526,73989.50229615194,172987.67539892046,233975.3501980983,0.03521992854356354,0.04187896077828562,100458.00447707604,119451.60036757527,317676.1033429526,377739.1273137443,0.041456569905153215,0.045556221729410075,118246.81245405845,129940.27289950597,373929.2534095892,410907.22214629047,0.018143184567629114,0.024174607777099615,51749.909551034245,68953.37261401815,163647.58288896986,218049.70981057573,0.02587462832224461,0.03736759870199026,73802.35097932229,106583.81640550321,233383.5257698168,337047.62155461084,0.037506210159634346,0.043543718836966144,106979.17866228237,124199.99934020008,338297.86678689736,392754.8833064422
2026-03-30,2794555.603227041,-27454.00287952693,2822009.606106568,0.010763975480165966,0.01813402575302254,0.025438940415810005,51174.394872413504,71788.93422258845,161827.6456776685,227016.5429393887,0.03748727674559301,0.04257119174268925,105789.45508283885,120136.31204127368,334535.6304898475,379904.37574313727,0.04143564232011044,0.04511314924123737,116931.7806625475,127309.74052049109,369770.7577528829,402588.7483697821,0.019169014936003457,0.025927147539621633,54095.14428900203,73166.65941575452,171063.86630869622,231373.29253958893,0.035202149261498436,0.041857819967186315,99340.80337154582,118123.1700380791,314143.20324501896,373538.26175968844,0.04143564232011044,0.04553322460961337,116931.7806625475,128495.19724533692,369770.7577528829,406337.4916878585,0.01813402575302254,0.02416240425516598,51174.394872413504,68186.53691470862,161827.6456776685,215624.7624096296,0.025861566617286804,0.037348735260044404,72981.58942294831,105398.4896797764,230788.04983577033,333299.2893298444,0.03748727674559301,0.04352173764360828,105789.45508283885,122818.76170471241,334535.6304898475,388387.0263883557
2026-03-31,2865374.3283643336,70818.72513729241,2794555.603227041,0.010707276821057024,0.018038505752411435,0.02530494217200256,50409.60732424459,70716.067936106,159409.175099319,223623.84184929746,0.037289814541313804,0.04234695029092009,104208.46016972569,118340.90721506771,329536.0855952699,374226.8071702676,0.0412173823135546,0.04487551816572323,115184.26669469516,125407.13073773873,364244.63337151124,396572.1679577665,0.01906804318580639,0.02579057769117438,53286.70692747045,72073.2033973337,168507.36290067944,227915.4810001601,0.0350167238427433,0.041637336162690844,97856.18182139221,116357.8510768956,309448.41768316366,367955.83304566616,0.0412173823135546,0.045293380809799035,115184.26669469516,126574.87113112003,364244.63337151124,400264.88731663243,0.018038505752411435,0.02403513009659506,50409.60732424459,67167.50748573062,159409.175099319,212402.30841131834,0.025725342212803662,0.03715200281555293,71890.89922572361,103823.33763931024,227338.98459092202,328318.2212209096,0.037289814541313804,0.04329248924267773,104208.46016972569,120983.26839077145,329536.0855952699,382582.68688629183
2026-04-01,2898441.8935064767,33067.56514214305,2865374.3283643336,0.012055901940509506,0.02031052901114031,0.028492202689293086,58197.26842402048,81640.82614445363,184035.9218201026,258170.9606742963,0.04198661854018301,0.047680721131908056,120307.37889986638,136623.11428926812,380445.3366484601,432040.2221795839,0.046408879467790744,0.05052777242777058,132978.81183516223,144780.98198396902,420515.925942068,457837.66494514584,0.021469740876914053,0.029039005979785194,61518.84434534388,83207.62225569486,194539.6671526568,263125.60501491313,0.03942722281129357,0.04688172821442717,112973.75208218125,134333.70049497348,357254.3723948827,424800.4600830046,0.046408879467790744,0.05099826657355309,132978.81183516223,146129.12383093993,420515.925942068,462100.8637905601,0.02031052901114031,0.0270624526118615,58197.26842402048,77544.05697660425,184035.9218201026,245215.83905593958,0.028965553827251612,0.04183144886634418,82997.15434346204,119862.75969990791,262460.04703787697,379039.32728514954,0.04198661854018301,0.04874535456521057,120307.37889986638,139673.68759817153,380445.3366484601,441686.98200503504
2026-04-02,2887714.129255754,-10727.764250722714,2898441.8935064767,0.01202180030956939,0.020253078132064305,0.028411608919903138,58702.370130435076,82349.39755536955,185633.1936624104,260411.66021766968,0.04186785412280917,0.04754585023108102,121351.54238076795,137808.88417214982,383747.2714976788,435789.95579032117,0.04627760613065144,0.05038484828521695,134132.95234027228,146037.55506784076,424165.638678073,461811.29793664237,0.021409011021663295,0.028956865508696677,62052.77444373079,83929.79209503919,196228.10237487723,265409.30656471907,0.03931569796579141,0.0467491173652935,113954.26605649719,135499.6002560178,360355.0298313449,428487.35885135067,0.04627760613065144,0.050854011579288975,134132.95234027228,147397.39761427464,424165.638678073,466111.4976425767,0.020253078132064305,0.0269859030699145,58702.370130435076,78217.07199194522,185633.1936624104,247344.09940391022,0.028883621124790426,0.04171312336585739,83717.49750426124,120903.06427260496,264737.9721229274,382329.0591951604,0.04186785412280917,0.04860747221516902,121351.54238076795,140885.93380589795,383747.2714976788,445520.44110635214
2026-04-06,2908152.0496602906,20437.92040453665,2887714.129255754,0.011690904797274358,0.019322886054953036,0.025039641641475565,55798.971078886854,72307.32695958973,176451.8397031454,228655.8447108014,0.025091740063864255,0.03693700994024283,72457.77231003348,106663.52549689944,229131.59468158588,337299.6838336455,0.0407154572536287,0.04285964487843212,117574.60119041227,123766.40209033244,371803.5347476473,391383.7284096753,0.020586824476728,0.02814201178795977,59448.86391795564,81266.08506577341,187993.81429014116,256985.92533283844,0.03823354823075782,0.045462365569257104,110407.5574375407,131282.31540373404,349139.35239849216,415151.1331764073,0.04500383250323555,0.049454274120632996,129958.20299025264,142809.80613023907,410963.9220717034,451604.2595786323,0.019695619807063997,0.02624312628181933,56875.31960130819,75782.6465598527,179855.55259015365,239645.77024465828,0.028088610364096343,0.04056498540231259,81111.87701956062,117140.08149931148,256498.2766732815,370429.462835576,0.0407154572536287,0.04726956990388192,117574.60119041227,136501.00489528236,371803.5347476473,431654.078370886
2026-04-07,2898429.3555338387,-9722.694126451854,2908152.0496602906,0.011465643549899719,0.01817896662175741,0.022883946520654144,52867.199041769825,66549.99597835682,167180.76248546387,210449.56556665327,0.023422029775056103,0.030722331830433294,68114.82389753376,89345.21228301818,215397.98593747427,282534.36884558987,0.024608270498112247,0.03437248285812189,71564.59228767999,99960.40647576038,226307.11145038874,316102.5602996477,0.02019015596889859,0.027599769353442157,58716.04346391339,80264.32581536408,185676.4325394089,253818.08443440197,0.037496861300587374,0.044586393233983244,109046.5740471308,129664.01087036809,344835.5450271387,410033.60490319494,0.04413669521813152,0.048501385386219696,128356.22066384074,141049.4033222985,405898.0091489065,446037.37710618414,0.01931612309894007,0.025737471718399133,56174.22298167305,74848.4811309362,177638.49041226186,236691.67977789402,0.027547396872296143,0.03978337616248803,80112.0186769735,115696.10692934591,253336.4469731853,365863.21431112266,0.039930948710669774,0.04635877621733221,116125.27033781425,134818.3700761774,367220.3481702838,426333.119872209
2026-04-08,3001597.066719133,103167.7111852942,2898429.3555338387,0.011146578550536145,0.017673083812095827,0.02224713391172628,51224.18492378842,64481.74600623981,161985.09564483003,203909.18488418378,0.02277024342893886,0.029867393270442005,65997.94198708788,86568.52942832293,208703.8175628567,273753.72668481455,0.023923473541304054,0.03341596819119357,69340.49799845276,96853.82314894044,219273.9077654574,306278.6812457934,0.019628305945100892,0.026831725208962556,56891.258150679794,77769.8600052744,179905.95470876695,245929.89092910156,0.03645340168360735,0.04334564669699977,105657.6095488342,125634.29482118251,334118.6983030716,397290.5238640334,0.042908462841083087,0.047151692764951875,124367.14829942811,136665.85047304904,393283.45472612936,432175.3658588351,0.0187785955910032,0.025021251441559738,54428.43271666199,72522.32969041013,172117.81685787797,229335.74304334994,0.02678081014497684,0.03867628759526355,77622.28628917932,112100.48732918114,245463.22186346605,354492.866775058,0.03881975350653592,0.04506870795034788,112516.31313793139,130628.46613926961,355807.82344059035,413083.4802542739
2026-04-09,3029384.0149492687,27786.94823013572,3001597.066719133,0.013790889556282906,0.021865682448343905,0.02752483780825247,65631.96829876109,82618.47242717049,207546.50714405146,261262.54967367847,0.028172044979943023,0.03695285688422487,84561.12757527645,110917.58683058129,267405.764649945,350752.2069541337,0.02959885671777832,0.0413432628363658,88843.84150232331,124095.81645823373,280948.8952263373,392425.42810622806,0.02428474336215012,0.033197035061807025,72893.01444185674,99644.12306529218,230507.9511518146,315102.3843364422,0.04510126890419351,0.053628566257690816,135375.83644813808,160971.34717143743,428095.98332655535,509036.09508744505,0.05308766895495328,0.05833752342614207,159347.79141414416,175105.73919556674,503901.96098611876,553732.9672254113,0.023233455597472977,0.030957061274550234,69737.47217112411,92920.62431593444,220529.25032335985,293840.8144431782,0.033134041379844915,0.047851491671196164,99455.04141429286,143630.89703839744,314504.4556555393,454200.77701446885,0.04802899210583435,0.05576039059606514,144163.68182234876,167370.22485226227,455885.5904344358,529271.1230276675
2026-04-10,3011935.5325815245,-17448.482367744204,3029384.0149492687,0.01355994358284825,0.0214995138051076,0.027063899415894602,65130.28345037409,81986.94427270595,205960.0403555523,259265.4822990479,0.027700268280913935,0.03633403432970512,83914.74994000694,110069.74279702666,265361.7390938998,348071.0887075168,0.029103186242763462,0.04065091735410071,88164.7271879191,123147.23922553651,278801.3472011963,389425.7635143253,0.023878064469356912,0.03264110851724264,72335.82681139791,98882.45237235927,228745.96915549252,312693.7701197755,0.044345990834007545,0.0527304877553766,134341.03575962925,159740.896706616,424823.656226557,505145.0690705965,0.05219864846543796,0.05736058745109618,158129.7512631539,173767.24671245037,500050.1798274542,549500.2823477491,0.022844381854455094,0.03043864593799422,69204.40522128339,92210.34744126018,218843.54461650443,291594.72174986155,0.0325791697445481,0.04705015762532455,98694.81604445286,142532.99541100164,312100.41195180104,450728.90722509264,0.047224685589586896,0.05482661198571886,143061.70763609963,166090.8619433627,452400.84208317794,525225.4222816064
2026-04-13,3041165.431848369,29229.89926684461,3011935.5325815245,0.013222773979017749,0.020964925846984703,0.0263909523502661,63145.00509647004,79487.84712243236,199682.0389677857,251362.64321014725,0.027011497828056896,0.03543058426107753,81356.89009657323,106714.63567606313,257273.0760531676,337461.308411422,0.028379532068561013,0.03964012747758785,85477.32103533577,119393.50846580807,270303.02276108303,377555.42459054914,0.023284333567146095,0.031829483486496356,70130.91162336804,95868.35229669524,221773.4151138197,303162.3487849913,0.04324332251760791,0.051419337929594286,130246.099637666,154871.73097196195,411874.3312082561,489747.4150442426,0.05090072288661468,0.055934309647784806,153309.69589628038,168470.53471858063,484807.8264200153,532750.608337189,0.02227635359293917,0.029681785400238598,67094.94092292359,89399.62411743816,212172.83279087846,282706.43417402497,0.03176908482872365,0.045880249881257,95686.43543322939,138188.35486107724,302587.0771516453,436989.94747260504,0.0460504381870091,0.05346334178259088,138700.95106640182,161028.1388055359,438610.91900139005,509215.6860032391
2026-04-14,3047548.246617577,6382.814769207966,3041165.431848369,0.013036400971557815,0.020669428375162432,0.026018975852213893,62859.15107060979,79128.00993385035,198778.08916773862,250224.73810739658,0.026630774834969295,0.03493119551290124,80988.59185144608,106231.54428697212,256108.4147403228,335933.63930387975,0.02797952683892339,0.039081405851867215,85090.36982200749,118853.02050473513,269079.3755835999,375846.25158565823,0.021962371744580798,0.031288437867008675,66791.20575102248,95153.31565768231,211212.3378421682,300901.20439523883,0.04263381440055507,0.05069459010687993,129656.48258280726,154170.63501476558,410009.798367622,487530.3549611661,0.050183284864811044,0.05514592397880227,152615.6711874628,167707.87771167152,482613.1275877167,530338.8751218694,0.021962371744580798,0.02926342510605215,66791.20575102248,88994.91685000948,211212.3378421682,281426.6374233275,0.03132130436350702,0.04523357467021945,95253.26811069902,137562.78364600337,301217.28180449264,435011.7175943326,0.045401364197437795,0.05270978403346115,138073.059356006,160299.17312275516,436625.35107260046,506910.4941095522
2026-04-15,3027603.979699743,-19944.26691783406,3047548.246617577,0.012649688956691723,0.020056290108663236,0.025247148520535907,61122.5117543101,76941.90320585275,193286.35345403402,243311.661638706,0.025840799088109035,0.03389499594923737,78751.08195216377,103296.63547420823,249032.78717141677,326652.64273064525,0.027149541690224255,0.03792209437980155,82739.53817451374,115569.41223523048,261645.39318191362,365462.57051025954,0.02131087958450419,0.030360297126633955,64945.93371163406,92524.47027506198,205377.07529507685,292588.06536974176,0.041369124222319816,0.0491907849442577,126074.40198783549,149911.29040661486,398682.2649252201,474061.1246598525,0.04869464706937884,0.053510074374297,148399.2862959472,163074.53333576498,469279.7478386054,515686.9537100733,0.02131087958450419,0.028395354377840097,64945.93371163406,86536.21244627133,205377.07529507685,273651.53141442867,0.030392188670834475,0.043891765160180576,92621.6612946722,133762.27195485876,292895.4103598242,422993.4443762172,0.044054577376077673,0.05114620012474217,134258.4500379439,155870.5125113097,424562.4972438225,492905.83959351055
2026-04-16,3025567.6128373505,-2036.366862392519,3027603.979699743,0.012369332805194307,0.019611780814606166,0.024687593782096524,59376.705643300695,74744.25718388606,187765.62979020353,236362.0947184828,0.025268087220745077,0.03314377821954594,76501.76142892802,100346.23483978296,241919.81113023008,317322.6567158556,0.02654782404726487,0.03708162371894638,80376.29773786766,112268.47154521046,254172.17074350116,355024.0795086684,0.020838564715277636,0.029687419232965397,63090.92146320521,89881.74861674072,199511.01150253156,284231.0457075893,0.04045225674063737,0.04810056531883254,122473.41349578946,145629.46298510485,387294.9394622995,460520.797460115,0.047615423390627895,0.052324125963290224,144160.64535255326,158416.73200076813,455875.9882738357,500957.6926029103,0.020838564715277636,0.02776602568042852,63090.92146320521,84064.52985051065,199511.01150253156,265835.3847588277,0.029718603962110783,0.042918988168994,89976.16362680716,129941.69938513241,284529.612184707,410911.7330899195,0.04307819196365466,0.05001264246338134,130423.70542743032,151418.47535743372,412435.9700295443,478827.26195956895
2026-04-17,3084707.1755384747,59139.56270112423,3025567.6128373505,0.011993645489500677,0.01901612239015847,0.023937770328802767,57534.56402541466,72425.34263036454,181940.26650509608,229029.04303004238,0.02450063274198064,0.03213711947187143,74128.32091815899,97233.02784397878,234414.33322528657,307477.83178154414,0.02574150078707775,0.03595536283681683,77882.65108720961,108785.38130688868,246286.5676477715,344009.5810596729,0.020205645821099037,0.02878573868016949,61133.5475927796,87093.19866232018,193321.25183948735,275412.8764824617,0.03922362137380031,0.04663963185115272,118673.71848676508,141111.359603505,375279.2488198084,446233.3000701506,0.0461692248865559,0.050734912483569726,139688.11152656772,153501.90805042596,441732.59447157424,485415.65462108277,0.020205645821099037,0.02692270261526043,61133.5475927796,81456.4570827834,193321.25183948735,257587.9345093503,0.02881597625174641,0.04161543205069432,87184.68447957416,125910.30340681417,275702.1800385862,398163.33964839106,0.041769800431254125,0.04849363447049082,126377.35537948208,146720.76988268996,399640.28766769636,463971.81288273603
2026-04-20,3086711.712289395,2004.536750920117,3084707.1755384747,0.01255789216050663,0.01991074477694501,0.02506393394862594,61418.817283757475,77314.89689854882,194223.35381038982,244491.17126050245,0.025653276487729502,0.03364902531347714,79132.84605777163,103797.3898343587,250240.03127403464,328236.167056981,0.026952521751347595,0.03764689972635096,83140.63724523874,116129.66172265225,262913.7798127816,367234.2349484542,0.021156229894978906,0.03013997724232738,65260.77416438302,92973.0040699736,206372.68822532217,294006.4537692213,0.04106891501736674,0.0488338151819835,126685.576845651,150638.0201007842,400614.9695245467,476359.2457367052,0.048341277701354324,0.053121760210367464,149118.68620006574,163865.07489815474,471554.6900841267,518186.865632253,0.021156229894978906,0.028189293772923237,65260.77416438302,86955.71677469835,206372.68822532217,274978.1205805574,0.03017163735462526,0.04357324954810446,93070.66624555722,134410.71554256644,294315.28868531284,425044.00304750464,0.043734880261448394,0.050775040223137696,134909.29896380586,156626.13091456753,426620.6622622204,495295.3147897449
2026-04-21,3067466.7326364145,-19244.979652980343,3086711.712289395,0.01217636795224811,0.019305831863235538,0.02430246081019062,59591.53732773892,75014.6904202694,188444.9872265989,237217.27970046486,0.024873898398148662,0.032626726540935576,76778.55351586189,100709.2989475691,242795.10456325245,318470.7662331167,0.02613367099277104,0.03650314061232904,80667.10833850398,112674.67166342272,255091.79460923356,356308.59706804884,0.020513477611613908,0.029224287665817687,63319.19160355493,90206.95102139395,200232.865067843,285259.42600685725,0.03982119087021137,0.04735018381810361,122916.53625639295,146156.3669703962,388696.2166688681,462187.0141618555,0.04687261023188703,0.051507855802962375,144682.23498834143,158989.90178191723,457525.399526864,502770.2145973217,0.020513477611613908,0.02733286835927743,63319.19160355493,84368.68489504585,200232.865067843,266797.2074613889,0.02925498590496652,0.04224944063792978,90301.70763572131,130411.84325477337,285559.0727314979,412398.4585459502,0.04240616081141952,0.04923243205507666,130895.59324983618,151966.32464889696,413928.2103484439,480559.7135351022
2026-04-22,3079483.41800001,12016.685363595374,3067466.7326364145,0.01190441419066609,0.0188746446967285,0.02375967615889312,57897.344697547,72882.0161956192,183087.47972012107,230473.17164343662,0.02431835094252692,0.03189802311757384,74595.73250877872,97846.12475002503,235892.4184564071,309416.6144310525,0.025549987076655574,0.03568785920509729,78373.73537693129,109471.32087064817,247839.51252641802,346178.7124183752,0.020055318214535486,0.02857157620116399,61519.02143552474,87642.35949605684,194540.22716097956,277149.47551882657,0.03893180228649743,0.04629263852615503,119422.00835540917,142001.12864494338,377645.549154752,449046.9968326006,0.04582573133353901,0.050357450756763546,140568.90636436507,154469.8049367486,444517.9123103324,488476.4133220474,0.020055318214535486,0.026722400903441444,61519.02143552474,81970.0757874799,194540.22716097956,259212.13946505668,0.02860158880879748,0.041305818175855616,87734.42217153225,126704.22311876564,277440.6032608178,400673.9342174625,0.0414590380739871,0.048132847586069435,127174.2200590619,147645.90871732694,402160.1950421089,466897.3587520628
2026-04-23,3128415.015379372,48931.59737936175,3079483.41800001,0.011581423444424968,0.018362537550758035,0.023115028265255036,56547.12989996188,71182.34624945442,178817.72562928888,225098.34334302015,0.02365854507619216,0.031032565470910312,72856.09725613953,95564.27078566798,230391.2087601448,302200.75861579954,0.0248567644400633,0.03471957566826939,76545.99391830724,106918.35755043219,242059.68654324763,338105.5335436269,0.019511177016785924,0.0277963717626512,60084.346088855156,85598.46592364808,190003.385362612,270686.1165350366,0.03787550403682069,0.04503662595606513,116636.98662978175,138689.5428343714,368838.5371687168,438574.8430040982,0.04458238689647547,0.04899115163962761,137290.72118255714,150867.43910295723,434151.3805440062,477084.7323220951,0.019257303043364826,0.02588638993745147,59302.54539744311,79716.70856426412,187531.1145014555,252086.36663492577,0.027825570067759514,0.040185108091088884,85688.38162006284,123749.37401704624,270970.4549331075,391329.88091392664,0.0403341708246221,0.04682690643587623,124208.41023320354,144202.6818855188,392781.4808854891,456008.91946294357
2026-04-24,3130135.0768924467,1720.0615130751394,3128415.015379372,0.011874048184741411,0.018826498894380962,0.02369906952546675,58897.10182820455,74140.52495398987,186248.98935999346,234452.92577515842,0.02425631923084655,0.03181665703408077,75883.83329961577,99535.707604594,239965.7508113163,314759.5445470595,0.025484813684120772,0.035596825935697886,79727.07379354912,111361.64475708314,252119.14436793624,352156.44141493115,0.020004160727743622,0.0284986952816743,62581.316790735495,89155.74623791114,197899.50003126316,281935.2246037874,0.03883249430544474,0.046174554384151946,121484.1582697873,144453.16926383236,384166.63976090803,456801.03010353865,0.045708838187274996,0.050228998014483245,142996.21572061713,157137.15159597006,452193.738461926,496911.30407442816,0.019743872188280453,0.026540454454609185,61767.02621554775,83029.55623079171,195324.48713646128,262562.5108023269,0.028528631332577936,0.041200454509961404,89249.39862905924,128892.12052941803,282231.37946813647,407592.6733219088,0.04135328357186525,0.048010069403828744,129370.23326146435,150195.42201234362,409104.598533501,474959.6276891963
2026-04-27,3121707.1716715684,-8427.90522087831,3130135.0768924467,0.01151310414934672,0.018254216183584505,0.022978671759133488,57138.16237741563,71926.3464936616,180686.73442917483,227451.07869443632,0.023518982341961904,0.030849503085909377,73617.59160138902,96563.11171390672,232799.26531647184,305359.3709692308,0.024710133360332887,0.03451476345788312,77346.0551858682,108035.87177016558,244589.70241642164,341639.4237956103,0.0193960797779767,0.027632399817952867,60712.34966724913,86493.14392889073,191989.30704907308,273515.33680405945,0.0376520748746848,0.044770953040055635,117856.08028303165,140139.13053658267,372693.64979404205,443158.8418112557,0.04431939355543335,0.04870215081333435,138725.68835446297,152444.31058092386,438689.14517479896,482071.2377698257,0.01914370341760689,0.025733685054400268,59922.37756907714,80549.91024648119,189491.19593086746,254721.1817010155,0.027661425881053792,0.039948054479276775,86583.99942714704,125042.80657919466,273802.64711649885,395420.07381014293,0.0400962378855903,0.04655067258139834,125506.64065711004,145709.89309997042,396886.84595275956,460775.13981555915
2026-04-28,3100608.048853944,-21099.122817624822,3121707.1716715684,0.01118188813554195,0.01772906774046889,0.022317607291735233,55344.957912472775,69669.03473715957,175016.12400957185,220312.83215481453,0.022842373889627923,0.029962005734419456,71307.20238925486,93532.60817880188,225493.17312464595,295776.0773411074,0.023999257147799175,0.03352182165681522,74918.65315307483,104645.31107357537,236913.58319587188,330917.52944933815,0.018838081505385264,0.02683745405868243,58806.974135894714,83778.67280439519,185963.98057203955,264931.42540789506,0.03656887698211823,0.04348295491133123,114157.32553505381,135741.05219217416,360997.16028406995,429250.8969150624,0.04304438616583127,0.04730105758540357,134371.96899407593,147660.05069200418,424921.47570280446,466942.0796026553,0.01859296566233345,0.024993362681418912,58041.794250749546,78021.95952677396,183544.26931523476,246727.0996140788,0.026865645082267343,0.03879880444277531,83866.67692489696,121118.50608129438,265209.7188721606,383010.34601384524,0.03894272481832716,0.045211474393634474,121567.78334980427,141136.9838564542,384431.0854832755,446314.33107281034
2026-04-29,3084178.024083094,-16430.024770849384,3100608.048853944,0.010967775610551291,0.017389588806890892,0.021890266292517505,53918.29902090635,67873.13585813597,170504.63246809077,214633.70124975673,0.02240498457835917,0.02938828861045806,69469.07551810893,91121.56420762895,219680.50558346597,288151.68685338367,0.02353971565681588,0.03287994062650751,72987.43183325652,101947.80855238897,230806.5251593695,322387.27748834254,0.01847736700455983,0.026323566333892844,57291.0728559665,81619.06164940886,181170.2798195019,258102.13529783138,0.03586865046475334,0.04265033655946923,111214.62633254298,132241.97682261994,351691.52833537466,418185.84904267563,0.04222016559619914,0.046395329612491036,130908.18527152143,143853.73242572145,413968.0298173155,454905.44438169856,0.018236944677615035,0.024514785903788996,56545.61745391727,76010.74248921937,178812.9428549498,240367.07290646984,0.026351217551394145,0.03805587892919801,81704.79723695401,117996.36451408257,258373.2550310068,373137.26748396823,0.03819704349511972,0.0443457580831482,118434.0605033924,137498.81444513917,374521.383732908,434809.42921950086
2026-04-30,3184557.666191854,100379.64210875984,3084178.024083094,0.010712996351273795,0.016985632096553235,0.021381759733901436,52386.71323734994,65945.1534875236,165661.33296011883,208536.88566997077,0.02188452121571465,0.028705604475636543,67495.75940108737,88533.19449177953,213440.3321101585,279966.54312469665,0.02299289271553718,0.03211614610559749,70914.17442336003,99051.91203712561,224250.30956827532,313229.64863196574,0.017813304057909297,0.02557356847524964,54939.40091171406,78873.43788874915,173733.64016614767,249419.71061626967,0.0350354288051215,0.041659577672489116,108055.49958508354,128485.55395007368,341701.49239624327,406306.99691067706,0.0412393994956578,0.045317575277215055,127189.64965089124,139767.46977471802,402208.9876956563,441983.54728685,0.017813304057909297,0.02394531227342906,54939.40091171406,73851.6058935171,173733.64016614767,233539.28348462857,0.025739083976893812,0.03717184838471756,79383.91716156519,114644.59790269456,251033.98781667484,362538.05080667767,0.03730973372567891,0.04331561488933102,115069.86084113077,133593.06754132122,363882.85029659205,422458.37303928554
2026-05-01,3175184.6073869863,-9373.05880486779,3184557.666191854,0.013016551226563255,0.0206379562776621,0.025979358319981424,65722.76187856114,82732.76470064197,207833.6216531399,261623.9735768072,0.026590225753160984,0.03487800787892167,84678.10726800088,111071.02737231988,267775.68691894086,351237.42855143774,0.027936924093423864,0.03902189894180201,88966.74579153289,124267.48742447939,281337.55271444365,392968.2993676862,0.02164359784893924,0.031072507932342393,68925.28545381298,98952.19334374816,217960.89041132134,312914.310435597,0.04256889845129554,0.050617400498458046,135563.11190441577,161194.03080006794,428688.2003182401,509740.28255154856,0.05010687379018016,0.055061956591571946,159568.22905742592,175347.97597921354,504599.0460209289,554498.9871948087,0.02164359784893924,0.029094137029747356,68925.28545381298,92651.95711931825,217960.89041132134,292991.21416929876,0.03127361329402634,0.045164700222098744,99592.62496501105,143829.59233354148,314939.5330443821,454829.1067074835,0.045332234266278845,0.052629526010248666,144363.11415828337,167601.76052398098,456516.250855077,530003.3031098756
2026-05-04,3160450.1308524464,-14734.476534539834,3175184.6073869863,0.012640651836123668,0.020041961605213036,0.025229111592832715,63636.92799071341,80107.08678761101,201237.63574677685,253320.85096963187,0.02582233804786262,0.033870780874376984,81990.69029631671,107545.98207249932,259277.32826582665,340090.2565487336,0.027130145665352656,0.037895002287634164,86143.22091279452,120323.62796059063,272408.7830674797,380496.7206901871,0.021018561685617207,0.0301751783257596,66737.81353358562,95811.7617451093,211043.49682574076,302983.3937479345,0.04133956952222624,0.04915564233672794,131260.76482297695,156078.23891379862,415082.9842563155,493562.7281555284,0.048659858909915664,0.053471846003988306,154504.0350083867,169782.982360431,488584.6583128945,536900.932195153,0.021018561685617207,0.028253939946473138,66737.81353358562,89711.4752160778,211043.49682574076,283692.59393655206,0.0303704760521064,0.04386040824895095,96431.86807966333,139264.89314577825,304944.3421566236,440394.260440631,0.04402310414944851,0.05110966054035336,139781.48266472307,162282.60743650404,442027.85993586737,513182.66413033166
2026-05-05,3194825.1769505483,34375.046098101884,3160450.1308524464,0.012308411580444576,0.019515189209742295,0.02456600287068556,61676.78229154029,77639.62698717974,195039.11079160657,245518.05796536454,0.02514363727305474,0.032980539054283914,79465.21170973229,104233.34896969581,251291.06375023714,329614.79089140386,0.026417071161812508,0.0368989899448985,83489.83601008874,116617.41759967757,264018.04326582514,368776.6544619872,0.02046612084641301,0.029382069782617655,64682.15430708798,92860.56628918968,204542.93157686823,293650.89428688947,0.04025302198292309,0.04786366124352566,127217.66859313568,151270.71444017784,402297.59137077746,478360.00091188465,0.0473809087279845,0.05206642007988929,149744.99918926644,164553.32415450455,473535.2656581494,520363.3008802355,0.02046612084641301,0.02751132822411464,64682.15430708798,86948.18088582772,204542.93157686823,274954.2900075323,0.02957223440606943,0.042707604308162284,93461.57209826136,134975.253624126,295551.4415305482,426829.2292111347,0.04286602399503732,0.0497663210586763,135475.93114423982,157283.9759019384,428412.51054793916,497375.6032971615
2026-05-06,3260408.62885391,65583.45190336183,3194825.1769505483,0.01222410731423487,0.019381523407659043,0.024397742422764802,61920.578950445495,77946.52175300346,195810.0635196862,246488.54442735147,0.024971420421489938,0.03275464474403925,79779.32266679313,104645.36369032755,252284.36981256475,330917.6958381181,0.02623613215232695,0.03664625690531391,83819.85554605591,117078.38420209476,265061.65667183325,370234.3588508948,0.02032594180796931,0.029180822544778988,64937.830633332094,93227.62655018608,205351.45111158394,294811.64075017394,0.03997731610009537,0.04753582764673107,127720.5359834952,151868.65897295834,403887.79768533853,480250.86754991626,0.047056381658300866,0.05170980043727227,150336.9128581336,165203.7723320859,475407.0610299563,522420.1986212983,0.02032594180796931,0.027322894296371008,64937.830633332094,87291.87060520463,205351.45111158394,276041.1323291474,0.02936968466961554,0.04241508620221152,93831.00802158627,135508.7852813532,296719.7004977423,428516.40445177694,0.04257242082174315,0.04942545553338999,136011.44188503877,157905.68972032412,430105.94420034793,499341.6350160607
2026-05-07,3173602.171402237,-86806.45745167322,3260408.62885391,0.012854478534387976,0.020380987355810475,0.025655882118749793,66450.3470394469,83648.65944083057,210134.44795327896,264520.2870527713,0.026259143471967433,0.03444373212213659,85615.53796231544,112300.64142094675,270740.10306152795,355125.8095880397,0.027589073697408244,0.03853602644722117,89951.6539451163,125643.19315026239,284452.1057658382,397318.66285129555,0.021374107404759365,0.030685615511640715,69688.32421652769,100047.64559584678,220373.8308444966,316378.43462018966,0.042038861281322434,0.04998714919556623,137063.86606881622,162978.53256903193,433434.0016857283,515383.37263007433,0.0494829791970341,0.05437636488714082,161334.73235540852,177289.16928374273,510185.219936753,560637.5794157897,0.021374107404759365,0.028731877854267385,69688.32421652769,93677.66247922996,220373.8308444966,296234.7793148625,0.03088421685464784,0.04460234200379074,100695.16712828919,145421.86073625254,318426.0774967103,459864.3015063686,0.04476779003508627,0.051974221174127186,145961.28892511537,169457.19919408587,461570.1232172746,535870.7153661608
2026-05-08,3183661.7155164075,10059.544114170596,3173602.171402237,0.014107289416820296,0.0233167193363012,0.028683401419016055,73997.99111566201,91029.70502659136,234002.19420239617,287861.2026173071,0.029219253216417832,0.037934276251871325,92730.28545437542,120388.30148351115,293238.91011340823,380701.2363269231,0.030277933589458773,0.04229178776959807,96090.11578507909,134217.309498079,303863.6265101486,424432.3994336805,0.023766493156858918,0.033906747718551726,75425.39428922387,107606.5281847836,238516.03937020432,340281.7201670203,0.04613601253933813,0.05485894888206787,146417.3495746843,174100.4792929749,463012.3136210884,550554.0562927821,0.05430564194973737,0.059675942111956204,172344.5032110789,189387.6994669784,545001.1723572124,598896.4911351088,0.023766493156858918,0.031683748289444834,75425.39428922387,100551.61236954403,238516.03937020432,317972.1174901196,0.033894224834932256,0.04894933276618013,107566.78553413664,155345.70875543993,340156.0428707235,491246.26440035115,0.049130905535132614,0.057039682967750305,155921.94848925504,181021.26172254756,493068.494437496,572439.4919607055
2026-05-11,3199836.107871495,16174.39235508768,3183661.7155164075,0.013699474939659617,0.02264267803578755,0.02785421970966948,72086.62719930107,88678.41290525727,227957.93078923607,280425.7640694824,0.028374581067048637,0.036837669626811204,90335.06743697944,117278.67847972042,285664.56568576413,370867.74497049,0.029402657036220383,0.041069213906692485,93608.11354067395,130750.4840010909,296014.8462601784,413469.33461285284,0.023079449764302516,0.032926569160892497,73477.16062979409,104827.05766083664,232355.1835922014,331492.2626220463,0.04480230956663414,0.053273082675250695,142635.3977340076,169603.47378073604,451052.73180348374,536333.276223775,0.052735770777164584,0.05795082593886336,167892.85446150784,184495.82592411444,530923.8229655273,583427.0287141412,0.023079449764302516,0.03076783234972189,73477.16062979409,97954.36992123681,232355.1835922014,309758.91571779666,0.03291440828964017,0.04753430214196945,104788.3415606033,151333.1379031777,331369.83156318957,478557.40123439947,0.047710625993029276,0.05539077595240484,151894.4933973293,176345.49279241817,480332.5631729679,557653.4123288479
2026-05-12,3190947.7729480737,-8888.334923421498,3199836.107871495,0.01334001108633628,0.022048551302306617,0.027123346067266844,70551.7505833778,86790.26211233476,223104.22475558706,274454.90699799435,0.027630053536488394,0.03587107705813027,88411.64296847806,114781.56759884606,279582.163458001,362971.1870169376,0.028631153570376832,0.039991588818951214,91614.99900450566,127966.52991403006,289712.0646882966,404665.6987964059,0.02247386247125662,0.032062600908136535,71912.67661886505,102595.06809812867,227407.8507547499,324434.0918901659,0.04362673087434542,0.05187523730809577,139598.38872012263,165992.25744284733,441448.8660451453,524913.6074724345,0.0513520240675256,0.056430240129041694,164318.06082355446,180567.51994076662,519619.33290451526,571004.6344606947,0.02247386247125662,0.029960507716949348,71912.67661886505,95868.71440285709,227407.8507547499,303163.49386521755,0.03205075912894135,0.046287038032341285,102557.17634547848,148110.9356223068,324314.26764725556,468367.90294505784,0.04645873527900831,0.05393736391653335,148660.33867181407,172590.7246235285,470105.2679349431,545779.7928292569
2026-05-13,3203673.6319103227,12725.85896224901,3190947.7729480737,0.012951555272047322,0.021406506262418898,0.02633352502329536,68307.04348466458,84028.9030269567,216005.83764370487,265722.7228506003,0.026825477372653145,0.034826525568790775,85598.6972805365,111129.62420325207,270686.8481497564,351422.7280008513,0.027797425771934087,0.03882704966685959,88700.13386064247,123895.08766460986,280494.4517614545,391790.66792639875,0.021819432539378077,0.031128950728733826,69624.6696685192,99330.85600206352,220172.53748936125,314111.7469007277,0.042356337832174906,0.05036465104099817,135156.86187581476,160710.97107457998,427403.5249283524,508212.71357311093,0.049856673561785095,0.054787013992423195,159090.04146857726,174822.50028559775,503086.884091343,552837.2871479259,0.021819432539378077,0.029088069654763696,69624.6696685192,92818.51108422666,220172.53748936125,293517.90405174106,0.031117453777436462,0.04493917790437678,99294.1698309255,143398.56965208836,313995.73504130077,453466.0933108984,0.04510587539554634,0.05236672934320398,143930.49264029192,167099.4983742713,455148.1814934245,528415.0107343006
2026-05-14,3220151.985480979,16478.353570656385,3203673.6319103227,0.012594789694246687,0.020816839275328354,0.02560813760277915,66690.35908608465,82040.11520035478,210893.4326865328,259433.6235357222,0.02608653855537552,0.033867188619956974,83572.75571766855,108499.4191686895,264280.25840469246,343105.2893783917,0.02703171351123764,0.0377575136522477,86600.78780130604,120962.75089419998,273855.7366170524,382517.8048652413,0.021218391020141083,0.030271467757786455,67976.79982278876,96979.90305484396,214961.51548934274,306677.3809156282,0.04118958349087747,0.0489772984449629,131957.9825390929,156907.27959033012,417287.7802642625,496184.38496629486,0.04848331379325776,0.0532778422912327,155324.7139870939,170684.81851349885,491179.8731134301,539752.7885151317,0.021218391020141083,0.02828680511475248,67976.79982278876,90621.69167711856,214961.51548934274,286570.9511172188,0.030260287503317107,0.043701276244369716,96944.08516840247,140004.62638491625,306564.11481349985,442733.50233724114,0.043863381860238915,0.05092422718348426,140523.95987206098,163144.6038531394,444375.77902181627,515908.5361418028
2026-05-15,3178887.872646114,-41264.11283486523,3220151.985480979,0.012275596220066224,0.02028927197082754,0.02495914301000272,65334.53942082389,80372.23391956397,206605.9544478617,254159.3198216644,0.025425419705996356,0.03300888245853951,81873.71574795138,106293.61838737426,258907.4222647227,336129.9348448565,0.026346640813863082,0.036800613834811084,84840.1877275154,118503.5697070857,268288.2303352135,374741.1911349234,0.02068064707120225,0.02950428901191477,66594.82672736331,95008.29484192199,210591.33284272513,300442.6083093006,0.04014570371410715,0.047736052308573466,129275.26752351326,153717.34362047672,408804.2905018968,486096.92171145993,0.04725458685575909,0.051927606202293024,152166.95168665602,167214.78421358828,481194.15193463344,528779.5765685064,0.02068064707120225,0.027569924260269624,66594.82672736331,88779.34634626744,210591.33284272513,280744.94363515277,0.029493392101935724,0.04259374189650105,94973.20513561735,137158.32253708222,300331.6449149515,433732.6992651843,0.04275173922188112,0.04963363945719005,137667.09793810555,159827.8626447176,435341.58834988356,505420.0795138507
2026-05-18,3159526.726311831,-19361.14633428305,3178887.872646114,0.012313774146456815,0.020352372965511182,0.02503676761637829,64697.91159963412,79589.0769459639,204592.76051107165,251682.76001964384,0.0255044944641249,0.033111542293723546,81075.9281499766,105257.88024212667,256384.59636608764,332854.6432463558,0.026428580631334984,0.036915066208522876,84013.49446020076,117348.85628820173,265673.9966841728,371089.66668649,0.020744965268660025,0.029596049326763053,65945.91851100819,94082.52228308325,208539.3048866456,297515.0584280879,0.04027055954137771,0.04788451462832907,128015.59335075885,152219.5028395407,404820.85100630444,481360.33327141684,0.04740155178571076,0.05208910453538337,150684.21811620268,165585.42270452587,476505.3366888072,523627.08306806016,0.020744965268660025,0.02765566857118807,65945.91851100819,87914.26943087003,208539.3048866456,278009.3302312642,0.029585118526664154,0.042726211286473845,94047.77449521054,135821.83490268723,297405.1762747578,429506.35427584575,0.042884699994117564,0.049788003400066914,136325.6527333672,158270.4802117362,431099.5661465995,500495.20383769495
2026-05-19,3140532.665873201,-18994.060438629705,3159526.726311831,0.012032065685323055,0.01988676139911874,0.024463988775944308,62832.75414030212,77294.62636978869,198694.61474472965,244427.0702202445,0.02492101519919535,0.03235403273455933,78738.61356868106,102223.43112880805,248993.35868087097,323258.8726043906,0.025823960578128538,0.036070541502241316,81591.49362582024,113965.83990887154,258014.95755270208,360391.6295661504,0.020270372168884103,0.028918965484529324,64044.78261987684,91370.24434565977,202527.3853291766,288938.08249840606,0.039349269511004585,0.04678903628288898,124325.06868086626,147831.2106341617,393150.3872884028,467483.3348640557,0.0463171224263541,0.05089743565255586,146340.18619192284,160811.8082449869,462768.30157959874,508531.58870440326,0.020270372168884103,0.027022975804360253,64044.78261987684,85379.81427835417,202527.3853291766,269994.6793217646,0.02890828475389234,0.041748742064736354,91336.49829175568,131906.26634343347,288831.3681060263,417124.23929405987,0.04190360494577269,0.04864897797586007,132395.55975498143,153707.74612248552,418671.5209186655,486066.5717579688
2026-05-20,3179352.499527538,38819.8336543371,3140532.665873201,0.01175865185690401,0.01943485931420728,0.023908074853550208,61035.810532918,75084.09005571608,193012.18011851647,237436.74061726173,0.024354715915938217,0.03161882731047811,76486.78090206593,99299.9600251602,241872.43854479655,314014.0452431772,0.02523714297662381,0.03525088300774806,79258.07191139951,110706.54958670735,250636.03019343762,350084.8485923676,0.019809753003138197,0.028261817720061227,62213.17640923525,88757.16174680636,196735.33792703907,280674.78977187723,0.03845510597301625,0.04572581323601456,120769.51647787317,143603.4101413209,381906.74398731533,454113.8558138964,0.04526462303887231,0.04974085430547659,142155.02726201518,156212.77777478888,449533.66699129756,493988.1773900624,0.019809753003138197,0.026408912063089457,62213.17640923525,82938.05100430528,196735.33792703907,262273.1458688202,0.028251379695833106,0.04080005347724612,88724.38079075077,128133.90071466492,280571.1272868637,405194.97174021805,0.040951397290626794,0.04754349005176414,128609.20090436476,149311.88355718285,406698.0029119796,472165.63377054175
2026-05-21,3189858.492979776,10505.99345223792,3179352.499527538,0.011790903812413708,0.01948816578382361,0.023973650582458823,61959.74859600663,76220.68590214028,195933.9288148009,241030.97227104916,0.024421516704305035,0.031705552304473715,77644.61017608574,100803.12696812961,245533.81619231837,318767.476486433,0.02530636411033703,0.03534757010455805,80457.85198815401,112382.38536415153,254430.06792727349,355384.30663349025,0.019864087741532564,0.028339335015310975,63154.93701187589,90100.73561587723,199713.4464419963,284923.543402826,0.03856058170119118,0.04585123126114869,122597.68181491802,145777.2267165483,387687.91039174644,460988.06740704173,0.045388776098779074,0.04987728489629578,144306.91874014903,158577.47040468513,456338.545339707,501465.99206674815,0.019864087741532564,0.026481347157459412,63154.93701187589,84193.53727592505,199713.4464419963,266243.3420582115,0.028328868361381328,0.04091196099228738,90067.45843354432,130073.54544140204,284818.3117125413,411328.6669282422,0.04106371991566495,0.04767389365113807,130556.04055376812,151572.11294195586,412854.45044321794,479313.10666086554
2026-05-22,3220789.3677756903,30930.87479591416,3189858.492979776,0.011460230830969904,0.018941624993979875,0.02330131548073003,60421.103357884705,74327.89908380783,191068.30535136347,235045.45479997527,0.023736621307949575,0.03081637793110593,75716.46307380767,98299.8848664128,239436.479685266,310851.52991018095,0.024596653387308532,0.034356256242684104,78459.8437063859,109591.59576271534,248111.81097300677,346559.05502263835,0.01930700431335309,0.027544565373328007,61586.611682946525,87863.265791547,194753.96629044673,277848.0425620457,0.03747915972369053,0.04456534481976913,119553.2159543598,142157.14366591282,378060.4640137579,449540.35964806296,0.04411585909805968,0.04847848877639054,140723.34781904478,154639.51915019413,445006.29907226993,489013.0967878392,0.01930700431335309,0.02573868432545613,61586.611682946525,82102.76079368168,194753.96629044673,259631.72629600787,0.027534392254119334,0.03976459516408096,87830.81498083912,126843.43160404617,277745.4240882898,401114.150100571,0.03991209804598348,0.04633689109378877,127313.94492462193,147808.12559380106,402602.04386303935,467410.3335566392
2026-05-26,3268968.041752665,48178.67397697456,3220789.3677756903,0.01135975056621167,0.01877554984921028,0.023097015725930002,60472.091328478935,74390.62267742326,191229.54347171093,235243.80421883083,0.02352850490709634,0.03054618810167949,75780.35844443405,98382.8378639656,239638.534588386,311113.8503211862,0.02438099645325757,0.03405502969897107,78526.0541524288,109684.07757373138,248321.186787398,346851.5081875863,0.0191377256196071,0.027303061928747888,61638.58319903898,87937.41156783243,194918.31465475098,278082.51209398895,0.037150552390426736,0.04417460769478633,119654.10414608018,142277.10678903002,378379.50048861,449919.71635234053,0.04372906294468457,0.04805344224293267,140842.10099503398,154770.01586106076,445381.82958777464,489425.76362133824,0.0191377256196071,0.025513014366997572,61638.58319903898,82172.04541313421,194918.31465475098,259850.82350029587,0.027292978004750605,0.03941594973895625,87904.93337263653,126950.47184001128,277979.8070228783,401452.64104750264,0.03956215935470691,0.04593062152087623,127421.38221588757,147932.85744976747,402941.7904090777,467804.7703182731
2026-05-27,3257641.810996117,-11326.230756547302,3268968.041752665,0.01159865783611512,0.019170419026069932,0.0235827697869753,62667.48714322985,77091.32076963256,198171.9946119249,243784.16146268364,0.0240233336306234,0.031188605940239766,78531.50989486992,101954.55608546111,248338.4393598392,322408.61506143777,0.024893753953188835,0.03477124209504794,81376.88611222837,113666.0791807567,257336.30900676624,359443.70291223703,0.019540211726435972,0.027877273479202495,63876.32766279986,91129.91609471208,201994.68398166748,288178.0978393269,0.03793186682116796,0.045103645252601014,123998.0604024163,147442.374897302,392116.2963147704,466253.7282999092,0.044648730236907054,0.049064055691600196,145955.27224928504,160388.830054614,461551.09681770793,507194.01422224863,0.019540211726435972,0.026049579371123323,63876.32766279986,85155.24246530162,201994.68398166748,269284.520894245,0.027866977479883835,0.040244907812278276,91096.25880198147,131559.31748161983,288071.66413442313,416027.09065912577,0.040394192367036535,0.04689658986045928,132047.32392025186,153303.45352102345,417570.30251803016,484788.08629619394
2026-05-28,3265962.520542521,8320.709546403028,3257641.810996117,0.011277407249405465,0.018639451698072813,0.02292959260584362,60720.65718568457,74696.39958190359,192015.5777290329,236210.75569286442,0.02335795405545141,0.030324768236039135,76091.84775036483,98787.23291448805,240623.55026191229,312392.659755336,0.02420426615418102,0.033808175326333,78848.82942833829,110134.92549654967,249341.89183166125,348277.21450204786,0.018999002168378094,0.027105150481214403,61891.943830914366,88298.87150094556,195719.51132089665,279225.5487655185,0.03688125953164607,0.043854399632558196,120145.9330924893,142861.92583915434,379934.80017846375,451769.07656978955,0.04341208449848498,0.04770511770929301,141421.02156476106,155406.18604828423,447212.53717243456,491437.5103924601,0.018999002168378094,0.02532807842034469,61891.943830914366,82509.80725430335,195719.51132089665,260918.92022508237,0.027095139652461905,0.039130235715778124,88266.2598066387,127472.29194185238,279122.4215331517,403102.78109818156,0.039275385503265856,0.04559768465778623,127945.13795842962,148540.9240258206,404598.0514931033,469727.645667621
2026-05-29,3244178.714161057,-21783.806381463077,3265962.520542521,0.0109516921992624,0.018101105444345292,0.022267338131902716,59117.531961619905,72724.29177104158,186946.05064652077,229974.4032191319,0.022683327609127783,0.029448925660867525,74082.89781259873,96179.08747863623,234270.69275331788,304144.97970907163,0.023505196448730704,0.032831724686737396,76767.09063954365,107227.18231165498,242758.85576555,339082.12318694853,0.018450271346914883,0.026322297184097773,60257.894712863585,85967.63605784527,190552.19429926682,271853.5350032098,0.03581605180862775,0.04258779307491475,116973.88284078741,139090.13601529188,369903.89653057535,439841.62987093884,0.042158252924744094,0.04632729437959262,137687.27398376632,151303.2071218897,435405.3906083472,478462.751793381,0.018450271346914883,0.024596550671965742,60257.894712863585,80331.41262926508,190552.19429926682,254030.23156729297,0.026312575488965883,0.03800007286837838,85935.88536590837,124106.81376600852,271753.1304994028,392460.20464692626,0.03814103042716813,0.044280728391486494,124567.175870003,144619.199308918,393915.9974439761,457326.06320602976
2026-06-01,3205194.950204011,-38983.76395704644,3244178.714161057,0.01074385386075441,0.017757587418796322,0.021844754436513427,57608.78711891321,70868.28735901217,182174.98053553517,224105.20192979736,0.022252849374683695,0.028890051683327117,72192.22027078104,93724.49072206265,228291.84540024571,296382.86322103726,0.02305912100328154,0.03220865283764883,74807.90952611013,104490.62594770346,236563.38109831538,330428.37213143305,0.018100126942562224,0.025822759540698254,58720.04655067342,83773.64684283263,185689.09141124185,264915.5319219249,0.035136344183141106,0.04177957312201939,113988.57989238304,135540.40180919072,360463.5397080014,428616.38469144964,0.041358184672016116,0.04544810715297629,134173.3423692968,147441.78182459658,424293.36316455074,466251.85283934197,0.018100126942562224,0.024129763792671115,58720.04655067342,78281.26607391781,185689.09141124185,247547.09891524716,0.02581322234134354,0.03727891746477068,83742.70646369335,120939.47052617592,264817.68985217565,382444.1858775183,0.03741719996802692,0.04344038035673896,121388.08367978071,140928.35728839264,383862.8252312204,445654.59593731165
2026-06-02,3240911.167104515,35716.21690050373,3205194.950204011,0.010829296237675132,0.017898807738534823,0.02201847866680319,57369.16817822429,70573.51663401233,181417.23891244136,223173.0550512587,0.022429819051344793,0.029119804872190083,71891.94275736006,93334.65152726982,227342.28452770362,295150.08344428585,0.023242502696085448,0.03246479778261273,74496.7522715962,104056.00591222469,235579.41546356663,329053.982902577,0.018244071367773413,0.02602811955232955,58475.80541914893,83425.19735243295,184916.7331373277,263813.637882737,0.03541577210558135,0.04211183248449248,113514.4539103854,134976.63282313253,358964.2217070249,426833.590621342,0.041687092869140005,0.045809541173954804,133615.25955285318,146828.51004192265,422528.5503415873,464312.5171813806,0.018244071367773413,0.024321659959512368,58475.80541914893,77955.66168280813,184916.7331373277,246517.4474231883,0.02601850650672892,0.03757538457596776,83394.38566721774,120436.43289486556,263716.2027789088,380853.4412138015,0.03771476679501665,0.04378584757922027,120883.18007950929,140342.17755131933,382266.1798555435,443800.93284992134
2026-06-03,3267484.221516604,26573.054412088823,3240911.167104515,0.010844599951930493,0.017924101925075705,0.02204959467826497,58090.42208929738,71460.77762291723,183698.04404273687,225978.8206552116,0.02246151635964882,0.029160956315751618,72795.7792000866,94508.06896716634,230200.46631898385,298860.7552005226,0.023275348470366043,0.03251067629380302,75433.33677585829,105364.21385070622,238541.15571825454,333190.89964129205,0.018269853472994202,0.026064901896767356,59210.97214199011,84474.03162671697,187241.53444146758,267130.3430775242,0.03546582086632641,0.04217134396492186,114941.57489620558,136673.57958772083,363477.17451884155,432199.8074654946,0.04174600411724,0.045874278171900845,135295.09092555416,148674.46041017232,427840.6435643296,470149.9247926761,0.018269853472994202,0.024356030774204975,59210.97214199011,78935.73212246213,187241.53444146758,249616.70227989752,0.02605527526623011,0.03762848525176102,84442.83257230722,121950.57805365982,267031.6830047459,385641.5886237087,0.03776806444258036,0.04384772473957072,122402.94181188164,142106.58076059967,387072.0884306034,449380.465702158
2026-06-04,3297604.863449953,30120.64193334989,3267484.221516604,0.010702797160263176,0.017689728347223918,0.021761276612649816,57800.90825746915,71104.62797189156,182782.5209200367,224852.57657009637,0.022167812051606336,0.028779650870498552,72432.97610416933,94037.05512011061,229053.18219372473,297371.2786343483,0.02297100258349541,0.03208557027994466,75057.3884939884,104839.09462808126,237352.3028651187,331530.3268546602,0.018030958886074727,0.025724080117275307,58915.87365906377,84053.02589622606,186308.35110136005,265799.0060611899,0.03500207370830213,0.041619916127187365,114368.72356223837,135992.41924642917,361665.6595428394,430045.7893352353,0.041200137976393915,0.045274431175300424,134620.80076217416,147933.48950343358,425708.3508442017,467806.76904746145,0.018030958886074727,0.024037554004842674,58915.87365906377,78542.32843467669,186308.35110136005,248372.65058658578,0.02571457936349613,0.03713645933300296,84021.9823331601,121342.7949135802,265700.83769521443,383719.60957760795,0.037274213401733466,0.04327437673190868,121792.90415960684,141398.34316747688,385142.97999095323,447140.82178333437
2026-06-05,3225711.9606235777,-71892.9028263758,3297604.863449953,0.01061738616224469,0.017548559890960738,0.021587616182968544,57868.2164429749,71187.42811524798,182995.36809140802,225114.4136136911,0.021990907367451098,0.02854998205900326,72517.32308658415,94146.55968917804,229319.91077191773,297717.56248679664,0.022787688238024493,0.031829519404779336,75144.79156049086,104961.17799047499,237628.69562974965,331916.38834423607,0.017887067324772625,0.025518795524563286,58984.48020302695,84150.90423118479,186525.30404267617,266108.52453324443,0.03472274840638551,0.04128777878770131,114501.90401724598,136150.78013136965,362086.813120481,430546.5704239271,0.040871350571534175,0.044913129891766934,134777.56442045912,148105.7555638501,426204.0810587225,468351.5221619219,0.017887067324772625,0.02384572831229387,58984.48020302695,78633.78965512651,186525.30404267617,248661.876360786,0.02550937058917533,0.036840101100009334,84119.82451841175,121484.09655737874,266010.2418518578,384166.44460913714,0.03697675585682024,0.042929036383030264,121934.72994805196,141562.9991599006,385591.47251338896,447661.50974978873
2026-06-08,3262695.3277166057,36983.36709302804,3225711.9606235777,0.011624028488194185,0.01958295356090229,0.023992525080052743,63168.9675257386,77392.9751162873,199757.814822545,244738.07626420262,0.024075881748512013,0.03125682721905678,77661.8597187341,100825.52141165605,245588.36403568336,318838.2939349086,0.024948206009574325,0.03484729995432917,80475.72652118492,112407.35225811705,254486.59216376304,355463.2588845212,0.020469060209499863,0.028109676402865755,66027.29234050786,90673.71938198242,208796.63152979477,286735.4771660196,0.03801483816228579,0.04520230398599673,122624.91814125491,145809.61261537246,387774.03921806667,461090.4806113979,0.04474639389908402,0.04917137734071925,144338.9779950492,158612.70000829324,456439.92560527945,501577.39785521466,0.01964014653322171,0.026219339116426345,63353.455580612965,84576.03578750209,200341.21727704213,267452.90855641925,0.02792793310079506,0.04033293864899114,90087.46783872975,130102.44260714768,284881.58700755244,411420.04778992187,0.040482549745540095,0.04699917044192446,130585.04491072765,151605.78623390186,412946.1702732786,479419.5909597307
2026-06-09,3288064.153688724,25368.82597211795,3262695.3277166057,0.011610705882526861,0.019560509021269722,0.023965026614187004,63819.981391455236,78190.58036271205,201816.50142656057,247260.3255166047,0.02404828774536979,0.031221002944892797,78462.23606640253,101864.62043492812,248119.37627964243,322124.21356290457,0.024919612212586453,0.034807360544654296,81305.10233451548,113565.8126191909,257109.30877014226,359126.6322045356,0.020445600079663735,0.02807745916126731,66707.76385228113,91608.19481962066,210948.4713898564,289690.5479664391,0.037971268353517884,0.045150496433058296,123888.67984449622,147312.31375622458,391770.40462000296,465842.4388590241,0.044695108876722144,0.04911502072811331,145826.52290386634,160247.34865031953,461143.95563892904,506746.610738119,0.019617636443214938,0.02618928844025493,64006.37076412039,85447.66903024228,202405.9163758324,270209.25488779665,0.02789592415998911,0.04028671200410889,91015.90141913325,131443.26702487055,287817.5517778126,415660.1068922952,0.04043615162743367,0.0469453034529434,131930.84298566807,153168.22223415665,417201.9574607603,484360.44741877925
2026-06-10,3228419.4372004657,-59644.71648825798,3288064.153688724,0.011415752523418643,0.019232071889354944,0.02356263398734554,63236.28618055257,77475.45218027849,199970.6951007758,244998.89164113824,0.023644497095240902,0.03069677647146241,77744.62333085877,100932.97034961099,245850.08555738008,319178.07731101225,0.02450119130367091,0.034222916159573166,80561.48884827022,112527.14385898711,254757.79645478897,355842.0731878284,0.0201023015365052,0.02760601538910609,66097.65708882452,90770.349627099,209019.1444014599,287041.04883144837,0.037333699338333526,0.04439238223792784,122755.5985189669,145965.00073337855,388187.2868571276,461581.86098562414,0.043944641015475426,0.048290338889602075,144492.798869704,158781.73227238114,456926.3499208679,502111.9248077875,0.01928824009461531,0.02574954861687646,63420.9708428462,84666.16778081656,200554.7192825227,267737.93094534404,0.027427528510711462,0.03961026477410489,90183.47332034583,130241.09172185347,285185.1829973207,411858.4947879581,0.03975719518249944,0.04615705296282642,130724.20833078245,151767.35128698146,413386.2436476305,479930.50451774825
2026-06-11,3335134.688772228,106715.25157176238,3228419.4372004657,0.011941838175118846,0.02011836624907417,0.024648498772131006,64950.52464322888,79575.69253375956,205391.59309549848,251640.43479193558,0.024734134474638847,0.03211141239861272,79852.16050025418,103669.10794364133,252514.70326613367,327830.50409976125,0.025630308737495854,0.035800051360599654,82745.38690958054,115577.5816653349,261663.8885061556,365488.40451657504,0.02102869972031405,0.028878216110611792,67889.46291611387,93230.99420317475,214685.33194045656,294822.2902039872,0.039054192447000265,0.046438168995502974,126083.31400006327,149921.88741308183,398710.44718239515,474094.63533666765,0.045969793983703454,0.050515759802804566,148409.77642108925,163086.06083232423,469312.92052699445,515723.40685492026,0.020177122920299315,0.026936195580123588,65140.21582267733,86961.33737510427,205991.44927459932,274995.89447965776,0.028691503809885385,0.04143567154557738,92628.20858234519,133771.72741119628,292916.11470136716,423023.34515456005,0.041589373122100905,0.048284163132628656,134267.9405683732,155881.53076633648,424592.5089361822,492940.6823752358
2026-06-12,3379574.4421862224,44439.75341399433,3335134.688772228,0.01405366780619896,0.023676157047331583,0.02900741147093836,78963.17266537462,96743.62422821597,249703.47689573257,305930.2016606117,0.029108191241836882,0.03779008859609425,97079.73833806615,126035.03536860972,306993.0878014584,398557.7767446861,0.030162847585522623,0.04213103727322293,100597.15929462615,140512.6838838815,318116.14951379615,444340.12121629994,0.024747476555271736,0.033985124409050375,82536.16751906421,113344.96731886368,261002.27870145178,358428.2580449577,0.04596065019814623,0.05465043078130909,153284.95879436366,182266.5474550895,484729.6008352468,576377.4312132493,0.05409922696092324,0.05944911468700997,180428.20847313685,198270.80460944548,570564.0929188038,626987.3360800592,0.023745304420347967,0.03169967128130961,79193.78846775903,105722.67331297247,250432.74809569464,334324.4479908926,0.03376539335833097,0.048763277033983074,112612.134669409,162632.09677424707,356110.83772894513,514287.8464555435,0.048944159647369284,0.056822875927099795,163235.3646527472,189511.9446202709,516195.5469908216,599289.3888077497
2026-06-15,3422586.6430441765,43012.2008579541,3379574.4421862224,0.014005995443405932,0.023595843611446378,0.02890901353935219,79743.91001106723,97700.16330641012,252172.3851624755,308955.04381866317,0.029009451448619515,0.037661898372845976,98039.6006975966,127281.18918508514,310028.439097838,402498.4611196599,0.03006053022376361,0.04198812183495921,101591.79966279799,141901.9834288294,321261.4785299676,448733.47213057085,0.02466352902663907,0.03386984125288527,83352.23235254743,114465.64985915564,263582.9022936248,361972.1674062637,0.0458047440802086,0.05446504749212584,154800.54242435365,184068.6824968473,489522.29709048104,582076.2825964066,0.05391571344615481,0.059247453469300417,182212.16719486087,200231.17950946512,576205.4657311742,633186.5858319461,0.0236647564251507,0.031592140759699024,79976.8059950015,106767.99148542844,252908.86692961378,337630.0342954181,0.03365085556618836,0.048597863942838604,113725.57142919017,164240.09892606072,359631.8339204114,519372.79573772644,0.04877813297251931,0.05663012334510514,164849.33153148732,191385.7175149707,521299.3583957132,605214.778972888
2026-06-16,3386523.34689568,-36063.296148497146,3422586.6430441765,0.013928184441894025,0.023464755733377033,0.028748408082545664,80310.15955535049,98393.91751210403,253963.02344644297,311148.8872449769,0.028848288004032586,0.03745266583074841,98735.76519729348,128184.99381871654,312229.90454303176,405356.54232174915,0.029893527458973248,0.04175485474410632,102313.18779455616,142909.60812942806,323542.70810333703,451919.8612111078,0.024526509569354846,0.033681675671967774,83944.10405256908,115278.45327022289,265454.56494828913,364542.4774751903,0.04555027355540519,0.05416246422270523,155899.75785773818,185375.72660298902,492998.32149918523,586209.5189741133,0.05361618202923939,0.0589183013065638,183506.02846429995,201652.99108269752,580297.0143188785,637682.7488069478,0.023533285698531033,0.03141662905670368,80544.70929873486,107526.13497894758,254704.7348601456,340027.4945281757,0.03346390657110137,0.04832787610227336,114533.1196543298,165406.34323433466,362185.52563227905,523060.7840600797,0.048507143638429555,0.05631551188953024,166019.9019091143,192744.71878930173,525001.0269505378,609512.3183428453
2026-06-17,3348867.6619953867,-37655.68490029266,3386523.34689568,0.013750892922796281,0.02316607343156066,0.028382470299207173,78452.4485318799,96117.8983108383,248088.42537787338,303951.48257069994,0.028481078851616402,0.03697593176342653,96451.83847577574,125219.85619006547,305007.4940941146,395979.95383934124,0.029513013479100163,0.04122335821933158,99946.5091842196,139603.86504721033,316058.6132050714,441466.1837119545,0.024214312228929263,0.03325294244614408,82002.33369229051,112611.86594684527,259314.14791680314,356109.98795358505,0.04497046523741185,0.05347303154034947,152293.5304472558,181087.66974068253,481594.4291215299,572649.4925529098,0.052933702959563005,0.058168331690288476,179261.22091020105,196988.41331913378,566873.7542188376,622932.058751112,0.023233731080464358,0.03101672755384594,78681.57273948834,105038.8720054018,248812.97974099734,332162.0783919679,0.033037945322836285,0.047712711749397056,111883.773169248,161580.21228303693,353807.5564284593,510961.4956279121,0.04788969739347013,0.05559867311608389,162179.5782987558,188286.20456403928,512856.857389684,595413.258410755
2026-06-18,3371386.745451286,22519.083455899265,3348867.6619953867,0.013610417518193627,0.022929415088235306,0.028092522655713107,76787.57669746032,94078.14066559038,242823.63836884478,297501.20253697486,0.028190123849809342,0.036598195640820515,94404.9941482714,122562.51386892435,298534.80400340527,387576.69958177663,0.029211516512117952,0.0408022315363261,97825.50300527608,136641.27372925082,309351.40274831926,432097.64737096237,0.023966945361436988,0.03291323937590877,80262.12827772666,110222.08299749412,253811.1352102238,348552.8307202006,0.044511059122124434,0.05292676550634464,149061.6464952473,177244.73345821045,471374.3146998367,560497.0609973979,0.05239294656053425,0.057574099739306696,175457.04445322556,192808.04078546123,554843.8919936055,609712.5600766978,0.022996381564888767,0.030699869050398964,77011.83856556285,102809.79869037411,243532.81666437307,325113.1296449784,0.032700438605089116,0.047225291585098125,109509.44137764847,158151.25181763797,346299.26004605653,500118.17055058037,0.04740046919167869,0.0550306921023997,158737.89843942138,184290.50519895126,501973.3100570593,582777.7475717881
2026-06-22,3430656.202605242,59269.45715395594,3371386.745451286,0.01329750986000252,0.022402260827951912,0.02744666697456818,75526.68522349963,92533.32924487471,238836.34942884214,292616.07989207265,0.02754202428738447,0.03575679193834916,92854.8156253854,120549.97440080975,293632.70909121004,381212.4909815507,0.028539934820241187,0.0398641757638315,96219.15796900477,134397.5537885219,304271.69372559607,425002.381926721,0.023415937963095487,0.03215655394411859,78944.18288108971,108412.1797465907,249643.42592511702,342829.41410280264,0.04348773626998621,0.05170996299252887,146613.97765031268,174334.28384078835,463634.1061920099,551293.4111911784,0.051188416707421816,0.056250453591214195,172575.94960803908,189642.03366304224,545733.070127846,599700.7664815383,0.02246768772484164,0.029994069678815172,75747.26459646967,101121.60895729979,239533.88265227925,319774.6049659518,0.031948645528053626,0.046139567699145914,107711.2400684015,155554.32698175282,340612.8482173393,491905.97315692436,0.046310717919015566,0.053765519673164536,156131.34056450243,181264.36038840728,493730.6503192671,573208.2374409705
2026-06-23,3350149.29790039,-80506.90470485203,3430656.202605242,0.013580765659673128,0.022879460722673394,0.028031319867028812,78491.5638405025,96165.82136903395,248212.1188445012,304103.02858703904,0.028128708425708464,0.036518462266161254,96499.92803193106,125282.28908301158,305159.566623232,396177.3839819644,0.029147875866735205,0.04071333918638764,99996.34113498277,139673.46960855182,316216.1956697324,441686.29266133055,0.023914730616953518,0.03284153410190662,82043.21892468508,112668.01266977753,259443.43837383523,356287.5394812054,0.04441408666511329,0.052811458465936524,152369.46190071767,181177.95755479424,481834.5454605165,572935.0076904607,0.052278802506040084,0.05744866794725234,179350.59808212088,197086.6290246502,567156.3896529287,623242.6440825443,0.022946281305162422,0.030632985857986725,78720.80228628017,105091.24293802082,248937.03446043568,332327.68982223124,0.03262919694201888,0.04712240586077712,111939.55687516506,161660.77394795665,353983.9599954822,511216.2539811537,0.0472972018228123,0.05491080141614233,162260.43879930297,188380.08146831338,513112.5607441543,595710.1232479467
2026-06-24,3363211.187022928,13061.889122538269,3350149.29790039,0.014394622288448981,0.02487321646474616,0.02975905359846481,83328.98867589376,99697.27251907696,263509.39933420275,315270.45766679593,0.029814381854206238,0.038706909761155546,99882.63043620315,129673.926560229,315856.61086725944,410064.96106772724,0.03089462509894669,0.0431531737146302,103501.60658413201,144569.57462224193,327300.8182925371,457169.1361679611,0.02534787235032357,0.034809633758273735,84919.1567577052,116617.47009545047,268537.95233522786,368776.82046819705,0.04707569645569837,0.055976298845698845,157710.61142922976,187528.95827698038,498724.7432941492,593018.6353939432,0.055411722330313704,0.060891403091563746,185637.5426603518,203995.29131537193,587037.4540433851,645089.7525061413,0.024498407383219675,0.032483255342467335,82073.32229457112,108823.75507908603,259538.63358792165,344130.92958222894,0.034584571836804745,0.04994631751161571,115863.47905725702,167327.62054424934,366392.49145215075,529136.3963762113,0.050131588498104625,0.058201449443198966,167948.30600955646,194983.54498891806,531099.1761571432,616592.1084188918
2026-06-25,3423362.4639324853,60151.27690955717,3363211.187022928,0.013988616174526522,0.02417165738558175,0.028919687516923476,81294.38852807392,97263.01658212436,257075.42873937674,307572.66449823853,0.028973455216948094,0.03761516579600233,97443.84871234765,126507.74640683725,308144.5059038843,400052.620300588,0.03002322976628971,0.041936021085529455,100974.46222054533,141039.69525408206,319309.2861275465,446006.6774989399,0.024632925410908856,0.03382781403101338,82845.73031107002,113770.08258163536,261981.20220303108,359772.5905434172,0.04574790749429515,0.054397464812357,153859.8742677035,182950.16220260516,486547.6431930745,578539.2108574797,0.0538488124047692,0.05917393656517005,181104.9282876188,199014.44543616503,572704.0688703334,629338.9348535836,0.02380741994501979,0.0315670520545402,80069.38109324334,106166.6626111647,253201.61509467184,335728.4654299197,0.03360910007160248,0.04853756152821621,113034.50134658655,163242.06992251045,357446.47843658325,516216.75091559935,0.048717606871979686,0.056559854141872465,163847.60043682717,190222.73418633058,518131.60653357336,601537.102773581
2026-06-26,3389324.4354675305,-34038.02846495481,3423362.4639324853,0.014240622413233291,0.024607112071381314,0.02944067841300557,84239.06381094674,100786.11339179067,266387.3096028555,318713.67483405676,0.02949541474321333,0.038292806552765964,100973.49569003734,131090.15659136692,319306.2296897132,414543.47365685424,0.030564101079994754,0.04269150245754228,104631.99638109238,146148.4870420317,330875.42469474714,462162.0956404247,0.02507668988365576,0.03443722528880109,85846.5988673826,117891.10441566819,271470.7817997601,372804.4058262453,0.04657206035920372,0.05537744026750668,159433.04330169607,189577.05036044572,504171.5511256114,599495.2712354533,0.054818903835089805,0.06023996060909348,187664.977702971,206223.21997794212,593448.7665861022,652135.0815442358,0.02423631285900097,0.03213573547226182,82969.68370562814,110012.27056660478,262373.1772535443,347889.34555717366,0.03421457117679925,0.04941197027344994,117128.87868620087,169155.08430307632,370394.03642994526,534915.3441955171,0.04959525915104926,0.057578785244582424,169782.54856670613,197113.0521251331,536899.5604189477,623326.2012629138
2026-06-29,3454403.998925757,65079.56345822662,3389324.4354675305,0.014022081158605832,0.024229483271965856,0.028988872121766287,82121.57971242565,98252.69263894595,259691.23694234045,310702.29498352896,0.02904276845032735,0.037705152604475656,98435.36478231994,127794.99506538155,311279.9550216556,404123.25797658437,0.03009505437664452,0.042036344681549806,102001.90318548532,142474.8102069123,322558.3397381181,450544.9094540486,0.024691854789370467,0.03390874035309284,83688.7067946293,114927.72225466146,264646.9279050379,363433.36861995223,0.045857350270968524,0.05452759993588804,155425.4378191872,184811.72687010307,491498.3898375053,584425.9952184672,0.05397763498645509,0.059315498448086645,182947.71722833932,201039.46829203644,578531.4791699792,635742.6193920361,0.02386437446571644,0.03164256995289814,80884.10751380012,107246.93554234832,255778.00625354747,339144.5883870863,0.033689503164001586,0.04865367799774578,114184.65629251125,164903.09971312873,361083.5877278131,521469.3883153457,0.04883415406421174,0.05669516235211792,165514.79165521887,192158.29913283206,523403.7280787224,607657.8965637077
2026-06-30,3496907.407153104,42503.40822734684,3454403.998925757,0.01437100215280064,0.02483240200396108,0.029710221967548998,85781.14878541515,102631.10957367314,271263.81046769826,324548.06504311966,0.029765459435155833,0.03864339559310264,102821.92210266471,133489.90026888374,325151.46724082995,422132.129478396,0.030843930108760853,0.043082363672076046,106547.39551029005,148823.88935199325,336932.4485713149,470622.460597179,0.02530627902669799,0.034752514630396414,87418.11146775655,120049.22551196725,276440.34098859574,379628.9839570099,0.04699844994559605,0.05588444733717483,162351.63343537902,193047.4583592926,513400.9435045448,610469.6649218765,0.05532079723539124,0.06079148638850481,191100.38319369647,209998.35368109174,604312.4726230432,664073.1025178547,0.02445820794665479,0.03242995356892205,84488.53133748203,112026.16129346097,267176.19518895546,354257.82721273124,0.03452782201303336,0.04986436059943565,119273.04643601923,172251.64665856646,377174.49020484934,544707.534155602,0.050049327574763665,0.05810594668506952,172890.59731780877,200721.414590271,546728.0735512738,634736.8452762094
2026-07-01,3413031.2984389737,-83876.10871413024,3496907.407153104,0.014251565812290536,0.02462602173973915,0.029463302500846708,86114.9178304072,103030.44075440343,272319.2808623323,325810.8611149517,0.02951808089392834,0.038322233178300205,103221.99572292253,134009.30105984642,326416.6111125939,423774.61899633106,0.03058758847719121,0.04272430932048614,106961.96471284087,149402.95372830838,338243.4314991352,472453.62293819967,0.025095960405439734,0.03446368904072316,87758.24983140323,120516.32948432607,277515.9529373219,381106.0964137761,0.0466078492893951,0.055419995811079904,162983.33341156124,193798.5938561593,515398.55422715476,612844.9639233776,0.05486103016378108,0.0602862528222432,191843.9427437759,210815.44404360699,606663.8143772642,666656.9691175754,0.02425493758168485,0.03216043061318095,84817.27088942994,112462.0480284659,268215.7609300941,355636.22209720104,0.034240863827155056,0.04944994157085649,119737.1303444993,172921.86696241627,378642.0523810795,546826.9568498576,0.04963337129927482,0.057623032441501104,173563.3037384144,201502.40896730882,548855.3580370068,637206.5663474333
2026-07-02,3362570.770126927,-50460.52831204655,3413031.2984389737,0.015042818367420305,0.025993268179947546,0.031099116676875795,88715.83784687883,106142.25857198253,280544.11212630535,335651.29308199603,0.031156936387947507,0.040449898679761016,106339.599055537,138056.77021270967,336275.33848458715,436573.84027865116,0.032285823454077975,0.04509637982566777,110192.52594464322,153915.355791296,348459.3631122698,486723.09117568313,0.026489298025725277,0.03637712664974383,90408.80323547809,124156.27180285419,285897.73875411105,392616.6046919591,0.04919553546543149,0.05849693583776672,167905.90228698222,199651.87287707426,530965.0838125387,631354.6574099491,0.057906936197257564,0.06363336935758286,197638.1856379488,217182.68124255782,624986.8192390966,686791.9410688108,0.025601581283071696,0.03394599040583248,87378.99820865312,115858.72771161537,276316.65400311665,366377.46637797245,0.0361419300924297,0.052195421831363345,123353.53859145594,178144.608345668,390078.1393904792,563342.7152509514,0.05238903565065347,0.06082228593085052,178805.4183707155,207588.36552459726,565432.3800307744,656452.0508093018
2026-07-06,3370409.6761317234,7838.90600479627,3362570.770126927,0.015033993143571686,0.025978018616691367,0.031080871647289968,87352.92606629954,104511.630511244,276234.20664979913,330494.7943934789,0.03113865743706578,0.040426167793581075,104705.93931887284,135935.85017094229,331109.25279501756,429866.9022115668,0.032266882214998974,0.04506992297183872,108499.67497928395,151550.805596977,343106.09832251974,479245.7269198414,0.02647375745487214,0.036355785151241875,89019.8829931829,122248.9004745805,281505.5873001453,386584.96695091354,0.049166673745358117,0.05846261723199636,165326.42000050822,196584.68784942976,522808.04460322193,621655.366717426,0.05787296372867846,0.06359603734205851,194601.93621467004,213846.17626230652,615385.355517163,676240.9859067216,0.025586561512162872,0.033926075190692774,86036.6238488535,114078.82878135184,272071.69355353946,360748.9317534425,0.03612072657753001,0.05216480015726718,121458.49938534925,175407.83223833915,384085.4992438648,554688.2693058627,0.05235830038844811,0.06078660310365591,176058.49045972095,204399.25481166012,556745.8312637433,646367.197245977
2026-07-07,3325606.8252520785,-44802.850879644975,3370409.6761317234,0.01458715224646944,0.02520589899200039,0.030157084837161403,84954.20585823696,101641.73053909407,268648.78732284845,321419.37382463133,0.030213153115568367,0.03922461974771053,101830.70360716095,132203.03794027105,322016.9591361527,418062.71348491183,0.03130784475516033,0.043730353063781605,105520.2629016222,147389.2051068261,333684.3700688941,466085.59065929137,0.025686903462201507,0.03527521716795902,86575.38797886543,118891.93327053697,273775.4153259762,375969.30455564876,0.047705340060148656,0.05672498917261011,160786.53974187936,191186.45238583235,508451.6826815204,604584.6473065632,0.056152861372402885,0.061705833581374735,189258.14731202996,207973.93857643925,598486.8112496886,657671.3398575046,0.024826076789928892,0.03291772313621219,83674.04943316554,110946.21257451466,264600.577258324,350842.72950467985,0.03504714501381952,0.05061435604858409,118123.23667536899,170591.11537732402,373538.47248530155,539456.4731809183,0.05080210505877771,0.05897990145072548,171223.90645796477,198786.43054682063,541457.5342787823,628617.888462824
2026-07-08,3309298.994977668,-16307.830274410546,3325606.8252520785,0.014517672415783434,0.02508584117916193,0.03001344411050918,83425.64464261055,99812.91458323112,263815.0523384732,315636.1499828464,0.030069245330999375,0.03903778959109421,99998.48750295071,129824.33950689745,316222.9830812079,410540.608568777,0.03115872286241675,0.04352206172114163,103621.66141739112,144737.26550887083,327680.46500974766,457699.42131256155,0.025564554584692978,0.035107198347367426,85017.65721138428,116752.7384394836,268849.4381194137,369204.576530661,0.04747811552075992,0.0564548032873334,157893.54502594584,187746.47913061944,499303.23012033873,593706.4967300268,0.05588540057986652,0.06141192351605609,185852.86960035056,204231.91199685473,587718.3776153756,645838.0128011282,0.024707828102123533,0.0327609332575965,82168.52177357713,108949.98324309073,259839.68077364203,344530.0980853451,0.034880212520043884,0.05037327562184157,115997.87282290094,167521.70921830047,366817.4818549125,529750.1586542549,0.050560130367738834,0.05869897522897677,168143.11463658715,195209.71265678783,531715.2151264105,617307.3133824487
2026-07-09,3340400.4763029986,31101.48132533068,3309298.994977668,0.014126816209708718,0.02441046041365986,0.029205398539545933,80781.51211386673,96649.3960348416,255453.5711123021,305632.225949746,0.02925969743564758,0.037986783486525434,96829.08731713919,125709.62441439289,306200.4596774826,397528.73695379216,0.030319843195253483,0.04235032651196437,100337.42661393284,140149.89296301975,317294.802660024,443192.87559194694,0.024876285520011518,0.03416201471469045,82323.06667015163,113052.32096173741,260328.3946475726,357502.8290074876,0.04619987231671529,0.05493488262817926,152889.1910258025,181795.9518706498,483478.0732621111,574889.2773096018,0.054380809828675256,0.0597585433635228,179962.3593121067,197758.8874942354,569090.94852387,625368.5120227725,0.024042624502279036,0.031878917620805435,79564.23310201748,105496.8700435073,251604.19688693935,333610.39535626984,0.033941139978508755,0.04901708663828911,112321.38041927537,162212.19554882342,355191.3920591486,512960.00219090894,0.049198910733612586,0.05711863520604525,162813.90584474013,189022.6420818616,514862.77721757966,597742.0783214744
2026-07-10,3347519.733528068,7119.257225069217,3340400.4763029986,0.013886796539164876,0.023995717942367316,0.02870918835095822,80155.3076439162,95900.18644181333,253473.33870627993,303263.0171909288,0.028762564689354037,0.03734137442038426,96078.48478801403,124735.14489966018,303826.8460679643,394447.1621540612,0.02980469819254124,0.04163077928589937,99559.62803843188,139063.47495548328,314835.1876006066,439757.3201971097,0.024453628513207374,0.033581589840804234,81684.9123328545,112175.9586992344,258310.37344299833,354731.52820255974,0.04541491992772585,0.054001519283314724,151704.02015783798,180386.70073507007,479730.23390286457,570432.8339259911,0.05345686037925751,0.05874322429393406,178567.32187253467,196225.89441103121,564679.4527936128,620520.7622425633,0.02363413169495559,0.03133728338482087,78947.46477083744,104679.07634469768,249653.8041717494,331024.30461189774,0.03336446784555318,0.04818426876826858,111450.68428288192,160954.75434383607,352438.00911823666,508983.62395940226,0.048363003607045596,0.05614816912221195,161551.80028441874,187557.3708793781,510871.6489994011,593108.4839317728
2026-07-13,3308236.3455995936,-39283.38792847423,3347519.733528068,0.013473844555773313,0.023282156734117557,0.027855462566350225,77937.47910655191,93246.71062740978,246459.94906848893,294871.98990124336,0.027907251651361535,0.03623095312300476,93420.0756114665,121283.83054378882,295420.2181173814,383533.14786827075,0.028918395206947348,0.040392803858826376,96804.89861721973,135215.70800994997,306123.96829209884,427589.6127437154,0.023726450407935248,0.032582973342672975,79424.76094713832,109072.14624161678,251163.14720734945,344916.4114064832,0.04406441542462962,0.05239567488058946,147506.50018032623,175395.5556142941,466456.5102498687,554649.4472119028,0.051867212510705404,0.05699637570185018,173626.5174026802,190796.49240152314,549055.257195332,603351.4855598226,0.022931322985139477,0.030405405878632285,76763.05620866016,101782.6961846519,242746.09777489564,321865.14633643004,0.03237230790911519,0.046751412075941384,108366.93954560984,156501.2744945162,342686.35202589934,494900.484121888,0.046924831872767137,0.05447848974457942,157081.80068657483,182367.81947278607,496736.2691301776,576697.6814524113
2026-07-14,3324463.2901292373,16226.944529643748,3308236.3455995936,0.013379557236481002,0.023119232771567997,0.02766053550732437,76483.88613727847,91507.58890407857,241863.28449477773,289372.40412723954,0.027711962182484937,0.03597741602516807,91677.72049997811,119021.79531521826,289910.40747224144,376379.9643984482,0.028716029953955734,0.04011014294650963,94999.41399500298,132693.83272283833,300414.5246054852,419614.7428615515,0.023560417365470942,0.03235496409124242,77943.42904594679,107037.86816721791,246478.7644289167,338483.4592972413,0.04375606129531091,0.05202902023302004,144755.39231743116,172124.29576081355,457756.743314322,544304.8152566355,0.05150425593906353,0.05659752625304886,170388.25145067368,187237.9934213634,538814.9611176179,592098.5237311316,0.022770854088296776,0.030192634816859673,75331.36711524849,99884.3718705509,238218.6993384932,315862.117766194,0.03214577285303515,0.0464242548715129,106345.81410979964,153582.40728331797,336294.99221183866,485670.2155469178,0.04659646111064269,0.05409725996744731,154152.10622254614,178966.52162165908,487471.7617754607,565941.8332422138
2026-07-15,3314101.664687785,-10361.625441452488,3324463.2901292373,0.013027213798430956,0.02251040022084631,0.02693211019348944,74834.99918032064,89534.81166397106,236649.04610664694,283133.93473235896,0.02698218257484093,0.03502997013959715,89701.27545762344,116455.84978341407,283660.3394682527,368265.73216601496,0.02795980876200649,0.039053863921975254,92951.35782832437,129833.13694630937,293938.0023428274,410568.42851489596,0.02293996645594388,0.0315029135275055,76263.07635958152,104730.27955430778,241165.02266761992,331186.2233777767,0.04260376897353799,0.05065886399068244,141634.665973674,168413.53365667368,447888.14011395985,532570.3551525146,0.05014791908194403,0.055107060863749335,166714.9160642944,183201.40086845224,527198.8546869647,579333.6972778585,0.022171195902678326,0.02939752803065336,73707.32687671785,97731.00275845235,233083.03317297326,309052.56672890816,0.03129923122795569,0.04520169710811096,104053.14522660535,150271.38268745577,329044.93662035017,475199.8364351548,0.04536936838862619,0.052672637744968547,150828.79970433764,175108.25057742358,476962.543815038,553740.9089121533
2026-07-16,3314650.365350546,548.7006627609953,3314101.664687785,0.012653477104268193,0.021864601150301147,0.026159457039385655,72461.51106994749,86695.10012155659,229143.41767853868,274153.9783604594,0.02620809289819559,0.034024998129529256,86856.28430220211,112762.30294207168,274663.68749408727,356585.7115028524,0.02715767204591191,0.037933450745196086,90003.28613640158,125715.31226200644,284615.38109088514,397546.7235072349,0.022281843594055963,0.030599128962329837,73844.29494737372,101408.62423205352,233516.16424296467,320682.22695743263,0.04138151285481504,0.049205515895620146,137142.5406394415,163072.08214149598,433682.7925228399,515679.2023531957,0.048709229444480265,0.05352609880456177,161427.33838761132,177390.93315244102,510478.06592358474,560959.3850243866,0.02153512823767232,0.0285541447015138,71369.60434173475,94631.33848902278,225690.505424924,299250.5676556689,0.030401290087972176,0.04390490923703398,100752.96608920484,145505.33279042042,318608.8538595948,460128.26331851206,0.04406777020960038,0.05116151665582143,146045.0706107154,169554.46751700962,461835.06416997884,536178.3048107846
2026-07-17,3285571.577735971,-29078.787614574656,3314650.365350546,0.012268068238355564,0.021198633127161717,0.02536267315244608,70266.05703987877,84068.39383102188,222200.78244532572,265847.6037380777,0.025409827624674905,0.03298863983577948,84224.69441962306,109345.80708408402,266341.8695976824,345781.80297508027,0.026330483795773817,0.03677804594133177,87276.34773351831,121906.36341631452,275992.04469879216,385501.76966377924,0.021198633127161717,0.029373917904042302,70266.05703987877,97364.26771241076,222200.78244532572,307892.84868561,0.040121084451799766,0.04770677828210047,132987.36723641818,158131.29006246183,420542.9804963335,500055.04593812913,0.047225608086889734,0.05189576171484319,156536.37909911075,172016.30552824985,495011.4946287664,543963.320156683,0.020879195541625897,0.027684421665242338,69207.23313027577,91764.17838721408,218852.487249936,290183.81131759315,0.02947530534571237,0.042567621380296614,97700.3316329844,141096.7817603039,308955.57611402863,446187.20088226226,0.042725521814173044,0.049603201739675654,141620.1664911414,164417.27076897272,447842.28872426297,519933.062298578
2026-07-20,3259645.617243641,-25925.960492329672,3285571.577735971,0.01208857872939008,0.02088848387001643,0.02499160138615512,68630.60890532227,82111.69519645817,217029.04134505364,259659.97935831491,0.025038065958971796,0.032505995408757864,82264.35787627628,106800.77462103081,260142.74114024514,337733.7036727638,0.025945252354645107,0.0362399601336509,85244.98371360924,119068.98299340808,269568.30763896386,376529.18493902305,0.02088848387001643,0.02894415911899533,68630.60890532227,95098.10654283849,217029.04134505364,300726.61784473056,0.0395340879004681,0.04700879828705871,129892.07555749353,154450.7715554835,410754.808768365,488416.2244856752,0.04653466791265669,0.051136494273008724,152892.9822732069,168012.61216845573,483490.06223908224,531302.5300868416,0.020573719856086095,0.027279381266530487,67596.42920745867,89628.35974753567,213758.6779898999,283429.7597471668,0.029044063199001033,0.041944830463998106,95426.34854860508,137812.74280546608,301764.6102066951,435802.157860256,0.042100420715799315,0.04887747588370636,138323.94571455693,160590.44555498098,437418.72339948703,507831.5784150028
2026-07-21,3295012.141003307,35366.52375966543,3259645.617243641,0.01187987117602327,0.020527847234424683,0.024560125023483814,66913.50726913942,80057.3038917549,211599.08920071405,253163.42363020757,0.02460578739220951,0.03194478412632476,80206.14703184456,104128.67557116874,253634.10696698245,329283.7845416278,0.025497311346720217,0.03561428249338239,83112.19918283311,116089.93984083083,262823.8507633378,367108.6233289505,0.020527847234424683,0.02844444242200279,66913.50726913942,92718.8020758205,211599.08920071405,293202.5964819407,0.03885153762346698,0.046197198222499194,126642.24433751056,150586.49471490522,400477.94010209513,476196.3081600085,0.04573125364004455,0.050253630137663506,149067.68049882853,163809.0252288178,471393.39589456306,518009.621015049,0.020218517575409503,0.026808406717003342,65905.20220184712,87385.90546036493,208410.54861178104,276338.496650898,0.028542621672599168,0.041220659067302545,93038.83163973124,134364.74066862708,294214.6188224891,424898.6177307172,0.04137356307603845,0.04803361337225724,134863.15355056207,156572.55730925387,426474.73765280034,495125.90017448686
2026-07-22,3298112.8018964664,3100.660893159453,3295012.141003307,0.011817388805319882,0.020419880696602912,0.024430950656733428,67283.75481314566,80500.27903018935,212769.91473785718,254564.23401448887,0.02447637286350723,0.03177677002800278,80649.9457529802,104704.84304413917,255037.52174844098,331105.78606991784,0.02536320783365175,0.035426968610250555,83572.0777466727,116732.29168971864,264278.114472158,369139.91823065624,0.020419880696602912,0.028294838426342485,67283.75481314566,93231.8361425254,212769.91473785718,294824.95264998695,0.03864719734567967,0.04595422332638905,127342.98446976527,151419.7237908293,402693.8749679076,478831.209852606,0.04549072938684936,0.049989320373615746,149892.50563276457,164715.41755156787,474001.7219891544,520875.88520862965,0.020112177961831082,0.02666740747705874,66269.87056625256,87869.43140599092,209563.7312339105,277867.5399468629,0.02839250130161456,0.04100385835773935,93553.63650227217,135108.21111673108,295842.57473864837,427249.6777197518,0.04115595816541833,0.04778097982156639,135609.3818296776,157438.9086210953,428834.5186692332,497865.54357378057
2026-07-23,3303147.4313961896,5034.629499723204,3298112.8018964664,0.01145969974555974,0.019801811168121786,0.023691473948857025,65308.60691431889,78137.15352652199,206523.94866186878,247091.3750260674,0.02373552131498703,0.03081494985090801,78282.42670864517,101631.18059307731,247550.7691645171,321386.01196602656,0.024595513539085092,0.0343546641188685,81118.77807247441,113305.55753529338,256520.09971874242,358303.6333667812,0.019801811168121786,0.02743840945379082,65308.60691431889,90494.96948322454,206523.94866186878,286170.22035442025,0.03747742287953722,0.04456327959047472,123604.76818108922,146974.7229118362,390872.5971093498,464774.8828735373,0.0441138146986519,0.048476242205751974,145492.33699811235,159880.11500662437,460087.1670148201,505585.3159905995,0.01950342198845924,0.02586023763066969,64324.48574092646,85289.98078979645,203411.88426035122,269710.60088776355,0.0275331162663823,0.0397627524091972,90807.32323425931,131142.04275941284,287157.96964338725,414707.5521269376,0.039910248455580465,0.046334743768209105,131628.5013582186,152817.21159452296,416245.8692865379,483250.4543145842
2026-07-24,3299575.9274482504,-3571.503947939258,3303147.4313961896,0.011116871750397422,0.01920942084602977,0.022982720604819894,63451.54912617165,75915.31453230711,200651.41630476908,240065.3032101707,0.02302545025141467,0.029893090839505244,76056.45685470111,98741.28622300472,240511.63442318156,312247.3635592996,0.023859714976835738,0.03332691113355053,78812.15623958016,110083.70090715651,249225.9210261243,348115.2281273586,0.01872854866552031,0.0261762706100879,61863.15741829195,86464.0810292434,195628.4806913444,273423.431845765,0.036356249547345815,0.04323012600538365,120090.05230751421,142795.47967361662,379758.08962050435,451558.9553449057,0.04279410729026533,0.04702602856164318,141355.24557473286,155333.9054521555,447004.5352285929,491208.93907805864,0.01891995826710835,0.025086603624702063,62495.41155212205,82864.75032538896,197627.84381430445,262041.34876940795,0.02670943647897494,0.03857321123506107,88225.20649956576,127413.00361179461,278992.59957731894,402915.29493653117,0.03871629479464288,0.0449485951198931,127885.62970410229,148471.8365151422,404409.8698698484,469509.17177600606
