Date,Portfolio_Dollar_Value,Daily_PnL,Portfolio_Dollar_Value_Prior,GARCH_Vol_Daily,GARCH_Standardized_Residuals,GARCH_VaR_pct_250d_95.0%,GARCH_ES_pct_250d_95.0%,GARCH_VaR_1d_$_250d_95.0%,GARCH_ES_1d_$_250d_95.0%,GARCH_VaR_10d_$_250d_95.0%,GARCH_ES_10d_$_250d_95.0%,GARCH_VaR_pct_250d_99.0%,GARCH_ES_pct_250d_99.0%,GARCH_VaR_1d_$_250d_99.0%,GARCH_ES_1d_$_250d_99.0%,GARCH_VaR_10d_$_250d_99.0%,GARCH_ES_10d_$_250d_99.0%,GARCH_VaR_pct_250d_99.5%,GARCH_ES_pct_250d_99.5%,GARCH_VaR_1d_$_250d_99.5%,GARCH_ES_1d_$_250d_99.5%,GARCH_VaR_10d_$_250d_99.5%,GARCH_ES_10d_$_250d_99.5%,GARCH_VaR_pct_500d_95.0%,GARCH_ES_pct_500d_95.0%,GARCH_VaR_1d_$_500d_95.0%,GARCH_ES_1d_$_500d_95.0%,GARCH_VaR_10d_$_500d_95.0%,GARCH_ES_10d_$_500d_95.0%,GARCH_VaR_pct_500d_99.0%,GARCH_ES_pct_500d_99.0%,GARCH_VaR_1d_$_500d_99.0%,GARCH_ES_1d_$_500d_99.0%,GARCH_VaR_10d_$_500d_99.0%,GARCH_ES_10d_$_500d_99.0%,GARCH_VaR_pct_500d_99.5%,GARCH_ES_pct_500d_99.5%,GARCH_VaR_1d_$_500d_99.5%,GARCH_ES_1d_$_500d_99.5%,GARCH_VaR_10d_$_500d_99.5%,GARCH_ES_10d_$_500d_99.5%,GARCH_VaR_pct_750d_95.0%,GARCH_ES_pct_750d_95.0%,GARCH_VaR_1d_$_750d_95.0%,GARCH_ES_1d_$_750d_95.0%,GARCH_VaR_10d_$_750d_95.0%,GARCH_ES_10d_$_750d_95.0%,GARCH_VaR_pct_750d_99.0%,GARCH_ES_pct_750d_99.0%,GARCH_VaR_1d_$_750d_99.0%,GARCH_ES_1d_$_750d_99.0%,GARCH_VaR_10d_$_750d_99.0%,GARCH_ES_10d_$_750d_99.0%,GARCH_VaR_pct_750d_99.5%,GARCH_ES_pct_750d_99.5%,GARCH_VaR_1d_$_750d_99.5%,GARCH_ES_1d_$_750d_99.5%,GARCH_VaR_10d_$_750d_99.5%,GARCH_ES_10d_$_750d_99.5%
2023-07-20,1691239.8538011103,-3368.1557940475177,1694608.009595158,0.008464506421258204,-0.3491623615942898,0.012522629414252221,0.017115945408999213,21220.948106583735,29004.81818188354,67106.53012504222,91721.28857381595,0.018470744164327896,0.022198025162425975,31300.671004053078,37616.951237441914,98981.41266439721,118955.24454180585,0.02083490738954093,0.024061665661475017,35307.00094148941,40775.09135413634,111650.5403248159,128942.1604805102,0.014582889157123842,0.018331668066512347,24712.280768700446,31064.991534751607,78147.09340667009,98236.12874366483,0.01991571905516124,0.02409046107217235,33749.33702772315,40823.88828774362,106724.77452826242,129096.4699335412,0.02222337073171293,0.02656722630538652,37659.90204216334,45021.034489835176,119091.06691206267,142369.0116048759,0.014447031875948509,0.017997926281034148,24482.055931858904,30499.430031943662,77419.05854831017,96447.66623788401,0.01962455422724472,0.022988616088463386,33255.92677822342,38956.692953018166,105164.4743189713,123191.87983936828,0.02222337073171293,0.025778267045857214,37659.90204216334,43684.05780939255,119091.06691206267,138141.1201161461
2023-07-21,1695157.2472222454,3917.393421134912,1691239.8538011103,0.00828004907495025,0.1627610526201371,0.012249738016267137,0.0167429571079015,20717.245131733536,28316.356331365594,65513.68146031308,89544.18104404488,0.01806823227724038,0.021714288886385723,30557.71451500452,36724.07076160607,96631.97795660183,116131.70855986964,0.02038087598636368,0.02353731719095839,34468.94972351627,39807.248884906825,109000.38968014254,125881.5738615035,0.014265100865455651,0.01793218690639947,24125.707102151307,30327.62916191322,76292.18460489869,95904.38418458925,0.019481718476284757,0.023565485096071963,32948.25870762622,39854.88756863299,104191.54245257468,126032.22060681057,0.021739082128552974,0.0259882770059038,36766.00208086426,43952.4098040075,116264.3070340212,138989.72363377857,0.01413220416725055,0.017605717975478597,23900.946909708262,29775.491894912004,75581.43046944091,94158.37283980488,0.019196898671789895,0.022487651364953853,32466.56010311267,38032.01220679489,102668.2777165872,120267.78257279859,0.021739082128552974,0.025216510636794233,36766.00208086426,42647.16776274602,116264.3070340212,134862.18588558483
2023-07-24,1700416.4269768822,5259.179754636716,1695157.2472222454,0.008067269867425888,0.2642447071600313,0.011934946458404537,0.016312699616335233,20231.610984173923,27652.590976390213,63977.9714444704,87445.17069041249,0.017603918103433338,0.02115627900753389,29841.40935254191,35863.21968387693,94366.82214348302,113409.45842803491,0.01985713191168779,0.022932459459584165,33660.961069145684,38874.12484954444,106445.30520875692,122930.77657031085,0.01389851887663755,0.017471368801991637,23560.174999387324,29616.717443588765,74503.8150702201,93656.28393937991,0.018981080789107582,0.02295990351095322,32175.916659766655,38920.64683211583,101749.18244861969,123077.89199650311,0.02118043511743628,0.025320434951323578,35904.16808864266,42922.11881055561,113538.94865364511,135731.65744171297,0.01376903733381024,0.017153289410767193,23340.68342368209,29077.52285836261,73809.72176377228,91951.20094803548,0.018703580232571168,0.021909767756631428,31705.509580245747,37140.50159761004,100261.62464986567,117448.57848957024,0.02118043511743628,0.024568501295151656,35904.16808864266,41647.47302386545,113538.94865364511,131700.87354583494
2023-07-25,1700910.0434856254,493.61650874326006,1700416.4269768822,0.007932789028495696,-0.08517654703679386,0.011735991714273074,0.016040768025391575,19956.073097814515,27275.98545170136,63106.64414190603,86254.23945299293,0.017310461988302345,0.020803605278214083,29434.99392346821,35374.792155418196,93081.62371137552,111864.91496617859,0.01952611487592284,0.022550176923169952,33202.52649005686,38344.69127139319,104995.60778065564,121256.56059358014,0.013666831514105604,0.01718012227468285,23239.304811310503,29213.362133342154,73489.13444265074,92380.76245267676,0.018664667465855832,0.022577163484072918,31737.707163002233,38390.579662860204,100363.44234652793,121401.67242877734,0.020827358707410565,0.02489834502619531,35415.18287662093,42337.55488708065,111992.6416415161,133883.10400556776,0.013539508419773456,0.01686734524523398,23022.80253017459,28681.51093448627,72804.49411563916,90698.90128800103,0.018391792824686063,0.021544533421212125,31273.706640651733,36634.67854098154,98896.14386039248,115849.02553759585,0.020827358707410565,0.024158946052829786,35415.18287662093,41080.26872668008,111992.6416415161,129907.21606809413
2023-07-26,1701734.299346568,824.2558609426487,1700910.0434856254,0.00778645145432944,-0.06183271059461264,0.011519495781791723,0.015744861116463654,19593.62607113984,26780.592406279327,61960.486006458246,84687.66909245207,0.016991132808367542,0.02041983746094447,28900.388443950473,34732.30662366446,91391.05274649298,109833.19732213236,0.019165913151967997,0.02213418978723293,32599.494172755607,37648.26571352145,103088.65215529433,119054.26960995203,0.013414717035436253,0.016863197494693647,22817.226936091236,28682.781984006062,72154.40700699351,90702.92069950244,0.01832035701592935,0.02216067852223337,31161.279248636572,37693.32066892293,98540.61723023195,119196.745888898,0.0204431527063957,0.024439040814423166,34771.96375881879,41568.60997440748,109958.60419469718,131451.48668632127,0.013289742692935645,0.01655619031889651,22604.65682175394,28160.590395270552,71482.20128320524,89051.60590411631,0.01805251614193741,0.02114709757033057,30705.706016007716,35969.310647945735,97099.96817411901,113744.94751365541,0.0204431527063957,0.023713281665804616,34771.96375881879,40334.15894937061,109958.60419469718,127547.80978727521
2023-07-27,1700690.982191282,-1043.317155286204,1701734.299346568,0.007672375806446325,-0.20583135715991416,0.011350729052518141,0.015514190541654952,19315.924951259694,26401.030171332342,61082.31795885753,83487.38791623563,0.016742203691586768,0.02012067600059401,28490.782268619932,34240.04447625016,90095.7642887782,108276.5277304176,0.01888512234849274,0.02180991215509763,32137.460447786503,37114.67558006526,101627.57322858015,117366.90945123727,0.013218184308562938,0.016616142698183164,22493.837612966152,28276.25995233532,71131.76017493808,89417.3851603838,0.018051954058779972,0.021836012816066595,30719.629392054372,37159.091970071764,97143.99775514548,117507.36640910016,0.020143649665320573,0.024080995891020085,34279.139549497035,40979.45667017265,108400.15720716884,129588.42035392506,0.013095040906532856,0.01631363334051143,22284.28026199334,27761.46940251203,70469.0816454327,87789.4745050118,0.017788037195797336,0.02083728136325186,30270.51301414087,35459.516400980705,95723.76706645387,112132.83655519554,0.020143649665320573,0.02336586949925764,34279.139549497035,39762.501560942546,108400.15720716884,125740.07039857893
2023-07-28,1716809.8557799358,16118.87358865398,1700690.982191282,0.007610650680417527,1.1125550799448536,0.011259411161038327,0.015389377134364104,19148.779026361757,26172.574913953747,60553.756134564595,82764.94895947928,0.01660751078042948,0.019958802899842375,28244.243820920918,33943.75610709514,89316.14126324702,107339.58163967097,0.018733189415795333,0.02163444895954882,31859.366307124295,36793.51225018224,100748.16234014032,116351.30182788291,0.013111842529575469,0.016482463961891843,22299.19234996113,28031.57782428225,70516.2378080797,88643.6323329991,0.017906724058653015,0.021660339637765584,30453.804127138857,36837.54429314831,96303.38445839481,116490.54337368609,0.019981591738853104,0.023887261571459862,33982.512880095295,40624.85034382614,107462.14131710958,128467.05668996512,0.012989689830060705,0.0161823883260161,22091.44835544605,27521.241896373056,69859.29361519053,87029.80842899057,0.017644930436507337,0.020669643091784026,30008.574074760512,35152.67561130942,94895.44341012317,111162.52078078962,0.019981591738853104,0.023177888451926462,33982.512880095295,39418.42587642679,107462.14131710958,124652.0075480276
2023-07-31,1723940.2214177102,7130.365637774346,1716809.8557799358,0.008296289023162318,0.3831504208922763,0.012273763853456606,0.01677579565195938,21071.718751129825,28800.851313834057,66634.625468049,91076.28870356856,0.01810367012957796,0.02175687787635241,31080.559304248272,37352.42236912226,98285.35835336278,118118.73081104897,0.020420849707236476,0.023583481749739635,35058.7160407844,40488.353901559254,110865.39452995932,128035.41703989208,0.014293079503890992,0.01796735792821987,24538.49976172625,30846.537173493638,77597.54961055402,97545.3153972924,0.019519928648262373,0.02361170490154513,33512.00588745796,40536.8076867401,105974.26756533953,128188.64136232008,0.02178171974636778,0.026039248717408935,37395.07113640065,44704.438835152716,118253.59805504714,141367.84823876715,0.014159922150769857,0.017640248682430935,24309.89390551832,30284.95279640646,76874.63441848401,95769.42966733004,0.019234550216779566,0.022531757177645557,33022.06538366126,38682.7427906222,104424.93965537158,122325.57336082403,0.02178171974636778,0.025265968656079343,37395.07113640065,43376.86400458396,118253.59805504714,137169.68800985775
2023-08-01,1722855.0245183846,-1085.1968993255869,1723940.2214177102,0.008165403486725663,-0.1954124609719051,0.012080128101185748,0.016511134065685298,20825.418713512463,28464.20811705501,65855.75636139298,90011.72944294651,0.017818059470430643,0.021413632767113472,30717.26938868813,36915.82281389513,97136.53476922249,116738.08179111478,0.02009868230673225,0.02321141941545489,34648.92682607221,40015.09952649864,109569.52725089702,126538.85530206095,0.014067586229370833,0.01768389778426649,24251.677719074283,30485.982661736525,76690.53867263185,96405.14191948996,0.01921197453465807,0.023239197307656518,33120.29563314984,40062.98695213123,104735.57097888208,126690.28863834187,0.021438082721963646,0.025628443232297418,36957.97307447319,44181.90410047803,116871.37261851106,139715.4483206434,0.01393652961931025,0.01736194914329604,24025.74395770819,29930.9624503368,75976.07338638604,94650.01390403869,0.018931098346164604,0.022176287266119685,32636.081874567455,38230.593579777116,103204.35262737083,120895.75201230585,0.021438082721963646,0.02486736274301267,36957.97307447319,42869.84683326378,116871.37261851106,135566.3589356702
2023-08-02,1707647.013629394,-15208.010888990711,1722855.0245183846,0.00798679239292547,-1.2310752163606329,0.011815885813966642,0.016149967379905723,20357.058243727934,27824.052446278587,64374.670510887394,87987.37946622013,0.01742830492901891,0.02094522818955799,30026.442715798756,36085.591626064095,94951.94901449597,114112.66025306164,0.01965904112591565,0.022703689819827528,33869.67778099734,39115.16608119675,107105.32540394923,123693.01587234443,0.013759870025555407,0.01729707791296026,23706.261210248045,29800.357591829557,74965.7802312836,94237.00507767178,0.018791729314532057,0.02273086009481616,32375.425268930972,39161.97652597847,102380.08406639127,123841.04349614019,0.020969143322927965,0.02506784334454436,36126.79393375258,43188.259859988,114242.95339021232,136573.2693367868,0.013631680164763335,0.01698217161827493,23485.408664490114,29257.819699778465,74267.38315964199,92521.34962184376,0.018516997048176772,0.02169120028524138,31902.10140344345,37370.79339926273,100883.30258053553,118176.82510925646,0.020969143322927965,0.02432341082848986,36126.79393375258,41905.71055928864,114242.95339021232,132517.49233512062
2023-08-03,1699567.888297167,-8079.12533222721,1707647.013629394,0.008798998886924191,-0.6487452930804452,0.013017486997309265,0.01779231736704772,22229.272795914632,30382.99761738544,70295.13276430953,96079.47461440708,0.019200653795289385,0.02307522600556643,32787.9391132578,39404.34077722884,103684.56738081618,124607.46655349269,0.02165824181659594,0.025012512110704956,36984.631958573314,42712.541609214364,116955.6754121459,135068.91613983095,0.015159162162062397,0.019056081818026368,25886.497995169557,32541.061208030118,81860.29431011823,102903.8708963255,0.02070272985540608,0.02504244543157031,35352.95481156028,42763.657155198096,111795.8592215393,135230.5576889826,0.023101573157407948,0.02761708516194984,39449.33241238865,47160.233001952285,124749.742596253,149133.75127040927,0.015017936199631782,0.018709151536117945,25645.333902177983,31948.626748191597,81097.66648641622,101030.42863886422,0.020400059047535377,0.023897058766038422,34836.099910387085,40807.74103635164,110161.42051401077,129045.40784119122,0.023101573157407948,0.026796948546660343,39449.33241238865,45759.72916008506,124749.742596253,144704.96925829255
2023-08-04,1696153.5933705135,-3414.2949266531505,1699567.888297167,0.00876893298145387,-0.3394799572957194,0.01297300664919786,0.017731521572102168,22048.50551564231,30135.92467459334,69723.49643221498,95298.16136698356,0.01913504575858018,0.022996378676148007,32521.309312379777,39083.90674510287,102841.40991796445,123594.16517214304,0.021584236278070545,0.024927045134931918,36683.87487162746,42365.20546146441,116004.5979949597,133970.54279923232,0.015107363776537977,0.018990967779266014,25675.99035142776,32276.439005326676,81194.61069101887,102067.06201633187,0.02063198927152724,0.024956876174571062,35065.46643757936,42415.90533850962,110886.7411589413,134130.86988778567,0.023022635800591305,0.027522718441085847,39128.53251064572,46776.728461113766,123735.28423358711,147921.0034283425,0.014966620378827617,0.018645222947338287,25436.787392189395,31688.82219143761,80438.18451677321,100208.85449303115,0.02033035268039131,0.023815403259643694,34552.8145733493,40475.8946269381,109265.59362124291,127996.01735409569,0.023022635800591305,0.026705384207097324,39128.53251064572,45387.61344302091,123735.28423358711,143528.23603922306
2023-08-07,1719366.87056668,23213.27719616657,1696153.5933705135,0.008515657876839495,1.4828087674119037,0.012598304319599964,0.01721937796345052,21368.659142064742,29206.709808311633,67573.63343270414,92359.72595384457,0.018582363838607095,0.02233216899097061,31518.543198171712,37878.78868179236,99670.38503663044,119783.24724267083,0.020960813825998924,0.024207071567152367,35552.759690938416,41058.91142360267,112427.69772798942,129839.678345691,0.014671014319991477,0.018442447296649168,24884.293657243805,31281.223252757798,78691.04592137178,98919.91347493563,0.020036070788377613,0.024236040990024528,33984.25346473267,41108.04801430516,107467.64552902397,129995.06188876633,0.022357667724860086,0.0267277734452487,37922.03845090539,45334.40897195157,119920.01502134441,143359.9887289394,0.014534336046151293,0.018106688692083612,24652.4663119341,30711.725089118863,77957.94348628276,97119.00215455331,0.019743146436157984,0.02312753749937651,33487.40877212962,39227.85583537877,105896.48465703211,124049.37216452407,0.022357667724860086,0.025934046463597062,37922.03845090539,43988.126099868015,119920.01502134441,139102.66847828226
2023-08-08,1720374.5387761192,1007.6682094391437,1719366.87056668,0.009721349062649041,-0.039093270116264775,0.014382037848350597,0.019657387162025884,24727.999407690113,33798.26024829008,78196.80010759537,106879.4833357247,0.02121335167486689,0.0254940737670718,36473.53408344633,43833.66583088633,115339.44201947229,138614.22222029787,0.023928554996782234,0.027634434813174256,41141.964722000164,47513.73170460634,130102.31593581669,150251.6123207107,0.01674821292382552,0.0210536250203108,28796.322442422315,36198.90536525614,91061.96715467743,114470.9897590988,0.022872882024477764,0.02766750587778921,39326.875587267205,47570.59299747967,124362.5001138363,150431.4235168923,0.02552318274448497,0.03051203078922868,43883.71484228661,52461.37489271031,138772.4910909625,165897.43384493614,0.016592183028249923,0.020670327964114225,28528.049809151653,35539.87710524601,90213.61459965107,112386.9594150491,0.022538483917125166,0.026402054690622234,38751.922559904946,45394.81814994549,122544.33899976245,143551.0193229787,0.02552318274448497,0.029605923808338305,43883.71484228661,50903.4445685782,138772.4910909625,160970.82558483427
2023-08-09,1716049.7672836524,-4324.771492466796,1720374.5387761192,0.009179606244687655,-0.37942331790340766,0.013580568251715247,0.01856193752367991,23363.663842362224,31933.484706091964,73882.39222838578,100982.54529740322,0.020031192610246624,0.02407336237456005,34461.15374798865,41415.19969192413,108975.73664089233,130966.36077718402,0.02259508546182775,0.026094447256716766,38872.009729998914,44892.22266389187,122924.08797502345,141961.6728453299,0.01581488319698428,0.019880367062665005,27207.522385810033,34201.677316132256,86037.74022917816,108155.20011709265,0.02159824210742675,0.0261256753660359,37157.06580393926,44945.94670805863,117500.95910920354,142131.56319001233,0.024100849192399465,0.028811683086974998,41462.487313487036,49566.88600211833,131115.8973664549,156744.25628861156,0.015667548398639597,0.019518430048783758,26954.051350062124,33579.010092810306,85236.1944353328,106186.15346706257,0.02128247904463748,0.024930744133219954,36613.83507043063,42890.21743953372,115783.11269631232,135630.7764488017,0.024100849192399465,0.027956070841541454,41462.487313487036,48094.91248000939,131115.8973664549,152089.4673032871
2023-08-10,1702505.59345044,-13544.17383321235,1716049.7672836524,0.008865382414282611,-1.0027649872719906,0.01311569665903657,0.01792655045445728,22507.18819950268,30762.852735570068,71173.9784364927,97280.68196874295,0.019345511993693443,0.023249315685145617,33197.86135476074,39896.98277099831,104980.85532752705,126165.33732485068,0.021821641142660615,0.025201217530871706,37447.022204610126,43246.54347911709,118417.88175746787,136757.57832351248,0.015273529565564567,0.019199849301687617,26210.136856587058,32947.89692604223,82883.73025154113,104190.39839875376,0.020858920377920254,0.025231376681908207,35794.94546031829,43298.29808323475,113193.55637611008,136921.24075192463,0.02327586161151791,0.027825440629653392,39942.53690177181,47749.84091708179,126309.39213492411,150998.25520868174,0.015131238132202407,0.018850301624760004,25965.95767547947,32348.055716396062,82111.5678820464,102293.5339418413,0.02055396608801789,0.024077348714334534,35271.62872209919,41317.92865804113,111538.68354564763,130658.76275975433,0.02327586161151791,0.026999116542114114,39942.53690177181,46331.82765895913,126309.39213492411,146514.1035606979
2023-08-11,1701395.0343090808,-1110.559141359292,1702505.59345044,0.009250349951876426,-0.17496186721014245,0.01368522848639715,0.018704987262201253,23299.17804573845,31845.34543931687,73678.47023432425,100703.82446309672,0.02018556533461933,0.024258886552120565,34366.03788914871,41300.89004586492,108674.95388535506,130604.88193710924,0.022769217125780315,0.026295547160871183,38764.71951512854,44768.31612422303,122584.8065253842,141569.84596298632,0.015936762440634796,0.020033577432347297,27132.427196671626,34107.27763539378,85800.26839017966,107856.68211556635,0.02176469148169313,0.026327015933260485,37054.5089873057,44821.891885234836,117176.64597906526,141739.26739516048,0.024286585200330585,0.029033723686276325,41348.047149373495,49430.07697457998,130754.00579205265,156311.62815711767,0.015788292189466212,0.019668851108614587,26879.65576359612,33486.329029160224,85000.93493423624,105893.07020996128,0.021446494953997027,0.02512287582339777,36512.77761908658,42771.83661289553,115463.54097553347,135256.4234053315,0.024286585200330585,0.02817151756518574,41348.047149373495,47962.166230716044,130754.00579205265,151669.68680467558
2023-08-14,1706626.8340978883,5231.799788807519,1701395.0343090808,0.00883044728269053,0.23830624756639116,0.01306401264053703,0.017855908673894087,22227.046234760764,30379.954350839842,70288.09175971366,96069.850960596,0.01926927862037307,0.02315769889244214,32784.65495942088,39400.393901625954,103674.18197450512,124594.98543694621,0.021735650277377037,0.025101909028476675,36980.92744940808,42708.2633727285,116943.96072557078,135055.38716816678,0.015213342340658294,0.019124189930150304,25883.90511364011,32537.801782341452,81852.0948987822,102893.56368728526,0.02077672323241445,0.025131949333663,35349.41373684406,42759.373798801644,111784.6613600712,135217.01252673956,0.023184140211321185,0.02771579105284117,39445.381030267345,47155.50926925201,124737.247228844,149118.8135160186,0.015071611624219177,0.01877601968890685,25642.765176481527,31945.426662795646,81089.5434625312,101020.30908030597,0.020472970652460905,0.023982468955468343,34832.610605652524,40803.65359130553,110150.38636359914,129032.48220503474,0.023184140211321185,0.0268927231971695,39445.381030267345,45755.145706712814,124737.247228844,144690.47510608708
2023-08-15,1688445.0574586203,-18181.7766392678,1706626.8340978883,0.008519656499787816,-1.3705630803927722,0.01260421999511099,0.017227463516073262,21510.70006652957,29400.851519972988,68022.80627496894,92973.65595153812,0.018591089396579684,0.02234265531213388,31728.052039315608,38130.57510068741,100332.91016458755,120579.46581027647,0.020970656211918168,0.024218438269910977,35789.08461990112,41331.83663137331,113175.02277138905,130702.74363312092,0.014677903259799006,0.018451107155235565,25049.703571465852,31489.15458994057,79214.11799788654,99577.45009735765,0.020045478950801155,0.024247421295701527,34210.152279781636,41381.299840920816,108182.00030531183,130859.16003567321,0.022368166019240687,0.026740323771929437,38174.1123579927,45635.754101640436,120717.14270643798,144312.92570055503,0.014541160807137854,0.0181151908914403,24816.33523239397,30915.870880137663,78476.14251264892,97764.56782890946,0.019752417052656845,0.023138397294769963,33710.00498035689,39488.609721272405,106600.3956735474,124873.94835268763,0.022368166019240687,0.025946224086844962,38174.1123579927,44280.52227012659,120717.14270643798,140027.30635540973
2023-08-16,1676235.5393730754,-12209.518085545162,1688445.0574586203,0.009522563592190425,-0.8635730456659307,0.01408794901958685,0.019255426186259247,23786.72789185043,32511.729173448715,75220.23822090271,102811.11485864145,0.020779573804581942,0.024972762227383805,35085.168686443,42165.13695391551,110949.04514037787,133337.87062730722,0.023439255720336536,0.027069356438784737,39575.895471510914,45705.121087651765,125149.9701307179,144532.28337077188,0.01640573973785636,0.02062311329528677,27700.19017433605,34820.993712836105,87595.69257071854,110113.65052296521,0.02240516951002339,0.027101751254959717,37829.89772072157,45759.8179549097,119628.64044869253,144705.25005218285,0.025001275974471188,0.029888110348146216,42213.28084925483,50464.43219410532,133490.1149920122,159582.5465605012,0.01625290039494971,0.020247654028387792,27442.129341220094,34187.05136936349,86779.63256319151,108108.94881236699,0.022077609289538364,0.025862176446468405,37276.83028542357,43666.86399616232,117879.68765348305,138086.74850467502,0.025001275974471188,0.029000531752701245,42213.28084925483,48965.80450152019,133490.1149920122,154843.46968732958
2023-08-17,1662251.7934525749,-13983.745920500483,1676235.5393730754,0.009629156304200259,-0.9703114450762383,0.014245645282585354,0.019470965634037975,23879.056903971967,32637.92458168626,75512.20819332005,103210.17977892686,0.0210121741022639,0.02525229981475961,35221.352989709296,42328.80240040419,111379.69772026247,133855.42621247983,0.023701627697224323,0.027372362671007462,39729.51068707663,45882.52710575163,125635.74409516332,145093.2904585885,0.016589380652853213,0.02085396222109846,27807.709426500667,34956.152611748716,87935.69829987672,110541.06048956951,0.02265596623697537,0.027405120105008795,37976.73578525459,45937.436280803326,120092.98317982766,145266.92851619277,0.02528113273615359,0.030222668863614768,42377.13316794873,50660.31164389515,134008.26151898474,160201.97176865765,0.01643483047232343,0.020474300176121864,27548.64692128012,34319.74959900788,87116.47072703054,108528.57745951533,0.022324739405927965,0.026151669869034437,37421.52159945901,43836.35844842754,118337.24176347772,138622.73702459582,0.02528113273615359,0.029325154980398345,42377.13316794873,49155.86697576705,134008.26151898474,155444.50000367675
2023-08-18,1669870.8137199404,7619.0202673655,1662251.7934525749,0.009876932999794644,0.36520893251161984,0.014612213110878791,0.019971990996221507,24289.177449869498,33198.47785228788,76809.12323358789,104982.80486388468,0.021552857720001196,0.025902090015125404,35826.27639910016,43055.795581812235,113292.6335038921,136154.38050914125,0.02431151612415379,0.02807670616268751,40411.861278925826,46670.55517316827,127793.52612817069,147585.25401176582,0.01701625729606737,0.021390574743105194,28285.304208238445,35556.52122970796,89445.98560877908,112439.5927580082,0.02323894778513521,0.028110306508414083,38628.98263379175,46726.4074081129,122155.56881787193,147761.8742866017,0.025931664862993697,0.031000356210927144,43104.95642572239,51530.39770928231,136309.84074759335,162953.4254956553,0.016857730242400892,0.02100114326413303,28021.792328970594,34909.18805535959,88612.68787978137,110392.54552208047,0.022899197851222255,0.026824602589172977,38064.23269681954,44589.243762505364,120369.67270860322,141003.56943397297,0.025931664862993697,0.03007974757078623,43104.95642572239,50000.114346140144,136309.84074759335,158114.24460266347
2023-08-21,1670839.288615947,968.474896006286,1669870.8137199404,0.009418718197051461,-0.04099657213684315,0.01393431721461404,0.01904544204474917,23268.50962579932,31803.42780492126,73581.48817507809,100571.26926428037,0.02055296853892367,0.024700429432112075,34320.80229845281,41246.52619503295,108531.90638745288,130432.96834610257,0.02318364610970209,0.026774159878706273,38713.69399420336,44709.38814332303,122423.44966046404,141383.49932542743,0.01622683197744803,0.02039821426170079,27096.71311827789,34062.38264761999,85687.33055792164,107714.71169867576,0.02216083680923345,0.0268062014231542,37005.734595349466,44762.89338322313,117022.40780899377,141552.69775026548,0.024728632231280384,0.029562174732278488,41293.62122622932,49365.01277552094,130581.89591115978,156105.87709395651,0.01607565937709482,0.02002684945062269,26844.274405113916,33442.251388358054,84889.04925472155,105753.68447113966,0.02183684869621704,0.025580144417358126,36464.716301431166,42715.536573287405,115311.55774439352,135078.38704781214,0.024728632231280384,0.028684275352841744,41293.62122622932,47899.034224416675,130581.89591115978,151470.0458715135
2023-08-22,1661949.9679124192,-8889.320703527424,1670839.288615947,0.008939819246564232,-0.7047584073384998,0.013171998729961104,0.017834861210495954,22008.292987618366,29799.186817509206,69596.33325318596,94233.30276419343,0.019507943636727438,0.02344452502090191,32594.63866834966,39172.033507862514,103073.29770218255,123872.84646528083,0.022004863226710712,0.025412815712989145,36766.59001980854,42460.73092761894,116266.16626021023,134272.62084682996,0.015401771428745636,0.019361057910128425,25733.884817430775,32349.216225411128,81377.68906750758,102297.20379357408,0.021034059123796064,0.025443228090740816,35144.53238310918,42511.545123226664,111136.76963217034,134433.3094424197,0.023471293836099166,0.02805907270106577,39216.75989600379,46882.20107107187,124014.28372332,148254.53710657265,0.015258285267049681,0.01900857530940554,25494.14250109647,31760.274447569802,80619.55729636659,100434.80636636661,0.020726544331676172,0.024279510503221115,34630.7245866047,40567.160057145375,109511.96671566389,128284.62398518583,0.023471293836099166,0.027225810509264307,39216.75989600379,45489.95386329175,124014.28372332,143851.86486397777
2023-08-23,1677307.777129896,15357.809217476752,1661949.9679124192,0.008942124826797734,0.9206385653080305,0.013175395789685681,0.017839460822897505,21896.84860990154,29648.291342189368,69243.91518718067,93756.12937356901,0.019512974737245763,0.023450571366133422,32429.587738441445,38973.67632947334,102551.36083374379,123245.5859913267,0.022010538283028645,0.02541936968057725,36580.413393214534,42245.720624989284,115677.42407308651,133592.69857011817,0.015405743547061193,0.019366051128803897,25603.574993705308,32185.408052105908,80965.61322304005,101779.19686657799,0.021039483809643572,0.025449789901684033,34966.569442331,42296.27751048159,110574.00140020963,133752.57347967816,0.02347734708501066,0.028066309138582646,39018.1762346022,46644.80157228747,123386.30704719533,147503.81397503157,0.015262220380270494,0.019013477622784776,25365.04667126282,31599.44852509066,80211.32043766273,99926.23014453484,0.02073188970942956,0.024285772191287885,34455.36343735027,40361.73831403923,108957.42607091516,127635.0233960484,0.02347734708501066,0.027232832048382713,39018.1762346022,45259.60434897395,123386.30704719533,143123.43574081996
2023-08-24,1658327.5788237427,-18980.198306153296,1677307.777129896,0.0092035306086422,-1.341476444515848,0.013560553087780172,0.018360963071459076,22745.221156316507,30796.98615535313,71926.7047382089,97388.62131958807,0.02008339893911051,0.02413610361505628,33686.04123177236,40483.674303146894,106524.61564674466,128020.61885037411,0.022653973940675705,0.026162455953029164,37997.68667359336,43882.49083883416,120159.23570598202,138768.62045218883,0.015856100762467795,0.019932180302196095,26595.561123842508,33432.40103602883,84102.5488015698,105722.53492202416,0.021654532561633924,0.02619376545065985,36321.31587574115,43935.006502708144,114858.08578177534,138934.68956286644,0.02416366207046014,0.028886773583663206,40529.898314721475,48452.009988068734,128166.79200953977,153218.70877552495,0.015708381972561292,0.01956929998937392,26347.79124870411,32823.73906516487,83319.03166055694,103797.77676896699,0.021337946540840116,0.02499571992634245,35790.30368093309,41925.5154274149,113178.87778085683,132580.12082715888,0.02416366207046014,0.02802893139740017,40529.898314721475,47013.14461749962,128166.79200953977,148668.61695818434
2023-08-25,1666373.791465016,8046.212641273392,1658327.5788237427,0.010122843829197268,0.3827318087573496,0.01491507628781485,0.02019498490628252,24734.082348343414,33489.90042401752,78216.03605493144,105904.36395213414,0.022089469755137245,0.026546987012909362,36631.57689653704,44023.60069818333,115839.21727665921,139214.8490080382,0.02491681182619512,0.02877574564179542,41320.23622774095,47719.61259900647,130666.05993586536,150902.66487372768,0.01743991937265444,0.021923146339630672,28921.099268135324,36355.75818959833,91456.5461231364,114967.0019414504,0.023817539228896713,0.02881018255175566,39497.2821629958,47776.720276522996,124901.37302140862,151083.25520656232,0.026577298200223202,0.03177218723456215,44073.86657605276,52688.69433062607,139373.80367069345,166616.28102517917,0.017277445393434183,0.021524018994746333,28651.664187553135,35693.87430611393,90604.51758694569,112873.94132308221,0.023469330374786598,0.027492467833498964,38919.83781703438,45591.51761821596,123075.33366618429,144173.03765725743,0.026577298200223202,0.030828657751052452,44073.86657605276,51124.01336668862,139373.80367069345,161668.32536762903
2023-08-28,1679809.5250563745,13435.733591358176,1666373.791465016,0.009630029875857283,0.7335998888563399,0.01375117100519207,0.01844624023024859,22914.590965005707,30738.331270753853,72462.29910053374,97203.13828836003,0.02068376537935299,0.024247919886524142,34466.88453696528,40406.098196447194,108993.85898684825,127775.30166119481,0.021014080358551398,0.026029997140109715,35017.31276122982,43375.70502618815,110734.46586396616,137166.02299836808,0.016590885666614347,0.02085585412416426,27646.61705203874,34753.648711124886,87426.27948289228,109900.68692852983,0.0226580216205772,0.02740760633904891,37756.73339497754,45671.316890181544,119397.27453587089,144425.38511229187,0.02528342627883979,0.030225410709949458,42131.63890949648,50366.832243325785,133231.9405097816,159273.90841651754,0.0164363214650579,0.02047615763567141,27389.05531746636,34120.9324339891,86611.79776353983,107899.86238011843,0.022326764740129564,0.026154042388169003,37204.735611157135,43582.410776509925,117651.70427563316,137819.68397483896,0.02528342627883979,0.029327815402912988,42131.63890949648,48871.102948338215,133231.9405097816,154543.99708131896
2023-08-29,1697887.0947493275,18077.569692953257,1679809.5250563745,0.009554654602585524,1.0192149233604395,0.013643539119758198,0.018301859536095474,22918.546968849085,30743.637974977017,72474.80908311119,97219.91956057405,0.020521871336670293,0.024058128825511907,34472.83494332015,40413.07395612823,109012.6758239332,127797.36095019686,0.020849600905216422,0.025826257569932714,35023.35819420655,43383.19346253227,110753.58320161453,137189.70351332868,0.01646102703096497,0.020692613124479942,27651.38999882541,34759.64862480795,87441.37286588894,109919.66032153272,0.022480674863249887,0.027193084074407785,37763.25176498257,45679.201643849,119417.8874317185,144450.31889267042,0.025085530198601075,0.02998883318927892,42138.91256869941,50375.52763667746,133254.94183978668,159301.40566465995,0.01630767261993675,0.020315888560991414,27393.783798470795,34126.82311473722,86626.75053338669,107918.49034825139,0.022152010765816302,0.025949331902575222,37211.15868356958,43589.93489879511,117672.01581403268,137843.47733865379,0.025085530198601075,0.029098263456661996,42138.91256869941,48879.540117100645,133254.94183978668,154570.67775161148
2023-08-30,1701913.2480423537,4026.1532930261455,1697887.0947493275,0.009886680057806137,0.14186042771670535,0.014117653828816556,0.018937851468468568,23970.182244086063,32154.333610592385,75800.37182063812,101680.93085437757,0.021235008959739676,0.02489415184332829,36054.647669628335,42267.459149517286,114014.8068709076,133661.4418205981,0.021574127172220285,0.026723723285122594,36630.43210619363,45373.86488946176,115835.59713173067,143484.7592954433,0.017033049801089595,0.02141168404625877,28920.195441492626,36354.62201899283,91453.68797233554,114963.40905452649,0.02326188115647553,0.02813804718340541,39496.047815172366,47775.22718415171,124897.46967086171,151078.533633912,0.025957255544003625,0.03103094893342219,44072.48920327419,52687.04773188294,139369.4480355261,166611.07402275852,0.016869453592585747,0.020961301635210955,28642.42755032402,35589.923535572656,90575.30877538098,112545.22012364224,0.022921795940110488,0.026851074466381956,38918.621515191124,45590.09281662311,123071.48738203735,144168.53203901017,0.025957255544003625,0.03010943179002206,44072.48920327419,51122.4156665136,139369.4480355261,161663.27299605796
2023-08-31,1699074.1240037736,-2839.1240385801066,1701913.2480423537,0.00932754863855584,-0.28255285436233685,0.0133192438695949,0.01786683999573909,22668.197595570462,30407.811689401347,71683.13485275504,96157.9436000008,0.020034084015468072,0.02348628768975911,34096.272998318665,39971.624166535075,107821.88239758545,126401.37414248039,0.02035402373260654,0.025212389526904626,34640.78264149155,42909.29975064327,109543.77307793731,135691.12001492784,0.016069762504063667,0.020200767417084448,27349.341698560223,34379.95368775834,86486.21227366851,108718.95950442168,0.021946328458359997,0.02654672773495545,37350.7471491718,45180.227624294064,118113.43330042379,142872.42449762742,0.02448926861135255,0.02927602428567568,41678.61068452868,49825.253581801124,131799.33947454017,157561.28631395422,0.015915418317442788,0.019775855938161693,27086.661282591827,33656.79121253443,85655.54386248792,106432.11896434905,0.021625476425286054,0.025332538487974357,36804.684823421936,43113.782859226376,116386.63260664539,136337.75238108198,0.02448926861135255,0.02840662263354666,41678.61068452868,48345.60739217283,131799.33947454017,152882.23422353942
2023-09-01,1710658.3927464222,11584.268742648652,1699074.1240037736,0.00893190385263434,0.6525948727276951,0.012754284136483496,0.01710898577710889,21670.47414649092,29069.43502183431,68528.05627870467,91925.62496326295,0.019184302235862104,0.02249007446963226,32595.551516021038,38212.30357827006,103076.18437998088,120837.91394913565,0.019490671133292184,0.024142960586517336,33116.09498204405,41020.679609394574,104722.28735373207,129718.77873371303,0.01538813456599547,0.01934391546059657,26145.581257770944,32866.746216016174,82679.58752356614,103933.77732133157,0.021015435384398484,0.02542070043468516,35706.78246630476,43191.654322625036,112914.76050968753,136584.00357015218,0.023450512147830872,0.02803422895337794,39844.15838501559,47632.23300108185,125998.29194914541,150626.34632325618,0.015226485659554524,0.018911891312238627,25870.92778366362,32132.70516459642,81811.05697810891,101612.53570278037,0.020708192868557535,0.024258013212866858,35184.75465784559,41216.16254972372,111263.96363301044,130336.95006885991,0.023450512147830872,0.02720170453918843,39844.15838501559,46217.71231133105,125998.29194914541,146153.23914621127
2023-09-05,1693625.9778537818,-17032.41489264043,1710658.3927464222,0.008882321853008772,-1.2353165116091271,0.012683483675382138,0.017014011879002693,21697.10779855469,29105.162215103283,68612.27928163463,92038.60426839793,0.01907780802343339,0.022365229544929737,32635.612410491358,38259.2676267343,103202.86805161074,120986.42731042516,0.01938247623276737,0.024008940305677913,33156.795639791555,41071.09523485578,104850.99413448117,129878.20693983241,0.015302713305883682,0.019236535217263408,26177.714948502267,32907.14041677377,82781.20317590456,104061.51499998767,0.020898776346577216,0.02527958727670345,35750.66715540273,43244.73814005843,113053.53608164548,136751.86934013825,0.023320335725903737,0.02787860780559101,39893.128031181455,47690.774420720176,126153.14756724208,150811.470546773,0.015141961730644556,0.018806909283386446,25902.72391717225,32172.197207245626,81911.60518078298,101737.42050700437,0.020593239368386106,0.024123354262000227,35227.997759365724,41266.81842948586,111400.71032690397,130497.1380257879,0.023320335725903737,0.027050704827757472,39893.128031181455,46274.51524330948,126153.14756724208,146332.8657890387
2023-09-06,1689868.7574900056,-3757.2203637762,1693625.9778537818,0.009630001127624637,-0.3309292367107892,0.01375112995424329,0.01844618516325374,23289.27091534972,31240.93838478754,73647.1411372196,98792.52153691046,0.02068370363274298,0.024247847499953068,35030.45779064215,41066.78443295739,110776.03409681903,129864.57498729174,0.021014017625862223,0.02602991943355811,35589.886150237515,44084.94775411501,112545.1019008321,139408.8454325281,0.016590836138352535,0.020855791863823008,28098.671078229174,35321.91088928219,88855.79983110348,111697.6897196353,0.022657953980280626,0.02740752451996284,38374.099466018764,46418.095515673565,121349.55747047048,146786.90647677655,0.025283350801003263,0.030225320478958474,42820.53972376935,51190.38795211998,135410.43616482848,161878.22023634156,0.01641655312131732,0.02039000169137047,27803.5008330796,34533.03655298758,87922.38955892055,109203.05002929068,0.022326698088723992,0.026153964311308925,37813.07588276133,44295.033381493486,119575.44512630788,140073.1945187095,0.025283350801003263,0.029327727851485727,42820.53972376935,49670.201760702104,135410.43616482848,157070.96940392436
2023-09-07,1684470.5119774078,-5398.2455125977285,1689868.7574900056,0.00919887283002308,-0.4528300906520291,0.013135501651743492,0.017620362580132366,22197.27385523969,29776.10021981167,70193.94322906411,94160.29653204522,0.019757708940001006,0.023162288622585046,33387.935057288676,39141.227895272685,105581.92115081665,123775.43056478021,0.020073235010705685,0.024864578463877067,33921.13270634609,42017.87431426469,107268.04016488521,132872.18527176202,0.01584807621077622,0.019922092903436665,26781.168854911324,33665.722381330976,84689.49198308327,106460.36179991356,0.02164357350439149,0.026180509150892046,36574.798665509654,44241.624469273665,115659.66874509744,139904.30070874284,0.024151433177730025,0.02887215438999779,40812.75237565354,48790.15166508518,129061.25508751314,154288.00664672593,0.015681595720390736,0.019477155825540153,26499.838675477284,32913.837114344766,83799.84784152784,104082.69181711333,0.021327147703372185,0.024983069940723548,36040.080590303376,42218.10935901641,113968.74172138439,133505.38408056318,0.024151433177730025,0.02801474634571392,40812.75237565354,47341.24459862926,129061.25508751314,149706.16019881226
2023-09-08,1686533.3768595092,2062.864882101305,1684470.5119774078,0.008929548896547894,0.028887319279525828,0.012750921384314304,0.017104474878777084,21478.551072419596,28811.983556158346,67921.14222909808,91111.49194477824,0.019179244166489667,0.02248414481133872,32306.871240466564,37873.87892172991,102163.29719366372,119767.72121810858,0.019485532287714404,0.024136595133763247,32822.80454883859,40657.38276236159,103794.82156886534,128569.93323033101,0.01538407738157509,0.01933881530813174,25914.024703241852,32575.664123125207,81947.34140411323,103013.2949217074,0.021009894524545495,0.025413998097289003,35390.54778635249,42809.13038633328,111914.73864590397,135374.35667193707,0.023444329263730915,0.02802683754173807,39491.28131784374,47210.38138303916,124882.39668284215,149292.3343756139,0.015222471094947612,0.018906905065825014,25641.803678867695,31848.124056138506,81086.50294010669,100712.61122099795,0.02070273301524522,0.024251617425719657,34873.1432815217,40851.134421382216,110278.56193900708,129182.6297732725,0.023444329263730915,0.027194532628168882,39491.28131784374,45808.38829915796,124882.39668284215,144858.8429667458
2023-09-11,1688017.9939369082,1484.6170773990452,1686533.3768595092,0.008554117867825943,-0.010059119477631558,0.012214825822497458,0.01638533993994825,20600.71144216737,27634.42269991191,65145.16957714099,87387.71755558139,0.018372878307367897,0.02153882879210313,30986.472494354002,36325.953656344514,97987.82973631762,114872.75173177013,0.018666288951155765,0.02312180403447074,31481.319338228077,38995.69423733976,99552.67285590545,123315.21272949634,0.014737274271561811,0.018525740492202066,24854.904942921905,31244.279671136497,78598.11064661057,98803.08761208798,0.02012656140144236,0.024345500286241516,33944.11756494484,41059.49880908905,107340.72466975417,129841.53582169248,0.022458643563910027,0.026848486364985397,37877.251969525256,45280.86837270531,119778.38773179847,143190.6784880309,0.014582462506711344,0.018111989342640487,24593.809734371065,30546.474547686903,77772.45510143325,96596.43405905229,0.019832314090021102,0.02323199036686241,33447.85965318171,39181.527164592044,105771.4193617038,123902.86804386992,0.022458643563910027,0.026051174606561193,37877.251969525256,43936.17548036035,119778.38773179847,138938.38619478125
2023-09-12,1687019.4996375716,-998.4942993365694,1688017.9939369082,0.008260665563050086,-0.18855995951930085,0.01179579152282647,0.015823234548812716,19911.508343259524,26709.90464068002,62965.718014145896,84464.13475045015,0.01774258964780402,0.020799930983015347,29949.810584531893,35110.65777197571,94709.61693773969,111029.64870613608,0.01802593472656277,0.02232860165062101,30428.102175970136,37691.08136569761,96222.10775239122,119189.66459033424,0.01423170640729729,0.017890207836571522,24023.376499945014,30198.992743403815,75968.58682759016,95497.60011205288,0.01943611196858142,0.023510318531640026,32808.50673513794,39685.84072459672,103749.60791201053,125497.64754839269,0.021688191155163423,0.025927438709892642,36610.05692585916,43765.983078995116,115771.16515413707,138400.19056601357,0.014082205519606074,0.01749065057939237,23771.0163114127,29524.53290367733,75170.55384107854,93364.77082820507,0.01915195892439436,0.022435007998484198,32328.851283518234,37870.697195559784,102232.80419277555,119757.65971652001,0.021688191155163423,0.025157479038118366,36610.05692585916,42466.27729843438,115771.16515413707,134290.16001135466
2023-09-13,1672762.857567057,-14256.642070514616,1687019.4996375716,0.008058702497989362,-1.1729722152915603,0.011318589644392203,0.014308562377138666,19094.681438485535,24138.823742013454,60382.68454095462,76333.66306211123,0.01713359564118053,0.017342541264949413,28904.709945576855,29257.205287238896,91404.71853454446,92519.40667879576,0.017308805255973236,0.017447014076833856,29200.291982256138,29433.45295806992,92339.43100588243,93076.75075092142,0.013883758772191623,0.017452814362441664,23422.171776951458,29443.23815299376,74067.41056287992,93107.69425422947,0.018960923048744707,0.02293552029595758,31987.446914359796,38692.66997361372,101153.18878310194,122356.96586982653,0.021157941682177574,0.02529354487276089,35693.860190028136,42670.70341530554,112873.89668409944,134936.6121538913,0.013737912996461661,0.017063025786455476,23176.127109355242,28785.6572245691,73289.34900713684,91028.24077451938,0.018683717195351456,0.021886499776543458,31519.795234271707,36922.95190184217,99674.34432241917,116760.62594666707,0.021157941682177574,0.02454240976349889,35693.860190028136,41403.52383911815,112873.89668409944,130929.43848869226
2023-09-14,1686436.3544103,13673.496843243018,1672762.857567057,0.008778327606245502,0.8173577850401403,0.012329315787984768,0.015586286769149313,20624.021509356033,26072.161594821817,65218.88248186873,82447.41416360502,0.018663589535505048,0.018891193562057984,31219.759363870045,31600.486925720503,98725.54759219883,99929.5138556489,0.018854444998750924,0.01900499557533445,31539.015293951503,31790.85070664573,99735.12348777169,100531.49698737393,0.015123549099720563,0.019011313814193357,25298.111208604263,31801.419621934147,79999.65191942455,100564.91883208271,0.020654093420152956,0.024983613804808086,34549.40032995201,41791.66122048255,109254.79683562128,132156.83665885715,0.023047301176129974,0.02755220499475738,38552.66937459177,46088.305159303694,121914.24510312921,145744.01780028915,0.01496467960433169,0.018586717941838915,25032.360217517333,31091.171417183352,79159.27349714274,98318.91680102458,0.020352133669676753,0.023840917969170955,34044.2932748752,39880.2020691322,107657.50807935845,126112.27208621755,0.023047301176129974,0.026733995107086267,38552.66937459177,44719.63404951334,121914.24510312921,141415.89972568123
2023-09-15,1669285.0501602802,-17151.304250019835,1686436.3544103,0.008932693475602084,-1.2524948358361367,0.01254612537126234,0.01586036980809274,21158.241933086232,26747.504238759113,66908.23579343643,84583.03511948699,0.018991786585466238,0.01922339300233813,32028.43933293212,32419.02881425959,101282.81819258948,102517.97058368809,0.01918599821982202,0.01933919621077408,32355.964893559154,32614.323554923332,102318.54495609447,103135.54677923743,0.015389494950599304,0.019345625555128018,25953.403760704412,32625.16623497683,82071.86891780556,103169.83434414695,0.021017293249275943,0.02542294774603676,35444.32740688113,42874.18331518979,112084.80473847402,135580.07209558855,0.02345258528512644,0.028036707313135262,39551.292429745285,47282.12247083243,125072.16848137026,149519.19961485875,0.015205530338768295,0.018840541673885814,25643.15915138762,31773.374415623322,81090.78932057541,100476.23210269117,0.020710023571728915,0.024260157737113958,34926.136652057896,40913.211971597295,110446.14169079073,129378.93622351563,0.02345258528512644,0.027204109299810614,39551.292429745285,45877.99891255195,125072.16848137026,145078.97105439223
2023-09-18,1667869.563296436,-1415.486863844097,1669285.0501602802,0.009706302168180622,-0.18691532906154126,0.013632672410170391,0.01723394430547845,22756.81624802995,28768.365584430067,71963.37163770192,90973.55980720004,0.020636554899776147,0.020888219403029092,34448.2925810082,34868.392373944356,108935.06605986637,110263.53825010973,0.02084758607562273,0.021014051654655565,34800.56376796665,35078.44227041243,110049.04536470605,110927.7743452314,0.016561678240255655,0.020943624649615866,27646.16189202358,34960.8795237721,87424.84014054455,110556.00829786265,0.02283747892972281,0.027624681570333053,38122.26216073668,46113.46796079518,120553.17798597994,145823.5895653129,0.02548367746237037,0.030464803670405573,42539.521811041326,50854.441323076055,134521.7794973015,160815.8637163071,0.016522392993628954,0.02047221154497404,27580.58361713777,34173.95667574386,87217.46342688077,108067.53975526686,0.022503598410309845,0.026361189073297004,37564.92040114087,44004.33882450322,118790.70859053118,139153.9376152066,0.02548367746237037,0.029560099179646006,42539.521811041326,49344.23164183824,134521.7794973015,156040.16137915876
2023-09-19,1663610.2968796848,-4259.266416751314,1667869.563296436,0.009196414840403537,-0.38307537100328987,0.012916526674622461,0.016328618089920637,21543.081704109332,27234.005122870218,68125.20600408709,86121.48599696369,0.019552484194985353,0.01979092836583605,32610.99327565069,33008.687050758024,103125.01551149142,104382.63365210137,0.019752429571063327,0.019910150451261398,32944.476082733,33207.53393831169,104179.58074237806,105011.44272240634,0.015691667219054288,0.019843423087627956,26171.654152037077,33096.241399468454,82762.03725463986,104659.50481307895,0.021637790222027806,0.026173513574269093,36089.01172831341,43654.00665504953,114123.47556600014,138046.0900221049,0.024144979781412355,0.028864439590902746,40270.6768838255,48142.120255275324,127347.06186958056,152238.7513963968,0.015654445688256382,0.019396774055239405,26109.57349371995,32351.28907287179,82565.72097571506,102303.75871279187,0.02132144897172995,0.024976394326470225,35561.39578532648,41657.36789800948,112455.0074563439,131732.16388529076,0.024144979781412355,0.028007260650783218,40270.6768838255,46712.45759075126,127347.06186958056,147717.76109079557
2023-09-20,1655728.143793604,-7882.1530860806815,1663610.2968796848,0.008881087814654314,-0.6435222111418297,0.012473644311223062,0.015768741804841738,20751.28311576539,26233.04123537186,65621.31901681417,82956.16025689234,0.018882067864903523,0.01911233625285334,31412.402526434504,31795.479387673706,99334.7387615606,100546.13416198475,0.01907515750623648,0.019227470446828245,31733.628441976816,31987.0178182933,100350.54429814719,101151.8318621968,0.01515363072993329,0.019163031033605452,25209.736117429435,31879.81574693098,79720.18534288704,100812.82914680397,0.020895872838688205,0.025276075134180294,34762.58921673023,42049.5388579269,109928.95928967622,132972.31735080443,0.023317095786032065,0.02787473457606045,38790.56064297285,46372.695463522345,122666.52334667982,146643.33890608826,0.015117685452414951,0.018731696720417915,25149.93718362573,31162.243542114666,79531.0845104177,98543.66659395555,0.0205903783093473,0.024120002757192123,34254.36537207828,40126.284947631204,108321.81437936847,126890.45447544487,0.023317095786032065,0.027046946620407526,38790.56064297285,44995.578896865154,122666.52334667982,142288.51395190044
2023-09-21,1622355.9273872783,-33372.21640632581,1655728.143793604,0.008831544883446653,-2.4149168025599104,0.012404060391446923,0.015680776264271407,20537.75188743418,25963.102577284903,64946.07398371408,82102.53926880812,0.0187767347110363,0.01900571855241462,31089.168109609065,31468.30310025312,98312.58178623595,99511.5118973378,0.018968747206526637,0.019120210473103777,31407.08860235246,31657.870595575147,99317.93465814812,100110.97695288871,0.015069096571453224,0.019056130533571927,24950.32729489881,31551.77163623967,78899.86261854786,99775.46258401503,0.02077930572301765,0.025135073167112016,34404.88129409183,41616.848039098804,108797.78751705156,131604.02884066437,0.023187021937355144,0.02771923605083983,38391.40479243861,45895.51925383379,121404.28171760988,145134.37523822632,0.015033351813786561,0.018627202408303234,24891.143693637034,30841.583267567665,78712.70763842943,97529.64977125212,0.020475515387438515,0.023985449911609807,33901.88708566095,39713.38446020417,107207.1801685365,125584.74848818174,0.023187021937355144,0.02689606589005588,38391.40479243861,44532.57325149269,121404.28171760988,140824.36154300728
2023-09-22,1618811.907013065,-3544.0203742133453,1622355.9273872783,0.012173585380728253,-0.2589883276580058,0.01738323312333422,0.02243662409679167,28201.79129479614,36400.190093990204,89181.89458826491,115107.50796010757,0.026146916166040392,0.02683143661796906,42419.60442487388,43530.140237478176,134142.56742595843,137654.39001697392,0.02656447640766398,0.027173696843933393,43097.03575791317,44085.40814378032,136284.79339672663,139410.30131248164,0.020972994456722863,0.026547821594090817,34025.661871924865,43070.01572239322,107598.59041003101,136199.34854202493,0.02864262772932763,0.03464670828137995,46468.5368726219,56209.292544754666,146946.41605300285,177749.39010814673,0.03196147389889635,0.03820877221446753,51852.88662790828,61988.22808033174,163973.22499867805,196023.9888518553,0.020752677848222892,0.025861929810913193,33668.22991622308,41957.25512240877,106468.29132148495,132680.49055557858,0.028223876804453263,0.03306204364555179,45789.173827553066,53638.40247989785,144798.0814724377,169619.5218893012,0.03196147389889635,0.03707409732265399,51852.88662790828,60147.38154394052,163973.22499867805,190202.720974027
2023-09-25,1626515.1223988074,7703.215385742485,1618811.907013065,0.011233431870082178,0.3366146692604496,0.015777552982929998,0.020639135650134224,25540.89063229658,33410.878540895115,80767.38786731532,105654.47481647173,0.024127616653426227,0.024759272293069717,39058.073126413095,40080.60479699993,123512.47209687906,126746.00115559046,0.024512929145944596,0.02507510011289146,39681.82157722271,40591.87063229334,125484.93788843896,128362.76568494615,0.01935327161003683,0.02449756056653831,31329.306521985527,39656.94273788594,99071.96612304235,125406.26409059337,0.026430586972913672,0.031970978543234295,42786.148901097054,51755.00074464689,135301.68283457708,163663.6826567947,0.029493122057454493,0.03525794793292305,47743.817161597,57075.985930662515,150979.20642128188,180490.11524061882,0.01914996982719888,0.02386463950215143,31000.199175210477,38632.36258265708,98031.23731253832,122166.25715466129,0.026044175752390517,0.030508695931598377,42160.62181631072,49387.8402415125,133323.59250852698,156178.06387969988,0.029493122057454493,0.034210902818994776,47743.817161597,55381.016833055575,150979.20642128188,175130.15232858062
2023-09-26,1602910.6710507895,-23604.4513480179,1626515.1223988074,0.010507704297674834,-1.4831551195750203,0.014758255820917988,0.019305759529177853,24004.52627295333,31401.10982360266,75908.97717588526,99299.02809967253,0.022568869792771794,0.02315971778616278,36708.608013392964,37669.63120968239,116082.81105663053,119121.83324116019,0.022929289456184367,0.023455141782858277,37294.8360463434,38150.14280782711,117936.62686899415,120641.34433342505,0.018102967786047083,0.022914913752504117,29444.75086430404,37271.453746912346,93112.47786741225,117862.68554585996,0.024723058415034638,0.029905517078384635,40212.42838400293,48641.77577114841,127162.86393985333,153818.80087202217,0.027587740681485607,0.03298013423739764,44871.877411253125,53642.687075869915,141897.3355074199,169633.0709714265,0.01791280016479319,0.022322882086201028,29135.44035254397,36308.50528873141,92134.35214601814,114817.57514866079,0.02436161100612885,0.02853770415528107,39624.5287074658,46417.007367107944,125303.76192631973,146783.46544887655,0.027587740681485607,0.032000732700029066,44871.877411253125,52049.675664439295,141897.3355074199,164595.52657266613
2023-09-27,1610047.7916161253,7137.120565335732,1602910.6710507895,0.011702043616370226,0.2971087735548344,0.016435726437043708,0.02150011397899594,26345.00129240893,34462.76212574085,83310.20904409185,108980.82277792721,0.025134119804421696,0.025792125472780304,40287.74884197652,41342.47314940044,127401.04814145685,130736.37925646007,0.025535505920929055,0.02612112830695961,40931.1349313378,41869.835303112406,129435.61359870713,132404.04481396172,0.02016060907470958,0.025519496228734014,32315.655420735366,40905.47282487813,102191.07521069064,129354.46289273685,0.027533160403726192,0.03330467391424411,44133.19661888578,53384.41721300875,139561.42173972115,168816.34995380588,0.030723451629990475,0.03672876190522155,49246.94846922451,58872.92439236335,155732.52497569204,186172.5335947527,0.01994882639266105,0.024860172347409705,31976.186699736023,39848.63553982477,101117.58085794849,126012.44995577961,0.027130629724881762,0.03178139099423134,43487.97589834072,50942.73076549088,137521.05466926377,161095.0594476842,0.030723451629990475,0.03563803845283403,49246.94846922451,57124.59213136604,155732.52497569204,180643.8215432492
2023-09-28,1620096.618328228,10048.82671210263,1610047.7916161253,0.010867573293621617,0.4836395838463575,0.015263698166243098,0.019966945274506893,24575.2835244548,32147.73614453985,77713.87008168745,101660.06783486591,0.023341810892168326,0.023952894311691914,37581.431079256836,38565.30458935402,118842.91993909153,121954.20116050329,0.023714574247287228,0.024258436021453708,38181.59789596144,39057.24134440261,120740.81405593085,123509.84177120918,0.018722960189360458,0.02369970620294884,30144.860705396437,38157.65963400876,95326.41957756277,120665.11462493466,0.025569776399906076,0.030929724469398588,41168.562024786894,49798.334577250425,130186.4239922399,157476.1609472296,0.028532568615184054,0.034109641450198507,45938.79908801265,54918.152889709956,145271.23809098595,173666.44802084134,0.01852627968679743,0.023087398571954937,29828.195696590883,37171.81508493733,94325.03689445995,117547.60043100729,0.02519595010095488,0.029515066541017397,40566.683817712496,47520.66770376805,128283.11798386634,150273.5458759107,0.028532568615184054,0.03309669726279937,45938.79908801265,53287.26433775758,145271.23809098595,168509.12558677798
2023-09-29,1609920.2387812054,-10176.379547022516,1620096.618328228,0.010323872014769314,-0.7039111637511243,0.014500060140643334,0.0189680052731641,23491.498399412194,30730.001199485152,74286.64059234243,97176.79629007941,0.02217402742387103,0.02275453853183032,35924.066844130844,36864.550927037664,113601.87404359055,116575.94584871073,0.022528141545401937,0.02304479408580997,36497.76593492534,37334.79296849108,115416.06986206888,118062.98175127084,0.017786256371146444,0.022514017344652394,28815.453799613253,36474.88336505441,91122.46581813104,115343.70882255881,0.024290528516962798,0.029382320067862944,39353.00310773681,47602.19738058239,124445.12258813293,150531.36535154143,0.02710509316819336,0.03240314680078573,43912.869781261616,52496.228555146095,138864.6871031667,166007.65080303187,0.017599415732357935,0.021932343272138173,28512.753912545704,35532.51516720492,90165.24472752184,112363.67892284623,0.023935404630345707,0.028038437031356715,38777.668099940885,45424.97701770997,122625.75354586708,143646.3900367663,0.02710509316819336,0.03144087989296088,43912.869781261616,50937.263191849896,138864.6871031667,161077.769461704
2023-10-02,1588721.4869629631,-21198.75181824225,1609920.2387812054,0.010107683468884208,-1.4069472153782787,0.014196419518930118,0.018570802995522537,22855.10310175414,29897.511592910367,72274.18195952215,94544.2330048856,0.021709688972336067,0.022278043802871506,34950.86765420898,35865.87359869705,110524.34798640668,113417.85084358256,0.02205638771551846,0.02256222121813923,35509.02497761833,36323.37657094109,112289.39642108342,114864.60227217052,0.01741380067854226,0.022042559284652298,28034.83014648707,35486.7623068963,88653.91707885108,112218.99567480347,0.023781869165960545,0.028767035314127647,38286.91248632658,46312.63236194775,121073.84803233235,146453.40270177848,0.026537495016092195,0.031724603984782024,42723.25031296219,51074.082022419454,135102.78003446208,161510.4285931045,0.017230872603368853,0.02147306584279061,27740.330536024114,34569.92328899001,87722.62753975579,109319.6961305077,0.023434181802824857,0.02745129405612142,37727.16356364597,44194.39388168408,119303.76651883611,139754.94447673167,0.026537495016092195,0.030782487567321486,42723.25031296219,49557.34973466169,135102.78003446208,156714.09996307205
2023-10-03,1567727.394233293,-20994.09272967046,1588721.4869629631,0.011132382869931387,-1.281709638446196,0.015635627881839805,0.020453478760455023,24840.657978036103,32494.881189875487,78553.057787827,102757.83685656895,0.02391057954784288,0.02453655320431651,37987.25149339515,38981.74929170759,120126.2367687614,123271.11493945145,0.024292426007668406,0.024849540032553324,38593.89916884071,39478.9981908638,122044.62516041598,124843.55402479647,0.019179181557374532,0.02427719567449005,30470.377842564707,38569.70241126665,96355.79514843196,121968.108294491,0.026192833771763763,0.031683387408752914,41613.11781765024,50336.07835605755,131592.23284471012,159176.6560858459,0.029227820186245545,0.034940789256287526,46434.865946978134,55511.18266290864,146839.9392370424,175541.77282444225,0.018977708551541,0.023649967976250786,30150.29334915396,37573.21228985561,95343.59910555284,118816.92984497441,0.025809898467410528,0.030234258586408873,41004.74027150756,48033.81625862224,129668.37412159504,151896.2640872738,0.029227820186245545,0.03390316271213373,46434.865946978134,53862.68307676838,146839.9392370424,170328.7594103941
2023-10-04,1577262.462180017,9535.06794672436,1567727.394233293,0.011852658334180725,0.4300923229226804,0.016647267461883414,0.021776837746741086,26098.37723912317,34140.14509533962,82530.31530992611,107960.61814989956,0.025457616151372795,0.026124090882170974,39910.60223238306,40955.452925419624,126208.40584333122,129512.51384813218,0.0258641684301893,0.026457328247570064,40547.96537707167,41477.87827193791,128223.92507719467,131164.56785053268,0.020420092336456048,0.02584795268037293,32013.138148635473,40522.54350186651,101234.43159931408,128143.5340491538,0.027887534333664143,0.03373333186731714,43720.051532506775,52884.668467156,138254.9422626565,167236.00565909856,0.031118887175192355,0.03720149062605329,48785.93190260415,58321.7959607768,154274.66258610095,184429.7124676629,0.020205583840871046,0.02518014277014745,31676.847303811093,39475.59961146555,100170.98657340679,124832.80677308908,0.027479822761072283,0.03219044307035974,43080.870931208585,50465.83943391023,136233.67572635825,159586.99664349877,0.031118887175192355,0.03609672868514391,48785.93190260415,56589.83040190682,154274.66258610095,178952.75647266733
2023-10-05,1571037.1222317226,-6225.339948294452,1577262.462180017,0.011094972044775107,-0.44350483651581113,0.015583083718767933,0.020384744013664042,24578.612994621246,32152.091533901108,77724.398790815,101673.84078534436,0.023830227073327676,0.02445409711988343,37586.52262798571,38570.5294336966,118859.0208298925,121970.7235690457,0.024210790322603225,0.02476603214316131,38186.77075555329,39062.532836552055,120757.17207425737,123526.57493862232,0.019114729138133592,0.02419561117157861,30148.944744316705,38162.829250434406,95339.33444260359,120681.4623874691,0.026104811689157383,0.031576914097463105,41174.13955958606,49805.08127741155,130204.06170593412,157497.49588642895,0.02912959890842369,0.03482336931367847,45945.02289661668,54925.593225096556,145290.91950189564,173689.97642721853,0.01891393319052587,0.02357049129751555,29832.23683359718,37176.85113871204,94337.81609173663,117563.52583135446,0.02572316325446042,0.0301326551314324,40572.17980978878,47527.10582462439,128300.49783682963,150293.90500166817,0.02912959890842369,0.03378922975570493,45945.02289661668,53294.483719649455,145290.91950189564,168531.9552768549
2023-10-06,1592388.6937550616,21351.571523339026,1571037.1222317226,0.010476470818339316,1.196327134937624,0.014714387848889794,0.01924837439306925,23116.84954152125,30239.910714126294,73101.8968786263,95626.994096768,0.02250178526999411,0.023090877005493823,35351.13997564771,36276.62496051767,111790.12020647612,114716.76069895165,0.02286113360899648,0.023385422873243678,35915.68955603275,36739.36745295265,113575.38273258515,116180.08094518942,0.018049157871508265,0.022846800636176466,28355.897041160388,35893.171923660564,89669.21974729614,113504.1757267747,0.02464957070428057,0.0298166248405347,38725.39062350032,46843.02448413653,122460.43764998911,148130.64986090537,0.027505737885815052,0.03288210289658285,43212.53529299094,51659.00430757491,136650.03499626293,163360.11526838623,0.017859555511352366,0.022256528746156728,28058.02469489272,34965.83287222967,88727.26468111196,110571.67216103306,0.024289197674692765,0.02845287765390966,38159.23121616677,44700.52702860952,120670.08440408405,141355.47802032472,0.027505737885815052,0.03190561256767732,43212.53529299094,50124.90175136406,136650.03499626293,158508.85702647344
2023-10-09,1603312.417280459,10923.72352539748,1592388.6937550616,0.011047484361077255,0.5313970884795832,0.015357287694435685,0.02028525673408316,24454.771291363122,32302.01347327275,77332.77693920463,102147.93558498842,0.023728231116858452,0.02434943093195081,37784.56695329244,38773.75851540824,119485.29197553308,122613.39035403896,0.0241071655141517,0.024660030839496992,38387.977803217094,39268.354296466154,121393.44462615304,124177.43954329193,0.019032916024263758,0.024092051331539785,30307.800286227146,38363.91014971053,95841.67977398093,121317.33602313657,0.025993080263833918,0.03144176148033499,41391.087127996965,50067.50549302885,130890.11015494778,158327.35412096276,0.029004921065737283,0.03467432151611865,46187.108368338064,55214.9975458952,146056.46098097146,174605.1532456363,0.018832979505089862,0.023469607038337403,29989.42363362589,37372.73689472269,94834.88439794078,118182.97098153215,0.02561306532583055,0.030003684099321346,40785.95563726237,47777.52733075783,128976.51636033338,151085.80733613967,0.029004921065737283,0.033644608187614666,46187.108368338064,53575.29368377657,146056.46098097146,169419.95435316672
2023-10-10,1617547.6861271092,14235.268846650142,1603312.417280459,0.010520837531604483,0.7483759071188925,0.014625187371028926,0.01931823421611651,23448.744517024028,30973.164798631835,74151.44094518086,97945.7471074271,0.022597077880677528,0.023188664355538322,36230.17556034388,37178.67350138337,114569.87479845385,117569.28864811873,0.022957948020770672,0.023484457592968723,36808.76313698096,37652.92247190311,116399.52936650426,119068.99557295117,0.018125594089949418,0.02294355434937131,29060.990075001202,36785.685584896106,91898.9196965513,116326.55173909494,0.02475395895243298,0.029942895000378923,39688.32976528658,48007.815363432506,125505.5185861615,151814.04203727093,0.02762222169100931,0.03302135502223327,44287.05103006887,52943.54854257306,140047.9521071238,167422.20080621896,0.017935188784441662,0.022350782722164578,28755.71088436454,35835.28747438401,90933.5421318867,113321.1290259563,0.024392059782301335,0.02857337249289972,39108.09233201102,45812.04292144603,123670.64671332076,144870.39989716373,0.02762222169100931,0.032040729363102524,44287.05103006887,51371.299246584895,140047.9521071238,162450.31198130012
2023-10-11,1625909.974838914,8362.288711804664,1617547.6861271092,0.010333755742930667,0.4055135750758364,0.014365121933762876,0.018974716905796486,23236.269744891924,30692.509425888045,73479.53671991815,97058.23689199318,0.022195256092628877,0.02277632296241643,35901.885135630466,36841.78850634044,113531.72932233544,116503.96475424855,0.022549709231120693,0.02306685639731021,36475.22998963839,37311.74019169543,115344.8049457372,117990.08247020512,0.0178032843353375,0.02253557150833596,28797.661382088183,36452.36154886084,91066.20125367113,115272.48858634346,0.024313783452747914,0.02941044971378311,39328.70416498798,47572.80488248757,124368.2825843126,150438.41811143968,0.027131042673599788,0.03243416848471335,43885.755298897195,52463.81418390489,138778.9435813187,165905.1475609874,0.017616264821599687,0.021953340560610286,28495.148400380967,35510.57522657558,90109.57120970747,112294.29873872866,0.02395831958245475,0.028065280088815266,38753.72440409349,45396.92886817236,122550.03693138699,143557.69400007447,0.027131042673599788,0.03147098033488531,43885.755298897195,50905.811420845486,138778.9435813187,160978.31022888405
2023-10-12,1616010.2284747306,-9899.746364183258,1625909.974838914,0.009818465551491459,-0.7204069660480904,0.01364880865759897,0.01802854730878608,22191.734141057892,29312.794901210542,70176.42511466329,92695.19647319568,0.021088495100253277,0.021640587213328916,34287.99453784336,35185.64661152294,108428.15913899748,111266.78423819823,0.021425273520072303,0.021916633269866738,34835.565929937606,35634.47264836273,110159.73191956441,112686.09678779861,0.016915527935668525,0.02141184077136103,27503.125600269756,34813.72548981844,86972.5196705381,110090.66638368733,0.02310138261401619,0.027943904864037073,37560.768424699185,45434.27365438752,118777.57888818409,143675.7885832464,0.02577815989593316,0.030816846641288434,41912.96730779018,50105.41834715194,132540.44018879253,158447.24509258944,0.016737834104038375,0.020858642626807682,27214.21142695495,33914.275108526774,86058.89283455868,107246.35453649877,0.02276364386228879,0.026665811791951956,37011.635619375964,43356.20937971182,117041.06848544488,137104.37235104546,0.02577815989593316,0.029901687631926226,41912.96730779018,48617.45218526624,132540.44018879253,153741.88293977178
2023-10-13,1606473.1333650544,-9537.095109676244,1616010.2284747306,0.00969853037888316,-0.7099066125550634,0.013482084823445668,0.01780832380013124,21787.18697585213,28778.43341300207,68897.13465164867,91005.3970765797,0.02083089351407529,0.021376241674897888,33662.93698701359,34544.2251929828,106451.55360968894,109238.43161559523,0.021163558095769617,0.02164891575530918,34200.52635368289,34984.869295967386,108151.56045425135,110631.87061854833,0.01670890025519388,0.021150289431662687,27001.753718957345,34179.0840567679,85387.04257082727,108083.75395773436,0.02281919307057154,0.02760256262113344,36876.049407583305,44606.02352786591,116612.3072368661,141056.6317111155,0.025463272804826194,0.030440410649148607,41148.909303041575,49192.01496799527,130124.27662930317,155558.80999195998,0.01653337700105939,0.020603848749831566,26718.106344940843,33296.0303256741,84490.07081660947,105291.29287116812,0.022485579887678957,0.02634008179644137,36336.92709167488,42565.84160191031,114907.45278117064,134605.0099839868,0.025463272804826194,0.029536430550908127,41148.909303041575,47731.17388290106,130124.27662930317,150939.22486351043
2023-10-16,1627990.0100211345,21516.87665608013,1606473.1333650544,0.00958459180143819,1.2873806985958154,0.01328915398308158,0.01736449666740821,21348.668838971756,27895.59737059831,67510.4185438132,88213.62438209481,0.020586171656105018,0.021125113053095473,33071.1316843739,33936.926559097294,104580.10092198224,107317.98471260832,0.02091492808597388,0.0213945837515907,33599.27005637924,34369.823996458996,106250.22109725243,108686.92660792137,0.016512603677117283,0.020901815302464724,26527.05416919392,33578.20472196815,83885.91078931841,106183.60666084026,0.022551112619685492,0.02727828702513847,36227.756551014376,43821.835230105506,114562.22521929142,138576.8105757423,0.02516412963909543,0.030082795943547805,40425.49818972207,48327.20345981279,127836.64982653537,152824.035879378,0.016339142474562085,0.020361794219429866,26248.3934076078,32710.675360621946,83004.70808818912,103440.23794191504,0.022221418732808973,0.026030637856748695,35698.112179512544,41817.52036122208,112887.34265545725,132238.61044192893,0.02516412963909543,0.029189435826109403,40425.49818972207,46892.044432728144,127836.64982653537,148285.66454923924
2023-10-17,1636508.3877345452,8518.37771341065,1627990.0100211345,0.010383299112009772,0.40958775291500416,0.014396571456615092,0.018811522343616317,23437.47450992478,30624.970448696724,74115.80205350097,96844.65989323045,0.02230166733281661,0.022885520025213647,36306.89162464012,37257.39797518644,114812.4722947539,117818.23729293469,0.02265781983435691,0.02317744637141217,36886.70433919176,37732.651150459606,116646.00108906213,119321.11979202511,0.017888639041659958,0.022643614330754114,29122.525652696455,36863.5779212391,92093.51227920255,116572.86893421071,0.024430351598664562,0.02955145292705813,39772.36834392976,48109.47014686045,125771.27190599713,152135.50268795437,0.027261117671898316,0.03258966838426452,44380.82723186107,53055.65455948425,140344.49849510673,167776.71115906766,0.01770072289585297,0.022058591979452622,28816.600044601004,35911.167377681195,91126.09056304889,113561.08234900874,0.024073183519547584,0.028199834123605553,39190.90227922888,45909.04823748294,123932.51475944751,145177.1576409848,0.027261117671898316,0.0316218623987544,44380.82723186107,51480.07608343511,140344.49849510673,162794.29454241533
2023-10-18,1609275.3411389936,-27233.04659555154,1636508.3877345452,0.009862084366808646,-1.799507861730414,0.013673900825384762,0.01786723260300463,22377.453393792483,29239.876020421205,70763.72095864905,92464.60672547108,0.021182181345651942,0.02173672614380266,34664.817442673615,35572.33465622183,109619.77779278196,112489.59920340372,0.021520455913277347,0.02201399854287802,35218.40660994987,36026.093262995935,111370.38044937086,113924.50990871461,0.016990675654540602,0.021506963489193974,27805.38322193283,35196.32614476656,87928.34219513886,111300.55588759555,0.023204011170029137,0.02806804646428136,37973.55890883876,45933.59346611939,120082.93701450875,145254.77646916558,0.025892680111930334,0.030953751367923676,42373.588184101434,50656.07374545675,133997.05129575878,160188.57035709984,0.01681219241295793,0.020951307745988933,27513.293900012734,34286.990860318634,87004.67465765722,108424.98523198302,0.022864772004193262,0.026784275427001257,37418.39116850028,43832.69139567982,118327.34247159022,138611.14078561307,0.025892680111930334,0.030034526738367973,42373.588184101434,49151.75492897666,133997.05129575878,155431.49656997394
2023-10-19,1588274.5299681944,-21000.811170799192,1609275.3411389936,0.011796943392590272,-1.195368141427824,0.01639912288387389,0.021645647056123648,26390.70407332643,34833.80605041764,83454.73392719483,110154.16669187383,0.025337949359593638,0.026001291240388802,40775.7370994226,41843.23683093102,128944.20250640309,132319.9330595879,0.02574259058724937,0.026332962180786384,41426.91624909718,42376.98669668523,131003.41178418645,134007.7983361803,0.020324105071850906,0.025726451061646043,32707.081122847616,41400.94330852606,103428.87196409593,130921.27813444952,0.02775644539962973,0.03357476401176536,44667.763139294984,54031.039808694906,141251.86950508514,170861.15014270428,0.030972608852436197,0.037026620245175855,49843.45567696887,59586.026926279344,157618.84639287146,188427.56180716472,0.020110604900977984,0.025061780277605816,32363.500562532863,40331.3050057946,102342.37483374446,127538.7848252614,0.027350650327607803,0.032039127761602046,44014.727136334375,51559.778258347935,139186.78834163715,163046.33494960898,0.030972608852436197,0.03592705137954745,49843.45567696887,57816.51786493938,157618.84639287146,182831.88283302382
2023-10-20,1563034.1160958337,-25240.41387236072,1588274.5299681944,0.012293218311583564,-1.3816792107174483,0.017089002720532886,0.022556238162806625,27142.027763579565,35825.49856588234,85830.62804843757,113290.17377928404,0.02640386858522853,0.02709511599436278,41936.59196654582,43034.48262038025,132615.14791940458,136086.98300733286,0.02682553229792919,0.027440739698929902,42606.3097016401,43583.42794729747,134732.9813517118,137822.900551297,0.02117910142662525,0.026808713813251898,33638.22736352194,42579.5973307945,106373.41491933011,134648.50941813661,0.02892410614308087,0.034987190327265306,45939.42108915194,55569.26327194506,145273.2050312933,175725.4398368871,0.03227556746109649,0.03858425957184344,51262.461738729784,61282.396735640454,162106.1375616215,193791.95415869143,0.020925928389733162,0.025924067941845513,33236.11907735153,41174.53682519822,105101.83686900485,130205.31797010462,0.02850124004598121,0.03338695278757376,45267.79363754149,53027.64674575401,143149.33254510976,167688.14267539838,0.03227556746109649,0.03743843394024124,51262.461738729784,59462.51106918195,162106.1375616215,188036.97037158906
2023-10-23,1555828.825436485,-7205.290659348713,1563034.1160958337,0.013233944883670013,-0.42212697848666847,0.01839672202903283,0.024282332344837728,28754.704155710082,37954.113873358714,90930.35857635285,120021.44641320902,0.028424398942246448,0.029168543386898702,44428.30527624953,45591.42843054419,140494.63725422483,144172.75562107543,0.028878330060354555,0.029540615609224833,45137.81510021003,46172.99000769152,142738.30432020512,146011.81480450073,0.02279981155963955,0.028860224557498846,35636.88330827277,45109.51558155748,112693.7199637784,142648.81338457664,0.03113749522745157,0.03766455103048255,48668.96733027801,58870.97822807672,153904.78813200284,186166.37928290607,0.034745423862427335,0.04153688249966635,54308.282875184195,64923.56442324249,171737.86969829994,205306.3373941223,0.02252726470239353,0.027907882021392844,35210.883272162544,43620.971707414574,111346.58956635611,137941.62434519405,0.03068226971364804,0.035941856869824665,47957.43432168583,56178.348483369366,151654.72319445942,177651.53639411312,0.034745423862427335,0.04030337367629896,54308.282875184195,62995.54804981403,171737.86969829994,199209.41428799063
2023-10-24,1569039.333235728,13210.507799243089,1555828.825436485,0.012246277245126072,0.6115487123878637,0.017023749180567607,0.022470108245660873,26486.039692127826,34959.64211927723,83756.21162474882,110552.09528127193,0.026303046675246973,0.02699165458919385,40923.03821415054,41994.394256092775,129410.00953082515,132797.9348083455,0.02672310028521791,0.02733595854616729,41576.56972877198,42530.0722770639,131476.65763972854,134491.89744710567,0.021098230040273933,0.026706346021120365,32825.234462348155,41550.50296174004,103802.50563007277,131394.22728467063,0.02881366082646215,0.034853593413529095,44829.12408015987,54226.225302811785,141762.13760360592,171478.38087033902,0.03215232474964826,0.038436927421151186,50023.51365029768,59801.27964303707,158188.23969946435,189108.25066465823,0.020663951191912635,0.025664581997147995,32149.570911790288,39929.69646394112,101665.8698783536,126268.78710522535,0.02839240942333956,0.033259466304385074,44173.729004426175,51746.03639499578,139689.5963970289,163635.33489415506,0.03215232474964826,0.03729547706994819,50023.51365029768,58025.37828383085,158188.23969946435,183492.35746977772
2023-10-25,1550791.8124016563,-18247.520834071795,1569039.333235728,0.011630427185227958,-1.0888535742809815,0.016167645995682125,0.021340114433499313,25367.67249305637,33483.4789219119,80219.62401526005,105884.05737948082,0.02498029915400327,0.02563427783193319,39195.07192862631,40221.19019739586,123945.70034858775,127190.57122660834,0.02537922879007724,0.025961267170898153,39821.008218819785,40734.24933178064,125925.08469575524,128813.00666561865,0.019844776053842227,0.02529120214820754,31137.234187732953,39682.89095535357,98464.58007129903,125488.31955901244,0.027364657640377744,0.0331008495255913,42936.22417828227,51936.53486916994,135776.26253096346,164237.74396333218,0.030535424304999653,0.03650398212024054,47911.2817915867,57276.18376639115,151508.77607956668,181123.19638415752,0.019624786772836963,0.02437394207092109,30792.062352945442,38243.67381528429,97373.05088923116,120937.11534883993,0.026964590446680797,0.031586889087183254,42308.50301543452,49561.07139234491,133791.23392087512,156725.86887802248,0.030535424304999653,0.035419933888317406,47911.2817915867,55575.269451379114,151508.77607956668,175744.43304393438
2023-10-26,1551493.5767942625,701.7643926062156,1550791.8124016563,0.011905356804721465,-0.04313346560820448,0.016549830131389907,0.02184456963946129,25665.341064397697,33876.37974231437,81160.93468854697,107126.51886650137,0.025570804045342687,0.0262402420100397,39654.99355004459,40693.15246460754,125400.1002174272,128683.04696065426,0.02597916390881104,0.0265749609923882,40288.27468282477,41212.23192188902,127402.71099622408,130324.5203322678,0.02031388321925627,0.025889056420660375,31502.603774506024,40148.53672796464,99619.98015325647,126960.82078329226,0.028011525961963962,0.03388331467670297,43440.04511469014,52545.96697765984,137369.4842228912,166164.93750539908,0.031257245821229865,0.0373668933232841,48473.48089778916,57948.272220635095,153286.60575367734,183248.52668867024,0.020088693650389157,0.024950113393985337,31153.381634868645,38692.43156988536,98515.64278264498,122356.21197104221,0.02760200165034837,0.032333565994180524,42804.95816525726,50142.629409523775,135361.1629504351,158564.916803839,0.031257245821229865,0.0362572194661652,48473.48089778916,56227.39908857894,153286.60575367734,177806.6480271851
2023-10-27,1535356.4283488772,-16137.148445385275,1551493.5767942625,0.01094168639006194,-1.0438470382423988,0.015210216214154238,0.020076376898344107,23598.552757912246,31148.3698030816,74625.17619865079,98499.79397894829,0.02350099398070184,0.02411624477809173,36461.641209339534,37416.19886960749,115301.83344936918,118320.40981377715,0.023876299453158348,0.024423870176786676,37043.925239191536,37893.477699741474,117143.177228843,119829.69799598113,0.018669590772894443,0.023793485649850087,28965.750165523157,36915.44015528887,91597.74465845242,116736.87171835272,0.0257441534437118,0.031140654507829397,39941.88870792475,48314.525446066604,126307.3423660021,152783.94447973312,0.028727150878614324,0.03434225742416457,44569.99006776978,53281.791806206405,140942.68390523494,168491.81992250914,0.018462629009272202,0.022930544680962915,28644.65031862124,35576.59278490781,90582.337785911,112503.0645886215,0.025367777778513186,0.029716349100968553,39357.94428090743,46104.72475592867,124460.74794966541,145795.94112388528,0.028727150878614324,0.033322405307256144,44569.99006776978,51699.49779754295,140942.68390523494,163488.1669270944
2023-10-30,1548056.6062427002,12700.177893823013,1535356.4283488772,0.011182673208034904,0.650278314124981,0.015545215909398573,0.02051855208164604,23867.447176566337,31503.290838966484,75475.4950117046,99622.15284185088,0.02401859515813598,0.02464739663927175,36877.104475953296,37842.53887217039,116615.64365600246,119668.61527951794,0.024402166602431823,0.024961797379839633,37466.02335868398,38325.25607027894,118477.96868251303,121195.10109127568,0.01908078198353851,0.02431752885405403,29295.80127634929,37336.074247631164,92641.45791293167,118067.03351167197,0.02631115942420149,0.03182651653785919,40397.007759259905,48865.04675835396,127746.55517475629,154524.84572702603,0.029359856334873275,0.0350986336392766,45077.844159147186,53888.912784325476,142548.65955302282,170411.70502863463,0.018869261959417894,0.023435581911976155,28971.042647591195,35981.97134064926,91614.48095626303,113784.98413935403,0.025926494216542494,0.030370841302291424,39806.4095599185,46630.066427836726,125878.91968284329,147457.21735691561,0.029359856334873275,0.034056319635992045,45077.844159147186,52288.58927902448,142548.65955302282,165351.03775877896
2023-10-31,1559966.5908422738,11909.984599573538,1548056.6062427002,0.010771881426609967,0.6218158004400992,0.014974167572631581,0.0197648098945075,23180.859033797537,30597.044528323422,73304.31266609032,96756.3503790943,0.02313628005254515,0.023741982720383508,35816.27117922373,36753.93319558973,113260.99422059179,116226.14186773442,0.023505761127394015,0.02404483405430268,36388.24879802517,37222.76420377271,115069.74626664388,117708.71569130568,0.018379855802813958,0.023424232518556035,28453.057197334376,36262.03789651575,89976.46713862362,114670.63235233094,0.02534462773270421,0.030657380036960318,39234.918394374705,47459.3596963095,124071.70593706056,150079.6729335351,0.02828133177622687,0.03380929700482144,43781.10248952961,52338.70558073536,138448.0023401817,165509.51942008952,0.018176105896437027,0.022574683604098086,28137.640808746237,34946.88808716281,88979.03293934037,110511.76349043944,0.024974093073525598,0.029255178547076675,38661.309767391365,45288.67241661177,122257.79619027129,143215.3570417353,0.02828133177622687,0.0328052720598191,43781.10248952961,50784.41813179203,138448.0023401817,160594.43094281593
2023-11-01,1563672.962455051,3706.371612777235,1559966.5908422738,0.010388559670945477,0.13545429905078876,0.014441305765466124,0.019061471143449426,22527.954522265063,29735.25815608518,71239.64731504803,94031.14258632777,0.022312966172819502,0.022897114666335722,34807.481772192215,35718.73390616837,110070.92201492153,112952.55428097506,0.022669299114237745,0.023189188913093836,35363.34925602123,36174.359973156446,111828.72934104803,114393.37041400185,0.017725801203049202,0.022590671733907493,27651.657672668538,35240.69316958059,87442.21932490329,111440.8567390131,0.02444272890793962,0.029566424773489742,38129.84048540046,46122.63485729534,120577.14275276572,145852.57783732846,0.027274929150756744,0.032606179501721615,42547.97824277055,50864.5506776919,134548.52108244356,160847.8323025675,0.01752930181946729,0.02177135436104527,27345.125199159655,33962.58544061886,86472.87853180998,107399.12522042888,0.024085379874415967,0.028214121190537178,37572.387931833786,44013.086447213034,118814.322996018,139181.60002708144,0.027274929150756744,0.03163788319031698,42547.97824277055,49354.04078186487,134548.52108244356,156071.1806035304
2023-11-02,1605078.0250689404,41405.06261388934,1563672.962455051,0.009728280660205564,2.587190487878319,0.013488380346537807,0.01730169426097764,21091.41565519126,27054.191520554465,66696.91254773695,85552.86545936619,0.020894792364522786,0.021441813383043334,32672.621876516525,33527.98385307173,103319.90225923689,106024.79432905489,0.021228477396172396,0.021715323892303608,33194.39613848298,33955.66484134933,104969.89735150426,107377.24036396388,0.016599179721954464,0.02115484743709648,25955.688530152347,33079.2629622493,82079.09399318941,104605.81428035625,0.022889191037982964,0.0276872335940662,35791.20915856242,43293.77857621851,113181.74115253585,136906.94881585217,0.0255413814975599,0.03053378673243164,39938.36767148412,47744.85675487211,126296.20787112525,150982.49390387142,0.016415169501713,0.02038760446930779,25667.95672394537,31879.545877884353,81169.2061303012,100811.97574594663,0.02255455449529707,0.026420880104317528,35267.94704451506,41313.6158633879,111527.0410588714,130645.12450556955,0.0255413814975599,0.029627033671568805,39938.36767148412,46326.99150997754,126296.20787112525,146498.81031481214
2023-11-03,1618831.5160411296,13753.490972189233,1605078.0250689404,0.01380795687120606,0.5479664025031378,0.019144901405782632,0.024557376220817686,30729.060538533166,39416.50492538501,97173.82165896514,124645.93296746191,0.029657284969412043,0.030433706096145378,47602.25638761065,48848.47287632959,150531.5519481487,154472.4345101581,0.030130904994010253,0.030821916659512047,48362.45348132585,49471.581120689065,152935.5062349292,156442.8757911628,0.023560253420289612,0.030026397390368862,37816.045029962195,48194.71062326844,119584.83439417093,152405.05674224146,0.03248805967966251,0.03929822141272345,52145.87066895458,63076.711613856096,164899.72188646463,199466.07601338052,0.03625247939155112,0.04333851222453435,58188.05802564334,69561.69361078173,184006.7959830733,219973.38970885257,0.023299076211931648,0.02893740148461768,37396.835232177975,46446.78722555717,118259.17661571418,146877.6376299735,0.032013089115970055,0.037500806742968074,51383.50585461721,60191.7208254952,162488.91266518715,190342.9340935553,0.03625247939155112,0.04205150092268694,58188.05802564334,67495.94005217108,184006.7959830733,213440.90337904476
2023-11-06,1615565.2159499773,-3266.300091152312,1618831.5160411296,0.012883598075793312,-0.2317415687858405,0.01786326660877306,0.02291340912896581,28917.61896572698,37092.94883791438,91445.54044057986,117298.2034599053,0.02767190998126263,0.028396354432218773,44796.15998672105,45968.91349554997,141657.89598733664,145366.4682091904,0.02811382402361419,0.02875857665769684,45511.544365860886,46555.29024996442,143920.14002792395,147220.75432011727,0.021983037639972954,0.02801631256889726,35586.83414990663,45353.68974979011,112535.45062836692,143420.9599019689,0.03031318152854274,0.03666744432196653,49071.933609880805,59358.414481082786,155179.07939579192,187707.78805654333,0.03382559621877853,0.040437262218576575,54757.94120784035,65461.11450185101,173159.81419836706,207006.2199989278,0.02173934465842414,0.027000218320722132,35192.336271137385,43708.80435757609,111287.93879935112,138219.37557263317,0.02987000735748145,0.03499035564066039,48354.50929467139,56643.49046858854,152910.3845109436,179122.4445027781,0.03382559621877853,0.039236408501645954,54757.94120784035,63517.13465872859,173159.81419836706,200858.81596920412
2023-11-07,1608016.2575450875,-7548.958404889796,1615565.2159499773,0.01180529472866189,-0.4785590167698505,0.016368185804356172,0.02099565248888729,26443.871633724033,33919.84584721987,83622.86451568583,107263.97075901857,0.0253558866950055,0.0260196981712537,40964.088564019716,42036.51929499471,129539.82213515854,132931.14587779882,0.025760814377785084,0.0263516039093778,41618.27564329364,42572.73466048221,131608.54332151727,134626.80774911895,0.020143149207576382,0.02567146422454514,32542.57119945075,41473.924643679384,102908.64590846201,131152.06538021413,0.027776094845759262,0.033598532383661055,44874.09266773611,54280.62022601168,141904.3407635076,171650.39272080062,0.030994535096966955,0.037052832267983206,50073.69278720057,59861.26696458257,158346.92006309886,189297.9472314749,0.019919852310733923,0.024740412820951366,32181.820500082504,39969.75038177188,101767.8520309597,126395.44871478378,0.02737001250177969,0.032061809020168294,44218.04015799128,51797.94341341512,139829.7205680441,163799.4792989085,0.030994535096966955,0.03595248499147115,50073.69278720057,58083.5841791844,158346.92006309886,183676.42067234436
2023-11-08,1611575.0982252166,3558.840680129128,1608016.2575450875,0.011101938987765287,0.11212496464831584,0.015392974450623105,0.019744738127886595,24752.153168578116,31749.859910612,78273.18100606055,100401.87270880394,0.023845190953614433,0.02446945275122914,38343.45471767906,39347.277837207825,121252.65026739435,124427.0176930407,0.024225993172618893,0.0247815836500365,38955.79087674747,39849.18939697222,123189.0272237297,126014.20140586392,0.018943026723510996,0.024141966473360893,30460.69493851673,38820.67457827276,96325.17511727549,122761.75197153847,0.02612120386518755,0.03159674240883108,42003.32048187116,50808.0754788647,132826.1620127141,160669.2420429627,0.029147890460137632,0.03484523619425783,46870.28173304467,56031.7062983651,148216.84485020523,177187.81308843583,0.0187330337854369,0.023266386819082923,30123.022880123925,37412.72825941807,95257.36231055684,118309.43478070799,0.025739315779333638,0.0301515765392193,41389.238231255295,48484.22526567968,130884.26343008563,153320.58242823015,0.029147890460137632,0.033810447261836546,46870.28173304467,54367.748871903954,148216.84485020523,171925.91769126648
2023-11-09,1600990.2562017357,-10584.842023480916,1611575.0982252166,0.010298970225150063,-0.7336278806466471,0.01422400069517412,0.018059052107403304,22923.04531748078,29103.518673842784,72489.03411049685,92033.4069345863,0.02212054235885562,0.022699653239704253,35648.91522476781,36582.19589945474,112731.76822451966,115683.06085274903,0.022473802336191114,0.02298920868012857,36218.2202074413,37048.8362367982,114532.06865305059,117158.70716686368,0.017572936440621908,0.02239585302709029,28320.10677040074,36092.59904197055,89556.04097362154,114134.81964783813,0.024231938326188977,0.029311448174855287,39051.588388215394,47237.59997151575,123491.96555414444,149378.40710989473,0.027039714081091255,0.032324988495115094,43576.52987621641,52094.146509144106,137801.08693521912,164736.155731405,0.017378131639487596,0.021583601329518032,28006.16420387797,34783.59443267194,88563.26740893065,109995.38361479569,0.02387767101938038,0.027970806663679883,38480.66001844734,45077.05549645845,121686.53152487057,142546.16558262083,0.027039714081091255,0.03136504263195856,43576.52987621641,50547.12166043672,137801.08693521912,159844.03361261226
2023-11-10,1625185.6448334423,24195.38863170659,1600990.2562017357,0.010124117626523375,1.386171894483818,0.013982510193692186,0.017752451338522234,22385.862577342632,28421.501616669557,70790.31313192994,89876.67963083362,0.021744986916911298,0.02231426583978785,34813.51217520921,35724.92218379559,110089.99182366396,112972.12333307056,0.022092249360155754,0.02259890530122613,35369.47596318839,36180.62718808879,111848.10369025313,114413.18908777386,0.017274588786927277,0.02201562344931315,27656.448327762333,35246.7986265568,87457.36870648396,111460.1638892141,0.023820536283706225,0.02881380785054701,38136.44648771357,46130.62561279484,120598.03276630348,145877.8468249324,0.026580642526378363,0.03177618525407394,42555.34968831325,50873.36297103365,134571.8316400064,160875.69922093698,0.017083091318949452,0.021217161899392024,27349.86274744253,33968.46946518134,86487.85997490889,107417.73213985469,0.023472283613103946,0.02749592731905513,37578.89735538309,44020.711723038374,118834.90760068853,139205.71326647655,0.026580642526378363,0.03083253704253154,42555.34968831325,49362.59137907208,134571.8316400064,156098.21996605987
2023-11-13,1628823.5523405562,3637.90750711388,1625185.6448334423,0.011103676490326944,0.11437815025902852,0.015335387778062802,0.01947008952728976,24922.852074861887,31642.51000337326,78812.97834401688,100062.40249532173,0.023848922831479262,0.024473282328826756,38758.927030460625,39773.6271227652,122566.48908052199,125775.25251418754,0.0242297846477155,0.024785462077500507,39377.89818687295,40280.97716891749,124523.84774073328,127379.63423102032,0.018945991390988803,0.02414574479790737,30790.753235772983,39241.31782937082,97368.91109724215,124091.94272738647,0.026125291949141115,0.03160168743878809,42458.449442826844,51358.60877803172,134265.4061584399,162410.18119609734,0.029152452233932032,0.03485068962786215,47378.146882278954,56638.8404957473,149822.8554660069,179107.73999754185,0.018735965588090986,0.02327002811154032,30449.422315858832,37818.115641745986,96289.52795447291,119591.38224355769,0.025743344096112463,0.03015629539432494,41837.71327500972,49009.57837621374,132302.4660420933,154981.894833372,0.029152452233932032,0.0338157387463955,47378.146882278954,54956.85318007999,149822.8554660069,173788.82908452052
2023-11-14,1668816.5580540765,39993.00571352034,1628823.5523405562,0.010300891949196376,2.261045282675627,0.014226654805592261,0.018062421814658468,23172.71041836763,29420.49806402556,73278.54448155503,93035.78377889509,0.022124669915032515,0.02270388885438417,36037.18344536549,36980.62889574318,113959.58014466903,116943.01661598592,0.022477995808491486,0.02299349832406,36612.68898228323,37452.35162093203,115779.48844736723,118434.73485164436,0.01757621544170493,0.02240003195453245,28628.55367246076,36485.69962072352,90531.43572135408,115377.91282622791,0.024236459855774186,0.029316917509512874,39476.91663844139,47752.08572151981,124836.97157807261,151005.35390360755,0.027044759524239365,0.03233102013772885,44051.14128046765,52661.52707152956,139301.93997614397,166530.3706086503,0.017381374291201457,0.021587628695824968,28311.191817555573,35162.43805894255,89527.84941739781,111193.39235084841,0.023882126444880674,0.02797602584293618,38899.770033396875,45568.00979386251,123011.87376229832,144098.69938946536,0.027044759524239365,0.0313708951546207,44051.14128046765,51097.65288585243,139301.93997614397,161584.96620796947
2023-11-15,1670076.8326771262,1260.274623049656,1668816.5580540765,0.013564250533310437,-0.015557909368390242,0.01873370878810482,0.02378466019648649,31263.12341935249,39692.23476358638,98862.67677610526,125517.86727504795,0.029133842697739373,0.029896560222178334,48619.03909373031,49891.874727632065,153746.90118495646,157771.96087511024,0.02959910346956576,0.03027791898439781,49395.473973567205,50528.29254458293,156202.2038600402,159784.49072018708,0.023144421944676804,0.0294964403940905,38623.79456786678,49224.148133313334,122139.16271289793,155660.4239827958,0.0319146550750772,0.038604619476127186,53259.7048338734,64424.02819913794,168421.97478331972,203726.66515219162,0.03561263389706127,0.042573600355052,59430.953123333726,71047.52920848769,187937.17538443243,224672.01442616104,0.022887854436478283,0.028426664942650517,38195.63046192641,47438.88914655052,120785.18892579674,150014.9393713409,0.03144806760077047,0.03683892864147151,52481.0559309697,61477.414097860215,165959.67075255272,194408.65320658396,0.03561263389706127,0.04130930442044748,59430.953123333726,68937.6512185392,187937.17538443243,217999.994392866
2023-11-16,1661427.5502863417,-8649.282390784472,1670076.8326771262,0.012303729789426274,-0.5005284741605422,0.016992792216319264,0.021574360593844884,28379.268602971,36030.839807602664,89743.12711509308,113939.51980068746,0.02642644555999306,0.027118284029307053,44134.19449974771,45289.61789930382,139564.57731607836,143218.34692053043,0.02684846982179167,0.02746420326396405,44839.007442205235,45867.32959908187,141793.3915386093,145045.2317227565,0.02099361944402785,0.026755347187636752,35060.95746751096,44683.48548830524,110872.48254362364,141301.58793812562,0.028948838080083625,0.035017106584064976,48346.78381046904,58481.25845343258,152885.9543848365,184933.97714582304,0.032303165109135376,0.03861725154996399,53948.76767091106,64493.7771552597,170600.98279933614,203947.23071795554,0.020760894658690923,0.025784985569974512,34672.289195130004,43062.90703132843,109643.4055486571,136176.86888707773,0.028525610405771434,0.033415500740238975,47639.96107665243,55806.453638578474,150650.78464398911,176475.5016344991,0.032303165109135376,0.037470446165100035,53948.76767091106,62578.52405040903,170600.98279933614,197890.66861091813
2023-11-17,1672546.4279114446,11118.877625102876,1661427.5502863417,0.011544554189067835,0.4940972407545682,0.015944287945388595,0.020243160345099393,26490.279262167023,33632.5443022121,83769.61832237248,106355.44350150865,0.024795857680000054,0.025445007721147828,41196.52108253126,42275.03684516368,130274.83829594427,133685.40459825625,0.025191841828125807,0.025769582741721718,41854.42005570405,42814.2947264799,132355.29752145632,135390.68774941226,0.01969825259853574,0.025104465128976093,32727.219559706802,41709.25000048364,103492.55529308645,131896.2294989074,0.027162611309400328,0.032856450151523754,45128.71076715707,54588.61148635141,142709.513891181,172624.34660290007,0.030309966690044512,0.03623445579360466,50357.81370710127,60200.92312512733,159245.38930088736,190372.03432010414,0.019479887603412856,0.02419397762073119,32364.421940791497,40196.54097009399,102345.2884876283,127112.62352577124,0.026765498002782592,0.0313536680057823,44468.93577895706,52091.84782733813,140623.12218525825,164728.88666128213,0.030309966690044512,0.03515841160729178,50357.81370710127,58413.15366866166,159245.38930088736,184718.61090639138
2023-11-20,1680960.5363963854,8414.108484940836,1672546.4279114446,0.010899061126203993,0.37179061754203674,0.015052791652634567,0.019111300304494643,25176.492908709155,31964.537057025416,79615.06108659858,101080.74145305579,0.023409441725076856,0.02402229570476948,39153.37813667842,40178.40487124463,123813.8530017432,127055.2721455373,0.02378328512905319,0.0243287226946158,39778.64858659729,40690.91823852775,125791.1317770851,128675.98171743438,0.01859686009825755,0.023700793941481776,31104.111927709542,39640.67824549055,98359.83828837272,125354.83124963743,0.02564386256585092,0.031019340610886507,42890.55073236597,51881.287334906636,135631.83041327944,164063.03591995194,0.028615239209568485,0.034208471119933435,47860.31612379528,57215.25617595648,151347.60848687432,180930.52642603806,0.01839070459058786,0.02284121471092098,30759.307269762332,38202.99207390923,97269.47022142426,120808.46838691282,0.025268953138256542,0.02960058383625816,42263.497308452665,49508.35075942683,133648.9133791063,156559.1515983157,0.028615239209568485,0.03319259201632749,47860.31612379528,55516.151210030475,151347.60848687432,175557.4847500091
2023-11-21,1675861.8877869134,-5098.648609471973,1680960.5363963854,0.010257480408054874,-0.39032217569039224,0.014166698734463188,0.01798630048734143,23813.661503649237,30234.26131498802,75305.40977980172,95609.12912807967,0.02203142886144263,0.022608206770741785,37033.96247650941,38003.5033803065,117111.67220697975,120177.62974767675,0.02238326571670609,0.022896595725391364,37625.38634545709,38488.27383220505,118981.91869544334,121710.60851802526,0.017502143157137474,0.022305630429542082,29420.411949508136,37494.8844915026,93035.51146088041,118569.2355980725,0.02413431898493092,0.029193365823223662,40568.83778647095,49072.89587342195,128289.92943115189,155182.12234029127,0.026930783501916356,0.03219476597471288,45269.584280956245,54118.13108200946,143154.99505677758,171136.55693070253,0.017308123135004523,0.02149665092070625,29094.271949031892,36135.02186239623,92004.16622328709,114268.97238515159,0.023781478858261793,0.027858125140468266,39975.72745788304,46828.408979119165,126414.34988904322,148084.4315758969,0.026930783501916356,0.031238687292197996,45269.584280956245,52511.00054701209,143154.99505677758,166054.36394290588
2023-11-22,1683149.0141830137,7287.12639610027,1675861.8877869134,0.009745107606198834,0.3461144228911165,0.013459056035196868,0.01708786434034309,22555.519054974873,28636.900591654055,71326.81402104924,90557.83099745026,0.02093093395571851,0.021478901153061128,35077.35449217363,35995.67183395753,110924.33448840764,113828.30890327606,0.021265196160272812,0.021752884751732433,35637.53178131382,36454.83050484948,112695.77061558932,115280.29611071027,0.016627891218926015,0.02119143884391886,27866.049168064794,35513.924705890786,88120.18476132496,112304.89072234032,0.022928782328045273,0.027735124028220325,38425.472436933174,46480.2373119375,121512.0130687296,146983.41609086472,0.025585560264812266,0.030586600831681302,42877.86532547412,51258.9186107662,135591.7156344552,162094.93320721516,0.01644356271736164,0.020422868780784798,27557.140057460187,34225.90742899043,87143.32838183752,108231.82246168742,0.02259356696663202,0.026466580134789367,37863.69778853998,44354.33294795173,119735.52564806686,140260.71621297806,0.025585560264812266,0.0296782793657408,42877.86532547412,49736.69728413778,135591.7156344552,157281.2467121862
2023-11-24,1687907.641796913,4758.627613899298,1683149.0141830137,0.009300390876357856,0.19970031718157977,0.012844853747383046,0.016308061853137122,21619.802922232764,27448.89823134336,68367.81979821972,86801.03767321244,0.0199757534818381,0.02049871426674179,33622.1697805187,34502.390710085725,106322.63638332268,109106.13936490512,0.02029476167376105,0.020760194659193633,34159.10810427012,34942.50117486923,108020.58444941005,110497.89085569631,0.015854656593213112,0.01953170905298002,26685.749615076867,32874.77683783277,84387.74985260451,103959.17237729944,0.02156251244954774,0.024147700338173362,36292.92157276523,40644.17801898332,114768.29511179855,128528.17616533766,0.022892390052277146,0.025764519646726616,38531.303748783306,43365.52584428679,121846.68106193958,137133.83359884264,0.015693162851694843,0.019490873795692514,26413.931583243666,32806.04501478539,83528.18576290744,103741.82326873408,0.02156251244954774,0.025258781160858,36292.92157276523,42514.29261036262,114768.29511179855,134441.99775961135,0.024417966519117883,0.028323914911268927,41099.0762750071,47673.36946070586,129966.69075801122,150756.4312305436
2023-11-27,1685851.4743885435,-2056.1674083694816,1687907.641796913,0.008877643382350404,-0.24610752937204136,0.012260993369385157,0.015566782011011597,20695.42440420649,26275.29031457319,65444.67826112568,83089.7635762134,0.01906775941603764,0.01956694911817488,32184.616830274972,33027.20294321875,101776.69480345778,104441.186045188,0.01937226715142106,0.019816543969243504,32698.59776381492,33448.49599969064,103402.04522734365,105773.43166605312,0.015133986200728023,0.01864389894202869,25544.77095905786,31469.17949713961,80779.65853794666,99514.28330763338,0.020582392557412565,0.023050071223470664,34741.17768412058,38906.39136205925,109861.25007843475,123032.81224200797,0.02185182082727365,0.024593398318627682,36883.855361532136,41511.38495976702,116636.99183065478,131270.5253009209,0.01497983312643894,0.018604919843575256,25284.57480695883,31403.3863789897,79956.84605890213,99306.22719991511,0.020582392557412565,0.024110648079206595,34741.17768412058,40696.54714156887,109861.25007843475,128693.78187177257,0.02330805250669119,0.027036456759412374,39341.83994144775,45635.041971323946,124409.8215567603,144310.67374676408
2023-11-28,1679632.43660885,-6219.037779693492,1685851.4743885435,0.008559760637000164,-0.5446083908455195,0.011296094504575936,0.014873944954580083,19043.537575371665,25075.26203165287,60220.95344517493,79294.94094556425,0.01838499807388929,0.018866313235888842,30994.376109496792,31805.8019849993,98012.82316191823,100578.7770809024,0.018678602267562926,0.019106970816888613,31489.34917228815,32211.514922750543,99578.06542076847,101861.75404039443,0.014570711556821648,0.01782152157082307,24564.055560957964,30044.438416019304,77678.36414355223,95008.8564152825,0.019845396581089126,0.022224714807870256,33456.391086054464,37467.56822671297,105798.39812128653,118482.853984169,0.021069370294366997,0.02371277982131792,35519.82897519678,39976.22482361972,112323.56166126629,126415.92269760126,0.014443448607030576,0.017938731448504688,24349.509129417653,30242.03686112176,76999.90875602345,95633.717563914,0.019845396581089126,0.023247315472399124,33456.391086054464,39191.521064719665,105798.39812128653,123934.47153098146,0.022473458527130712,0.02606835940191865,37886.9131925731,43947.38213261501,119808.93920161256,138973.82474085144
2023-11-29,1685407.6651291584,5775.228520308388,1679632.43660885,0.0084827515087168,0.29077281849465453,0.011194467551709558,0.014740129351123161,18802.590810416634,24757.99937795662,59459.01287306779,78291.66834337485,0.01821959477171731,0.01869657971204046,30602.222360445412,31403.381737986107,96772.72412194178,99306.21252377312,0.018510557512671184,0.018935072182202035,31090.932817996156,31803.96142675646,98318.16228414516,100572.95672468882,0.014439624036615894,0.01766118766675105,24253.260904336872,29664.303674111234,76695.54514401963,93806.76481309274,0.019666854591895964,0.022024766937096586,33033.08689861817,36993.51295629758,104459.79274590101,116983.75959284934,0.020879816648107886,0.023499444357786198,35070.41731260748,39470.42898562252,110902.39720044102,124816.45581849657,0.014313506026413883,0.017777343048765177,24041.42900356101,29859.402021428858,76025.67385648513,94423.71995835102,0.019666854591895964,0.023038167626404538,33033.08689861817,38695.65362534098,104459.79274590101,122366.40100502934,0.022271272797402975,0.0258338316249804,37407.55219508236,43391.341559208595,118293.06662809158,137215.47005742113
2023-11-30,1697362.6747298143,11955.009600656109,1685407.6651291584,0.008267179600931138,0.7381319427953182,0.010909982886057509,0.014365538889294378,18387.768782589264,24211.78935772776,58147.23044152355,76564.40059864502,0.017756580760286612,0.018221444096733375,29927.077319871994,30710.561550356884,94637.72804276299,97115.32272191957,0.018040149273896026,0.018453875764956752,30405.005866298583,31102.303665599324,96149.07080828454,98354.12006149784,0.014072670307264949,0.01721236443820665,23718.186404699853,29009.850959150026,75003.49100729173,91737.20361293436,0.019167061410383854,0.02146505220039994,32304.312219062245,36177.36351095157,102155.20485744494,114402.86843447284,0.02034919849851077,0.022902253688354777,34296.695128624815,38599.63391508568,108455.67282285594,122062.76002035318,0.013949757330245558,0.017325567967007276,23511.02793108753,29200.645054310273,74348.3983940729,92340.54751775165,0.019167061410383854,0.022452699368610295,32304.312219062245,37841.9516186964,102155.20485744494,119666.75822097628,0.021705293614726506,0.025177317242461014,36582.26823213903,42434.04346783232,115683.28958878065,134188.2276889401
2023-12-01,1721786.700283172,24424.025553357555,1697362.6747298143,0.008418191975633897,1.5823962326802816,0.011109270007315215,0.014627946898588484,18856.460253912257,24828.93107359384,59629.3630107997,78515.9740598863,0.018080931210700223,0.018554285969825297,30689.89776139991,31493.35246144453,97049.9780837265,99590.72493263488,0.018369679526454765,0.01879096334938784,31180.00837495277,31895.07981146685,98599.84392797612,100861.09835708911,0.014329728634783287,0.017526773965219965,24322.74652368817,29749.291936990634,76915.27796579721,94075.52129817278,0.019517176395103635,0.021857143416796888,33127.7267291667,37099.49941188752,104759.07016780676,117318.91819364183,0.020720906981560032,0.02332059753504391,35170.89409704842,39583.51180837965,111220.13269124414,125174.0551026502,0.014204570468783196,0.017642045325437606,24110.307724281978,29944.949241289392,76243.48749628202,94694.24402060552,0.019517176395103635,0.022862831434660863,33127.7267291667,38806.51671583284,104759.07016780676,122716.98087942899,0.022101773199131727,0.02563721852064306,37514.72487354995,43515.65780083144,118631.97639499005,137608.59253110114
2023-12-04,1720480.5896176095,-1306.1106655623298,1721786.700283172,0.00981264210701893,-0.1757736104563669,0.012949489744062905,0.017051025694328828,22296.259216780847,29358.229266682014,70506.9624265494,92838.87255213004,0.02107598727206144,0.02162775193297591,36288.3545803728,37238.375635221586,114753.85301378179,117758.08337221971,0.021412565944739014,0.02190363426343314,36867.87126258801,37713.38616264598,116586.44567164584,119260.19855143866,0.016703408402995126,0.020430035417239346,28759.706437675188,35176.163267716875,90946.17718086098,111236.79527193661,0.02275014248416313,0.0254777185471186,39170.89275877924,43867.19694798671,123869.23909993895,138720.2569228249,0.0241532677006416,0.027183589777421552,41586.775095343815,46804.34334471802,131508.9298424525,148008.32935785237,0.016557518134243294,0.020564401158277203,28508.514513237544,35407.51241360955,90151.83856979711,111968.38550769204,0.02275014248416313,0.026649995993294727,39170.89275877924,45885.608663854684,123869.23909993895,145103.0352009363,0.02576287057379105,0.02988395259821386,44358.167915070124,51453.792135497366,140272.84344382404,162711.17740103079
2023-12-05,1704848.738344042,-15631.851273567649,1720480.5896176095,0.009277829147266263,-1.0878849905030332,0.01223632033501831,0.01583341207155709,21052.35162474225,27241.07813653112,66573.3812369319,86143.85283005363,0.019927294492915023,0.0204489866322627,34284.52337865418,35182.08457815794,108417.18236983864,111255.52009966332,0.02024552880592258,0.020709832701936534,34832.03933713398,35630.86517790982,110148.579853925,112674.68896457566,0.015793031851141316,0.01931654859175632,27171.6047511013,33233.74691052212,85924.15869533263,105094.33541883399,0.021510204157252463,0.02408912066335563,37007.88873126487,41444.864522259835,117029.21978487603,131060.16920744731,0.02283685562265102,0.025702017745443936,39290.36682667085,44219.82264504365,124247.04927580201,139835.35728702936,0.01565509295833689,0.01944359107175295,26934.28356347794,33452.3210314132,85173.68320542667,105785.52747841881,0.021510204157252463,0.025197506125721168,37007.88873126487,43351.820196074084,117029.21978487603,137090.49253368145,0.02435873120816204,0.028255204197543356,41908.724231355496,48612.53037755535,132527.02240297274,153726.3188172
2023-12-06,1704097.472628308,-751.2657157341018,1704848.738344042,0.009747652834952105,-0.1443114857314095,0.012855960237009552,0.01663520653554551,21917.467590266908,28360.510874217325,69309.11812816553,89683.80996849985,0.02093640070037539,0.02148451101587769,35693.3963195003,36627.84149935775,112872.42979669206,115827.4049136073,0.021270750207585398,0.02175856617362884,36263.41165503324,37095.06408928648,114674.97655820126,117304.89247206494,0.016592781485055354,0.020294726994127075,28288.182580415003,34599.439710974315,89455.08782081067,109413.03525235677,0.022599467958042914,0.02530897924487539,38528.67443551607,43147.98133440135,121838.36644333301,136445.8974551396,0.023993300255708797,0.027003552465092173,40904.947669654925,46036.97235091954,129352.80220610638,145581.68920710223,0.016447857449685355,0.020428202828898553,28041.109021558732,34826.99581948389,88673.77262522119,110132.63085073145,0.022599467958042914,0.026473492680395016,38528.67443551607,45133.30059573168,121838.36644333301,142724.0282035465,0.025592242705508268,0.029686030743461995,43630.90268788028,50610.192059433626,137973.02886286433,160043.47972637808
2023-12-07,1716950.2089422029,12852.736313894857,1704097.472628308,0.00921722487179009,0.7104108562700533,0.012156390718226794,0.01572998567173002,20715.6746992125,26805.428827674627,65508.715316635,84766.20875298894,0.019797126193221846,0.02031541055542414,33736.23271117303,34619.43978290473,106683.33504078418,109476.28103302409,0.020113281748400887,0.020574552736525285,34274.992593711024,35061.04331877058,108387.04338152903,110872.75402914402,0.015689869221422858,0.019190369782735178,26737.06648609537,32702.26064556167,84550.02804741607,103413.62827646323,0.021369696036483827,0.023931766644275532,36416.04500660726,40782.06305404038,115157.6455960804,128964.20693137014,0.02268768160066846,0.02553412802264199,38662.02087549489,43512.64302915187,122260.04491154103,137599.05898596832,0.015552831367700498,0.01931658240077459,26503.54062591269,32917.33924897643,83811.55443668878,104093.76653922195,0.021369696036483827,0.02503291195414109,36416.04500660726,42658.52199357879,115157.6455960804,134898.0911160957,0.02419961604954495,0.028070636649290104,41238.50454860499,47835.100969122825,130407.60167280567,151267.8711665559
2023-12-08,1728196.3890027823,11246.18006057944,1716950.2089422029,0.009180104033561644,0.6059621248697055,0.01210743287901055,0.015666635773948626,20787.85941137086,26898.833565502482,65736.98341929907,85061.58046877586,0.019717396564290272,0.02023359362253359,33853.78815085445,34740.07279786067,107055.07798152002,109857.75612129799,0.020032278855620155,0.02049169215165525,34394.4253667455,35183.21512136378,108764.72297158791,111259.09519118699,0.01562668088596449,0.019113083764203814,26830.23301222986,32816.213162479566,84844.64647168665,103773.97777503266,0.02128363314438827,0.02383538543946822,36542.93837430663,40924.1700105129,115558.91765797965,129413.5885851777,0.022596310741197032,0.025431293574224235,38796.74044842119,43664.2648159348,122686.06560739328,138078.5291751068,0.015490194929377107,0.019238788081942227,26595.893420549473,33032.04121708547,84103.5996160228,104456.4860105505,0.02128363314438827,0.02493209606997181,36542.93837430663,42807.16755670517,115558.91765797965,135368.1496596534,0.024102156125862827,0.02795758683478282,41382.201996257776,48001.78455750014,130862.01290134128,151794.9709543982
2023-12-11,1749925.8252240915,21729.43622130924,1728196.3890027823,0.00904209122600613,1.2750534362848756,0.011925410889083941,0.01543110506752008,20609.452035889328,26667.98005601074,65172.80976140455,84331.55757293865,0.01942096710689257,0.01992940370784699,33563.24522507355,34441.92352287983,106136.30057800312,108914.9253296307,0.019731115487918487,0.020183622008324208,34099.2425372176,34881.26267178298,107831.27290410655,110304.23770544451,0.015391750857507143,0.01882573948774488,26599.96825237432,32534.575003027792,84116.48536567145,102883.35971514738,0.020963657035784306,0.02347704653049264,36229.31638953521,40572.94703844768,114567.15786179934,128302.92402687791,0.022256599962932628,0.025048961934722603,38463.77568741963,43289.52556385575,121633.13858205474,136893.499609869,0.015257316817759882,0.018949553978772245,26367.63983032405,32748.5507593275,83381.7983867997,103560.01046911157,0.020963657035784306,0.02455726931808743,36229.31638953521,42439.78415928752,114567.15786179934,134206.3813492828,0.023739806611858347,0.027537275143603823,41027.04806223797,47589.8194661522,129738.91754986954,150492.2229492594
2023-12-12,1755485.9664627556,5560.141238664044,1749925.8252240915,0.009848231611595055,0.22403860874540923,0.012988611324928113,0.01680685285398523,22729.10639128981,29410.745849929983,71875.7453767661,93004.94457012347,0.021152427841001468,0.021706193699015594,37015.17974515754,37984.22892122384,117052.27599522877,120116.67855630782,0.02149022725199608,0.02198307662802266,37606.3036582025,38468.75350925699,118921.57393984217,121648.87983684734,0.016763990050966376,0.020504133181230164,29335.739123985797,35880.71217766887,92767.7524763078,113464.77455037381,0.022832655052258163,0.025570123769986484,39955.45273437989,44745.81993927576,126350.23558384312,141498.70677988857,0.024240869268291304,0.027282182030377262,42419.72315846398,47741.79490342181,134142.9428945379,150972.8114794314,0.016617570652309392,0.020638986253824942,29079.51603696216,36116.695052013296,91957.50393219356,114211.01792209549,0.022832655052258163,0.026746652953164755,39955.45273437989,46804.65874104922,126350.23558384312,148009.3267286246,0.02585631001550107,0.029992338806143125,45246.62464112565,52484.36823574055,143082.39030065577,165970.14517993326
2023-12-13,1791614.124985767,36128.15852301149,1755485.9664627556,0.009323132506290844,2.08141413459183,0.012296069917003279,0.01591072614366126,21585.578181944114,27931.05646142942,68259.59166657986,88325.75587287992,0.020024598869021915,0.020548838415302185,35152.90229861394,36073.197465173755,111163.23762898854,114073.46647496158,0.02034438711055168,0.020810958188442315,35714.28606885925,36533.34504845365,112938.48898441637,115528.58089794806,0.0158701487478509,0.019410870714106025,27859.823412528727,34075.51113543601,88100.49719367558,107756.22762240816,0.02161523783335925,0.024206747110736376,37945.24667821698,42494.604846610564,119993.40588010396,134379.73958411952,0.022948367297725394,0.025827519920478176,40285.536744389756,45339.8487689367,127394.05287467611,143377.19087742135,0.015731536303606266,0.019538533538688795,27616.49121188017,34299.62143243006,87331.01321156503,108464.92660800614,0.02161523783335925,0.025320544785780344,37945.24667821698,44449.861034629095,119993.40588010396,140562.8025473965,0.024477674155675984,0.02839317350477632,42970.21347193727,49843.81763097696,135883.74611497356,157619.99099194526
2023-12-14,1811501.683954922,19887.558969154958,1791614.124985767,0.011905936416142002,0.8460707558846825,0.01570247194293288,0.0203185027857599,28132.77053015125,36402.9165895301,88963.63176614064,115116.12989604392,0.0255720489580572,0.02624151951429229,45815.24411808285,47014.67702289571,144880.52296977415,148673.46284953473,0.025980428702495475,0.026576254792409833,46546.903036576536,47614.39347530214,147194.2316225897,150569.932789415,0.020266684162124037,0.02478829860544832,36310.07761148676,44411.0659158862,114822.54726978463,140440.1216100723,0.027603345451768905,0.030912785133922406,49454.5436082508,55383.78248858542,156388.99844619443,175138.89809927836,0.02930579413267298,0.032982563505599215,52504.67471202193,59092.02665487163,166034.3598962346,186865.39578477497,0.020089671666962232,0.024951328088421126,35992.939524855894,44703.151840369406,113819.66858324328,141363.77840391514,0.027603345451768905,0.03233514015146319,49454.5436082508,57932.09382875586,156388.99844619443,183197.3661214531,0.03125876757794407,0.03625898464622861,56003.64952229172,64962.10904982524,177099.08977224265,205428.22620568448
2023-12-15,1803495.307081862,-8006.376873059897,1811501.683954922,0.011692590642305536,-0.4614442481310573,0.015345436264950456,0.019279935815945226,27798.28363498068,34925.63619712759,87905.89132992366,110444.5591133447,0.02511381632663277,0.025771290454456985,45493.72056622988,46684.73605594024,143863.77622453152,147630.09790055707,0.025514878201266345,0.02610002751836909,46220.24482749872,47280.24380079541,146161.2476655123,149513.25873856986,0.01990351983262154,0.0243441102137735,36055.25969342411,44099.396646634916,114016.74226008447,139454.53684255795,0.02710871345559105,0.030358850371017453,49107.48007465464,54995.108570033626,155291.4871872442,173909.80324955194,0.02878065548682481,0.032391539810506055,52136.2058797096,58677.328912624616,164869.159139345,185554.006378745,0.019729679273411606,0.02450421832626462,35740.347227675644,44389.43276202742,113020.90160473957,140371.71157090567,0.02710871345559105,0.0317557178148571,49107.48007465464,57525.536296810955,155291.4871872442,181911.71832061053,0.030698633059751193,0.03560924985280353,55610.625482853524,64506.216072725154,175856.2386324181,203986.5660287732
2023-12-18,1806600.2025322225,3104.8954503601417,1803495.307081862,0.010990690761768394,0.06862003682627027,0.014424258041008525,0.018122571715896013,26014.081685096688,32683.973041872945,82263.74936257665,103355.79779586037,0.023606247540660156,0.02422425385284851,42573.756657393336,43688.328141172,134630.03958711977,138154.62409093376,0.023983233888277954,0.02453325700894269,43253.64976615596,44245.613883061334,136780.05037626225,139916.91634284076,0.01870872232194506,0.022882746468684642,33741.09290912559,41268.9258694168,106698.70433619356,130503.80233600167,0.02548139207591748,0.028536425033422595,45955.57102683012,51465.30862867102,145324.27561842612,162747.5957501173,0.02705296833297096,0.030447093227287152,48789.901431147344,54911.18974969632,154287.2153375345,173644.4286387316,0.018545317317307655,0.023033243377938734,33446.39275010834,41540.34633898688,105766.78060688525,131362.10922343555,0.02548139207591748,0.02984943928151195,45955.57102683012,53833.323663231786,145324.27561842612,170235.91679285167,0.028855810751465517,0.03347164587928653,52041.31927231039,60365.95626359919,164569.1013405173,190893.91492708118
2023-12-19,1818251.0370234216,11650.834491199348,1806600.2025322225,0.010200995442164856,0.5354767179092239,0.013387856479847198,0.016820441542876766,24186.504227964277,30387.813098042574,76484.4419976595,96094.7025013121,0.021910108180511114,0.022483709941356955,39582.805876414284,40619.07493373122,125171.82274976655,128448.79323964365,0.022260007572384163,0.02277051082177988,40214.934188638035,41137.2094623897,127170.78798987165,130087.27848458222,0.01736447647119336,0.021238591594556672,31370.666709723933,38369.643876225244,99202.75852074788,121335.46765840356,0.023650521160202893,0.02648604605583364,42727.03631801516,47849.69616874683,135114.75243366236,151314.0252402726,0.025109177634369546,0.028259430273402664,45362.24539966958,51053.49245537447,143448.01524245096,161445.3186652056,0.01721281232708592,0.021378275106597722,31096.670236262555,38621.99613736902,98336.30559375604,122133.47557631148,0.023650521160202893,0.027704718535169412,42727.03631801516,50051.35011673528,135114.75243366236,158276.26633541798,0.02678248349772598,0.03106666491282663,48385.24011130766,56125.043123513286,153007.56388587123,177482.970045473
2023-12-20,1789073.2120424344,-29177.82498098724,1818251.0370234216,0.009819246005654493,-1.7458856051402216,0.012886845897474202,0.016190974142635876,23431.520917043494,29439.255525267086,74096.97513973474,93095.10007954064,0.02109017139108577,0.02164230738908271,38347.226002843396,39351.1478537793,121264.57611821966,124439.25575998916,0.021426976580884115,0.021918375388081182,38959.62238846911,39853.10877924725,123201.14352765171,126026.59558087391,0.016714649780674933,0.020443784811290916,30391.429297195504,37171.93293381338,96106.13792710814,117547.97310187531,0.02276545330802397,0.02549486502702845,41393.30908562287,46356.06477416665,130897.13660191001,146590.74804866555,0.024169522826414356,0.027201884307017452,43946.25994348916,49459.85435022562,138970.27606724828,156405.79248690032,0.01656866132791351,0.02057824098034237,30125.9856415686,37416.40800262539,95266.73138488576,118321.07115044763,0.02276545330802397,0.026667931414790635,41393.30908562287,48488.993950212556,130897.13660191001,153335.66233279687,0.025780208960738717,0.029904064469373146,46874.89167754368,54373.09623265298,148231.4227747091,171942.827530704
2023-12-21,1807055.1793420329,17981.967299598502,1789073.2120424344,0.011618981693735259,0.7775968403024655,0.015324013809108574,0.019446223105323752,27415.782606844496,34790.71683313537,86696.31687365717,110017.90662266797,0.02495571606716572,0.025609051165347844,44647.60310310316,45816.46742574791,141188.11787300755,144884.39140827488,0.025354253116993016,0.025935718714438907,45360.6150629556,46400.89958707029,143442.85966508178,146732.52817590858,0.019778220212328147,0.024190855523557007,35384.68396375252,43279.2115935846,111896.1956106929,136860.8839720929,0.026938054620812456,0.030167730787344738,48194.15190663148,53972.27901974629,152403.28992510203,170675.3322125182,0.02859947119205582,0.03218762373570593,51166.54778828638,57586.01538485271,161802.83101883583,182102.96998963234,0.019605474040253944,0.024349955699468583,35075.62841481168,43563.85345633924,110918.87615252621,137761.0005758306,0.026938054620812456,0.03155580446195235,48194.15190663148,56455.64444732808,152403.28992510203,178528.4232261946,0.030505374425185028,0.03538507716761968,54576.34820742291,63306.49366664275,172585.56670990406,200192.7106656154
2023-12-22,1811387.1103940175,4331.931051984895,1807055.1793420329,0.011327937096346288,0.1260976751751467,0.014940161631093718,0.01895911344945118,26997.696455675017,34260.16415456395,85374.21237778815,108340.15173967907,0.024330598778338427,0.024967568444882682,43966.734538889395,45117.773873901955,139035.02242288343,142674.92839796873,0.024719152848738695,0.025286053278154808,44668.87318426063,45693.29354140823,141255.37977548176,144494.88138551134,0.019282794340207948,0.023584897274208476,34845.07338466001,42619.21077360822,110189.79713123814,134773.7781233888,0.026263281609870907,0.02941205741659868,47459.19905963558,53149.2106897699,150079.16495576978,168072.56161984178,0.027883081253760513,0.031381353940469287,50386.26639562268,56707.83817289054,159335.36460217033,179325.9298105754,0.01911437529777617,0.023740012139886916,34540.73088173384,42899.51189502539,109227.38163319498,135660.16809776647,0.026263281609870907,0.030765361147125032,47459.19905963558,55594.70520524043,150079.16495576978,175805.89429417855,0.029741243397888133,0.03449871416186848,53744.06792222579,62341.08010684477,169953.66535702662,197139.80493264258
2023-12-26,1826592.9493743884,15205.838980370669,1811387.1103940175,0.010485902204070495,0.7050997662374436,0.013829620737140612,0.017549833461817578,25050.796744894316,31789.54212229798,79217.57491579806,100527.3588803246,0.02252204237949228,0.023111664441614846,40796.137265960126,41864.17106929288,129008.71349730842,132386.13293389225,0.022881714219877485,0.02340647547267613,41447.64220160558,42398.18797095926,131068.95300078948,134074.8426521842,0.017849454313958128,0.021831770798777295,32332.271471870645,39545.7882219817,102243.61977799595,125054.76264812255,0.024311063892462386,0.027225783041330203,44036.74777477178,49316.43247144956,139256.4237146304,155952.2526836674,0.025810459635178237,0.029048696656094497,46752.733896506936,52618.434696595374,147845.12595272085,166394.1005540723,0.017693554294985356,0.02197535557489917,32049.87618699318,39805.87583469767,101350.60747729107,125877.23189550078,0.024311063892462386,0.028478492201878078,44036.74777477178,51585.5736979385,139256.4237146304,163127.90729196044,0.027530499776371526,0.0319343354214258,49868.39243762477,57845.4435613698,157697.70335401056,182923.35391665055
2023-12-27,1829527.578720846,2934.629346457543,1826592.9493743884,0.010247252679899033,0.06239599541861215,0.013514871243567308,0.01715041533608631,24686.16852520272,31326.827731737638,78064.51924240035,99064.1275000172,0.0220094613356648,0.022585664140023175,40202.32689525353,41254.81487510429,127130.92022764664,130459.17945392446,0.022360947374590552,0.022873765542202364,40844.34881575884,41781.05886502967,129161.171804199,132123.30906706335,0.01744321709222505,0.02133489970351511,31861.6573550651,38970.177374050436,100755.40726986191,123234.52132275894,0.023757766358580564,0.0266061491708668,43395.7685234673,48598.60448550853,137229.4693475988,153682.28127988242,0.02522303722834033,0.028387574942400944,46072.22196309416,51852.54423962662,145693.15826821164,163972.14227186385,0.017290865214806727,0.021475216621723296,31583.372489948837,39226.479267527444,99875.39325774177,124045.01907476013,0.023757766358580564,0.02783034781898839,43395.7685234673,50834.71710480108,137229.4693475988,160753.49026149185,0.0269039308322817,0.031207539214028718,49142.53036870198,57003.4710956696,155402.32594909242,180260.8031978899
2023-12-28,1829445.351425025,-82.22729582129978,1829527.578720846,0.009601462369889058,-0.10528422826188613,0.012663152918396252,0.016069582025669677,23167.587497765307,29399.743494479473,73262.34438417948,92970.15206727308,0.02062240694136918,0.021162296970071586,37729.262238839125,38717.005935826564,119310.40311251539,122433.9229394709,0.020951742040415475,0.021432241984422788,38331.789885185084,39210.877784320284,121215.76282818905,123995.68285294864,0.016343931173799713,0.019990356739273452,29901.672827181945,36572.908962968904,94557.39198306133,115653.69298096847,0.022260532340730287,0.024929407720455432,40726.25783437337,45609.03894574959,128787.73533189636,144228.4449598935,0.02363346063255334,0.026598566571557774,43238.06800786975,48662.811097107326,136730.77653012762,153885.3204133764,0.01569127791348846,0.020093667911652263,28707.625688100426,36761.919602025926,90781.48338995589,116251.39710239263,0.022260532340730287,0.0260764563607476,40726.25783437337,47707.59606729836,128787.73533189636,150864.66526395443,0.025208422936126528,0.02924081437048025,46119.50497770261,53496.87631505045,145842.68028901334,169171.97685987494
2023-12-29,1825172.6349571145,-4272.716467910446,1829445.351425025,0.009092552069695347,-0.36339568603688066,0.011991962561674124,0.01521783929132144,21938.640162917658,27840.205350241104,69376.0716816673,88038.45943356764,0.019529348935938457,0.020040622949080544,35727.876627209866,36663.22449385707,112981.46610347775,115939.29576666237,0.019841228149864002,0.02029625995565159,36298.44260533205,37130.898427180684,114785.75414974566,117418.2105982547,0.015477646997538355,0.01893079955337359,28315.50935064404,34632.86324167826,89541.5026558305,109518.7297368258,0.021080648093980508,0.02360806396281542,38565.89366055945,43189.662872917324,121956.06396721648,136577.70605323013,0.0223808064969867,0.025188751693659094,40944.46240705532,46081.44469416385,129477.75877743507,145722.32310463904,0.014859586589214838,0.019028634880748473,27184.801609736725,34811.84762654938,85965.89082657985,110084.72805862273,0.021080648093980508,0.024694315107332512,38565.89366055945,45176.89997973423,121956.06396721648,142861.9015615749,0.023872290419056374,0.027690951334422585,43673.050735010846,50659.08219529599,138106.31269072503,160198.0839108182
2024-01-02,1820336.1396162184,-4836.495340895839,1825172.6349571145,0.008786240209212653,-0.4119325028826469,0.011587974733510026,0.01470517743025964,21150.05437817696,26839.487437898875,66882.34447145542,84873.91153523746,0.018871440005560073,0.019365490109179116,34443.63588038318,35345.36260980638,108920.34027950978,111771.85057154146,0.019172812565079776,0.019612515160988636,34993.692828945525,35796.22597451798,110659.77307976886,113197.6057175573,0.014956232678283408,0.018293054684037573,27297.70660645423,33387.98281907944,86322.927775421,105582.0721868606,0.020370478662081453,0.022812750398547126,37179.64021500888,41637.20775553522,117572.34566502048,131668.41191711862,0.02162683704763442,0.024340187579274006,39472.711160019055,44425.04429941397,124823.67268760734,140484.32514002742,0.014358993622657475,0.018387594113745936,26207.642225598145,33560.5335991076,82875.84153569452,106127.72566378827,0.020370478662081453,0.02386240767959464,37179.64021500888,43553.013500986635,117572.34566502048,137726.72162718186,0.023068075536788527,0.026758092577412802,42103.220210870066,48838.13833594293,133142.07269398423,154439.75382396523
2024-01-03,1796182.208538297,-24153.931077921297,1820336.1396162184,0.008570625038066725,-1.6712545366824756,0.011303604730424901,0.014344310976252144,20576.36019872929,26111.46766796538,65068.16418401943,82571.71088061585,0.018408333071344627,0.018890259138389442,33509.353959861044,34386.62139632583,105965.8814339434,108740.04465026918,0.018702309919564362,0.019131222171911846,34044.4906408859,34825.25511455821,107658.13220548497,110127.12625843204,0.01458920530459004,0.017844141380672057,26557.25766422589,32482.33543565859,83981.42262691702,102718.16369827889,0.019870585176533014,0.022252923332092174,36171.14431216536,40507.80055351635,114383.20160108706,128096.91275294106,0.021096112407704655,0.02374287705899864,38402.0158211509,43220.017168960054,121437.83673665815,136673.69476549618,0.014006622552243728,0.01793636080377563,25496.761225812814,32650.205784308586,80627.83843103521,103249.01635161944,0.019870585176533014,0.023276821923539973,36171.14431216536,42371.64016283091,114383.20160108706,133990.89111161345,0.022501982767135283,0.02610144643830907,40961.172444037715,47513.40624791103,129530.60055408509,150250.58313627375
2024-01-04,1790073.2101256684,-6108.998412628658,1796182.208538297,0.010143142439688729,-0.4311125119626101,0.013385642476593077,0.01715508791806958,24043.052866310994,30813.66370434688,76030.80896138259,97441.36036019737,0.021785849175592835,0.02235619786331668,39131.354687098574,40155.804852651316,123744.20873913703,126983.80461162026,0.02213376417971675,0.022641372207178604,39756.273427589476,40668.02993542769,125720.37531161198,128603.60254786188,0.017115193140818673,0.021047665525107034,30742.0054152352,37805.44234746213,97214.75695337361,119551.3057681631,0.023516391734599257,0.026335835490919817,42239.72444270425,47303.959155781624,133573.73697683192,149588.2532758457,0.02496677571643021,0.028099162297708504,44844.87834641794,50471.21539397411,141811.95696784617,159603.99692191076,0.016576523534205575,0.021227280586222485,29774.45665155643,38128.06372462322,94155.09911286872,120571.5241418524,0.023516391734599257,0.02754759650143234,42239.72444270425,49480.50272386461,133573.73697683192,156471.0883775777,0.026630591744328438,0.03089047624062139,47833.3950940096,55484.923836679125,151262.4767157943,175458.73512487442
2024-01-05,1796153.222386778,6080.012261109659,1790073.2101256684,0.00968174023240801,0.2504533062569179,0.012776741929125252,0.016374718769301615,22871.303440016465,29311.94539226878,72325.41192729627,92692.51009004703,0.020794830962364248,0.02133923501360091,37224.269814820014,38198.79292242265,117713.47685148547,120795.18950397514,0.021126919633396288,0.021611437039219243,37818.7328482207,38686.05447622396,119593.33402180439,122336.04583021997,0.01633663876872293,0.02009022660623795,29243.7794033913,35962.97643318048,92476.9503062365,113724.91696780856,0.02244665273427076,0.02513784259095368,40181.15171661217,44998.578582422204,127063.958433279,142297.99979052503,0.023831060084638585,0.026820957285406646,42659.342226406676,48011.47710653131,134900.68492004345,151825.62148566954,0.015822472746375174,0.020261671143656988,28323.384581229708,36269.874706636685,89566.40632158023,114695.41452190335,0.02244665273427076,0.026294481709185615,40181.15171661217,47069.047281752566,127063.958433279,148845.39670449533,0.025419190653878813,0.02948529692798495,45502.21221258523,52780.84012338653,143890.62916809908,166907.67160710407
2024-01-08,1817502.7651677807,21349.542781002587,1796153.222386778,0.009200607273470423,1.1792955775703782,0.0121418032195155,0.015560979017549834,21808.53897831892,27949.902605865176,68964.65561204926,88385.35261440942,0.019761434247377106,0.02027878420237265,35494.56380241083,36423.803591177726,112243.66616978496,115182.18039474211,0.020077019810384362,0.020537459179870418,36061.40382834505,36888.42348556117,114036.17172068603,116651.43750722069,0.015524791398187228,0.01909184512307955,27884.90409673652,34291.87913912863,88179.80928104762,108440.44332686055,0.021331168927740448,0.023888620416348327,38314.04780683772,42907.62253919862,121159.65745018622,135685.81620664505,0.022646778315255703,0.025488092921098368,40677.08384762554,45780.52023272446,128632.23353214227,144770.71640283108,0.015036176796738916,0.019254769744078394,27007.277405839908,34584.516722141845,85404.51000245777,109365.84461814891,0.021331168927740448,0.024987780487630097,38314.04780683772,44881.88244315026,121159.65745018622,141928.97419627747,0.02415598691988877,0.028020028513880187,43387.853746091074,50328.2645065753,137204.44062391674,159151.94652418824
2024-01-09,1808933.844357588,-8568.92081019259,1817502.7651677807,0.009828893335806494,-0.5790838476073896,0.012970936069957379,0.016623598684103964,23574.71217396204,30213.436575398435,74549.7856526197,95543.2755192967,0.021110892314693847,0.021663570781863924,38369.105157115315,39373.59979944563,121333.76407899712,124510.2550461971,0.021448028412879763,0.02193991001544896,38981.850947806095,39875.84712061077,123271.43640426079,126098.50052979705,0.016584939904284345,0.020395578652680064,30143.174136178266,37069.02059844298,95321.08617740183,117222.53572277773,0.022787820182628798,0.02551991352667444,41416.926194074,46382.513401573444,130971.82045636281,146674.38595225618,0.02419326918801773,0.02722860993936389,43971.33364767069,49488.073856468785,139049.5660818392,156495.03040107407,0.01606295905484618,0.02056962898153084,29194.472498959774,37385.35755240762,92321.02818386062,118222.88100538583,0.022787820182628798,0.026694132442718975,41416.926194074,48516.6595283967,130971.82045636281,153423.14857264425,0.025805537808502445,0.029933444971975552,46901.6363235949,54404.11900756317,148315.99677144596,172040.9301587589
2024-01-10,1810438.0563923817,1504.2120347935706,1808933.844357588,0.00955276946209397,-0.014104428508368039,0.012606542542532833,0.016156590618508694,22804.4014655214,29226.203579250676,72113.84930792938,92421.37067019755,0.020517822356123285,0.02105497438363646,37115.38327250816,38087.05575464204,117369.14737123971,120441.84555449204,0.020845487263380688,0.02132355039739305,37708.10741285437,38572.89199570898,119243.50567889905,121978.19464611821,0.0161190178828318,0.019822604057089504,29158.236986059637,35857.77936216924,92206.44143091177,113392.25462023455,0.022147640157542017,0.02480298058834219,40063.61585363098,44866.95102719647,126692.27739950498,141881.7569131721,0.02351360577345722,0.02646367445828843,42534.55728648874,47871.0363736594,134506.0802922155,151381.50889353105,0.015611701082460641,0.0199917647763595,28240.53445605705,36163.77991239261,89304.41122160459,114359.91332420515,0.022147640157542017,0.025944212080003602,40063.61585363098,46931.363296709496,126692.27739950498,148410.00171443066,0.025080580804751014,0.02909252234754213,45369.11145385938,52626.44829219843,143469.7276122289,166419.44176842546
2024-01-11,1809802.3975554784,-635.6588369030505,1810438.0563923817,0.009044685072203873,-0.14562214043977983,0.011936036727254599,0.0152972679352091,21609.4551335189,27694.756028733464,68335.09721713772,87578.50829347738,0.019426538274051535,0.019935120726923532,35170.54419530607,36091.301222798924,111219.02620478107,114130.71558326475,0.019736775625336517,0.02018941195335953,35732.20970258678,36551.679736545346,112995.16849094199,115586.56027250658,0.015261693585503795,0.01876829664096857,27630.35087219557,33978.8384924708,87374.84130575795,107450.52188320983,0.020969670744420275,0.023483781238908565,37964.28994571643,42515.9312629135,120053.62597949409,134447.17963396577,0.02226298456973935,0.02505614756833852,40305.754513932494,45362.60310430349,127457.98707563955,143449.14640382372,0.01478135950967345,0.01892846018709576,26760.73578153025,34268.804671626225,84624.87693160171,108367.47545375742,0.020969670744420275,0.02456431390302421,37964.28994571643,44472.16871920351,120053.62597949409,140633.34563997627,0.023746616696558465,0.027545174583527853,42991.778578012185,49868.832335991,135951.94096815345,157699.09443478685
2024-01-12,1808039.7592413125,-1762.6383141663391,1809802.3975554784,0.008660571321458503,-0.22404425300410305,0.011429131754915622,0.014647616685238233,20684.470052023746,26509.291795417783,65410.03755793657,83829.74123153457,0.018601523315445994,0.01908850706012899,33665.08149447829,34546.42584317612,106458.33513773662,109245.39068253942,0.01889858536746162,0.01933199893247049,34202.70510843892,34987.09801752504,108158.4502817433,110638.91845494082,0.01461355312300497,0.017971236183880974,26447.643478818743,32524.386332623555,83634.79213716644,102851.14031034124,0.020079121342508142,0.022486461462559188,36339.241946478614,40696.05186747849,114914.77299480302,128692.2156775809,0.02131751013501863,0.023992051832016897,38580.48095226993,43420.872927859484,122002.19303391488,137308.85644478002,0.014153618090591296,0.018124597832546347,25615.25195443672,32801.94061207121,81002.53901509967,103728.84400772268,0.020079121342508142,0.0235211055798539,36339.241946478614,42568.55327157513,114914.77299480302,134613.58503638962,0.022738134705863222,0.026375373729241522,41151.53070661069,47734.214611603085,130132.56623524807,150948.8404919555
2024-01-16,1796274.2759034552,-11765.483337857062,1808039.7592413125,0.008381173631718114,-0.8942084598623891,0.011060417857236621,0.014175071617464445,19997.675239706416,25629.093074468776,63238.201665825945,81046.30847976873,0.018001421723174555,0.01847269494159372,32547.286198369857,33399.36691473732,102923.55604421163,105618.07185824073,0.0182889002906876,0.018708331550803307,33067.058878363176,33825.40727292106,104567.22157852034,106965.3297652553,0.01414210697587268,0.017391468211863437,25569.491691821724,31444.46599863051,80857.83235890882,99436.13236339345,0.019431351131181145,0.021761028330046485,35132.655420954165,39344.804422700625,111099.21138007687,124419.19606960024,0.020629788406085568,0.023218047022728134,37299.47766293817,41979.15214902685,117951.30494945885,132749.73503367702,0.013697009854344706,0.017539882278118667,24764.73839937529,31712.804531250637,78312.9790002585,100284.69331046044,0.019431351131181145,0.022762293913137645,35132.655420954165,41155.13240648938,111099.21138007687,130143.95581031308,0.022004582371956218,0.02552448084787577,39785.15981399735,46149.276206952796,125811.72208603258,145936.82518218696
2024-01-17,1783168.573329362,-13105.70257409336,1796274.2759034552,0.008687164530167473,-0.954135364880957,0.011464226123963507,0.014692593755819522,20592.894479616025,26391.92820987834,65120.450171094504,83458.60498686593,0.018658641278392247,0.01914712035864602,33516.037351686355,34393.479757863184,105987.01617460673,108761.73269374411,0.018956615491148257,0.019391359898772907,34051.28076494256,34832.2009609516,107679.60446309911,110149.09095331281,0.0141970782857562,0.01787228436958554,25501.846517691385,32103.52466471791,80643.91953593826,101520.25885990201,0.020140776427921624,0.022555508542781065,36178.3585941983,40515.87977531826,114406.01516399397,128122.4614955568,0.021382967825410427,0.02406572198818135,38409.675047255994,43228.637338414315,121462.05733626448,136700.95413478828,0.0141970782857562,0.018180251344888293,25501.846517691385,32656.717820282036,80643.91953593826,103269.6092175005,0.020140776427921624,0.023593329645280277,36178.3585941983,42380.091124727354,114406.01516399397,134017.61539962553,0.022807954575643344,0.026456362129697382,40969.34209020265,47522.88272756176,129556.43524364394,150280.5503961703
2024-01-18,1797910.8007290969,14742.227399735011,1783168.573329362,0.009027120254650573,0.80507494768085,0.011905666011448747,0.015191823490974136,21229.80947617094,27089.58222067184,67134.55223612633,85664.78067972508,0.019388811852650244,0.01989640663619775,34573.519969841764,35478.64703584959,109331.06983401596,112193.33293446626,0.019698446721656403,0.020150204027971505,35125.651137460496,35931.210568853516,111077.06189085936,113624.46448469145,0.014752654045535725,0.01857168235611283,26306.46906719958,33116.4403312758,83188.35944911574,104723.3794438926,0.020928947553083246,0.023438175634110815,37319.841549516495,41794.2182069204,118015.7012130597,132164.92255994692,0.022219749757356418,0.025007488421324216,39621.55947456068,44592.567450803246,125294.37238743603,141014.07985922674,0.014752654045535725,0.0188917010354949,26306.46906719958,33687.08758322827,83188.35944911574,106527.92450057836,0.020928947553083246,0.024516609899116474,37319.841549516495,43717.24829668004,118015.7012130597,138246.07765262542,0.023700500664164473,0.027491681735278183,42261.98795650976,49022.30289832088,133644.1403891759,155022.13330536772
2024-01-19,1818320.6570361871,20409.85630709026,1797910.8007290969,0.009129105079692869,1.1306801246825438,0.01204017150499904,0.015363454688642328,21647.154391468477,27622.121121222124,68454.3127383566,87348.81654810587,0.019607858960563957,0.020121188348695446,35253.18140437074,36176.101855624,111480.34800490494,114398.87873001564,0.01992099196153821,0.020377853042761192,35816.16660888706,36637.56208125064,113260.66354015222,115858.14409257102,0.014919323680956652,0.01878149785899743,26823.61318556535,33767.457854561886,84823.7127417113,106782.07761415833,0.021165394503418374,0.02370297084830151,38053.49137938816,42615.82729752821,120335.70568044919,134763.07863256725,0.02247077967914351,0.025290013109092953,40400.45748593602,45469.18771941867,127757.46416835785,143786.19655112008,0.014919323680956652,0.01910513198251964,26823.61318556535,34349.32314072696,84823.7127417113,108622.09720982563,0.021165394503418374,0.024793588835993217,38053.49137938816,44576.66115706856,120335.70568044919,140963.77974189346,0.023968259522522916,0.027802271854031325,43092.79267022198,49986.00485116949,136271.37557531064,158069.62646192152
2024-01-22,1827363.2090338825,9042.551997695118,1818320.6570361871,0.009682313755316889,0.41258342981097557,0.012769785993431532,0.016294454643963185,23219.565657787924,29628.543474257487,73426.71375843565,93693.68113197207,0.020796062797928606,0.02134049909834647,37813.91057049535,38803.87034198551,119578.08464068238,122708.61231053111,0.021128171141091487,0.021612717248555402,38417.79003124248,39298.850227730596,121487.71916883758,124273.87614545549,0.015823410031447622,0.0199196255797445,28772.033324934833,36220.26667207586,90985.15822106156,114538.54014244679,0.022447982419767556,0.025139331696038058,40817.63014264852,45711.366126990564,129076.67994111289,144552.03191915984,0.023832471779083313,0.026822546094140604,43335.075744139154,48771.989637281156,137037.54192739585,154230.5732719379,0.015823410031447622,0.02026287139612133,28772.033324934833,36844.397630435094,90985.15822106156,116512.21552908568,0.022447982419767556,0.026296039330777943,40817.63014264852,47814.63151338957,129076.67994111289,151203.14106397482,0.025420696425342944,0.02948704356576466,46222.97742644704,53616.90043055587,146169.88890212076,169551.5264390192
2024-01-23,1819725.300087172,-7637.908946710173,1827363.2090338825,0.009292522898692599,-0.5546867943483003,0.01225569959351961,0.01563847203542519,22395.614538169244,28577.16844304121,70821.15153979478,90368.941358298,0.019958854323046685,0.020481372691730438,36472.07608440237,37426.90692737946,115334.83142166704,118354.27166565323,0.020277592639287804,0.02074263187607232,37054.526756810796,37904.322348868016,117176.70217117426,119863.99178764636,0.015186390750029647,0.019117700738783838,27751.051734616645,34934.98297137346,87756.53094655517,110474.11620873705,0.021544270918776042,0.024127271780981098,39369.20804242994,44089.288786926256,124496.3670910975,139422.57298360913,0.022873023466933564,0.025742723287000294,41797.32156284302,47041.30543500411,132174.73623305256,148757.6692822709,0.015030653714383623,0.019166315294839607,27466.463605393103,35023.81942253329,86856.58426316245,110755.04173364842,0.021207671112856836,0.024675678734088834,38754.117940925236,45091.4274766137,122551.28140411848,142591.61377439817,0.022873023466933564,0.027592823606814545,41797.32156284302,50422.110692454495,132174.73623305256,159448.71422128603
2024-01-24,1818964.849129884,-760.4509572884999,1819725.300087172,0.009087512086851171,-0.15228784223306993,0.011985315441578957,0.015293457459416663,21809.981738566687,27829.891464707387,68969.21802054974,88005.84406375483,0.019518523858134053,0.020029514473145982,35518.35168500162,36448.21423524593,112318.89005948453,115259.37362914931,0.019830230198055073,0.020285009780651952,36085.57159795347,36913.14551036809,114112.59691861484,116729.61541398174,0.014851349951040304,0.01869592772926551,27025.377246356424,34021.45269754576,85461.74672377575,107585.27983192421,0.02106896313425486,0.02359497806169054,38339.725262007494,42936.37853386006,121240.85669303958,135776.75064615882,0.022368400862141938,0.025174789620587733,40704.3449713314,45811.20159695544,128718.4407746284,144867.7393955222,0.014699048771992069,0.018743469755319146,26748.230937609245,34107.96612517297,84585.33314302642,107858.85931141433,0.02073978936324883,0.024131286109484642,37740.71942278271,43912.31185707135,119346.63390934863,138862.92279196376,0.022368400862141938,0.026984073192066978,40704.3449713314,49103.60068700829,128718.4407746284,155279.21948635502
2024-01-25,1843235.1802002424,24270.331070358865,1818964.849129884,0.008695882262981116,1.413170669123963,0.011468803669098991,0.014634380036030164,20861.350735662905,26619.422874346994,65969.383392324,84178.00628212265,0.018677365575459,0.01916633485364697,33973.47145610847,34862.8893854368,107433.54982401992,110246.13627248812,0.018975638810935617,0.019410819492740955,34516.01998687668,35307.59835010096,109149.23892242541,111652.42949672221,0.014211325320539507,0.01789021954272085,25849.901217610844,32541.680491425734,81744.56513801016,102905.82924237277,0.02016098807545612,0.022578143419358918,36672.12863298143,41068.84923842708,115967.45312689836,129871.10447550112,0.021404426035349623,0.024089872392324362,38933.89857410149,43818.631101662446,123119.79768414267,138566.6782319465,0.014065587619300799,0.017935712726900952,25584.809461864643,32624.43099432433,80906.27140091914,103167.50930905671,0.019846000174546293,0.023091339065838948,36099.17671332525,42002.334080100736,114155.62007101903,132823.04273643155,0.021404426035349623,0.0258211841933501,38933.89857410149,46967.82641061201,123119.79768414267,148525.30820494477
2024-01-26,1839583.8319825537,-3651.3482176887337,1843235.1802002424,0.009768162788605192,-0.3018834869480689,0.012883010353903494,0.0164389307696595,23746.417911198896,30300.81551951264,75092.76686960654,95819.59200223815,0.020980452803512205,0.02152971639328043,38671.9087039645,39684.330675828365,122291.31297061806,125492.87235490677,0.02131550581268447,0.021804348188164544,39289.49019770278,40190.541661760304,124244.27713160001,127093.65204705115,0.015963709601246035,0.020096244582464475,29424.871143517077,37042.10500430705,93049.61267047725,117137.42114073152,0.022647019306890906,0.02536223165344067,41743.78271313543,46748.55763201,132005.43152467115,147831.91944479922,0.024043784355272196,0.02706037041079719,44318.34918878591,49878.62673043107,140146.92557523912,157730.06702951956,0.015800001130146204,0.02014734748558623,29123.11793028907,37136.299673151436,92095.38522540231,117435.29083772509,0.022293190563644618,0.025938708940692015,41091.59312581783,47811.14084845809,129943.02696250228,151192.1026122429,0.024043784355272196,0.029005168534645645,44318.34918878591,53463.347050695964,140146.92557523912,169065.94801624486
2024-01-29,1852673.3560956372,13089.524113083724,1839583.8319825537,0.009294344521248027,0.6589328135634127,0.01225810209056541,0.015641537660735214,22549.806416595668,28773.919788034713,71308.74907232205,90991.12374117905,0.019962766877216497,0.020485387675698533,36723.18318896432,37684.58796010968,116128.90180873286,119169.13063890513,0.020281567676048454,0.02074669807493955,37309.64398411871,38165.29034568236,117983.45367981416,120689.24505399127,0.015189367753393255,0.019121448400775457,27942.115337179395,35175.50732215519,88360.72710861065,111234.7209899406,0.021548494263746373,0.024132001474193192,39640.26165115663,44392.83974530495,125353.51386268194,140382.48539801277,0.022877507288594532,0.025747769658786404,42085.09252416153,47365.18077391442,133084.7479152753,149781.85303118642,0.015033600188460412,0.019170072486791263,27655.567843181645,35264.9554046348,87454.58436976433,111517.58066291078,0.021211828473830647,0.024680515932064297,39020.93670724602,45401.878073613305,123395.03642816839,143573.34476187592,0.022877507288594532,0.02759823265561626,42085.09252416153,50769.26258456461,133084.7479152753,160546.50489439102
2024-01-30,1853558.5459327588,885.1898371214047,1852673.3560956372,0.009189356014392046,-0.05313327083453516,0.012119635108581418,0.015464851539387122,22453.72505127005,28651.31840299712,71004.91311719437,90603.42412016896,0.019737268340728895,0.020253985637661242,36566.71117697837,37524.01954563869,115634.0938607881,118661.36872889484,0.020052467979761218,0.020512344286127415,37150.67315006452,38002.67372996885,117480.74376266627,120175.00616294822,0.015017789323427651,0.018905453360788332,27823.058146971936,35025.629726441264,87984.23521573519,110760.76641725472,0.021305083420456304,0.02385940744710179,39471.360402474296,44203.68846947531,124819.40121719925,139784.33654406437,0.02261908397263875,0.025456923985359103,41905.77421539767,47163.364795826776,132517.69363341216,149143.65487221483,0.014863781302056109,0.018953528191267454,27537.73158915187,35114.696683968745,87081.95341608804,111042.42086730304,0.020972220592493616,0.02440172590978581,38854.67430987318,45208.42743580874,122869.26856323022,142961.60013160124,0.02261908397263875,0.027286484233578205,41905.77421539767,50552.94232107402,132517.69363341216,159862.440157713
2024-01-31,1826691.2270091176,-26867.31892364123,1853558.5459327588,0.008759760396411756,-1.7771044465968782,0.011553051103563836,0.014741881132795906,21414.25660460864,27324.939756818752,67717.82526986707,86409.04655843474,0.018814565598904695,0.019307126743202507,34873.898853862294,35786.88977226992,110280.95126854039,113168.08205375743,0.019115029887222,0.019553407315351413,35430.82700322044,36243.38523147374,112042.11271357456,114611.64744636597,0.014315718745795064,0.01802163735594474,26535.022822438237,33404.15993281242,83911.10988345454,105633.2287122244,0.0203090864796698,0.022743997741478443,37644.08080447941,42157.33138239273,119041.03576557856,133313.18724285587,0.02156165847490471,0.02426683155948729,39965.79633064312,44979.99301979844,126382.94490723213,142239.22708103826,0.014168910485866156,0.018067464723546534,26262.90511763349,33489.10364166833,83050.5981446142,105901.84430511127,0.019991784743480828,0.023260963215905827,37055.94345972704,43115.557155469796,117181.18217915739,136343.36319845507,0.02156165847490471,0.026010861215112643,39965.79633064312,48212.654092342986,126382.94490723213,152461.79897364182
2024-02-01,1846679.6259270955,19988.398917977695,1826691.2270091176,0.010563127588298683,0.9388351124812129,0.01393988600400076,0.018049676509186527,25463.867469015375,32971.18572968358,80523.81923875566,104264.04406224086,0.022687910164877943,0.023281874608744174,41443.80645735352,42528.79609611932,131056.82331243108,134487.8618086143,0.02305023087567308,0.023578856830677293,42105.65452112671,43071.29091550222,133149.77065892672,136203.38105670596,0.017479069967629678,0.02174038948239322,31928.863766147675,39712.97873924899,100967.93260224843,125583.46548586889,0.02449010726074429,0.02742629240288651,44735.86408171389,50099.3677217396,141467.22359393284,158428.11133501795,0.02600054558330572,0.02926263120525748,47494.968514475215,53453.791701847076,150192.27790372554,169035.73135004492,0.017262888114151605,0.02179735175394149,31533.966270960707,39817.03122095672,99719.15707516222,125912.50832425834,0.024107482785681505,0.028049685283285237,44036.92730987773,51238.1140273439,139256.99145448516,162029.1433378297,0.02600054558330572,0.031365703314135435,47494.968514475215,57295.455072902005,150192.27790372554,181184.13760621907
2024-02-02,1853353.0178741585,6673.391947063152,1846679.6259270955,0.010656311778491145,0.24786005110086912,0.014062858767304025,0.018208904396446696,25969.594767870574,33626.01275937243,82123.06937806275,106334.78894950033,0.022888054915398182,0.02348725910433444,42266.90468936633,43373.4428568451,133659.68846364928,137158.86939079102,0.023253571891858314,0.023786861198802564,42941.897442725734,43926.711940584464,135794.20296837325,138908.45985436186,0.017633264165005012,0.021932175539264256,32562.989672105115,40501.701720615914,102973.21478839168,128077.62654990693,0.024706150359129944,0.02766823749217765,45624.34450329666,51094.37046211666,144276.84538260105,161574.58627271865,0.026229913236445346,0.029520775828520692,48438.24636357906,54515.41526409023,153175.18437327832,172392.8798244348,0.017415175231376458,0.02198964031190431,32160.249281733097,40607.820745458834,101699.63784907074,128413.20437148654,0.024320150505746818,0.028297129724945844,44911.526438443194,52255.73293527349,142022.71674035047,165247.13687694038,0.026229913236445346,0.03164240049863053,48438.24636357906,58433.376316246366,153175.18437327832,184782.56053307795
2024-02-05,1844199.8489244997,-9153.168949658982,1853353.0178741585,0.009985256303930611,-0.5925617033739985,0.01317728423082897,0.017062242658785427,24422.15949659243,31622.35892336118,77229.64938914328,99998.67918517126,0.02144673498479881,0.022008205738403636,39748.37100762417,40788.97452326575,125695.38566549441,128986.06291610046,0.021789234413236984,0.022288941115206046,40383.14335694023,41309.27628108654,127702.71208502918,130631.40154140348,0.01652285197941352,0.020551049801712896,30622.67757993406,38088.35017048672,96837.40920556457,120445.93885680065,0.02315034026287567,0.025925897119025043,42905.75299101426,48049.839666640015,135679.90417618703,151946.93455248818,0.02457814785641095,0.027661776331810394,45551.98450343651,51267.03664432076,144048.0229715535,162120.60468336922,0.01631849666919001,0.02060489586920654,30243.93504901271,38188.14594217673,95639.72016107636,120761.52079619523,0.02278864781717511,0.02651518638366692,42235.40920523285,49142.00070366488,133560.09099777776,155400.65100117825,0.02457814785641095,0.029649796816960707,45551.98450343651,54951.54041006974,144048.0229715535,173772.02863060348
2024-02-06,1853031.856678199,8832.007753699552,1844199.8489244997,0.009696306954180566,0.39310893543397746,0.012795965254723094,0.016568502310869388,23598.317189603476,30555.62945861055,74624.43126625053,96625.38442934697,0.020826117953097807,0.021371341090795776,38407.52358278679,39413.024010959525,121455.25380823686,124634.92534953725,0.02115870627018093,0.021643952659644757,39020.882906905535,39915.77422504588,123394.86629655355,126224.76112018741,0.016044720303055003,0.019956351749290523,29589.67075892989,36803.50088112576,93570.75481270153,116382.88865237126,0.022480424983603666,0.02517566388652604,41458.39635852043,46428.955536105306,131102.96063095526,146821.2488767768,0.023866915252559327,0.0268613109215373,44015.361503063745,49537.6255434131,139188.7943853738,156651.72659372175,0.015846278544993774,0.02000863964083803,29223.70449869306,36899.93020281825,92413.46788357923,116687.82494214461,0.022129199049108587,0.025747900534324634,40810.66554318624,47484.274275524534,129054.65594382129,150158.4597507993,0.023866915252559327,0.028791802865707865,44015.361503063745,53097.83849520242,139188.7943853738,167910.10847660722
2024-02-07,1863434.5091043324,10402.652426133398,1853031.856678199,0.00929056412222143,0.49859396411863244,0.012260516943872788,0.015875191849401872,22719.128476339112,29417.23622781976,71844.19243922245,93025.46894713036,0.01995464718418185,0.020477055410905505,36976.59692106289,37944.63600737259,116930.26639252806,119991.47476933504,0.020273318313382253,0.020738259524267333,37567.10467527485,38428.65555052744,118797.61587182875,121522.07895773851,0.01537332754656363,0.019121276424984842,28487.265686930907,35432.33435584674,90084.64388106283,112046.87938111072,0.021539729588996793,0.024122185978902016,39913.80511264507,44699.17907162162,126218.53424003195,141351.215406055,0.02286820204860832,0.025737296962930062,42375.50690102487,47692.03117709646,134003.11881142194,150815.444759386,0.015183189601621683,0.0191713763250327,28134.93401779015,35525.17106665181,88970.47331476919,112340.45483773311,0.02120320073515241,0.024670477332979425,39290.20642578002,45715.180417468284,124246.54204364828,144564.09376472692,0.02286820204860832,0.02758700729898906,42375.50690102487,51119.603355440726,134003.11881142194,161654.37968757874
2024-02-08,1875889.246616696,12454.73751236382,1863434.5091043324,0.009038684088285492,0.6301337135403764,0.01192811738414009,0.015444793457101579,22227.265562253942,28780.361113951887,70288.78533414559,91011.49300222879,0.019413649119499245,0.01992189413717074,36176.06371691783,37123.14502192724,114398.75812483713,117393.69217803149,0.019723680633948443,0.020176016646006482,36753.78713985234,37596.68567443193,116225.67999893894,118891.15920462864,0.014956535389145004,0.018602872193394213,27870.524180772998,34665.23401362818,88134.33599404107,109621.09510580543,0.020955757749561255,0.023468200177497088,39049.68215496299,43731.45407731649,123485.93751531528,138291.00027537733,0.022248213484697507,0.025039523270486922,41458.08877330569,46659.51175374631,131101.98796110207,147550.3316532359,0.014771552346682006,0.018651613815908203,27525.820395848335,34756.060835050484,87044.28691559834,109908.3147341333,0.020628352658064526,0.02400162659516644,38439.58420901152,44725.45927206946,121556.63841031834,141434.320696836,0.022248213484697507,0.026839085402832027,41458.08877330569,50012.87793243555,131101.98796110207,158154.60660646908
2024-02-09,1886704.7984535545,10815.55183685827,1875889.246616696,0.008948595244089558,0.5345046407321675,0.011809229468811428,0.015290854722457836,22152.806571372355,28683.94994543678,70053.32533068207,90706.61411784274,0.019220152677570514,0.01972333200141278,36054.87772618562,36998.78640890119,114015.5343736193,117000.4357142097,0.01952709409831489,0.01997492166333391,36630.66583670125,37470.74075025896,115836.33625249342,118492.88638450486,0.014807463137783772,0.018417456790194135,27777.160869841697,34549.10914275283,87839.09528160367,109253.8760208464,0.020746891063164425,0.023234291899621812,38918.86984611818,43584.95832725396,123072.27267338028,137827.74003764498,0.022026464851966944,0.024789953566686906,41319.20855678541,46503.207319875175,130662.81015496065,147056.05363381992,0.014624323827033108,0.018465712603447218,27433.611806171735,34639.63170392103,86752.69775238838,109540.13349376983,0.020422749228352927,0.023762401639668397,38310.815663816684,44575.63370964089,121149.43651651633,140960.53066784595,0.022026464851966944,0.026571579407534462,41319.20855678541,49845.340076215536,130662.81015496065,157624.80538651202
2024-02-12,1898081.4767422408,11376.67828868609,1886704.7984535545,0.0087895877203968,0.5740741861856513,0.011599391356422168,0.015019151636303657,21884.62733130239,28336.705460915666,69205.26811088789,89608.53064182494,0.018878629924680805,0.019372868258783878,35618.40166712414,36550.8835036561,112635.27588285084,115584.04236302864,0.01918011730555635,0.019619987425835414,36187.21935529523,37017.124421922075,114434.03535086289,117058.42560311752,0.014544349433175676,0.018090197134678777,27440.893865957783,34130.86173896919,86775.72564736982,107931.26159943797,0.02037823970702491,0.02282144193614249,38447.722639280655,43057.324008549214,121582.37438654726,136159.2138188668,0.021635076758497178,0.02434946106238006,40819.0031351676,45940.24502615044,129081.02172468355,145275.81054885706,0.014364464323503388,0.018137595490737752,27101.503766368733,34220.28844478447,85702.47991735704,108214.05367346008,0.02005985754611448,0.023340167698066003,37847.029488548935,44036.00639265178,119682.81585537219,139254.07925851468,0.021635076758497178,0.02609942920664252,40819.0031351676,49241.91832107129,129081.02172468355,155716.61825055978
2024-02-13,1872623.5110662333,-25457.965676007327,1898081.4767422408,0.008693352260899427,-1.6643946730506676,0.011472391912013102,0.014854709912191122,21775.53458211957,28195.44972670933,68860.28654726071,89161.84078917356,0.01867193153525959,0.0191607585514833,35440.84738207554,36368.68088690094,112073.79993377447,115007.86709843957,0.018970117990363168,0.019405172059595154,36006.829569123074,36832.59763931364,113863.59275992814,116474.9006807721,0.014385106224584224,0.0178921311401141,27304.103665852825,33960.722696493605,86343.15705344794,107393.23470629498,0.0201551223863567,0.022571574476941785,38256.064463016526,42842.687415591136,120976.2980173586,135480.4733159008,0.021398198577250595,0.024082863623638557,40615.52435513153,45711.23735093787,128437.56532425716,144551.62469352523,0.014207190641439998,0.017939010540936516,26966.405393062974,34049.70361883541,85275.26134952715,107674.61708919765,0.01984022612882714,0.02308462081297641,37658.36570950421,43816.49116272893,119086.2086016161,138559.91115086293,0.021398198577250595,0.025813671712409676,40615.52435513153,48996.452124029965,128437.56532425716,154940.3859793295
2024-02-14,1896928.298359028,24304.78729279456,1872623.5110662333,0.010255528644036253,1.163232196230329,0.014164003135568273,0.017700123314482938,26523.845282480997,33145.667067472335,83875.76339855212,104815.80249884653,0.02202723678420534,0.022603904945854455,41248.72148592589,42328.60384351337,130439.91046545088,133854.79832045973,0.022379006692958815,0.022892239026679015,41907.45408754327,42868.54502230711,132523.00585557014,135562.24224796417,0.01697007834334144,0.021107307963994626,31778.5676903771,39526.04114869188,100492.65467942816,124992.31691940445,0.023776953786519152,0.026627637031393515,44525.28268217106,49863.539149125376,140801.30673851157,157682.3559082106,0.025243408049481785,0.02841050153155657,47271.399412898194,53202.173129176066,149485.2903283046,168240.0435588039,0.01676019171912598,0.021162611490588377,31385.529063212904,39629.60383283622,99249.75740916358,125319.81088190117,0.02340547136039921,0.027232876671639795,43829.63595707094,50996.92512927983,138601.47864035817,161266.43707360106,0.025243408049481785,0.030452332047450716,47271.399412898194,57025.75295885193,149485.2903283046,180331.26463605833
2024-02-15,1913393.2760279195,16464.97766889166,1896928.298359028,0.01077644455646641,0.71233329504456,0.014883444801924373,0.01859917749360143,28232.827621834924,35281.30611381489,89280.04007191333,111569.2861452789,0.023146080926328815,0.023752040178863777,43906.455905261275,45055.91715904733,138844.40464637574,142479.3202904525,0.023515718518879396,0.024055019805131257,44607.631914707774,45630.64778594035,141061.71787689443,144296.7781124909,0.017832050860903816,0.02217942554746044,33826.12189582592,42072.77996232489,106967.58960130278,133045.81217603982,0.02498467247235373,0.027980152374240657,47394.13223803961,53076.34283109465,149873.40559941865,167842.13321820874,0.02652561332561734,0.02985357510110048,50317.18654869286,56630.09141646398,159116.91494545632,179080.07297957715,0.01761150332527608,0.022237538142997986,33407.75903436032,42183.01538929115,105644.610070646,133394.40720409434,0.02459432109138312,0.028616134355557876,46653.66365717293,54282.75504870172,147531.8383480874,171657.14362290176,0.02652561332561734,0.03199911767739955,50317.18654869286,60700.03184477982,159116.91494545632,191950.35467425646
2024-02-16,1913488.564823717,95.28879579761995,1913393.2760279195,0.010505050739160518,-0.08720922069715799,0.014508620352330557,0.01813077608789759,27760.69662659111,34691.305055751036,87787.03077298077,109703.53897988786,0.02256317037309833,0.023153869156949433,43172.21847775871,44302.457558937276,136522.54203212488,140096.6718291851,0.02292349901808866,0.02344921854887498,43861.66888424345,44867.577099526556,138702.7756503456,141883.7367277152,0.01716797549094281,0.021578945055881836,32849.08886738209,41289.00837370022,103877.9398822082,130567.30879065736,0.02435545885733626,0.027275500638516824,46601.57121220184,52188.75952203332,147367.10757309175,165035.34834842576,0.02585759267937371,0.02910174311565643,49475.74396698241,55683.079598188815,156456.03986699894,176085.35866273017,0.01716797549094281,0.021677508317530902,32849.08886738209,41477.598655802925,103877.9398822082,131163.6836266756,0.023974938079661307,0.027895466059200985,45873.485314809666,53374.99718934021,145064.69780508484,168786.56122340058,0.02585759267937371,0.031193252380047942,49475.74396698241,59684.95936142563,156456.03986699894,188740.41363669385
2024-02-20,1904310.752032116,-9177.812791601522,1913488.564823717,0.009811929635904038,-0.5884524114498529,0.013551344543290496,0.01693451118285592,25930.34282157264,32403.993499274166,81998.94382516667,102470.4247429961,0.021074456997953264,0.021626181596631808,40325.73247545273,41381.45118595608,127521.16293705069,130859.63863069721,0.021411011232505044,0.021902043895971085,40969.72515471056,41909.310541207764,129557.64659997972,132528.87647752048,0.01603523597274098,0.020155170666245805,30683.24066808978,38566.688591931765,97028.92650627022,121958.57776093652,0.022748490653881043,0.02547586867444005,43528.97673320058,48747.783387491785,137650.71069338935,154154.02638899253,0.02415151399298781,0.02718161604574926,46213.645848762164,52011.71147697007,146140.37986247375,164475.47327074577,0.01603523597274098,0.02024723074401209,30683.24066808978,38742.84449801433,97028.92650627022,122515.63164744814,0.022393076559437123,0.026054928903227942,42848.89592770496,49855.80851362162,135500.10635506123,157657.90949225816,0.02415151399298781,0.029135127955839363,46213.645848762164,55749.73417817442,146140.37986247375,176296.13895196654
2024-02-21,1910363.528759383,6052.776727267075,1904310.752032116,0.009547954193928735,0.23119957945060923,0.012600187957800144,0.015886628340074056,23994.673405664405,30253.077161541154,75877.81967376888,95668.6300592918,0.02050747992954182,0.02104436119462655,39052.61452690931,40075.003292574766,123495.21048961244,126728.28764328343,0.020834979670623796,0.02131280182716891,39676.27580513945,40586.197675407486,125467.40061727166,128344.8262201189,0.01560383168631057,0.01961292563574323,29714.544453140643,37349.105166952155,93965.6401062469,118108.2408967322,0.02213647618807653,0.0247904781404077,42154.72961705704,47208.77407079552,133304.95973845784,149287.25160801294,0.02350175326118001,0.026450334903758217,44754.64142687094,50369.65715207714,141526.60277304027,159282.84156235398,0.015443813777411396,0.019539843820595138,29409.82062870625,37209.93468058763,93002.01876371694,117668.14517674688,0.021790623983714022,0.02535395961093939,41496.119545675516,48281.81789369989,131222.25182296612,152680.5141175651,0.02350175326118001,0.028351290467746624,44754.64142687094,53989.66727171554,141526.60277304027,170730.31869326995
2024-02-22,1943863.4452465847,33499.91648720205,1910363.528759383,0.009085819940600214,1.806988177992525,0.011990321348115352,0.015117693448187348,22905.872601544605,28880.290202381784,72434.72921452747,91327.49652617164,0.019514889398377068,0.02002578486404062,37280.53297443269,38256.52903904488,117891.39658421912,120977.7671357545,0.019826537696811107,0.020281232596872395,37875.89451756099,38744.527071350974,119774.09509177713,122520.9524115222,0.014848584545514444,0.018663632775705694,28366.194369451012,35654.323368866404,89701.78275850901,112748.87027778562,0.021065039973918075,0.02359058454305894,40241.884098031594,45066.59233317463,127256.01108629047,142513.0781551137,0.0223642357391361,0.02517010193209082,42723.82030462274,48084.04474622238,135104.5825063567,152055.10051151577,0.014696311725808863,0.018594088221984436,28075.297928264117,35521.467989813464,88781.8874411212,112328.7446805733,0.020735927496933686,0.024126792727255195,39613.15962514096,46090.94489208545,125267.80973126726,145752.3653682937,0.0223642357391361,0.026979048604715554,42723.82030462274,51539.790495075315,135104.5825063567,162983.12809233525
2024-02-23,1943774.765120061,-88.68012652359903,1943863.4452465847,0.01097784463240959,-0.09214546413799177,0.014487177350289735,0.01826579119546515,28161.094476032493,35506.20380337162,89053.19994744871,112280.47508478764,0.023578656107495818,0.024195940082098393,45833.68769540125,47033.60344896771,144938.8466823017,148733.31346388903,0.023955201826267532,0.024504582069399677,46565.64115358568,47633.56132575094,147253.48675140133,150630.5468546827,0.01794064324601699,0.022550134410269804,34874.160590142455,43834.381965520624,110281.778951332,138616.48683685358,0.0254516089379924,0.028503071114605018,49474.45223727467,55406.07801694452,156451.9550590012,175209.40275053002,0.027021348306688914,0.030411506082977918,52525.81121464828,59115.814989594925,166101.199386304,186940.62110424307,0.01775666124247793,0.022466107948071197,34516.52469887965,43671.04599721936,109150.83496191722,138099.9731531925,0.025053962312531822,0.02915093891027081,48701.4814979162,56665.44454229174,154007.60695796405,179191.8693795994,0.027021348306688914,0.03259714652602161,52525.81121464828,63364.401551280105,166101.199386304,200375.83147555168
2024-02-26,1939670.3593814296,-4104.405738631496,1943774.765120061,0.010194354308199427,-0.30210191549160276,0.013453225453616076,0.016962159094183634,26150.040146209816,32970.6168092259,82693.68776686557,104262.24497778714,0.02189584408594811,0.022469072415969665,42560.58919526927,43674.81595781708,134588.4004158037,138111.8948153704,0.022245515683509416,0.022755686580980435,43240.27202268815,44231.92933909097,136737.74623695054,139873.6420151537,0.016660216999879147,0.02094072812773554,32383.709385789338,40704.058897932206,102406.2807440667,128717.53613110897,0.02363512400800656,0.02646880289745086,45941.35761724647,51449.39113500174,145279.32887082492,162697.26021548107,0.02509283085592258,0.02824103259218651,48774.811403168336,54894.20649362532,154239.49647916516,173590.72286746136,0.01648936581795657,0.02086269864602943,32051.613169777294,40552.38716045647,101356.10029914536,128237.90798401053,0.023265857478451456,0.02707043227690032,45223.5866554938,52618.82314073044,143009.53779335687,166395.32892228285,0.02509283085592258,0.03027068356765552,48774.811403168336,58839.3908417433,154239.49647916516,186066.49119676076
2024-02-27,1949201.7094654024,9531.35008397256,1939670.3593814296,0.009638468709991115,0.4083564854972881,0.012719637621270515,0.016037233427494677,24671.90407605133,31106.946325792476,78019.41109351431,98368.8014421104,0.020701890646621063,0.021243861541055186,40154.84367040653,41206.08854998784,126980.76508648023,130305.0932845466,0.021032495082171875,0.021514846988272246,40796.107294724476,41731.7109897785,129008.61871993948,131967.2573835798,0.01575175586411018,0.019798855986520945,30553.21395782713,38403.25410671625,96617.74594518145,121441.75253943838,0.02234632977438345,0.02502549164029031,43344.51350433429,48541.20436361887,137067.38674562296,153500.76615673982,0.023724549661314168,0.026701083830164247,46017.805767723825,51791.300868728365,145521.07914924066,163778.4737282389,0.015590220986937893,0.0197250813564518,30239.889544569727,38260.1556434968,95626.9271527522,120989.23546599508,0.021997198894372613,0.02559431490986914,42667.31468483251,49644.53399934735,134925.8960472201,156989.8008156057,0.023724549661314168,0.028620060435041172,46017.805767723825,55513.48290955454,145521.07914924066,175549.04684302348
2024-02-28,1949553.4940331976,351.78456779546104,1949201.7094654024,0.009254033972442618,-0.0848794217813337,0.012212309050957644,0.015397581029462605,23804.253678646444,30012.99126426056,75275.65962496462,94909.4117897999,0.01987618625965327,0.02039654039681715,38742.6962349689,39756.97140865613,122515.16279853173,125722.58252154627,0.020193604385922236,0.02065671746539909,39361.40818930767,40264.10899549974,124471.70178981636,127326.29238305351,0.015123489869401898,0.01900916955043294,29478.732306520877,37052.705783221565,93219.93662299485,117170.94374707328,0.02145503617988516,0.024027338448094494,41820.19319847421,46834.12917692958,132247.0626954606,148102.5204296445,0.022778285135596574,0.025636098876291934,44399.47232499521,49969.92775369232,140403.45945659655,158018.7862157291,0.014968397884765672,0.018938337455262414,29176.42674494356,36914.63974223016,92263.96249907426,116734.34059001826,0.021119830544875942,0.024573473941125856,41166.80980169181,47898.65741354604,130180.88297629068,151468.8542909152,0.022778285135596574,0.02747853622066445,44399.47232499521,53561.20977492612,140403.45945659655,169375.4171228411
2024-02-29,1958346.7794057096,8793.285372512182,1949553.4940331976,0.008814299117654299,0.40097703048208677,0.011632002347616738,0.014665915997948252,22677.21081939857,28591.987776997386,71711.63716911277,90415.80420700621,0.0189317060573262,0.019427333912781404,36908.37369206974,37874.626709412616,116714.52559957848,119770.08593039215,0.019234041051841195,0.019675147840509007,37497.79193699496,38357.75321808406,118578.42974800114,121297.86609579898,0.014404849151049457,0.01810588840441616,28083.02399344961,35298.39800140468,88806.31940445829,111623.3354395742,0.020435531902384688,0.022885603047631743,39840.16262272095,44616.707384567264,125985.65623930574,141090.4170324866,0.021695902475639187,0.024417918107745473,42297.32247758588,47604.03756397167,133755.8779558077,150537.184522364,0.014257126855301982,0.01803842212151484,27795.031475628515,35166.868873844986,87895.607099057,111207.40381783074,0.020116254629176815,0.023405787175837994,39217.71449917315,45630.83416925237,124017.3024435968,144297.3675082747,0.021695902475639187,0.026172806182199936,42297.32247758588,51025.28574116156,133755.8779558077,161356.12120298337
2024-03-01,1973477.9012049248,15131.121799214976,1958346.7794057096,0.008586271219982271,0.7839076713259227,0.01133107983459122,0.014286505457438176,22190.183701260696,27977.931951536146,70171.52219352918,88473.98918805386,0.018441938569977105,0.018924744421504536,36115.7110045126,37061.21228892958,114207.90609066751,117197.84368003982,0.01873645209028619,0.01916614734726825,36692.47060850133,37533.96293113806,116031.78010164863,118692.81247472597,0.014032192468498543,0.017637485005208387,27479.898928685176,34540.31195676634,86899.07048586612,109226.05687612896,0.01990686010269762,0.022293547357184883,38984.5353701979,43658.496668471686,123279.92529322083,138060.28869124362,0.02113462460617043,0.0237862210825691,41388.924031442526,46581.66945128139,130883.26984303689,147304.172679135,0.013888291781717245,0.01757176409019718,27198.091482172753,34411.60761451455,86007.91709329079,108819.05800985947,0.01959584260425031,0.022800274205172485,38375.45525377479,44650.843559266614,121353.84484780328,141198.36509514198,0.02113462460617043,0.02549570980842805,41388.924031442526,49929.44119199763,130883.26984303689,157890.75646614496
2024-03-04,1981434.664875089,7956.76367016416,1973477.9012049248,0.008732373485666418,0.3501688591780791,0.01152388721209742,0.014529601763455512,22742.136749052286,28673.847993487558,71916.95098602238,90674.66894086961,0.018755742890810924,0.019246764069689018,37014.04411569673,37983.06356123624,117048.68481955462,120112.99336445297,0.019055267793999648,0.01949227465912806,37605.14989300022,38467.573284005986,118917.92541391792,121645.14763690211,0.014270961435799798,0.017937600905837535,28163.427022498607,35399.45898830381,89060.5761070298,111942.91834075989,0.02024559123395898,0.022672889879168278,39954.226897046196,44744.447132991394,126346.35914582778,141494.3655852438,0.021494247131505915,0.024190962640713656,42418.421717064266,47740.33018032233,134138.82737547357,150968.17961829557,0.014124612163848804,0.01787076169694299,27874.60996844589,35267.55328661641,88147.25638912326,111525.79588706497,0.019929281524256475,0.02318823908937543,39329.99667501175,45761.47741073862,124372.36985988631,144710.49771227868,0.021494247131505915,0.02592953968321327,42418.421717064266,51171.37355323753,134138.82737547357,161818.09142753406
2024-03-05,1972292.671521796,-9141.993353292812,1981434.664875089,0.008492253596486324,-0.6582986198400531,0.01120700721093453,0.014130071627576811,22205.952577250766,27997.813740048663,70221.38775779855,88536.8609237112,0.018240003737896283,0.01871752298041643,36141.375693718895,37087.548873993204,114289.06496399973,117281.12727463165,0.01853129240534928,0.0189562826016765,36718.54515689553,37560.635464130355,116114.2350635346,118777.1584299476,0.013736218296698908,0.01720625209064591,27217.419097370668,34093.06434498527,86069.03637905548,107811.73574483003,0.019381272798003724,0.021987915940643844,38402.725771365185,43567.61885315126,121440.08179636062,137772.90780605093,0.020903205503740165,0.02352576763067628,41418.33599211851,46614.771501218274,130976.2786292243,147408.8505521562,0.013736218296698908,0.01737935746128158,27217.419097370668,34436.06132703884,86069.03637905548,108896.38743868322,0.019381272798003724,0.0225506166366068,38402.725771365185,44682.573518081605,121440.08179636062,141298.70403506068,0.020903205503740165,0.02521653786240889,41418.33599211851,49964.92224871215,130976.2786292243,158002.95741915246
2024-03-06,1983450.7677436052,11158.096221809275,1972292.671521796,0.008525929020944144,0.5483911534588254,0.01124465615802394,0.01408475622276133,22177.75293425305,27779.261478323184,70132.21265672216,87845.73798887743,0.01831233316859534,0.018791745979530036,36117.2805068861,37062.82288052626,114212.8692929608,117202.93681786567,0.01860477692043257,0.019031452384997382,36694.065175467,37535.59406734634,116036.82256514182,118697.9705803181,0.013790688288242496,0.01727448225309896,27199.273446142135,34070.3347521204,86011.65479154629,107739.85846108872,0.019458127849562194,0.022075107449214714,38377.12295922568,43538.57264514238,121359.11859549438,137681.05563135186,0.020986095670628105,0.023619057380170675,41390.7226950351,46583.69377916341,130888.95771673384,147310.57416597317,0.013790688288242496,0.017448274060705204,27199.273446142135,34413.10306063272,86011.65479154629,108823.78702571093,0.019458127849562194,0.022640039494555547,38377.12295922568,44652.78397807593,121359.11859549438,141204.50123819406,0.020986095670628105,0.02531653224037055,41390.7226950351,49931.611006028106,130888.95771673384,157897.61802058027
2024-03-07,1997137.4059091303,13686.63816552516,1983450.7677436052,0.008458432664019758,0.6988033962126154,0.011155636729915923,0.013973252862732276,22126.6562366205,27715.25911846186,69970.63071129036,87643.34475608992,0.01816736177924534,0.01864297927143864,36034.06766892,36977.43154896309,113949.72719442139,116932.90571769142,0.01845749037131454,0.018880788017535288,36609.52344760403,37449.11348898463,115769.47814776869,118424.49497932641,0.013681512945983654,0.01713772711275297,27136.607356605353,33991.837999170275,85813.48721655401,107491.62993283878,0.01930408566375604,0.021900347686627415,38288.70353036524,43438.261432893036,121079.51181088416,137363.84372579135,0.020819957177056977,0.02343207478587117,41295.360047222646,46476.36672386175,130587.394545942,146971.17621666106,0.013681512945983654,0.017310143080395277,27136.607356605353,34333.81658256167,85813.48721655401,108573.06116735341,0.01930408566375604,0.02246080739178377,38288.70353036524,44549.90566537476,121079.51181088416,140879.17144822332,0.020819957177056977,0.025116111419133808,41295.360047222646,49816.57047701488,130587.394545942,157533.82792566778
2024-03-08,1987877.0792079847,-9260.326701145852,1997137.4059091303,0.008536962057820436,-0.6575547892362383,0.011121353580291756,0.013548007560492466,22210.871239542095,27057.232674599207,70236.94193368033,85562.482432863,0.014404979060899539,0.01750571313121684,28768.722513860244,34961.3145114678,90974.68851716336,110557.3838497352,0.01862885255950182,0.01905608016637549,37204.37827574713,38057.610510271574,117650.57428184891,120348.73151602111,0.013808534222927134,0.017296836415237667,27577.540217384147,34544.15900876233,87207.83935182892,109238.2223227134,0.019483307773249157,0.022103673893286324,38910.84274479602,44144.07394029922,123046.88875019332,139595.81885022935,0.021013252871544826,0.023649621783230865,41966.35332958962,47231.54429889375,132709.26161289416,149359.2573916449,0.013808534222927134,0.017470853119323514,27577.540217384147,34891.6942777452,87207.83935182892,110337.22533993852,0.019483307773249157,0.02266933699281181,38910.84274479602,45273.78087550407,123046.88875019332,143168.26585396493,0.021013252871544826,0.02534929327240609,41966.35332958962,50626.02180768287,132709.26161289416,160093.53778563274
2024-03-11,1981282.6182578364,-6594.460950148292,1987877.0792079847,0.008561895343511962,-0.5009159513243919,0.011068154711032336,0.013523431992234757,22002.131059189054,26882.920489591448,69576.84752457039,85011.25890431783,0.014447050638103847,0.017556840797449666,28718.960825643728,34900.84140455383,90817.328242184,110366.15109470018,0.018683260497574582,0.019111735877122574,37140.02530800048,37991.781694008874,117447.07232957815,120140.56252095825,0.013848863806967636,0.01734735403040097,27529.838934943997,34484.40746194034,87056.99465200705,109049.2713410377,0.01954021125667056,0.022168230489916473,38843.538080017264,44067.71727750455,122834.05271233835,139354.35788126875,0.021074624754611183,0.02371869351769847,41893.76350260077,47149.8471925918,132479.7124246518,149100.90845748584,0.013848863806967636,0.017521878972448827,27529.838934943997,34831.34159398738,87056.99465200705,110146.37339635997,0.01954021125667056,0.022735545680615626,38843.538080017264,45195.4701417819,122834.05271233835,142920.62557016395,0.021074624754611183,0.02542332911407416,41893.76350260077,50538.453223029064,132479.7124246518,159816.62160664945
2024-03-12,1995805.997145241,14523.378887404457,1981282.6182578364,0.008451289075593161,0.7498996085927591,0.010925171500397455,0.013348730447529671,21645.852395223366,26447.607611499687,68450.19546471706,83634.67871474466,0.014260417388174499,0.017330033932948335,28253.917100291947,34335.69500516903,89346.73085850259,108579.00126120103,0.018441902056098483,0.018864842205335255,36538.61999136138,37376.583957607574,115545.26173206385,118195.13646255028,0.013669958193298207,0.01712325340658024,27084.050560693035,33926.00434248171,85647.28803495046,107283.44563100535,0.019287782354572028,0.021881851698483164,38214.54792385377,43354.13242550041,120845.0111930367,137097.8044451415,0.0208023736351598,0.023412285174142802,41215.38130184719,46386.35366922478,130334.47954615291,146686.52994485907,0.013669958193298207,0.017295523759927336,27084.050560693035,34267.32059920945,85647.28803495046,108362.78240470777,0.019287782354572028,0.022441838066128622,38214.54792385377,44463.6236821777,120845.0111930367,140606.32386028423,0.0208023736351598,0.02509489955046007,41215.38130184719,49720.08828625293,130334.47954615291,157228.72444921717
2024-03-13,2000327.7613083688,4521.764163127868,1995805.997145241,0.00858292123836286,0.1511295991282347,0.011095335358285163,0.0135566421925098,22144.13684840317,27056.42778896327,70025.90925941677,85559.93716099749,0.014482529017064944,0.017599956050989973,28904.318266088187,35126.097836058456,91403.47993524751,111078.4744758565,0.018729141958972212,0.019158669567952487,37379.733843101305,38236.9876210436,118205.09727507918,120915.97174616104,0.013882873187195619,0.01738995483631492,27707.52156461188,34706.9761524022,87618.87646240578,109753.09533873819,0.019588197176932762,0.022222670174660418,39094.24139898588,44352.13840716794,123626.84621724287,140253.77646568316,0.021126378814469944,0.02377694075571005,42164.153535881276,47454.16095401321,133334.76078642695,150063.2330669106,0.013882873187195619,0.01756490836840425,27707.52156461188,35056.14946096783,87618.87646240578,110857.27829194233,0.019588197176932762,0.022791378550988263,39094.24139898588,45487.16999526979,123626.84621724287,143843.06150032306,0.021126378814469944,0.02548576251500534,42164.153535881276,50864.63766926703,133334.76078642695,160848.10739408215
2024-03-14,1991047.9143943803,-9279.846913988236,2000327.7613083688,0.008300003312988427,-0.6766135247927764,0.010562273796750062,0.013037023528722824,21128.009498179097,26078.32008933466,66812.6324399171,82466.88903322325,0.014005142944200948,0.017019810560388104,28014.87623237718,34045.19955615367,88590.81726202846,107660.37399239917,0.018111775232665595,0.018527144368481678,36229.48680447833,37060.36121804191,114567.69676116691,117195.15235758452,0.013425253506054644,0.01681673159355058,26854.907290763615,33638.975061050754,84922.67339147472,106375.77934652205,0.018942513504297757,0.02149014664712372,37891.23563160548,42987.33693282954,119822.6079540021,135937.89525281795,0.02042999222313682,0.022993183971331196,40866.68060725466,45993.9042187244,129231.79112955777,145445.49581479636,0.013425253506054644,0.01698591815085813,26854.907290763615,33977.40362847323,84922.67339147472,107445.98444484493,0.018942513504297757,0.0220401087493678,37891.23563160548,44087.44139361588,119822.6079540021,139416.73101301419,0.02042999222313682,0.02464567801963531,40866.68060725466,49299.43393894398,129231.79112955777,155898.49860406935
2024-03-15,1982900.3637276087,-8147.550666771829,1991047.9143943803,0.008385545769494096,-0.6041853879915678,0.010671131927619187,0.013171387212219672,21246.734968713467,26224.863038570787,67188.07534308091,82930.29852784784,0.014149484372268237,0.01719522210538332,28172.301349160552,34236.511110471605,89088.63919198191,108265.35424675088,0.01829844091057638,0.018718090971940857,36433.07261167191,37268.615991127124,115211.49161118252,117853.71177413533,0.013563618410358011,0.01699005014255136,27005.814147584537,33828.003901782824,85399.88277356575,106973.5410266966,0.019137741033305334,0.021711630888218574,38104.15937058234,43228.8973980882,120495.93193708816,136701.7765156853,0.020640550177785346,0.02323015898996962,41096.32438343207,46252.35960802888,129957.98851276028,146262.80351854404,0.013563618410358011,0.017160980389972526,27005.814147584537,34168.33421441766,85399.88277356575,108049.75997141986,0.019137741033305334,0.022267261073647314,38104.15937058234,44335.18371996065,120495.93193708816,140200.16103709242,0.020640550177785346,0.02489968416403627,41096.32438343207,49576.464223883195,129957.98851276028,156774.54528532273
2024-03-18,1993177.6051522056,10277.2414245971,1982900.3637276087,0.008390654262208015,0.5009873552440565,0.010677632804389763,0.013179411249945467,21172.681971574308,26133.459361232606,66953.89920455923,82641.25472094408,0.014158104268910433,0.017205697472074313,28074.11010451591,34117.18377556335,88778.13121261803,107888.00808132307,0.018309588360562023,0.01872949407365625,36306.08941986122,37138.72061108707,114809.9355005027,117442.94651567559,0.01357188139618247,0.01700040051803653,26911.688556958186,33710.10037072966,85102.23152107789,106600.69732439223,0.019149399786750478,0.021724857660959267,37971.351802312915,43078.22815784666,120075.95753084846,136225.31854319494,0.020653124445828588,0.023244310853331354,40953.087975745075,46091.15244566835,129505.03522060893,145753.0217103522,0.01318858578635061,0.017133660741724132,26151.651552807394,33974.34211675023,82698.78348195054,107436.30309471695,0.019149399786750478,0.022280826337504972,37971.351802312915,44180.65864879029,120075.95753084846,139711.50985659444,0.020653124445828588,0.024914853105763784,40953.087975745075,49403.67128563895,129505.03522060893,156228.1260368781
2024-03-19,2005622.4573162636,12444.852164057547,1993177.6051522056,0.008314144486524941,0.632461509643154,0.010580269325314043,0.013059235424931441,21088.355875694786,26029.375589383697,66687.2366753902,82312.11293444021,0.014029004278866646,0.017048808150583804,27962.297151221468,33981.30260028003,88424.54760829757,107458.3140762872,0.01814263326331465,0.018558710086442384,36161.490318928234,36990.80532480931,114352.67299394189,116975.19731028203,0.013448126851093402,0.016845383186907082,26804.505270845417,33575.840518350684,84763.28820986004,106176.13039255668,0.018974786909570118,0.0215267605955286,37820.120330690384,42906.65713048056,119597.72162662215,135682.763316223,0.020464799927963264,0.023032358727344455,40789.980910336846,45907.58160917492,128989.24539145287,145172.5197550506,0.013068326303769438,0.016977428283680478,26047.495325494743,33839.029848109574,82369.41257115232,107008.4081304479,0.018974786909570118,0.02207765969854643,37820.120330690384,44004.69688531414,119597.72162662215,139155.06990290998,0.020464799927963264,0.02468766822092298,40789.980910336846,49206.90742137148,128989.24539145287,155605.90406457667
2024-03-20,2027019.740384356,21397.283068092773,2005622.4573162636,0.008357101631354629,1.1542523314732154,0.010634934981231046,0.01312670929051352,21329.664430455305,26327.22294371595,67450.32132731691,83253.98896918536,0.014101488702200921,0.01713689515966636,28282.26242272574,34370.14178090123,89436.36663840523,108687.9315305638,0.018236371798403525,0.018654598388399078,36575.27681884709,37414.08145998897,115661.18079871454,118313.71397664308,0.013517610023266645,0.016932419149109132,27111.222231907002,33960.04010214521,85733.21240381982,107391.0761534361,0.01907282497839463,0.021637984086305663,38252.886101130855,43397.62681454657,120966.24715457161,137235.34577996487,0.02057053652850478,0.02315136127429603,41256.730020613715,46432.890089170185,130465.23567578488,146833.69102603663,0.013135847139692184,0.01706514649050257,26345.55001924025,34226.24103874377,83311.94427069207,108232.87742835762,0.01907282497839463,0.02219172954983517,38252.886101130855,44508.23115183836,120966.24715457161,140747.38506506878,0.02057053652850478,0.024815223345926195,41256.730020613715,49769.969225908404,130465.23567578488,157386.46183035788
2024-03-21,2046267.1401031811,19247.39971882524,2027019.740384356,0.009019670497472874,0.9406865674863559,0.01127888933804794,0.014119965041976166,22862.531337833818,28621.447873622707,72297.67210453138,90508.96521243085,0.015219484843942473,0.018495544808263122,30850.19621715191,37490.834435512734,97556.88630931055,118556.42819649332,0.01968219030314037,0.020133574790423443,39896.18827846708,40811.15354469314,126162.824918868,129056.19914008469,0.014589315016316088,0.018274857502876718,29572.82953675862,37043.49691104226,93517.4981920594,117141.82273630532,0.02058495927770652,0.02335348967826342,41726.11881091921,47337.98458470225,131949.5733613014,149695.85112959906,0.022201412598265594,0.024986850641931947,45002.70160110229,50648.83950123157,142311.03792038956,160165.69366819836,0.014177285155976983,0.0184181077513699,28737.636876223445,37333.86799255291,90876.38709971242,118060.05672052536,0.02058495927770652,0.023951137264810355,41726.11881091921,48549.428040425955,131949.5733613014,153526.7717061913,0.022201412598265594,0.0267826272522152,45002.70160110229,54288.91413959623,142311.03792038956,171676.6203784444
2024-03-22,2034243.5977793967,-12023.54232378467,2046267.1401031811,0.00929825667516102,-0.7376769512273,0.011627254909732043,0.014556081537721382,23792.46965138806,29785.631339301846,75238.39525881861,94190.4365782854,0.015689561673272828,0.01906680770903511,32105.03449464047,39015.78208166456,101525.03336133677,123378.7360708456,0.02029010454641775,0.020755430726916248,41518.974202592806,42471.1558751766,131294.5245939665,134305.58742559998,0.015039928096541417,0.0188393041421357,30775.710653467286,38550.24900846204,97321.3422752656,121906.59123338772,0.02122075690741474,0.024074797560515858,43423.33754776039,49263.46715271983,137316.65025723347,155784.7616394847,0.022887136835837374,0.025758607350200923,46833.19603821911,52708.99179553642,148099.56958594656,166680.46724502323,0.014615172070216825,0.018986978891412123,29906.54635423847,38852.430995329356,94572.80342879842,122862.17457976354,0.02122075690741474,0.02469090439751849,43423.33754776039,50524.18632807122,137316.65025723347,159771.50572344428,0.022887136835837374,0.027609849239618345,46833.19603821911,56497.12724223382,148099.56958594656,178659.6033418064
2024-03-25,2027322.983995464,-6920.6137839329895,2034243.5977793967,0.009279003819147178,-0.4713646834509178,0.011603179658592621,0.014525941894155708,23603.693934376166,29549.30429990177,74641.43402612963,93443.10486109681,0.01565707505966678,0.019027328211287286,31850.304700078614,38706.22059665846,100719.50702261453,122399.81670236225,0.02024809210527042,0.020712454787097538,41189.5517323939,42134.17854494839,130252.799275699,133239.97154223613,0.015008786606236599,0.018800295710477918,30531.52806417396,38244.38118539916,96549.16912814123,120939.35224955164,0.02117681746892466,0.02402494858052016,43078.805357502875,48872.59783690234,136227.14380877325,154548.72433402974,0.022839747011544117,0.02570527189434549,46461.60913313473,52290.78478025097,146924.5086171871,165357.98054326035,0.014584910074520674,0.01894766468623313,29669.259943281904,38544.165580840505,93822.43791236893,121887.3537461229,0.02117681746892466,0.024639779714276857,43078.805357502875,50123.31413446235,136227.14380877325,158503.83654101228,0.022839747011544117,0.0275526806250549,46461.60913313473,56048.864163178354,146924.5086171871,177242.07102103098
2024-03-26,2026552.6753083728,-770.3086870908737,2027322.983995464,0.009008115791439598,-0.14941778122790045,0.011264440445406075,0.014101876571304664,22836.659016819838,28589.058490473093,72215.85664177216,90406.5409896702,0.015199987826462851,0.018471850973411322,30815.28467703939,37448.40803533576,97446.48632593064,118422.2641390123,0.01965697630855958,0.02010778254688556,39851.03986619715,40764.96971448394,126020.05310335473,128910.15304555312,0.014570625281886474,0.018251446380895608,29539.363525153836,37001.57673915049,93411.66937118665,117009.25951322155,0.020558588785211537,0.02332357254235928,41678.89956277073,47284.41468401049,131800.25298775153,149526.44822938406,0.02217297133800356,0.024954841078617434,44951.77441700727,50591.522880635275,142149.99202383056,159984.44259933036,0.014159123255010298,0.01839451311775042,28705.116008107045,37291.61922302148,90773.54708497864,117926.45438046653,0.020558588785211537,0.02392045450867918,41678.89956277073,48494.48721306322,131800.25298775153,153353.03355519095,0.02217297133800356,0.02674831719789727,44951.77441700727,54227.478238498275,142149.99202383056,171482.34300087005
2024-03-27,2053124.902004746,26572.2266963732,2026552.6753083728,0.008632677175839132,1.3971190777351854,0.010794963140245757,0.013514141118089181,21876.56143172031,27387.118837358514,69179.76149683032,86605.67407575544,0.014566485491586763,0.01770198451991546,29519.750142815752,35874.004087102076,93349.64641037858,113443.56170543203,0.018837716416364367,0.019269734034079805,38175.62460028366,39051.131059245236,120721.92483645145,123490.51935295876,0.013963353404957106,0.0174907659100183,28297.4711990921,35445.95844814007,89484.46101214708,112089.96254380998,0.019701751651795246,0.022351496917567493,39926.63751820681,45296.48587544325,126259.11386946606,143240.06536804672,0.021248850261451707,0.023914777739734827,43061.914344571975,48464.556807864734,136173.72973592425,153258.385303472,0.01356900188489768,0.01762786993737128,27498.29707110375,35723.8069815678,86957.25052062496,112968.59675397906,0.019701751651795246,0.022923502145588245,39926.63751820681,46455.68460057908,126259.11386946606,146905.77360023942,0.021248850261451707,0.02563350568670822,43061.914344571975,51947.64952693093,136173.72973592425,164272.89159727018
2024-03-28,2063817.684198054,10692.782193307998,2053124.902004746,0.009678017213439562,0.4369283882813787,0.012102136679238066,0.015150582803185285,24847.198183608696,31106.03883310458,78573.73973380211,98365.9316982567,0.016330356673298282,0.019845536605407634,33528.26194456808,40745.36539820915,106025.67373158128,128848.15875415449,0.021118795482091675,0.02160312657146231,43359.524904627746,44353.91712502968,137114.85696141882,140259.40126544106,0.015654190682437844,0.019608741309956913,32140.008710843806,40259.1950804417,101635.63154391848,127310.75321924151,0.022087457660832942,0.02505806339194335,45348.30934543161,51447.333946012404,143403.94556946334,162690.75481269736,0.023821896082444397,0.026810643547346285,48909.3280598359,55045.59990582952,154664.87549746555,174069.47087277134,0.015212086718448228,0.01976244740943527,31232.314053101716,40574.77290087073,98765.24900548649,128308.69791082887,0.022087457660832942,0.02569933333986356,45348.30934543161,52763.94124499467,143403.94556946334,166854.2326614836,0.023821896082444397,0.028737494084811355,48909.3280598359,59001.66472674028,154664.87549746555,186579.64627811546
2024-04-01,2055765.943151091,-8051.741046963027,2063817.684198054,0.00930651962735971,-0.5238208670449935,0.01163758754033986,0.014569016887878764,24017.858967156335,30067.794694584292,75951.13885691327,95082.71545321323,0.01570350429742849,0.01908375154336722,32409.16987291306,39385.383916043174,102486.79387371504,124547.51969485833,0.020308135470905066,0.02077387516633658,41912.28911794365,42873.49093760823,132538.29556419147,135577.88260542997,0.015053293419878365,0.01885604580404302,31067.253165367172,38915.4407844325,98243.28064763598,123061.42902821634,0.021239614861768098,0.024096191775408542,43834.69275727281,49730.146707915854,138617.46964666847,157260.53197133838,0.022907475628822577,0.025781497892877387,47276.853303099975,53208.31127643522,149502.53704345072,168259.45408475638,0.01462815993153436,0.0190038517853812,30189.855153978006,39220.48538254848,95468.70451714387,124026.06474619354,0.021239614861768098,0.02471284611948924,43834.69275727281,51002.80884826715,138617.46964666847,161285.04302671336,0.022907475628822577,0.02763438489962969,47276.853303099975,57032.332247791426,149502.53704345072,180352.0701744915
2024-04-02,2035715.365876573,-20050.57727451785,2055765.943151091,0.009072360455563654,-1.1868078891766618,0.01134477691195641,0.014202449248745521,23322.20600824679,29196.91147490284,73751.29104572358,92328.74090299907,0.015308392084934843,0.01860358971756292,31470.471092612774,38244.62616172167,99518.36769114414,120940.12693270361,0.019797167206398396,0.02025118853387696,40698.342113781444,41631.70369627613,128699.458072301,131651.00655348334,0.014674541011766616,0.01838161322928727,30167.421643363763,37788.29445694432,95397.7635276893,119497.07937705964,0.02070520986135552,0.023489913108893833,42565.0652787708,48289.763376842304,134602.55503466565,152705.6399414056,0.022331105972284798,0.025132815631840708,45907.52713072102,51667.186431433496,145172.34747905287,163385.98941587697,0.014260104208060845,0.018525700298769834,29315.436576717046,38084.503747235016,92703.55018463531,120433.77539848023,0.02070520986135552,0.02409105195671212,42565.0652787708,49525.56414729223,134602.55503466565,156613.58511021826,0.022331105972284798,0.026939082580364447,45907.52713072102,55380.44850844804,145172.34747905287,175128.3551283705
2024-04-03,2035235.512417504,-479.8534590695053,2035715.365876573,0.009723558119301638,-0.123584610610325,0.012159084528687414,0.0152218754295548,24752.435210041076,30987.405709403767,78274.07289947811,97990.78082142163,0.016407200847011884,0.01993892182000244,33400.390875285215,40589.96952799065,105621.30990580622,128356.7538652801,0.021218172147348564,0.021704782306497715,43194.15907617179,44184.75885434336,136591.9242963373,139724.475845017,0.015727853087504236,0.019701012259922834,32017.432202481672,40105.65338084766,101248.01058986346,126825.211732711,0.022191392465646862,0.0251759766876992,45175.35863251492,51251.122594099645,142857.02739369668,162070.2800378722,0.023933992465724252,0.026936803789363195,48722.79622924898,54835.66538160895,154075.01005669023,173405.59961673056,0.01528366875781974,0.01985544163926858,31113.199337261358,40420.02764132458,98388.57520058722,127819.35043354912,0.022191392465646862,0.02582026419734577,45175.35863251492,52562.70857752952,142857.02739369668,166217.87909266245,0.023933992465724252,0.02887272132030449,48722.79622924898,58776.64244641598,154075.01005669023,185868.0633480058
2024-04-04,2010305.838035376,-24929.67438212759,2035235.512417504,0.00919323194113961,-1.4456952106737164,0.011495923908991242,0.014391669148894028,23396.912587628427,29290.436134792522,73987.53399276974,92624.49184564305,0.015512346513569846,0.018851446219431564,31571.27850534321,38367.13280621582,99837.14872040098,121327.52695780963,0.020060925797357545,0.02052099607236242,40828.70859475451,41765.05995665212,129111.7130827169,132072.71607651396,0.014870050612705124,0.018626512327949523,30264.055078423135,37909.33936232531,95703.34528060288,119879.85697722311,0.020981066347367294,0.023802870327407008,42701.411318549726,48444.446987807605,135033.719070311,153194.79246875533,0.022628624348747548,0.02546766131803302,46054.579871726426,51832.68873268238,145637.3690768008,163909.35364582276,0.014450092247947336,0.01877251907624401,29409.3409007313,38206.49748150685,93000.5017306588,120819.55345904856,0.020981066347367294,0.024412018176403007,42701.411318549726,49684.206322396996,135033.719070311,157115.2557165126,0.022628624348747548,0.027297993246170847,46054.579871726426,55557.84527234009,145637.3690768008,175689.33295181248
2024-04-05,2032822.105529408,22516.26749403216,2010305.838035376,0.010314690645691682,0.9861877608334098,0.013126089547227647,0.016212270523858572,26387.454447366865,32591.62208192173,83444.45770761899,103063.75841831154,0.017404657741770448,0.021151085627153943,34988.68506728874,42520.1509170537,110643.93714695415,134460.52335198695,0.022508106506042135,0.02302429956984569,45248.17791221853,46285.883841936185,143087.30217513297,146368.81645450337,0.01668400981698914,0.02089871262914589,33539.96233693279,42012.80400579563,106062.6736209714,132856.15154856013,0.023540492633649247,0.026706521218943825,47323.589771653846,53688.27552005842,149650.3307338738,169777.23429004563,0.025389031995418553,0.028574395777965694,51039.71924245687,57443.274650777836,161401.76394168753,181651.58415507132,0.01621282181213063,0.021062530364897948,32592.730339953487,42342.12775635172,103067.26303792707,133897.56468790653,0.023540492633649247,0.027389977446319658,47323.589771653846,55062.231563993686,149650.3307338738,174122.06479383545,0.025389031995418553,0.030628005187425866,51039.71924245687,61571.65763566,161401.76394168753,194706.67744078345
2024-04-08,2034879.0691302076,2056.9636007992085,2032822.105529408,0.010513138971389488,0.004320998382393552,0.013378627464561582,0.016524184671527505,27196.36965160364,33590.727876131314,86002.47218694749,106223.20835148529,0.017739512688645695,0.021558019550194363,36061.27353479839,43823.618693070246,114035.75969631417,138582.45038083344,0.022941148679014877,0.023467272980968696,46635.27416093822,47704.791272206174,147473.6856549626,150855.79572309306,0.017004999939508245,0.021300791050395083,34568.13978155861,43300.718912506105,109314.05618480063,136928.8960862485,0.023993397282922515,0.027220338317600686,48774.30838347413,55334.10545200785,154237.90579122354,174981.80551628573,0.025877501408961587,0.029124149638236074,52604.356900005514,59204.2151893526,166349.58265241177,187220.16708109117,0.016524746566248007,0.021467760538971953,33591.87010814013,43640.1381798341,106226.8204062495,138002.23405275054,0.023993397282922515,0.027916943823870992,48774.30838347413,56750.180523987634,154237.90579122354,179459.82808152874,0.025877501408961587,0.031217269233987176,52604.356900005514,63459.15497311222,166349.58265241177,200675.4681046359
2024-04-09,2028559.4033672868,-6319.665762920631,2034879.0691302076,0.009811268252141524,-0.41548563478428435,0.012485453037146842,0.01542100878733596,25406.38705389829,31379.88800622295,80342.05020613369,99231.9188206645,0.016555199938308052,0.02011877835606252,33687.82983972876,40939.280973221474,106530.27172172797,129461.37364497466,0.021409568000063144,0.021900567564939757,43565.88180244837,44565.006539967835,137767.41476941862,140926.924606598,0.015869724207794336,0.01987872276272406,32292.96962330966,40450.796870909406,102119.33642028822,127916.65128088581,0.022391567129816374,0.025403073418397877,45564.1312774873,51692.18239067579,144086.43444377743,163465.03357938337,0.024149886033984047,0.027179783839429133,49142.09761243406,55307.57323833781,155400.9574536141,174897.9032897222,0.0154215331692401,0.020034545152859743,31380.955059983917,40767.87659109835,99235.29314093501,128919.34539653175,0.022391567129816374,0.026053172642477047,45564.1312774873,53015.05569461228,144086.43444377743,167648.32627565484,0.024149886033984047,0.02913316407092948,49142.09761243406,59282.465785470595,155400.9574536141,187467.61719308997
2024-04-10,2005235.3226451485,-23324.08072213852,2028559.4033672868,0.009399336678543195,-1.3331156512085898,0.011961244322788498,0.014773549126363545,24264.094646966183,29969.022001393332,76729.80444631232,94770.36877210079,0.015860120628827988,0.019274080217747947,32173.1968401485,39098.616666968,101740.5816238015,123640.68202943998,0.020510675338107697,0.020981060012207925,41607.12332653187,42561.32658037775,131573.2765993624,134590.7322322592,0.015203424979449282,0.019044103492479716,30841.05070545094,38632.09521836952,97527.96566196776,122165.4116745476,0.021451444686308156,0.02433651120253037,43515.52983422363,49368.058645046294,137608.187865156,156115.50897911235,0.02313593958990145,0.026038625444886748,46932.62781083207,52820.89849698371,148414.00045919145,167034.34730703314,0.014774051491800763,0.01919338359259531,29970.04107952493,38934.91876919461,94773.59138011032,123123.02382429467,0.021451444686308156,0.02495931564784213,43515.52983422363,50631.45445904242,137608.187865156,160110.71733766253,0.02313593958990145,0.027909991917113703,46932.62781083207,56617.07655136597,148414.00045919145,179038.9163624276
2024-04-11,2006622.709102772,1387.3864576234482,2005235.3226451485,0.01029433214369213,-0.026645159212349962,0.013100182078989114,0.01618027174142149,26268.94783787193,32445.252425895498,83069.70690383085,102600.89692493326,0.01737030549877949,0.021109338915223905,34831.550151289885,42329.1920304948,110147.03291245854,133856.6583310111,0.022463681389763845,0.022978855623446114,45044.96739940092,46078.012970097254,142444.6941101385,145711.47104028738,0.016651079944549233,0.020857464035517314,33389.33366499834,41824.12362482014,105586.34393673226,132259.49179488927,0.023494029857128385,0.026653809529925403,47111.05854079359,53447.1603524623,148978.2479704363,169014.76118202865,0.025338920685598385,0.028517997393024824,50810.498796465705,57185.295703595635,160676.90524607582,180835.7830936033,0.016180821941594665,0.02102095843789803,32446.355706717277,42151.96837552871,102604.38580522886,133296.22792605846,0.023494029857128385,0.02733591679343507,47111.05854079359,54814.9459310847,148978.2479704363,173340.07896120677,0.025338920685598385,0.03056755351453823,50810.498796465705,61295.13803419791,160676.90524607582,193832.2456824812
2024-04-12,1979521.679431951,-27101.02967082104,2006622.709102772,0.00963626624847552,-1.51134908389373,0.012262752032340295,0.015145946749790938,24606.716704190207,30392.200698991815,77813.27052375278,96108.57731377563,0.016259907516794368,0.019759922963146864,32627.49967111044,39650.71014797183,103177.2133171037,125386.55491074298,0.02102768900120723,0.021509930686323113,42194.638269773015,43162.31538640253,133431.16197938897,136491.22570756264,0.015586658505928046,0.019524149202569042,31276.542917025097,39177.60116578582,98905.11295380603,123890.45294555115,0.021992172371438995,0.02494996290982281,44129.99250303205,50065.162166122325,139551.28943573634,158319.9438706358,0.023719128425931654,0.02669498243466979,47595.34173959954,53566.757972508,150509.68591121526,169392.9620641085,0.015146461778379935,0.019677192213954815,30393.234167054336,39484.70074790198,96111.84542674223,124861.58709352414,0.021992172371438995,0.025588466419273474,44129.99250303205,51346.39780802785,139551.28943573634,162371.5667184451,0.023719128425931654,0.028613520539174014,47595.34173959954,57416.540101285165,150509.68591121526,181567.04208645597
2024-04-15,1960015.4591428551,-19506.220289095538,1979521.679431951,0.010890506083722724,-0.9980083441252073,0.01407840219717509,0.01722538114461204,27868.502361070503,34098.01541223788,88127.94243876298,107827.39239419696,0.01837626910323614,0.022331840538142845,36376.22307693147,44206.36248687105,115031.71759748187,139792.7925295378,0.023764616822465383,0.024309626255596198,47042.57420346347,48121.43219184083,148761.68148042582,152173.32999556576,0.017615391159472398,0.02206537887054818,34870.048691849544,43678.895839129815,110268.77598721944,138124.7965329018,0.02485463568872701,0.02819740715456757,49200.290180218195,55817.37876623611,155584.9785107057,176510.0499216253,0.02680636937196241,0.030169555418379554,53063.78931866024,59721.28900950601,167802.43552628075,188855.29807122023,0.01711789918324603,0.022238341696978144,33885.252539566,44021.27950378376,107154.5771150334,139207.50874684355,0.02485463568872701,0.02891901718223268,49200.290180218195,57245.821460094674,155584.9785107057,181027.182341245,0.02680636937196241,0.032337807141629996,53063.78931866024,64013.39030214595,167802.43552628075,202428.11410411532
2024-04-16,1951403.5831526176,-8611.875990237342,1960015.4591428551,0.011051990078190615,-0.4858308413096664,0.014287156189418233,0.017480798416507355,28003.046998448262,34262.635134514356,88553.40993983814,108347.96566437496,0.018648751696367667,0.022662976188423528,36551.84161859717,44419.78367949653,115587.07218850266,140467.68959918388,0.024116997622952364,0.02467008843445146,47269.688169098124,48353.75470994622,149479.87890026454,152907.9983045245,0.017876591484478194,0.0223925634377364,35038.39566635878,43889.77050780042,110801.13586386693,138791.64078673426,0.025223179245950553,0.028615517195180167,49437.82125079431,56086.85607392132,156336.1177087844,177362.2119916406,0.027203853159225164,0.030616908395626585,53319.97274033352,60009.61376658878,168612.55863754367,189767.06100941653,0.017371722716859474,0.022568090950131518,34048.84507698769,44233.80714559974,107671.90214149228,139879.5801607265,0.025223179245950553,0.02934782722786062,49437.82125079431,57522.195058860416,156336.1177087844,181901.15239848223,0.027203853159225164,0.03281731086986974,53319.97274033352,64322.43663244155,168612.55863754367,203405.40441036614
2024-04-17,1937863.8100143643,-13539.773138253484,1951403.5831526176,0.010479371947534644,-0.7565910811579235,0.013546919850831698,0.016575095276998835,26435.5079375943,32344.700314631555,83596.41618625833,102282.92322980052,0.017682535362486405,0.021488777608049806,34505.762865578836,41933.277621918125,109116.8030568876,132604.6670414303,0.022867464281157112,0.023391898730831508,44623.651735864485,45647.03500008777,141112.37699945818,144348.5990337017,0.01695038178596042,0.021232375297356616,33077.03575292802,41432.93323410283,104598.77122607506,131022.43916145137,0.023916333180505907,0.027132909642320284,46670.41826431106,52947.25709738001,147584.8210679452,167433.92828623648,0.025794385775299924,0.029030606134410747,50335.25682714118,56650.42883178149,159174.05818330645,179144.38553370128,0.016471670932698763,0.021398808498653433,32142.877678579185,41757.711579468996,101644.70401649582,132049.47846750927,0.023916333180505907,0.02782727772979382,46670.41826431106,54302.2494713027,147584.8210679452,171718.7903999907,0.025794385775299924,0.031117002864658683,50335.25682714118,60721.83088706522,159174.05818330645,192019.28929868864
2024-04-18,1937243.3652591023,-620.4447552619968,1937863.8100143643,0.01030918242127187,-0.12475845699484574,0.01332691202180572,0.016305908571242443,25825.740506302667,31598.63010961376,81668.16226038654,99923.6420875555,0.017395363351460087,0.021139790579114314,33709.84510084469,40966.03511454823,106599.89009013765,129545.97766840924,0.02249608678522267,0.023012004192941422,43594.3524480254,44594.13012139999,137857.44685589743,141019.02145754502,0.016675100265219626,0.020887552352681887,32314.07333233004,40477.23178404262,102186.07220787008,128000.24581613546,0.023527921600660175,0.026692259471558528,45593.90779477459,51725.96363744641,144180.59605919264,163571.8592613787,0.02537547381022073,0.028559136553039616,49174.21235879406,55343.71717139385,155502.51319859028,175012.2004417759,0.016204163882960747,0.02105128260691042,31401.46276033147,40794.51871831655,99300.1441836055,129003.59520025321,0.023527921600660175,0.02737535072140756,45593.90779477459,53049.70144946633,144180.59605919264,167757.8857722495,0.02537547381022073,0.030611649299314578,49174.21235879406,59321.20734199329,155502.51319859028,187590.12875180185
2024-04-19,1934828.1307664888,-2415.234492613701,1937243.3652591023,0.009661892862264545,-0.22909098976085202,0.012490146248050038,0.015282098540825777,24196.452950150804,29605.144005450547,76515.90261957717,93619.68551450409,0.016303148992219983,0.019812472353255044,31583.167218008784,38381.58061572273,99874.74413087149,121373.2149430517,0.021083609878756134,0.021567134033772577,40844.08335333159,41780.787314579706,129160.33233829567,132122.4503491418,0.015031941295831233,0.019552224847629227,29120.52854231337,37877.41786212388,92087.19686165322,119778.9123302571,0.022050658188789016,0.025016314653024348,42717.491275827815,48462.68958480548,135084.56835998796,153252.48062570515,0.023782206897189104,0.026765974869635594,46071.92252279886,51852.20723089342,145692.21135485524,163971.07655667557,0.015186742164605893,0.019729521590532508,29420.415498283422,38220.884800995314,93035.52268309324,120865.05015805665,0.022050658188789016,0.025656516193892753,42717.491275827815,49702.91577228145,135084.56835998796,157174.42019191623,0.023782206897189104,0.02868961511990623,46071.92252279886,55578.766542875564,145692.21135485524,175755.49181824917
2024-04-22,1952477.6242479316,17649.493481442798,1934828.1307664888,0.009175979771810132,0.88434200961032,0.011861995465368402,0.01451353570987124,22950.92251341931,28081.197168342856,72577.1895444414,88800.54247623417,0.015483235790544135,0.018816069287318295,29957.400162835307,36405.8601675548,94733.61729165867,115125.4383070724,0.020023279136098696,0.020482486035705377,38741.60374271348,39630.09016991455,122511.70803467852,125321.34881477927,0.014206143052893149,0.018273567412917482,27486.445208430592,35356.212279970554,86919.77164006226,111806.1602411218,0.020023279136098696,0.023444915387394044,38741.60374271348,45361.88181497011,122511.70803467852,143446.86548667826,0.022586159102416632,0.02541986828851982,43700.33599732329,49183.07624500715,138192.5962661875,155530.54326794422,0.014422974968639656,0.01873729026009776,27905.977698664923,36253.436289574085,88246.44986164509,114643.43168285776,0.020941692935312062,0.024366206184064498,40518.57659711562,47144.42116498437,128130.98959488005,149083.7498515994,0.022586159102416632,0.027246765385843467,43700.33599732329,52717.808140924586,138192.5962661875,166708.34697708854
2024-04-23,1977246.774865435,24769.15061750356,1952477.6242479316,0.00935738212540235,1.2439675467336981,0.012096498368516539,0.014800457608370147,23618.142396280153,28897.56230897277,74687.1240744324,91382.11572298837,0.01578932794456748,0.0191880491018946,30828.30951368059,37464.23652441982,97487.67447586845,118472.31821643707,0.020419124599171872,0.020887409680558158,39867.8838866136,40782.20002978944,126073.3185728251,128964.64008672137,0.014486988025239267,0.018634822365485384,28285.519962027396,36384.07370044512,89446.66788216599,115056.54344883747,0.020419124599171872,0.023908404075992665,39867.8838866136,46680.623989853724,126073.3185728251,147617.09440583456,0.0230326708125202,0.025922400339615667,44970.774388114114,50612.90662989658,142210.07520800558,160052.06395191,0.01470810654806518,0.019107712671398668,28717.24893015175,37307.38144146457,90811.91475331318,117976.2988917238,0.021355694761944443,0.024847908112340507,41696.51617296528,48514.9845987135,131855.96160061765,153417.8519799247,0.0230326708125202,0.0277854138453738,44970.774388114114,54250.39881356103,142210.07520800558,171554.8242233492
2024-04-24,1979539.8966750435,2293.121809608303,1977246.774865435,0.010088211041698688,0.019145713373154544,0.01283788007350248,0.015250553435476322,25383.65697144201,30154.107595208538,80270.17137416842,95355.66081064161,0.01669321374489486,0.0189131105619334,33006.60303923271,37395.88686125621,104376.04342901133,118256.17760353473,0.017022503770469696,0.02002305897045267,33657.69068029591,39590.52877226796,106434.96333115724,125196.24469079642,0.015564519815066366,0.02008500915205296,30774.89660666913,39713.01956903946,97318.76803326145,125583.59460100318,0.022013896139175745,0.02577569482110385,43526.905143407894,50964.909454943285,137644.1597512669,161165.19462187137,0.0248315651639252,0.027946987931969286,49098.13213523199,55258.0917556895,155261.92640723934,174741.42910255142,0.015856836975575786,0.02060006050516202,31352.8797695242,40731.40319586443,99146.51127711151,128804.00639359301,0.023023614170435643,0.02678857586691208,45523.36686424,52967.62523608993,143957.5260504356,167498.33799625808,0.0248315651639252,0.02995550625127591,49098.13213523199,59229.42812479667,155261.92640723934,187299.89738359323
2024-04-25,1973218.1752812655,-6321.721393777523,1979539.8966750435,0.009470974615180124,-0.43972009706547827,0.012052408081700427,0.014317464598809913,23858.22264873472,28341.99239257677,75446.32449341708,89625.24938770768,0.015671857276793603,0.017755932076139888,31023.066734410037,35148.57594737104,98103.55088413766,111149.55650510309,0.01598100004356964,0.01879796947581303,31635.02717501171,37211.33055385155,100038.73971435914,117672.55931558581,0.014612221280527454,0.018856129301664908,28925.475003848187,37326.460249509015,91470.383414428,118036.6313801854,0.02066699939697519,0.024198636441114578,40911.14985087146,47902.1662803209,129372.41522521173,151479.9503019298,0.023312272349441887,0.026237081300180428,46147.57319787467,51937.34920601388,145931.43979462414,164240.3191225416,0.014886653327529918,0.019339667787393166,29468.724189815766,38283.64397358594,93188.28817911792,121063.51208751062,0.02161493890805642,0.025149545441074554,42787.63393269138,49784.52858384904,135306.37891681245,157432.50256271995,0.023312272349441887,0.028122710569596882,46147.57319787467,55670.02757516196,145931.43979462414,176044.08454189234
2024-04-26,1986329.4079497035,13111.232668437762,1973218.1752812655,0.009140390372389291,0.6188661829413294,0.011631718938145028,0.013817713687695039,22951.91921851107,27265.36378939257,72580.34140268684,86220.65080756,0.01512483130729402,0.017136161503528705,29844.592033615663,33813.38533331798,94376.88666474199,106927.31305421659,0.01542318344991348,0.018141826601646045,30433.30590406649,35797.78198316913,96238.5633854999,113202.52624895384,0.014102181891363343,0.018197956359551244,27826.68161916048,35908.53824164181,87995.69364088927,113552.76829084584,0.019945618058305255,0.02335398335845986,39357.05606986615,46082.50442812921,124457.93917973204,145725.67427768343,0.022498557793600757,0.025321276326871808,44394.56315594898,49964.40266950269,140387.9353009917,158001.3143654257,0.014367034891420584,0.018664616940875817,28349.2943726512,36829.361382398776,89648.34027617204,116464.66673782768,0.020860469753378613,0.0242717008924422,41162.25806227178,47893.36134595746,130166.48911240781,151452.10665469308,0.022498557793600757,0.02714108773175559,44394.56315594898,53555.28760920351,140387.9353009917,169356.6895904767
2024-04-29,1998192.0866661856,11862.678716482127,1986329.4079497035,0.009021660083936747,0.5529427109676065,0.011480627213562166,0.013638226700262813,22804.307456006194,27090.010767016873,72113.5520237396,85666.13586225832,0.014928365345693995,0.016913569106990666,29652.651098769224,33595.919710605165,93769.91613440527,106239.62637365724,0.015222842004388757,0.017906170987639004,30237.578745889397,35567.55401652314,95619.61976570825,112474.48149328325,0.013761322369036214,0.017767804080257167,27334.519313892713,35292.711759303544,86439.33977776403,111605.35396320747,0.019686531860785682,0.02305062375698793,39103.9371756174,45786.131840089205,123657.5069550827,144788.46186343822,0.02220630985365832,0.02499236231775491,44109.0463043648,49643.06424589059,139485.05173962543,156985.15304708344,0.014180412424833281,0.01842217047382551,28166.97021630171,36592.49897042234,89071.780669639,115715.64202390099,0.020589499970889248,0.023956420479813584,40897.529287156874,47585.34250826227,129329.34322085821,150478.06556533853,0.02220630985365832,0.026788535045927053,44109.0463043648,53210.85495761617,139485.05173962543,168267.49791092947
2024-04-30,1969405.155526239,-28786.93113994668,1998192.0866661856,0.00886446490535686,-1.7459831579069882,0.011280586508386594,0.013400591557538026,22540.778694011427,26776.95600691818,71280.20090687172,84676.16978798885,0.014668250573624442,0.016618863754377062,29309.982221453098,33207.68204337974,92686.3019988335,105011.9110717544,0.014957596213136434,0.01759417034475337,29888.15038863733,35156.53195434306,94514.6302777407,111174.71560821484,0.013521542383183312,0.017458214369562842,27018.63898959833,34884.86580058236,85440.43848496115,110315.6317991535,0.019343509860102578,0.022648985157867008,38652.048330806305,45257.022913469744,122228.50895625728,143115.27252499384,0.021819382745945467,0.024556890484287382,43599.31793888894,49069.384238831204,137873.14911672697,155171.0175766743,0.013933330131472764,0.018101178954468857,27841.4700096164,36169.63254614817,88042.45863765787,114378.4209771835,0.020230744476370306,0.023538999100552765,40424.913520048794,47035.441730767,127834.80093868899,148739.12662135603,0.021819382745945467,0.026321766345792155,43599.31793888894,52595.94521923821,137873.14911672697,166322.98258223687
2024-05-01,1959013.3122854289,-10391.843240810324,1969405.155526239,0.010606422079925595,-0.5898830164001552,0.013711160414975684,0.01632164922081567,27002.830009500398,32143.940122165197,85390.44610036742,101648.06375811306,0.017550710439832064,0.019884638875515292,34564.459623353454,39160.91031721729,109302.41850272259,123837.67184799365,0.01789691542935101,0.021051603093356908,35246.27751458097,41459.13566414922,111458.51598845448,131105.2985206292,0.016364037781089278,0.020931284267021226,32227.42037130338,41222.17914725686,101912.05148502802,130355.97622082918,0.023144705548946053,0.02709974023599983,45581.30243123111,53370.368134199925,144140.73439966078,168771.9228657428,0.026107112544051184,0.029382568291230093,51415.482040158146,57866.18147535034,162590.03024238063,182988.9329587497,0.017155885346742998,0.02167314241844304,33786.88904949272,42683.19841533614,106843.52444779848,134976.12481335187,0.02420629075736281,0.02816465093663775,47671.99381371746,55467.608758211296,150752.08105280393,175403.98003905153,0.026107112544051184,0.031494260142418976,51415.482040158146,62024.95829396447,162590.03024238063,196140.13998587927
2024-05-02,1959965.7707949125,952.4585094838404,1959013.3122854289,0.010213146400412113,-0.046984754234348815,0.01320276409730286,0.015716458550509814,25864.390625580418,30788.75152243088,81790.38466914141,97362.58112385836,0.016899947390600505,0.01914733605966287,33107.22191510979,37509.88623568239,104694.22825238868,118616.6752785558,0.017233315440246793,0.020271030394194048,33760.2943622575,39711.21839596868,106759.42466247537,125577.89879163935,0.015757275384736733,0.020155172871380786,30868.712244046765,39484.25196644909,97615.43912751522,124860.16792196137,0.022286522673202427,0.02609490857121787,43659.5946013546,51120.27327388695,138063.76065987162,161656.49815571538,0.02513908653598488,0.02829309161158188,49247.805182689764,55426.5431128001,155735.23414154438,175274.1190659673,0.016519762022915867,0.02086952365354985,32362.43371867945,40883.6746583598,102339.00117725992,129285.5310377233,0.023308745348141306,0.027120333432403186,45662.14242967988,53129.09422769742,144396.37292080338,168008.94778122834,0.02513908653598488,0.030326484009718525,49247.805182689764,59409.985889849784,155735.23414154438,187870.87117039063
2024-05-03,1970076.677166289,10110.906371376475,1959965.7707949125,0.009572595523287956,0.43661284938860134,0.0123747095692047,0.014730749454103607,24254.007179169468,28871.764708198913,76697.9050722511,91300.53654637525,0.01584001192115845,0.017946448260080055,31045.881174453923,35174.42429709882,98175.6964782177,111231.29616399945,0.016152471703339045,0.01899966642954086,31658.291652277923,37238.69585842128,100112.30845109357,117759.09600689037,0.014601699873276015,0.01880506822882706,28618.8319470414,36857.29004596395,90500.69292624215,116552.98492669818,0.02088875051889441,0.024458281040539005,40941.236011707515,47937.393651938626,129467.55601950384,151591.34903222302,0.023562406510123757,0.02651859784268598,46181.51023739777,51975.54406114033,146038.7581365603,164361.10185964135,0.015483671122149566,0.019560623226850267,30347.4654056588,38338.15198004245,95967.11189504755,121235.88153862837,0.02184686115574267,0.025419393028050963,42819.10006456462,49821.14024936273,135405.88356268712,157548.27881467546,0.023562406510123757,0.02842445938665691,46181.51023739777,55710.9674511977,146038.7581365603,176173.5477972902
2024-05-06,1999567.8553554453,29491.178189156577,1970076.677166289,0.009220602663675786,1.5067001573455168,0.011919680481478415,0.0141890866822915,23482.684515834866,27953.58874307328,74258.76864520651,88397.00920375492,0.015257560580886592,0.017286541380323196,30058.564250856412,34055.812002244675,95053.52622721912,107693.9334935925,0.015558530938701983,0.018301031780041496,30651.498933306906,36054.435877938806,96928.55032747134,114014.1371267792,0.01406478236944026,0.01811358912841342,27708.69971545387,35685.15948166013,87622.6021024937,112846.38262839966,0.020120652565629445,0.02355892827213744,39639.22834891263,46412.89512797147,125350.24627407952,146770.461406922,0.022695995845778236,0.025543485391225584,44712.852080830686,50322.624822791346,141394.45325762412,159134.11227814783,0.014914322750297767,0.01884136169650929,29382.359406092215,37118.927244347215,92915.17875292366,117380.35439421462,0.02104353262138101,0.02448469931621678,41457.3728225707,48236.73507030806,131099.72392608706,152537.94971229578,0.022695995845778236,0.027379266709488113,44712.852080830686,53939.25478227794,141394.45325762412,170570.90040412795
2024-05-07,2002136.3893011,2568.533945654053,1999567.8553554453,0.010465073095623043,0.030366076599751428,0.01352843540331183,0.01610413491466041,27051.024565714913,32201.31051366226,85542.85066882632,101829.48486549934,0.01731681675959151,0.019619641547755088,34626.150149559624,39230.80457248723,109497.5010755884,124058.69689000788,0.017658407966700117,0.020771053941836877,35309.18494696606,41533.13178395103,111657.44675654439,131339.29479721762,0.015482324148330994,0.020405707127834828,30957.957693196026,40802.59603861601,97897.6580176316,129029.13792979022,0.0228362621741046,0.0267385891590055,45662.65577980901,53465.62337990299,144397.99627644857,169073.14640124343,0.02575918995400469,0.028990994567983083,51507.248212022685,57969.4608329233,162880.22035762705,183315.53096395923,0.016449195732411718,0.02115278741457367,32891.28303298044,42296.43376534873,104011.36954946931,133753.06760095383,0.0228362621741046,0.027487958261821595,45662.65577980901,54964.0377496906,144397.99627644857,173811.54868849806,0.02575918995400469,0.03107454445988765,51507.248212022685,62135.66022180499,162880.22035762705,196490.21021922692
2024-05-08,1999555.2146437764,-2581.174657323165,2002136.3893011,0.009773490053803685,-0.23082634042073483,0.012634410447939831,0.01503989518041447,25295.812915186347,30111.921431982046,79992.38407749256,95222.25644910226,0.016172437097854066,0.01832307999897079,32379.4248172967,36685.30523001458,102392.73174883897,116009.12118533332,0.01649145429292164,0.019398401449529153,33018.14075235426,38838.24543637352,104412.52888146504,122817.31590358051,0.01445917670052059,0.019057198533867593,28949.24383144689,38155.11066279188,91545.54704695176,120657.05407019908,0.021327130655017835,0.02497157285098971,42699.82436379021,49996.49470304992,135028.70067872727,158102.79828618147,0.024056897119505132,0.027075128331264686,48165.18913663404,54208.0996770222,152311.70160456255,171421.06260882804,0.01536215269734097,0.01975490811364002,30757.124933346404,39552.02040161823,97262.56906772919,125074.47053056132,0.021327130655017835,0.025671419990716253,42699.82436379021,51397.684128444715,135028.70067872727,162533.7483037716,0.024056897119505132,0.029020987090115594,48165.18913663404,58103.97430655787,152311.70160456255,183740.89991662547
2024-05-09,2019374.024942939,19818.81029916252,1999555.2146437764,0.009265942682258704,0.9601693974529306,0.011978292543427652,0.014258857984376138,23951.257317739426,28511.373837524352,75740.52594883181,90160.88054711247,0.015332585837423524,0.01737154364492634,30658.35196519352,34735.36068162442,96950.22151711081,109842.85510139201,0.015635036142061697,0.01839102254867775,31263.11804900338,36773.86503983987,98862.65979357024,116289.17189353259,0.01370829681128414,0.01806753865069096,27410.496372887854,36127.04112476709,86679.60033410965,114243.7350768353,0.020219590866573694,0.023674773438078743,40430.1883552211,47339.01668362032,127851.48143211544,149699.11491295075,0.02280759775629752,0.025669089122842076,45605.0510271024,51326.76101073471,144215.83405384494,162309.4697130478,0.014564380337632722,0.018729015455746692,29122.282652168793,37449.700519682185,92092.74384406253,118426.35133338712,0.020219590866573694,0.024338276797405845,40430.1883552211,48665.72828569649,127851.48143211544,153894.54537368243,0.02280759775629752,0.02751389743880966,45605.0510271024,55015.5570989459,144215.83405384494,173974.46717571453
2024-05-10,2022708.0774097235,3334.052466784371,2019374.024942939,0.009541407771898587,0.07165967801217903,0.012334392461412868,0.014682756310484827,24907.751750029147,29649.976707960082,78765.22692413704,93761.45896809496,0.01578840477317022,0.0178879782907498,31882.69449422506,36122.51871908334,100821.9325450613,114229.43397437135,0.01609984655370413,0.01893776504953959,32511.61193611721,38242.43083151248,102810.74412164709,120933.18468902638,0.01411582763026499,0.018604664372773607,28505.13565712896,37569.77597716034,90141.15368860801,118806.06327010479,0.020820694456520003,0.02437859536003073,42044.76956676994,49229.50223464051,132957.23552792394,155677.355137813,0.02348563961084495,0.02643219959941953,47426.290589311284,53376.49729317496,149975.09923523292,168791.30496824515,0.014997361467867532,0.019285806070398585,30285.2821908918,38945.25582864976,95770.47130415242,123155.71247648151,0.020820694456520003,0.025061823858895268,42044.76956676994,50609.196118348314,132957.23552792394,160040.33028413315,0.02348563961084495,0.028331851799657998,47426.290589311284,57212.60560276222,149975.09923523292,180922.14457763924
2024-05-13,2015265.678327521,-7442.399082202231,2022708.0774097235,0.00903985543102451,-0.5146261447748502,0.011686024467907629,0.013910944542865351,23637.416084044427,28137.77989125246,74748.07282667843,88979.4727568427,0.014958473639111243,0.016947681261242912,30256.625455550733,34280.21178048145,95679.85075017001,108403.54789925739,0.015253544213445073,0.017942285072308745,30853.4670896617,36292.004942946805,97567.2297163775,114765.39647380108,0.01337381695840314,0.017626694120331042,27051.327587561173,35653.65657522408,85543.80890804128,112746.76169114656,0.01972623666864018,0.023097113438038386,39900.41824655436,46718.71791596891,126176.20125245365,147737.5579773767,0.022251096679094712,0.025042768196793113,45007.47298402955,50654.20951235277,142326.1263580285,160182.6751344018,0.014209012208411568,0.01827203101628756,28740.683765967453,36958.98472732585,90886.02221108289,116874.57174572686,0.01972623666864018,0.023744427440724837,39900.41824655436,48028.04517782322,126176.20125245365,151878.01432738802,0.022251096679094712,0.02684256353831076,45007.47298402955,54294.67008732491,142326.1263580285,171694.8222833599
2024-05-14,2022407.1221942247,7141.443866703659,2015265.678327521,0.008847662299612124,0.29063865044867004,0.01143757208353201,0.013615188928962314,23049.746463339052,27438.222952482593,72889.6983135622,86767.27947735498,0.014640446883950557,0.01658736267466479,29504.39012060266,33427.94269222295,93301.07375527444,105708.43640100546,0.014929244068394295,0.017560820570021906,30086.39317440975,35389.71897803308,95141.52901047836,111912.11772387095,0.013089481021862585,0.017251939284340177,26378.781850479114,34767.241124321015,83417.03254822521,109943.66991312773,0.019306844209849707,0.022606053974519886,38908.42049292654,45557.20469726937,123039.22891721917,144064.5306738929,0.021778024075141546,0.024510342863700064,43888.50446042321,49394.85273725462,138787.6371933966,156200.23933832723,0.013906919484534683,0.017883555903485174,28026.13752844701,36040.116418745194,88626.42860701462,113968.85502086555,0.019306844209849707,0.023239605665836133,38908.42049292654,46833.97967622535,123039.22891721917,148102.04766690734,0.021778024075141546,0.02627187340051735,43888.50446042321,52944.80476942835,138787.6371933966,167426.17334433956
2024-05-15,2050018.216190243,27611.09399601794,2022407.1221942247,0.008554498146370548,1.4722424657061692,0.01069720207212479,0.013118520035877003,21634.097658215993,26530.988353205288,68413.02372247749,83898.35177152854,0.014155340867415569,0.016037746293709312,28627.862187348223,32434.852328341745,90529.24905343037,102568.00892877545,0.014434568859549636,0.016978949006856186,29192.574867356154,34338.34739883851,92315.02734583327,108587.388866448,0.012655765709252354,0.016680302393057563,25595.110707213404,33734.362360072984,80938.84679895744,106677.42047128385,0.018667118772454142,0.021857010391350577,37752.51395625677,44203.773485340585,119383.93149906576,139784.60538783588,0.021056416969099146,0.02369820134337867,42584.647646197445,47927.41118004177,134664.47991771216,151559.7816843503,0.013446118638297469,0.017290990619475238,27193.526099961313,34969.42257862025,85993.48008711342,110583.02380935855,0.018667118772454142,0.02246956957200922,37752.51395625677,45442.61753507009,119383.93149906576,143702.174250728,0.021056416969099146,0.025401364190432534,42584.647646197445,51371.8998521801,134664.47991771216,162452.2112629564
2024-05-16,2035045.9771025272,-14972.239087715512,2050018.216190243,0.009739774462755355,-0.8517860730280993,0.012179362691102934,0.01493616858036136,24967.915378348833,30619.417669829145,78955.48102192704,96827.10046466564,0.016116647070704666,0.018259870902876122,33039.420078853684,37433.06797617823,104479.8200202776,118373.7546126328,0.01643456375272858,0.019331482818961854,33691.15506823347,39629.89192484051,106540.78701754338,125320.7219088104,0.01435065892443258,0.018542620978683044,29419.112209419865,38012.71078221159,93031.40132183526,120206.7461090294,0.020919479215791282,0.023955012660834517,42885.31346558531,49108.21232377866,135615.2687215386,155293.80276229075,0.022228401885195124,0.025867341865866544,45568.62878144754,53028.52202944692,144100.6568000774,167690.91056546677,0.015309157906829674,0.01968675964267518,31384.05258353372,40358.21588524304,99245.0883704584,127623.88449815668,0.02125355849078168,0.025582861339377566,43570.18206496725,52445.33176799313,137781.01339351494,165846.70103004368,0.02397390808480945,0.028920873443182643,49146.94828712991,59288.31738665705,155416.29663384153,187486.12158079812
2024-05-17,2038909.364313452,3863.387210924644,2035045.9771025272,0.009801089572665282,0.09495788655577951,0.012256035817867165,0.015030196714343327,24941.596386375055,30587.14135858401,78872.25306157021,96725.03380666251,0.016218106708224874,0.018374822845103566,33004.592812792536,37393.60931089962,104369.6865348477,118248.97535692218,0.016538024781181923,0.01945318091354291,33655.64080016618,39588.11755995316,106428.48104101694,125188.61976795943,0.014441001080978013,0.01865935292639638,29388.101155177552,37972.64110819922,92933.33575778652,120080.03467404985,0.021051174274263083,0.024105817408912565,42840.107520123296,49056.44674277558,135472.3149700973,155130.1056219191,0.02236833704590389,0.02603018536041032,45520.594319740136,52972.62400093612,143948.75849490188,167514.14547865963,0.015405534132303394,0.019810694322669752,31350.970261059694,40315.673784956954,99140.4728811523,127489.35456480536,0.021387356689068777,0.025743913934674584,43524.25419094624,52390.048487633205,137635.77670351925,165671.8799475807,0.02412483178584706,0.029102939931543424,49095.141874063236,59225.82082954394,155252.47037114733,187288.49011440188
2024-05-20,2045031.028431084,6121.664117632201,2038909.364313452,0.009249551477005883,0.21968477720483331,0.011566350185958219,0.014184400335098438,23582.73970507885,28920.706670403073,74575.17093493669,91455.30462009828,0.015305462902376787,0.017340813847947615,31206.45163680818,35356.34773939678,98683.46486420346,111806.58860143922,0.015607378180499893,0.01835848932073303,31822.029524602676,37431.29579069108,100630.09306686964,118368.15047005711,0.013628360590697091,0.017609332527851785,27786.99202861271,35903.83299034648,87870.18413535881,113537.88897978913,0.01986655857571847,0.02274930734649005,40506.112316714105,46383.77578040337,128091.57407941626,146678.3779446287,0.021109600460966164,0.024565385068881323,43040.562056779476,50086.593654907985,136106.20787324454,158387.71618884683,0.014538616337608053,0.018695884327372007,29642.920994909604,38119.21362919989,93739.14684433887,120543.53768280483,0.020183822950087804,0.024295223035455636,41152.98562057879,49535.75775507439,130137.16707718685,156645.8201283843,0.022767251724709926,0.02746522608871723,46420.36274119266,55999.10666527168,146794.07607338615,177084.72399697485
2024-05-21,2049798.2163171968,4767.187886112602,2045031.028431084,0.008844154567914646,0.15405181232395898,0.011059410727703304,0.01356271483310878,22616.838094316852,27736.172663469966,71520.72184930337,87709.47919226397,0.01463464255305941,0.016580786472289385,29928.29811100439,33908.22281162217,94641.5885232887,107227.21549320461,0.014923325241379345,0.017553858431904372,30518.663165989557,35898.185161931055,96508.48674801236,113520.02897816258,0.013031045653515093,0.016837536295818516,26648.89269434038,34433.28416728345,84271.19803553692,108887.60528843002,0.01899583079384733,0.021752232093148253,38847.06338424446,44483.989568122604,122845.2007031413,140670.72644643736,0.0201843916224294,0.023488713275409218,41277.70715787255,48035.14746613297,130531.57120831279,151900.47373504602,0.01390140596688016,0.01787646581417321,28428.806541086942,36557.92726867175,89899.77983012794,115606.3167037811,0.01929918984566628,0.02323039212460112,39467.442057969645,47506.872697430386,124807.01032390734,150229.92223554724,0.02176938999047941,0.026261457690699493,44519.07800054745,53705.49582931058,140781.68581242478,169831.68968929493
2024-05-22,2038661.7688606053,-11136.447456591295,2049798.2163171968,0.008504977321906639,-0.7541110402164352,0.010635277426516746,0.01304257871041204,21800.172698912575,26734.654576779245,68938.19911358385,84542.40092046733,0.01407339752739398,0.01594490596509875,28847.62514917503,32683.83980660485,91224.20055814771,103355.37646894853,0.014351009106718405,0.016880660183951134,29416.672869303235,34601.94713531976,93023.68745107889,109420.96442434893,0.012531299279407342,0.016191809319144684,25686.634911066143,33189.94186133094,81228.27174416566,104955.81169037415,0.018267332266959823,0.020918024355232087,37444.34509768782,42877.72901223441,118409.41600205358,135591.28457414248,0.019410311261183866,0.022587910714819925,39787.22140133629,46300.65909356998,125818.241397619,146415.53990266827,0.013368280889149022,0.01719089543018147,27402.278321804934,35237.86678968143,86653.61257476002,111431.91894099883,0.01855905736474084,0.022339496294592337,38042.322682774306,45791.45965808,120300.387160654,144805.30990324795,0.02093452423959893,0.02525431915334267,42911.55044577901,51766.25835482703,135698.2373378754,163699.28234597424
2024-05-23,2020575.899513478,-18085.869347127387,2038661.7688606053,0.008632051997227452,-1.1442197508575984,0.010794181368851822,0.01323745065330397,22005.684882825644,26986.684564069645,69588.08570166456,85339.38971896828,0.01428367115350324,0.016183142196877623,29119.574299624117,32991.95329680924,92084.17928131463,104329.71687581837,0.014565430586487082,0.017132877718564817,29693.986483664117,34928.1427954018,93900.63009863286,110452.48567307024,0.012718532087562746,0.016433734586456927,25928.785122941037,33502.82642101199,81994.01794958267,105945.23954366516,0.018540268364134617,0.02123056500674532,37797.336298377,43281.94121056148,119525.67219022897,136869.51577887972,0.01970032485064255,0.02292540149364516,40162.299107139486,46737.13956087421,127004.34124750765,147795.8123335243,0.013568019217575888,0.017447748255601428,27660.602058037948,35570.05732139895,87470.50395494091,112482.39763836861,0.018836352188656497,0.022673275460722953,38400.95107180779,46223.13985662121,121434.46970359675,146170.40255143188,0.021247311419394295,0.025631649307838573,43316.081481794514,52254.2635167329,136977.47679591202,165242.49016751602
2024-05-24,2036103.159919936,15527.260406458285,2020575.899513478,0.009252837594445057,0.7229413387695155,0.011570459399810173,0.014189439671916153,23378.991409555616,28670.83982867421,73930.86225170617,90665.15628848226,0.015310900522642286,0.017346974573787876,30936.836595899316,35050.878753268866,97830.86724349199,110840.61085073264,0.015612923063162174,0.018365011599360673,31547.096062383636,37107.89983195365,99760.67712126163,117345.48265435298,0.013633202381514276,0.01761558865117364,27546.920165277497,35593.633884304596,87111.01024509888,112556.9532765487,0.01987361663088518,0.022757389564939917,40156.15080053684,45983.03289075711,126984.89859489023,145411.11765722904,0.02111710013555917,0.024574112491013694,42668.70360152366,49653.859451275384,134930.28818744436,157019.2904839087,0.014543781517866497,0.01870252647339192,29386.81442279059,37789.87425214851,92929.26675270461,119502.07512814149,0.020190993720773317,0.024303854476267005,40797.43529942253,49107.78262002787,129012.81823952871,155292.44391971917,0.022775340318315858,0.027474983746550198,46019.303750406645,55515.289997803855,145525.81618641387,175554.76135782423
2024-05-28,2020407.5954599224,-15695.564460013991,2036103.159919936,0.009223967435832642,-0.9436754203699607,0.011534357934213115,0.014145166618404929,23485.14263749891,28801.01844932827,74266.54190843069,91076.81723240812,0.015263128353069897,0.017292849565942556,31077.303869949184,35210.02564523573,98275.06376620464,111343.87751188468,0.015564208540656394,0.018307710172378887,31690.33419128334,37276.386532879005,100213.63585636546,117878.28438472471,0.0135906648668187,0.01756062552951291,27671.995680742413,35755.245130811934,87506.53375348762,113068.01291101081,0.01981160814338288,0.0226863832990633,40338.47794383742,46191.81672237765,127561.46764699198,146071.350103767,0.021051211804101383,0.024497437793318703,42862.43887447468,49879.31050091828,135542.932913084,157732.22930165593,0.014498402867808142,0.018644171952389214,29520.243892936418,37961.457426350324,93351.20778535487,120044.66876678065,0.02012799497197749,0.024228023021703904,40982.67416529595,49330.75423310427,129598.59496687519,155997.54207060236,0.022704278043556358,0.027389257921305768,46228.25226818592,55767.35460143281,146186.56941631256,176351.85962279927
2024-05-29,2002085.891372448,-18321.70408747415,2020407.5954599224,0.009480912787561038,-1.062727339988621,0.011855662153572609,0.014539198236285931,23953.26986428484,29375.106548489603,75746.89017981243,92892.24320335455,0.015688302217834432,0.01777456389819901,31696.764960783436,35911.863905909006,100233.97173509332,113563.28496466321,0.01599776937721328,0.018817694738381296,32322.014760137863,38019.41337847179,102211.18520761658,120227.94157944816,0.013969250132727358,0.0180497991020174,28223.579071041884,36467.951202241646,89250.79358635157,115321.78739895935,0.02036348570129049,0.02331834137749041,41142.54118092683,47112.55403260901,130104.1388590025,148982.9771307952,0.02163762009954931,0.025179845099506312,43716.81199680571,50873.55029154686,138244.6979512797,160876.2915804112,0.014902274330959362,0.01916352908946901,30108.66824789773,38718.13972818036,95211.96897774802,122437.50830570256,0.020688685887642604,0.024902925436559777,41799.578107477624,50314.05970119748,132181.87205373976,159107.02698547492,0.023336734602864912,0.028152220557408618,47149.715844860664,56878.96024325134,149100.49309948995,179867.06531083913
2024-05-30,2007569.2329699143,5483.341597466497,2002085.891372448,0.00989015983299101,0.1788781659047207,0.012367416118267993,0.015166788011072938,24760.62932311656,30365.212294405923,78299.9849602016,96023.23248487007,0.01636549348351982,0.018541809407374866,32765.12360870277,37122.29501502215,103612.41842045632,117391.00422018455,0.016688318905280275,0.019629967369302392,33411.44783098574,39300.88071818185,105656.27506980745,124280.29712004868,0.014572237890529692,0.018828925238774687,29174.8718863525,37697.125570257405,92259.04560448702,119208.77804338718,0.021242482960799346,0.024324886055929574,42529.275433536,48700.51118181899,134489.37760661877,154004.53854904656,0.02257161583332451,0.026266742262496482,45190.31360537796,52588.274096060624,142904.3191702899,166298.724360784,0.015545536417299144,0.019990729785816102,31123.499134891208,40023.158062421375,98421.14602053635,126564.33863018308,0.02158172053135907,0.025977869261678194,43208.45818737709,52009.9255367239,136637.1420562621,164469.8256318029,0.024344073231560674,0.029367421387072212,48738.925555445305,58796.10002504676,154126.0154645944,185929.59361423086
2024-05-31,2030647.7149698825,23078.481999967946,2007569.2329699143,0.009340767642384252,1.1202744334032126,0.011680413890994001,0.014324282426676153,23449.23955591396,28756.988684166667,74153.0063956034,90937.58288965514,0.015456400560139581,0.017511823496110784,31029.79421699517,35156.19806399165,98124.8250520258,111173.65975421564,0.015761293231707982,0.018539534964096382,31641.887363793896,37219.39998748988,100060.43353608958,117698.07710531051,0.013762759193328521,0.01778299022272016,27629.691917300177,35700.584041337795,87372.75750741319,112895.15936888628,0.02006247632341107,0.022973653855217463,40276.810204067435,46121.20064863524,127366.45713116428,145848.0424713226,0.021317776696484783,0.02480764116449816,42796.91261118587,49803.05714440444,135335.72067453148,157491.09501583938,0.014681991595913357,0.018880257254096068,29475.114606678508,37903.4235738803,93208.49645160214,119861.1496115812,0.020382869459181763,0.024534814878132083,40920.021605895425,49255.33948595047,129400.47017793052,155759.05970043063,0.02299177519524737,0.027736079503749383,46157.58049333946,55682.09985493471,145963.08564151113,176082.260442525
2024-06-03,2018091.8262353237,-12555.888734559065,2030647.7149698825,0.009857785654698262,-0.727174067192969,0.012326932957106346,0.015117141462635883,25031.65824193494,30697.588767978024,79157.05365544056,97074.29918201268,0.016311923125423386,0.01848111515634546,33123.769421405384,37528.634262328174,104746.55606187874,118675.96174439002,0.016633691819290867,0.0195657111718065,33777.16828435622,39731.06668278957,106812.78468936759,125640.66458564566,0.014524537526171711,0.018767291150647257,29494.218938514896,38109.75689123635,93268.90965338079,120513.63285160466,0.021172948398935184,0.024245261640204907,42994.79928547296,49233.58514852904,135961.49328387456,155690.26644519108,0.022497730524322128,0.02618076142785525,45684.96508122291,53163.90336964591,144468.5444819237,168119.0239531817,0.01549465008420357,0.01992529267850775,31464.175787745877,40461.25004771789,99498.46018919961,127949.70712838507,0.0215110755185236,0.02589283401600523,43681.41634823453,52579.224228695464,138132.7670825359,166270.10616738765,0.024264386009060862,0.029271290874316305,49272.42000444663,59439.67992814918,155813.07304249515,187964.77196434498
2024-06-04,2008419.2813739092,-9672.544861414004,2018091.8262353237,0.009740075644864595,-0.5924364644406461,0.012179739312364397,0.01493663045006627,24579.83235195963,30143.491822776385,77728.25473728594,95322.09079063399,0.016117145444232428,0.018260435551108383,32525.87948325135,36851.235729188746,102855.86206721478,116533.83949601237,0.016435071957163337,0.01933208060454636,33167.48438034071,39013.91385215744,104884.7948999351,123372.82821041117,0.014351102688478692,0.018543194370368707,28961.843033082627,37421.86899113395,91585.38922082042,118338.34031241071,0.020920126106835683,0.023955753419387778,42218.7355000173,48344.91016697538,133507.3641122624,152880.0294038734,0.02222908925192938,0.025868141759191943,44860.34332397417,52204.28544412191,141860.86152088724,165084.44562500002,0.015309631310447665,0.019687368414450734,30896.24181029082,39730.91727728651,97702.49525984291,125640.19212396104,0.021254215712527377,0.02558365243573899,42892.95900249389,51630.15986581028,135639.4460321046,163268.9011345739,0.02397464942766409,0.028921767760571405,48383.044046826275,58366.783117885454,153000.61932022145,184571.9743495821
2024-06-05,2028337.6738067744,19918.39243286499,2008419.2813739092,0.009492244599407607,0.9378872514982627,0.011869832322189394,0.014556575830881017,23839.60010256042,29235.707569522867,75387.43483167463,92451.42492631775,0.015707053248764476,0.01779580847857459,31546.348598385277,35741.4448760065,99758.31343255783,113024.37267353495,0.01601689029063263,0.018840186093479643,32168.631287357133,37838.993014817104,101726.14407820304,119657.40229402349,0.013985946511830159,0.01807137265003704,28089.64464262386,36294.89327122751,88827.25573543784,114774.5301697984,0.020387824622413158,0.02334621201220508,40947.30007692433,46888.98235235585,129486.73227746878,148275.9814008843,0.021663481896326654,0.02520994064762355,43509.35474227707,50632.13087897899,137588.66050984393,160112.85636531684,0.014920085882714795,0.019186433793986813,29965.788166599057,38534.40357264708,94760.14248857419,121856.48356569446,0.020713413495741594,0.024932690003727456,41601.21904791796,50075.29534000475,131554.60563100222,158351.9877800308,0.023364627221598832,0.028185868759176513,46925.967813972806,56609.04227820461,148392.93969990662,179013.50975989373
2024-06-06,2016959.5565246772,-11378.117282096997,2028337.6738067744,0.009707751937937938,-0.6789735932250486,0.012139319264478678,0.014887061300632174,24622.638598510446,30195.987288343116,77863.61997446924,95488.0960286558,0.016063658602360895,0.018199835922457826,32582.523922338878,36915.41285862308,103034.98751151405,116736.78539871631,0.016380530034838334,0.01926792458250629,33225.24618658599,39081.857326765174,105067.45376943551,123587.68434231741,0.014303476689021356,0.018481656369826807,29012.280634759,37487.03988927066,91744.88692183408,118544.42878768152,0.020850699949401003,0.02387625313818166,42292.26023261106,48429.103749521084,133739.8697316135,153146.27288908724,0.022155319130174243,0.025782294968730694,44938.46846694435,52295.20020227532,142107.9149151993,165371.94333368816,0.015258824309180175,0.01962203332363742,30950.04820430878,39800.10942702573,97872.64601762012,125858.9969133404,0.021183680835315216,0.025498749760072166,42967.65790816841,51720.074773325825,135875.66471275818,163553.23703792642,0.02389508643759863,0.028825787115350603,48467.30404025061,58468.42998319953,153267.07281507313,184893.40996099095
2024-06-07,2018935.5947153503,1976.0381906728728,2016959.5565246772,0.009556896803414216,0.0013911170057065581,0.011950678407936732,0.014655721475559673,24104.035021841108,29559.997487894027,76223.65146948438,93476.9196906007,0.015814034858893357,0.017917016716328085,31896.268735859332,36137.89809041032,100864.85806613509,114278.0678167461,0.016125982218024186,0.018968507645045447,32525.45394299089,38258.712767685814,102854.51639075563,120984.67269205161,0.01364674086341017,0.01808960459827772,27524.924399870968,36486.00086824899,87041.4535275355,115378.8654545479,0.02052668722576637,0.023505224356017713,41401.497963802496,47409.08689312653,130923.03210843929,149920.69637111554,0.021811033072066707,0.025381646950455902,43991.97159238073,51193.75537705746,139114.82899334756,161888.86896899366,0.01502170741450145,0.01931711365782908,30298.176324996297,38961.836996631726,95811.24613637828,123208.14673357038,0.02085449370295449,0.02510250793705959,42062.67037065776,50630.7432763889,133013.84284015745,160108.468380645,0.02352376499242318,0.02837784427329627,47446.48260690858,57236.964200594,150038.9520013946,180999.1732273957
2024-06-10,2037125.1549342,18189.56021884992,2018935.5947153503,0.009047788832936917,0.8845476056913775,0.011314050666187134,0.013874992671034219,22842.339610378127,28012.716579965596,72233.82025587803,88583.98784145358,0.014971601236591168,0.016962554592786172,30226.698646438264,34246.30524467835,95585.21387027352,108296.32601855355,0.015266930765670077,0.017958031270883676,30822.949944866195,36256.10854379839,97470.72603113856,114651.88209269357,0.012707778828499744,0.01690946521105834,25656.187006628268,34139.121202206596,81131.98701616282,107957.38031551859,0.01943320465615247,0.022253071349277006,39234.388599694306,44927.51783879569,124070.03057917826,142073.28598843998,0.020649131776097274,0.024029534540735045,41689.26714273059,48514.08260873196,131833.03815424858,153414.99963715638,0.014221482076484984,0.01828806660080705,28712.256373821907,36922.428618894315,90796.12690396418,116758.97118069112,0.01974354846802742,0.02376526561535103,39860.95276808828,47980.540668697,126051.4004515525,151727.79187942093,0.022270624302549974,0.026866120645670892,44962.95612095087,54240.96726346191,142185.35167641402,171524.99904317
2024-06-11,2026572.7028596648,-10552.452074535657,2037125.1549342,0.009246964404607656,-0.6661073169391348,0.011563115111761519,0.0141804329999597,23555.512663569174,28887.316772076945,74489.07146981815,91349.71649054627,0.015301182009328592,0.01733596367321424,31170.4227714299,35315.52768373022,98569.53158809652,111677.50425131804,0.01560301284263461,0.018353354505157064,31785.289954492342,37388.08013988038,100513.91234506555,118231.49058292879,0.012960162999460765,0.01703053760242114,26401.474058248998,34693.336551944885,83488.79160991582,109709.96313491839,0.01986100195759847,0.0227429444320005,40459.34669002123,46330.22419969892,127943.6881828616,146509.03297730032,0.021103696167679518,0.02455851420278349,42990.87032526842,50028.76705029907,135949.06882079205,158204.85240892868,0.01453454992929313,0.018690655143403036,29608.69727661013,38075.203754826616,93630.92194451256,120404.36624024741,0.020178177594053548,0.02428842773288556,41105.47315757614,49478.567108462616,129986.919476854,156464.9674242333,0.022760883791230462,0.027457544145597958,46366.76891964968,55934.45387171388,146624.59752879772,176880.27391223953
2024-06-12,2046040.7228207595,19468.01996109472,2026572.7028596648,0.009157379946772511,0.9385426289044,0.011451091819268214,0.014043053169500313,23206.47009886858,28459.26821811623,73385.3019650176,89996.10811088892,0.015152944378624668,0.017168013107086745,30708.543445671556,34792.22672515894,97108.94091455727,110022.68132048336,0.015451851079169215,0.018175547471317784,31314.299605696986,36834.068364902625,99024.51008691508,116479.5515234464,0.012834605127173156,0.016865545999664052,26010.260402711814,34179.25514174318,82251.66540665776,108084.29497592969,0.019668588856976213,0.0225226111142362,39859.82528131777,45643.70888123478,126047.83502532597,144338.0809223578,0.020899243863466352,0.02432059167125555,42353.83712410827,49287.44719836261,133934.59295997774,155860.59320211067,0.01424702175296565,0.018473196364442956,28872.62538160804,37437.2754867465,91303.25823466963,118387.05992930774,0.019982691700438142,0.024053121795184054,40496.37752976832,48745.400048678865,128060.7899801311,154146.48960990782,0.02254037667721258,0.027191535853780344,45679.71208621364,55105.62431010111,144451.9330531569,174259.28470546432
2024-06-13,2043378.7736692117,-2661.9491515478585,2046040.7228207595,0.009415442274131736,-0.2408605476914129,0.011773792790819148,0.01443879769525059,24089.65951206946,29542.368073053232,76178.19211607995,93421.17058588781,0.01557996653074919,0.017651821515638138,31877.245982097313,36116.34565295929,100804.70283687857,114209.91302527252,0.015887296662368367,0.018687749008082614,32506.055946740013,38235.895488390284,102793.17454055944,120912.51811946953,0.01319629461577216,0.017340830642013236,27000.156174210166,35480.04566109714,85381.99069076215,112197.75577584152,0.020222865500055972,0.02315731639851296,41376.80634524152,47380.81238260248,130844.95035467052,149831.28451813315,0.021488201353796865,0.025005965492798207,43965.73503004056,51163.223711715815,139031.86169837962,161792.31936575603,0.014576876058891634,0.018902667597746958,29824.882028003263,38675.62767493474,94314.55815431211,122303.07338943605,0.0205458200141142,0.02473095810063382,42037.584432623444,50600.547388270745,132934.51413872716,160012.98059822002,0.0231755826093335,0.027957815189975355,47418.18579379294,57202.828399786384,149949.46962142503,180891.2263470898
2024-06-14,2027273.919049696,-16104.85461951536,2043378.7736692117,0.008983997509461293,-0.9882730728427616,0.011234281091632192,0.01377716720648781,22955.8915200746,28151.971031028737,72592.90292318065,89024.34908112956,0.014866044146890455,0.016842960311025054,30376.95905818538,34416.547585301574,96060.37901354913,108834.67956912116,0.015159291458770307,0.017831418393092355,30976.174390716224,36436.34184885968,97955.26427324177,115221.82984690719,0.01248880105999418,0.016300366890458134,25519.35099456966,33307.82370698256,80699.27355212336,105328.5868174177,0.019296191086618685,0.022096176344433366,39429.42727906166,45150.8577214669,124686.79703781038,142779.54871003574,0.020503545327414406,0.023860114604089693,41896.50930700314,48755.251719311644,132488.39542057263,154177.6433278652,0.013908918391290865,0.018036488746461327,28421.188605461073,36855.378256042684,89875.68980248165,116546.93931613924,0.019604346823279068,0.023597708903501817,40059.10617033789,48219.05748064058,126678.01652877279,152482.04826540468,0.02211360554082597,0.0266767013937091,45186.472171417656,54510.60537941705,142892.1714894942,172377.66963358482
2024-06-17,2048112.013351341,20838.094301644946,2027273.919049696,0.00933401306597857,0.9921208703209946,0.011671967449427603,0.014313924128106722,23662.27519422158,29018.245064166917,74826.6842354433,91763.74810370638,0.015445223594547745,0.017499160195369786,31311.69896711764,35475.59106934575,99016.28614563344,112183.66911986093,0.015749895789499608,0.018526128495780808,31929.352961803175,37557.53712045981,100969.47957474126,118767.36060697472,0.01297536337800951,0.016935427394714837,26304.61576643124,34332.75026526513,83182.49879749845,108569.68917598794,0.02004796857261351,0.022957040948631647,40642.72381718733,46540.21037371683,128523.57757548483,147173.06756434139,0.021302361202062005,0.02478970204920211,43185.721279116435,50255.51642536025,136565.2416392081,158921.89689214178,0.014450808324603298,0.018739188367600117,29295.7468256545,37989.467841795165,92641.28572471594,120133.24547779391,0.020368130022938392,0.024517073051331724,41291.77877531609,49702.822768400954,130576.06956979692,157174.12608782263,0.022975149184601962,0.02771602275088123,46576.92072821945,56187.970062649525,147289.1558982819,177681.9624993263
2024-06-18,2058062.4718618724,9950.458510531344,2048112.013351341,0.009648644605333098,0.40219699579072987,0.012065406912170023,0.01479641884402321,24711.304842787733,30304.723189022097,78144.00725795834,95831.94913823123,0.01596585222886367,0.01808902306258053,32699.853753327967,37048.34544426065,103406.01701492217,117157.15514458642,0.016280794334626526,0.01915060847943896,33344.89046365104,39222.591289726995,105445.80219396533,124032.72420941855,0.013412737798256209,0.017506287918817538,27470.789416540156,35854.83859571764,86870.26367911488,113382.9551001809,0.02072374684379716,0.02373087842685631,42444.5548724329,48603.497193424584,134221.4676688855,153697.7533808231,0.022020422624251395,0.02562531499089697,45100.29211580294,52483.51547876829,142619.64622487174,165967.44852561032,0.014937917142209234,0.019370850187727894,30594.527553405664,39673.67097831458,96748.39100554067,125459.16343159477,0.021054700317793492,0.025343496196455016,43122.38465838515,51906.31902028353,136364.95365839903,164142.19305941567,0.023749597056460965,0.02865027630733697,48641.83504359135,58678.97509089215,153818.98830794435,185559.21205150505
2024-06-20,2047741.4037252776,-10321.068136594493,2058062.4718618724,0.009258070654558845,-0.6473808955288333,0.011577003220445229,0.014197464690190406,23826.195864622365,29219.26927446492,75345.04690949153,92399.44247308475,0.015319559797379725,0.017356785376129363,31528.611104431082,35721.348614772796,99702.22255167911,112960.8227155827,0.015621753150592924,0.018375398165504184,32150.543903925267,37817.71736994365,101668.94674964555,119590.1227975345,0.012869794596713837,0.01679763915875596,26486.84128006745,34570.59076851307,83758.74646838293,109321.8068860921,0.019884856407812665,0.02277026029636805,40924.27673128132,46862.61819048147,129413.92606587957,148192.6106007599,0.021129043180415443,0.02458801069322419,43484.89083596205,50603.662065463126,137511.29884542347,160022.8300723241,0.014333235183942654,0.01858672456209388,29498.69343244258,38252.64029607871,93283.05924556886,120965.46985074645,0.02020241299435501,0.024317599830616182,41577.828024736686,50047.13961714579,131480.6367209476,158262.951566628,0.02278822120202112,0.027490522573434758,46899.58285636672,56577.21284025774,148309.5031379044,178912.85623933864
2024-06-21,2051571.648287557,3830.2445622792,2047741.4037252776,0.009147309261766899,0.09869444736718185,0.011438498660597013,0.014027609541977033,23423.087303760636,28724.916854398147,74070.30571285586,90836.16285885742,0.015136280165647628,0.017149132853872547,30995.187593582352,35116.98938286024,98015.38929991359,111049.67101778912,0.015434858148235212,0.018155559197985005,31606.59809076771,37177.89027749919,99948.8390563553,117566.81187672688,0.012715823383092094,0.016596676131116483,26038.718024015714,33985.700877906274,82341.65630676862,107472.22265136789,0.019646958634790955,0.022497842225825567,40231.8906537393,46069.76302030187,127224.4090406568,145685.38240835193,0.0208762602477348,0.02429384548192028,42749.18246423067,49747.513249032425,135184.78469709848,157315.44979634573,0.01416175570928491,0.018364357334973613,28999.613515345547,37605.454867631466,91704.82997309424,118918.88982838123,0.019960716048576032,0.024026669751650978,40874.38470067276,49200.40644408944,129256.15361206567,155585.34616934843,0.02251558825140263,0.027161632388597732,46106.10229162759,55619.999234897085,145800.29727425205,175885.8810390974
2024-06-24,2062455.907566962,10884.259279405,2051571.648287557,0.008732225240968314,0.49533384849569173,0.010919445693208577,0.013391068630955977,22402.025199202388,27472.736743542155,70841.4238299668,86876.42166779035,0.014449430311630854,0.016370944338048872,29644.0415612487,33586.16525963478,93742.69038623974,106208.78009126638,0.014734459506702047,0.017331701351257882,30228.799376790983,35557.227108827814,95591.85696293796,112441.82494377969,0.012138808334559778,0.01584355684070506,24903.63502317954,32504.192022422878,78752.2086907875,102787.28029433113,0.018755424484887595,0.021476941484071917,38478.09712479365,44061.48424065283,121678.4269435241,139334.64728807757,0.019928943195813717,0.02319144621075503,40885.65484086464,47578.913528770914,129291.79292462142,150457.73534711535,0.01351912755130331,0.017531024705252245,27735.458793837057,35966.15325072423,87707.22173827156,113734.96294695757,0.019054944303206905,0.022936394305449588,39092.583492157784,47055.65627100455,123621.60345551773,148803.0506103598,0.021493882235503445,0.02592909949169047,44096.23940599045,53195.40538277948,139444.55277100016,168218.64206556432
2024-06-25,2056091.0934340751,-6364.814132886939,2062455.907566962,0.00858411966843778,-0.47258720098730345,0.010734243100343552,0.01316394532256048,22138.903095563463,27150.05679740334,70009.35867973292,85856.01808273124,0.014204356336786059,0.016093279937836564,29295.85863999062,33191.68027991989,92641.63931269314,104961.30905264203,0.014484551207162341,0.017037741738361818,29873.748205668144,35139.591099884536,94469.08657627959,111121.14392261648,0.01193292436929126,0.015574837357175972,24611.130359994524,32122.415316702194,77827.22772890245,101579.99634665794,0.01843731738105853,0.021112675260179768,38026.1541522512,43543.96181490061,120249.25777778303,137698.09768248518,0.019590932269561295,0.02279810060593253,40405.433994100924,47020.077276011485,127773.20126895337,148690.539949322,0.01328983226048726,0.0172336844077486,27409.693056215943,35543.71421590575,86677.06002374404,112399.093424368,0.01873175710204271,0.02254737458634555,38633.42309421738,46502.96591573357,122169.61078667679,147055.29024689586,0.021129328682823887,0.02548932108247113,43578.30876481418,52570.60084641369,137806.71227489176,166242.8366382429
2024-06-26,2044372.5440772048,-11718.549356869888,2056091.0934340751,0.008448973468772672,-0.7908264564125308,0.01056524590350498,0.01295669551108772,21723.108002137436,26640.146240684724,68694.49914458417,84243.53932053594,0.013980726558573171,0.01583991142624158,28745.647356819525,32568.30080427995,90901.7184635486,102990.01006301834,0.014256510112080673,0.01676950386007578,29312.6834649019,34479.627528010154,92694.84408064633,109034.15586275319,0.01174505543902338,0.015329631073884773,24148.903880065413,31519.11791664472,76365.53925748436,99672.20245601851,0.018147044939350716,0.020780282663572812,37311.97747194691,42726.15410361458,117990.83281624358,135111.9626267719,0.019282497608070888,0.022439173100785654,39646.57159111841,46136.98395655086,125373.46764486007,145897.9536733477,0.01308060051703948,0.016962361657845825,26894.906219854034,34876.16072830445,85049.16111136801,110288.10394355892,0.01843684907615638,0.022192394447965814,37907.84117647339,45629.58456643833,119875.11929757282,144293.4159172118,0.020796673898960852,0.025088023685720533,42759.855976706305,51583.26205207311,135218.53730715573,163120.5972258821
2024-06-27,2049123.577712442,4751.0336352367885,2044372.5440772048,0.008624903179114069,0.15714074048176546,0.010785241937148493,0.013226487775990937,22049.052497536424,27039.86846380864,69725.22614083925,85507.57197699354,0.014271841826351299,0.016169739782236743,29176.961583205266,33056.97205567772,92265.65380616105,104535.32424448004,0.014553367914246535,0.017118688760179464,29752.505787739752,34996.97729191394,94085.68438659984,110670.15946363953,0.011989618190814242,0.01564883405924588,24511.246243269245,31992.04669754251,77511.36641797645,101167.73457470226,0.018524913845145263,0.021212982461166777,37871.825246410655,43367.23892160065,119761.22692652525,137139.25082496236,0.019684009606112395,0.022906415333053567,40241.44879608814,46829.24659012381,127254.63454067925,148087.0803344648,0.013352972808011837,0.017315562361363286,27298.450990508896,35399.460276827755,86325.28172448765,111942.92241543037,0.01882075246152793,0.022654498103687176,38476.62959122117,46314.23392302716,121673.78619489232,146458.4672826013,0.021229715004916667,0.02561042191035457,43401.44647463549,52357.24339576216,137247.42460573348,165568.14113841712
2024-06-28,2053025.0150788047,3901.437366363127,2049123.577712442,0.008334142765451781,0.11233392220293639,0.010421652764960794,0.012780599981405703,21355.25439941323,26189.028759209625,67531.24391447696,82816.98058675582,0.013790713337488783,0.015624629868506948,28258.875853321708,32016.79745658764,89362.41181243089,101246.00334710289,0.014062748693711652,0.01654158813401603,28816.30991572939,33895.75825822061,91125.17309499961,107187.7991144389,0.011585427410649204,0.015121284778992255,23739.972465037292,30985.381165937302,75072.38457919989,97984.37865284558,0.01790040693755283,0.02049785610817121,36680.145906386875,42002.64024381062,115992.80597148385,132824.01091109167,0.019020427574320407,0.022134200427048913,38975.20660071182,45355.71196887873,123250.42513387815,143427.3547202168,0.012902820984084046,0.01673182478536625,26439.474697489473,34285.5766658474,83608.96018245809,108420.51315639951,0.0181862723221565,0.021890775763488544,37265.91940603009,44856.90475138046,117845.18442332423,141849.98779959127,0.020514024568911552,0.024747050262687524,42035.771417928976,50709.76417210789,132928.7808828613,160358.35439386367
2024-07-01,2041599.5765142504,-11425.438564554788,2053025.0150788047,0.008099220371029258,-0.8083065484839099,0.010127887744335786,0.012420341076046585,20792.806889031417,25499.270924934437,65752.62871737924,80635.77479650127,0.013401981407977392,0.01518420359264673,27514.603082198646,31173.549809753193,87008.81465523681,98579.42015152876,0.013666348645348688,0.016075314684981398,28057.355633689192,33003.02317353046,88725.14892381476,104364.72289967471,0.011258857969218414,0.014695046769037413,23114.717052024756,30169.298614586776,73095.153354731,95403.69903185661,0.01739583117286355,0.019920063577735854,35714.07655597653,40896.3888270519,112937.82644650784,129325.73676934595,0.018484280724614107,0.021510282705780013,37948.69071337174,44161.148476383365,120004.2968755347,139649.813274246,0.012539116919287902,0.016260188955232582,25743.12070229594,33382.574675000586,81406.89549988857,105564.97013365706,0.01767363859847569,0.02127371968431464,36284.4221501329,43675.478675672326,114741.417577484,138113.99051323903,0.019935776282723246,0.024049481662506495,40928.64740344557,49374.187452804836,129427.74734482447,156134.88997097063
2024-07-02,2046110.40162804,4510.825113789877,2041599.5765142504,0.008351470104369235,0.1486064206156156,0.010443320201507126,0.012807171854923907,21321.078100799663,26147.116635357874,67423.16896886403,82684.4428138092,0.013819385316195783,0.015657114704057604,28213.65120923256,31965.558749239048,89219.39893073871,101083.97232751852,0.01409198625534031,0.016575979397988515,28770.193171147414,33841.51251924229,90979.33914384834,107016.25902590844,0.011609514426302456,0.015152723120475808,23701.979736275174,30935.7931058011,74952.2410217866,97827.56743806579,0.01793762329279132,0.02054047276472044,36621.44411823491,41935.420497855746,115807.17461819896,132611.44341013636,0.01905997254063672,0.02218021917225882,38912.83186733717,45283.12606907686,123053.17890796854,143197.81795083013,0.012929646964688705,0.016766611566313337,26397.161767587222,34230.70707336424,83475.15494949193,108247.00026986747,0.018224083014034425,0.02193628840965923,37206.28016381322,44785.11712745474,117656.58857999247,141622.9754001744,0.020556674840963525,0.024798501328403177,41968.49864985228,50628.609810256,132716.04571123465,160101.7217683542
2024-07-03,2048693.7394093284,2583.3377812881954,2046110.40162804,0.008119463108515948,0.03643430009614634,0.010153200819361698,0.012451383780452664,20774.569806314306,25476.905867846865,65694.95799811627,80565.05027610484,0.013435477569214538,0.015222154140130268,27490.470405210082,31146.207921305875,86932.50042991582,98492.95750850499,0.013700505551242855,0.016115492425588133,28032.74691596071,32974.07667935377,88647.3293254966,104273.18604779957,0.011286997727840867,0.014731774745370085,23094.443454087253,30142.837540943,73031.042608882,95320.02176980882,0.017439309338373735,0.019969850668251958,35682.75223445551,40860.519171269,112838.77024434198,129212.30695818574,0.01853047929993341,0.0215640443008633,37915.40644274683,44122.415345164256,119899.04277010256,139527.32835868341,0.012570456485379964,0.016300828760229383,25720.541767948598,33353.295281462844,81335.49464021157,105472.38056156937,0.017717811100296143,0.021326890027039896,36252.59758639669,43637.17151870364,114640.77947053636,137992.85264653238,0.0199856026446936,0.024109589589156627,40892.74945411244,49330.88203735648,129314.22806160247,155997.946223134
2024-07-05,2046989.176434907,-1704.562974421773,2048693.7394093284,0.007925589508264578,-0.22689890979948713,0.009910766366416126,0.012154074146876526,20304.125007625255,24899.975613022714,64207.28092087947,78740.63661979917,0.013114670100466,0.014858685055132138,26867.942529243403,30440.895048304163,84963.89443491431,96262.5623667825,0.013373369840299423,0.01573069253246521,27397.939066626957,32227.371307834546,86639.89064504893,101911.8963327166,0.01101749088283403,0.01438001476200597,22571.46459566143,29460.246215535357,71377.23824814164,93161.4784704475,0.01702289982432819,0.019493017804577073,34874.70829669332,39935.22353843162,110283.51095152214,126286.26524941274,0.018088015224630997,0.02104914585884642,37056.80354904214,43123.25334093245,117183.90202038428,136367.70067381213,0.012270303676868807,0.01591160347321353,25138.094323452387,32598.002419536286,79493.63409825903,103083.93481741438,0.017294751622017913,0.020817654268905764,35431.64937266743,42648.99796989512,112044.71327410519,134867.97350876592,0.019508393661028637,0.023533909538423926,39966.723959282,48213.77313519458,126385.8783265538,152465.33769785217
2024-07-08,2058500.8813505303,11511.704915623646,2046989.176434907,0.007810845139695145,0.5943062706311955,0.00976728118748177,0.01197811101352535,19993.51887397147,24519.063598822144,63225.05808331483,77536.08706680298,0.012924799739642341,0.014643565355500288,26456.925174636574,29975.21978712627,83664.14343649964,94789.96789146657,0.01317975410024999,0.015502948163429264,26978.813991285315,31734.367093371122,85314.50078247966,100352.88011895005,0.010857982869802062,0.014171825110981917,22226.17341240045,29009.572612508407,70285.33165306234,91736.32340356779,0.0167764472557809,0.019210803589827928,34341.2059516146,39324.30701899462,108596.42840403224,124354.3775877693,0.017826142226608537,0.020744402476921244,36489.92019545693,42463.56734186726,115391.25945542044,134281.5903762424,0.012092657806351624,0.015681239928450427,24753.539643932858,32099.328406616918,78277.56542610122,101506.98912665294,0.017044363262595025,0.02051626235456406,34889.627117756776,41996.56698069157,110330.68840608714,132804.80556680597,0.019225956839123533,0.02319319247414237,39355.32555629055,47476.21396154097,124452.4668153113,150132.97079995513
2024-07-09,2057704.133101728,-796.7482488027308,2058500.8813505303,0.007920127875280932,-0.1708387293208051,0.009903936720694053,0.012145698606839148,20387.26246838859,25001.931286796294,64470.184655774494,79063.04876930079,0.013105632600515282,0.01484844573043508,26977.95625881695,30565.53862278613,85311.78839425655,96656.71995785036,0.013364154066791834,0.01571985229539498,27510.122924995263,32359.32980477072,86994.64715419852,102329.18573964726,0.0110098985779916,0.01437010529560633,22663.885926375657,29580.874416105555,71669.50015758228,93542.93833429695,0.017011169109400183,0.019479584897298535,35017.50660450319,40098.74267943152,110735.07885021913,126803.35817600664,0.018075550523998125,0.021034640602274602,37208.53668454618,43299.826218673916,117663.72432509602,136926.0731404856,0.012261848041460102,0.01590063856792019,25241.025000331894,32731.47850609995,79819.12947830111,103506.02326412135,0.017282833570268667,0.020803308536379662,35576.728136632584,42823.628957144545,112503.49260835705,135420.2051785179,0.01949495015803546,0.02351769199694828,40130.37208220066,48411.18970304835,126903.37912978795,153089.62370012328
2024-07-10,2080383.1109059,22678.97780417232,2057704.133101728,0.007791590619891217,1.2828272671553205,0.009743203855811329,0.011948583763708106,20048.630843755665,24586.650195294373,63399.33743417127,77749.81465095392,0.012892938806785789,0.014607467492324807,26529.85347055078,30057.84623310589,83894.76295746329,95051.25565572704,0.01314726467922121,0.015464731835094317,27053.180869415846,31821.842614383448,85549.66949984831,100629.50200485892,0.010831216848653489,0.014136890135012358,22287.43967599536,29089.537260019977,70479.07258975052,91989.19382199687,0.016735091623944803,0.01916344702449419,34435.86720242733,39432.70414677771,108895.77356276095,124697.15940338417,0.017782198990967425,0.02069326543590085,36590.50435935105,42580.61781482431,115709.33450986953,134651.73647198663,0.01206284818715546,0.015642584092961126,24821.772571688478,32187.809940477455,78493.3368892307,101786.79230451756,0.017002347190823594,0.020465687701918478,34985.80008698827,42112.330171006855,110634.81403819994,133170.8809174098,0.019178562919504382,0.02313601891919117,39463.808186415714,47607.081753539445,124795.51901307242,150546.8110950275
2024-07-11,2096367.6993454671,15984.588439567247,2080383.1109059,0.008697923430622445,0.7689396808828244,0.010876552072749363,0.013338466014345437,22627.395237036333,27749.11942163658,71554.1064658804,87750.42043638586,0.014392670252828196,0.016306636213559374,29942.268114821527,33924.050574375455,94685.76555427209,107277.26727376979,0.01467657980002928,0.017263619193924964,30532.908741843603,35914.94180415242,96553.53521429186,113573.01813351864,0.01209112483008907,0.01578132039272567,25154.17188837227,32831.19241282134,79544.4758226351,103821.34632375454,0.01868174967739196,0.02139257604991664,38865.19651101797,44504.753913016626,122902.54268484618,140736.38907042376,0.019850658587820647,0.023100345882074144,41296.974866461234,48057.5694291517,130592.50105274541,151971.37820779727,0.013466021895355411,0.01746215956858731,28014.484522186453,36327.98184643289,88589.57856564305,114879.16543197718,0.018980092925968813,0.02284629586825028,39485.86476661006,47529.048071067125,124865.26804388071,150300.0469242046,0.021409450254915082,0.025827245150023888,44539.858724105354,53730.56461133601,140847.40023029406,169910.96413866157
2024-07-12,2112873.3051209017,16505.605775434524,2096367.6993454671,0.00880942998100417,0.7806021491629712,0.011015988434928594,0.013509463878894021,23093.56233134753,28320.80371118775,73028.25625412629,89558.24489390275,0.014577182915359154,0.01651568573750691,30559.135411209518,34622.950112650105,96636.4712249283,109487.3816703577,0.014864732155928585,0.017484937148580786,31161.944351110593,36654.8574633704,98542.72046892726,115912.83689307241,0.01224613189939614,0.015983635417857557,25672.395355818222,33507.57700811077,81183.24231671442,105960.26221912031,0.018921247929846893,0.021666826838410213,39665.89299143831,45421.63593135464,125434.56727745487,143635.82459402416,0.020105142141232987,0.023396490117244817,42147.770575630195,49047.64615984748,133282.95331721753,155102.27573512908,0.013638655014155862,0.017686022791946244,28591.635834192442,37076.40691092384,90414.69126613648,117245.89329372699,0.019223415910469714,0.023139183206428025,40299.34818579244,48508.23626319279,127437.72848727855,153396.51186926424,0.021683917369110392,0.026158347974222493,45457.463967879165,54837.515761398965,143749.12279353334,173411.45103140335
2024-07-15,2114479.368490717,1606.0633698152378,2112873.3051209017,0.00891626244108305,-0.023114325224270996,0.011149579955292747,0.013673293918254241,23557.649850849142,28889.937712951363,74495.8298494092,91358.00463332207,0.01475396124440265,0.01671597240089286,31173.250858086718,35318.73185498427,98578.4747833524,111687.63673049406,0.015044997611021113,0.017696977979137968,31788.17382793425,37391.472353433055,100523.03195362564,118242.21770406493,0.012394641439750506,0.016177469876656327,26188.307024594145,34180.94424678468,82814.69826150472,108089.6363950681,0.019150706983209788,0.021929581683870325,40463.0175590164,46334.42773231788,127955.29648987844,146522.32571459506,0.020348958347254826,0.02368022068798846,42994.770878931864,50033.30615102253,135961.40345450424,158219.20630574372,0.013756387814147208,0.017826874971670834,29065.50458740211,37665.928241371235,91913.19583826324,119110.12342719351,0.019456539372176465,0.02341979340158129,41109.20264950544,49483.05628964774,129998.7131658658,156479.16346160747,0.021946879472411557,0.026475571752799708,46370.97576796428,55939.5287943035,146637.9007512427,176896.32222657176
2024-07-16,2146935.3030005214,32455.934509804472,2114479.368490717,0.008543477608647179,1.6699086369086575,0.0106834211445995,0.013101619787322797,22589.87359515312,27703.10473410379,71435.45261598026,87604.90921796129,0.014137104909519816,0.016017085281806162,29892.616661368476,33867.79637173545,94528.75387222262,107099.37586547072,0.014415973179485725,0.016957075467949334,30482.277864738087,35855.386226918934,96393.42632270635,113384.68686209475,0.011876427180945129,0.015501097300472586,25112.46024549084,32776.75043081643,79412.57202618223,103649.1856602851,0.018350024730871647,0.02101271595818882,38800.748704722515,44430.95436954591,122698.7408267512,140503.01442277568,0.019498177756412945,0.022690161550592326,41228.494589099784,47977.878466448805,130375.94740148316,151719.37325672462,0.013181239565639977,0.017081541526958732,27871.45911267927,36118.56714077166,88137.29250832206,114216.93798655392,0.018643070408295485,0.02244062260926994,39420.38774366061,47450.23352338761,124658.21151695335,150050.81344078138,0.021029290534145692,0.025368640272851878,44466.00096844819,53641.466463608005,140613.84149954925,169629.21105653892
2024-07-17,2112280.640676586,-34654.66232393542,2146935.3030005214,0.010112462604790942,-1.7047366513691675,0.012645400592687015,0.015507694434335851,27148.85695302347,33294.01664922034,85852.2238416531,105284.92506710357,0.016733343409577075,0.018958576749364218,35925.40570325214,40702.837717854905,113606.10788787993,128713.67442063148,0.0170634250321752,0.02007119341925779,36634.06959167974,43091.55372515629,115847.0998708226,136267.45768700726,0.01405749874316667,0.018347829065016558,30180.540323589983,39391.6019531031,95439.24843709957,124567.18285454303,0.02171995379259989,0.024871640576105546,46631.33557687276,53397.803196381225,147461.23075855972,168858.68014998402,0.023078961806340375,0.026857144208441725,49549.03785863283,57660.55103887953,156687.81550319187,182338.6724232474,0.015601936155063171,0.020218517310646503,33496.34752646534,43407.84858855414,105924.7514801777,137267.66986755628,0.022066816462602654,0.026561778161013027,47376.02728839472,57026.41924434713,149816.15272161816,180333.3716157951,0.024891259025082865,0.030027517814754358,53439.92273708074,64467.1380579732,168991.87383259466,203862.9904957194
2024-07-18,2101702.254614538,-10578.38606204791,2112280.640676586,0.01182954463835575,-0.5060684492970373,0.015292318460491536,0.018455470151700102,32301.668235157445,38983.1323160207,102146.84384620895,123275.48844634029,0.019574641761221152,0.022177716615737624,41347.13684040687,46845.56146183403,130751.12714234364,148138.67248880255,0.019960770782551276,0.02347925404299586,42162.74969696589,49594.77377254761,133330.32145798634,156832.44516203197,0.01657980067989595,0.0215607772517543,35021.192002420714,45542.41238682074,110746.73310172254,144017.7532810189,0.025407971626105842,0.029094810425779875,53668.76658468336,61456.404806530125,169715.54161953542,194342.21599395483,0.02699773730344044,0.03141744980317651,57026.79784812934,66362.47099867817,180334.56886607764,209856.55951269195,0.01831436070721803,0.02366820200669355,38685.06956822459,49993.88489836151,122332.93127765624,158094.5453591179,0.025813731093264018,0.031071931013217556,54525.844451932826,65632.63834765786,172425.85981216317,207548.62602470897,0.029117760060006714,0.035126148422083836,61504.88087461809,74196.28329350009,194495.5107811222,234629.2491265597
2024-07-19,2082100.051056356,-19602.203558182344,2101702.254614538,0.011150839628505946,-0.9269729317802204,0.014414941226738871,0.017396611131000436,30295.914476373142,36562.496836675986,95804.0935430066,115620.76694659752,0.01845157169931194,0.020905298459815896,38779.709841625714,43936.7129063849,122632.21009998485,138940.0856850927,0.0188155470613731,0.022132161840067874,39544.67768069379,46515.214438764495,125051.25080821711,147094.0234776466,0.01562855579873029,0.020323755203621154,32846.57095856056,42714.48213368453,103869.97755539152,135075.05261701197,0.023950221716033514,0.02742553284999047,50336.234979105706,57640.30422483005,159177.15137141212,182274.64637548913,0.02544877661876265,0.029614913760581684,53485.751196835205,62241.73102082963,169136.79614707612,196825.63553737878,0.017263597660609923,0.022310269155753917,36282.94212606214,46889.54298570519,114736.73733042851,148277.75427920048,0.024332701252173777,0.029289218669751604,51140.09308255562,61557.21691411517,161719.17389389712,194661.0118696455,0.02744716577827467,0.033110830534572165,57685.77019897886,69589.10718667021,182418.42240983772,220060.07904747003
2024-07-22,2112237.337293305,30137.28623694973,2082100.051056356,0.011160509138852187,1.201089814159205,0.014427441220279814,0.01741169669557897,30039.376101357175,36252.89457884276,94992.8479707177,114641.71864311381,0.018467572078601297,0.020923426601416256,38451.33276774269,43564.667595082705,121593.79061513311,137763.57510859135,0.018831863063848375,0.022151353862823735,39209.823046725,46121.33500875271,123992.34747981375,145848.4673553205,0.015642108184651643,0.02034137905687015,32568.43424989223,42352.78637286603,102990.43205509691,133931.27019279802,0.02397099027915462,0.027449315047787148,49910.00008409925,57152.22026245962,157829.27828494902,180731.18936499866,0.025470844661799094,0.029640594491768858,53032.8469707804,61714.68330465268,167704.5872308272,195158.96431866963,0.017278567881844734,0.02232961562522313,35975.707068969634,46492.493833345885,113765.17477296432,147022.17461470584,0.024353801484474528,0.029314616972695225,50707.05131424077,61035.96549554625,160349.77558403526,193012.67015337394,0.02747096673518105,0.033139542768726105,57197.30124188792,68999.84369074891,180873.7479391433,218196.66425836537
2024-07-23,2103602.190933651,-8635.14635965461,2112237.337293305,0.011702326338110828,-0.4326035475574516,0.015127860501979772,0.018256994756856285,31953.631785646314,38563.10599219995,101046.25595699558,121947.24858583926,0.019364130475377443,0.021939211119759387,40901.63939431139,46340.82087791624,129342.34052089383,146542.54261609894,0.019746106954976625,0.023226751441950362,41708.464376488635,49060.41161971867,131893.7451376987,155142.6436637015,0.01640149677003479,0.021328906497825706,34643.85386516303,45051.71266834524,109553.48513994302,142466.02452343292,0.02513472704554406,0.028781916528214734,53090.50892827401,60794.238729754456,167886.9303508508,192248.2630020458,0.0267073959289241,0.031079577578659017,56412.35886294869,65647.44418894743,178391.54218970434,207595.44620585896,0.01811740284362536,0.023413667405303897,38268.254741089375,49455.22249645015,121014.84706137961,156391.145279181,0.02553612285955258,0.03073777459640907,53938.35215365604,64925.47516784089,170568.04604180148,205312.3796990801,0.028804619355523232,0.0347483917938262,60842.192489257584,73396.85055781598,192399.90610444362,232101.22084569855
2024-07-24,2057736.7229291955,-45865.46800445533,2103602.190933651,0.010971857815942187,-2.0972237342994773,0.014183567411428476,0.01711737861610231,29836.58348193607,36008.15515987365,94351.56140067532,113867.7846459452,0.018155406042068466,0.020569748103503798,38191.75192738527,43270.5671774839,120772.92392266307,136833.54792817245,0.01851353924585271,0.021776919134221466,38945.12171951189,45809.974802533216,123155.28838615079,144863.85993092717,0.015377702290133521,0.01999753918172204,32348.568229050295,42066.867235952006,102295.15464915834,133027.11449352017,0.023565797382364397,0.026985326395270258,49573.06300464024,56766.39172815019,156763.7896856934,179511.09241029643,0.025040299022590227,0.02913956561457857,52674.82788555456,61298.05406968236,166572.43147570358,193841.46699634995,0.016986500141175736,0.021952167654403817,35732.83891327205,46178.627973546696,112997.15822983555,146029.6436179733,0.023942137750251183,0.028819098246470904,50364.73342706366,60623.91821200833,159267.27137673902,191709.6622337089,0.027006612094032347,0.03257936952697061,56811.16837070168,68534.03311617239,179652.68858673435,216723.64188451186
2024-07-25,2062796.7817886292,5060.058859433979,2057736.7229291955,0.013875106309483529,0.10739272371294273,0.018075512364558885,0.02238801421242663,37194.64557831355,46068.638998371025,117619.79679018154,145681.8279389105,0.023412381887391694,0.027550400485794074,48176.51798092824,56691.47081102482,152347.52655578963,179274.17166779155,0.02757264080718631,0.029619409784995263,56737.23553708337,60948.9472260731,179418.89243863022,192737.49422379248,0.019487831276628485,0.02561409566255251,40100.82606816658,52707.06526945572,126809.94642966097,166674.3750346365,0.02980151123294301,0.0341258772043551,61323.66406281376,70222.07072557381,193922.45290550645,222061.685506246,0.03166617876280421,0.03685014675700377,65160.65891506283,75827.90022721686,206056.09600895474,239788.87490600467,0.021586844988952775,0.027921200219280195,44420.04366594821,57454.47903947156,140468.51174853195,181687.01554313334,0.03027743451782117,0.036444880950992915,62302.98888340464,74993.96989564082,197019.3499077094,237151.75564832496,0.034152795283148144,0.04120015254170034,70277.46104481694,84779.06687534142,222236.84507537817,268094.94922981324
2024-07-26,2093891.446423986,31094.66463535652,2062796.7817886292,0.012575616250085237,1.1129164934737885,0.016382628136333503,0.020291237346736508,33794.0325968686,41856.69909735731,106866.11432807958,132362.504483963,0.02121966661365664,0.02497013401682574,43771.86000127854,51508.31209073892,138418.775026061,162883.5846375245,0.024990291393704085,0.02684536771841029,51549.89266289286,55376.538135469105,163015.07395194395,175115.9894432563,0.017662674592538726,0.023215176191123767,36434.508307268676,47888.19073570611,115216.03167929497,151435.7557494058,0.027010414232425867,0.030929776417365384,55716.99555342587,63801.84325518315,176192.61033029956,201759.14360343028,0.0287004440431165,0.03339890117156529,59203.18360804535,68895.14585198136,187216.90493456862,217865.58062176284,0.01956510260722106,0.02530620604755088,40358.83069353992,52201.56039416791,127625.8286926992,165075.82826040764,0.02744176433970519,0.03303159103051141,56606.783166545836,68137.4596750971,179006.36582156338,215469.56655118335,0.030954173450551323,0.03734150184170252,63852.1693767243,77027.92982621813,201918.28877330277,243583.7016984672
2024-07-29,2095766.4398818072,1874.9934578211976,2093891.446423986,0.012839818828905116,-0.0055202421636442985,0.016726812668955277,0.02071753830311451,35024.12997346182,43380.27624385277,110756.02378191207,137180.47845786868,0.021665473048071985,0.025494734455446682,45365.14869808733,53383.206405110686,143457.19627817822,168812.52104303907,0.025515315320991314,0.02740936515913403,53426.30050343459,57392.235258622364,168948.79654745385,181490.1834254695,0.018033751769466217,0.02370290651745359,37760.718577018735,49631.31321228342,119409.87678801146,156947.9930160236,0.027577879154484994,0.03157958367366862,57745.08527209047,66124.22013592528,182605.9931404498,209103.14413189265,0.029303414997276747,0.03410058255590445,61358.17001381013,71402.91813188331,194031.57030348512,225795.85287928634,0.019976148114725974,0.025837867062402924,41827.88566992335,54101.68883580552,132271.38842607572,171084.56198284883,0.02801829154614474,0.033725555553540294,58667.26101188595,70617.65229945497,185522.1688811543,223312.62428010468,0.031604493266951424,0.03812601378031373,66176.37812023405,79831.73414084195,209268.08216047168,252450.10944608581
2024-07-30,2088440.165371106,-7326.274510701187,2095766.4398818072,0.011705762123007737,-0.3816762095183269,0.015249443375175649,0.018887694474676604,31959.27165257108,39584.19620676827,101064.09078217809,125176.2193603852,0.01975190438141035,0.023242952326777994,41395.37832631423,48711.79945023408,130903.68011552183,154040.23518807758,0.023261715419899583,0.02498847629946182,48751.12251110669,52370.01001219401,154164.5856250045,165608.5127243555,0.016440949145132316,0.021609384759587083,34456.3894581718,45288.223365636004,108960.67063363793,143213.93701786635,0.025142106562494448,0.02879036685435115,52691.98316160801,60337.88464523469,166626.68122192143,190805.14467544237,0.026715237179024055,0.031088702494522908,55988.897513281336,65154.65934749093,177052.43982370652,206037.12371045147,0.01821178640297774,0.0235557782885147,38167.650753656555,49367.409602365624,120696.70931939693,156113.45652594275,0.025543620225692575,0.030746799159446503,53533.46202209265,64438.109812154136,169287.67102393595,203771.19512245187,0.028813076347174595,0.034758593867864104,60385.478438160804,72845.89452575117,190955.64946357528,230358.94489376497
2024-07-31,2117180.2445684625,28740.07919735648,2088440.165371106,0.010931187150133909,1.161972427302746,0.014240381593076775,0.017637888158638745,29740.184889192915,36835.674062824575,94046.72228437196,116484.62918611396,0.018444912949356004,0.021704956852511864,38521.09705020871,45329.5036784326,121814.40464705306,143344.47682882778,0.021722478384238908,0.023334978804089797,45366.09634905018,48733.70699254455,143460.1930136477,154109.51291971517,0.015353044948524677,0.02017948310618867,32063.9157312469,42143.64303539211,101395.00441444354,133269.90088893118,0.023478443291022538,0.026885296736669083,49033.32398935924,56148.33356278043,155056.985055349,177556.620881263,0.024947479223940687,0.02903155058605834,52101.31763603892,60630.65630692731,164758.83282578268,191730.9699607433,0.017006705195036203,0.021997082994939056,35517.48620993905,45939.591647632464,112316.15318702876,145273.74438456603,0.02385338863414786,0.028712271131743343,49816.37490376102,59963.8602705581,157533.20946873617,189622.3757510441,0.02690650353324748,0.03245860377585501,56192.622688533615,67787.85183736184,177696.67539422069,214364.0094960934
2024-08-01,2087322.80284906,-29857.44171940256,2117180.2445684625,0.011404531973486,-1.330065783250434,0.014857021928391015,0.01840164811810962,31454.9933199099,38959.60586316211,99469.42267629669,123201.09127004257,0.019243618885119867,0.02264482997206514,40742.209737580364,47943.18665846812,128838.179679045,151609.66812735645,0.022663110225258225,0.02434543551553777,47981.88924939423,51543.67511891199,151732.05646603272,162995.41235151212,0.016017866092766737,0.021053299804690475,33912.709651748766,44573.63042946775,107241.40412750171,140954.19573970736,0.024495112335247527,0.02804949014583885,51860.56792467132,59385.82640698778,163997.51539183295,187794.47217745488,0.02602776080581732,0.03028868158153551,55105.46098842975,64126.59827845163,174258.76823699157,202786.10915853965,0.017743133522150414,0.02294960582905531,37565.4117698373,48588.45208190913,118792.26243478281,153650.17656078303,0.02488629364934021,0.029955576613593583,52688.76927491268,63421.35502095738,166616.51801982248,200555.9341603812,0.028071615244084063,0.03386413383032392,59432.66922790168,71696.47514498433,187942.60218357018,226724.16166380144
2024-08-02,2020018.616567286,-67304.18628177396,2087322.80284906,0.012228445472154325,-2.75926313410954,0.01593035847085248,0.019731064030792687,33251.80049377006,41185.099875948465,105151.42586182496,130238.72126951533,0.020633862465438628,0.024280791985448014,43069.53163496137,50681.85078246034,136197.81772315365,160270.08450536162,0.02430039288445102,0.026104256745452706,50722.76418590565,54488.01035620982,160399.46404707822,172306.21789646562,0.017175067118146318,0.022574282685962857,35849.9092361699,47119.815008371,113367.36709660412,149005.93835223833,0.026264746876263984,0.03007590855701515,54823.00506588443,62778.12974746089,173365.56418314422,198521.87724754756,0.027908120606454395,0.03247686902052129,58253.25652651399,67789.7092716763,184212.97174585305,214369.88321913124,0.01902497544705895,0.024607586189462526,39711.26507428963,51363.97577633874,125578.0464014509,162427.15313494578,0.0266841888472479,0.03211969908610823,55698.51585639112,67044.18032308383,176134.1723971999,212012.31367998844,0.030099632069570215,0.036310627649481154,62827.648376180754,75792.00107852358,198678.46890091055,239675.35183007285
2024-08-05,1974594.6344085268,-45423.98215875914,2020018.616567286,0.017793298599611217,-1.332498045202403,0.02370774152757149,0.030536163059934465,47890.07924245976,61683.61785960188,151441.72773212392,195060.7267557823,0.03535888087046687,0.04096169270325978,71425.59761932795,82743.3818266931,225867.57171577658,261657.54787733388,0.04060839331012057,0.043763098619656236,82029.71047532998,88402.2739303757,259400.7209062161,279552.53595811257,0.025407885016339754,0.03372433412041129,51324.40074060731,68123.78275456613,162302.00588355193,215426.31633092838,0.038827481475766874,0.045502814525230154,78432.23541547052,91916.53244717322,248024.50589140964,290665.5971578379,0.043797205652334095,0.04935939928008778,88471.17077134084,99706.9054483552,279770.40689915285,315300.9196638545,0.027967836317614087,0.03631205547944086,56495.5500266871,73351.02807429466,178654.6157483177,231956.31742972563,0.04060839331012057,0.047747843866997326,82029.71047532998,96451.53351228271,259400.7209062161,305006.5297148734,0.046715904228760735,0.05361481621410683,94366.99623187109,108302.92687632938,298414.6440412396,342483.926191866
2024-08-06,1996334.6058671349,21739.97145860805,1974594.6344085268,0.01857981008244185,0.537343284168004,0.024755687238088766,0.031885943301848234,48882.44719142572,62961.812556884026,154579.87072780612,199102.73329234333,0.03692183816413417,0.042772309295058986,72905.6635313993,84457.97243528542,230547.95108509655,267079.5594552199,0.04240339312192671,0.04569754486052139,83729.5125392719,90234.12688722849,264775.96699972777,285345.36364028155,0.026530981625319736,0.0352150400672614,52387.933962947565,69535.42916729565,165665.1932334054,219890.33424595976,0.04054376021178222,0.047514160871431975,80057.4913729311,93821.20711515316,253164.01649774276,296688.7073102794,0.04573315951544794,0.05154121700781699,90304.45139375275,101773.01055452094,285567.7492562256,321834.5176846423,0.02920408963459106,0.037917145645262475,57666.23869524918,74870.99234322192,182356.65837192384,236762.86648160848,0.04240339312192671,0.04985842652661831,83729.5125392719,98450.18149951227,264775.96699972777,311326.8095954299,0.04878087239084955,0.05598473477452319,96322.44888473857,110547.15689455795,304598.3282809194,349580.8046427895
2024-08-07,1976537.890151886,-19796.71571524884,1996334.6058671349,0.01700160766684725,-0.6429959660428425,0.022652894732379723,0.029177494048642744,45222.75767731497,58248.04108178789,143006.9163341812,184196.47906150785,0.033785630962861676,0.03913915257545328,67447.42427221693,78134.84473069118,213287.48301193013,247084.07397258974,0.03880157280420056,0.04181591338174907,77460.92255109866,83478.55495992828,244952.94491937233,263982.36945291946,0.0242773924280467,0.03222381135971218,48465.79864432637,64329.509750327925,153262.31233517223,203427.77157304596,0.037099900451127786,0.04347822276821595,74063.81514481214,86797.08071378988,234210.3480592799,274476.4693090494,0.041848502863964694,0.0471632135285838,83543.61447106262,94153.55529101286,264188.10569156107,297739.6845221983,0.026723441845294845,0.034696395240157094,53348.93174363999,69265.61451676935,168704.13504676044,219037.10540421432,0.03880157280420056,0.04562336229114397,77460.92255109866,91079.4969778244,244952.94491937233,288018.6585923475,0.0446373375376702,0.051229290920924694,89111.0616402231,102270.80629947699,281793.9194987649,323408.68604824366
2024-08-08,2035369.907558591,58832.01740670507,1976537.890151886,0.015819437483364774,1.793038739147139,0.02107777447040555,0.027148699821123723,41661.01988083267,53660.433864810766,131743.71246898788,169689.19124563388,0.031436419856648454,0.03641769587040908,62135.27497738879,71980.95575989141,196488.9919694159,227623.76835707304,0.036103588981717935,0.0389083338772894,71360.11159283564,76903.79615114274,225660.48671714676,243191.1565509017,0.0225893162164597,0.029983198016898832,44648.639414455036,59262.92694832743,141191.39497724455,187405.82996488648,0.03452023875189836,0.040455058159634835,68230.55987021656,79960.95530081648,215763.97521836695,252858.74263349432,0.03893865732002655,0.043883821021519304,76963.73158467257,86738.03501367675,243380.6890334056,274289.7504106527,0.024865284853992285,0.03228385610086032,49147.177663335555,63810.26482356155,155417.0219850924,201785.77494097687,0.036103588981717935,0.04245104002446913,71360.11159283564,83906.08908471749,225660.48671714676,265334.35106470005,0.041533576379248996,0.047667172476928324,82092.68742710302,94215.97251705396,259599.8715139135,297937.06512171775
2024-08-09,2045287.643255659,9917.735697067576,2035369.907558591,0.018333597054230214,0.21244736175604886,0.02442763368461838,0.031463402133617896,49719.27051453684,64039.66189218064,157226.13842798825,202511.19216637913,0.03643256311012691,0.04220550588057773,74153.74260958155,85903.81660261507,234494.7236721558,271651.7201656512,0.04184147845322596,0.04509197726580314,85162.8861314573,91778.85359913183,269308.6922889709,290230.2184123989,0.026179402502690796,0.03474838289395972,53284.76805184092,70725.81287868932,168501.23163759033,223654.6580635283,0.04000648873631849,0.04688452012810999,81428.00328098438,95427.34139908013,257497.95568757443,301767.7498755723,0.04512711996800255,0.050858211150335154,91850.38199765881,103515.27252765297,290456.4110691284,327344.03380043857,0.028817087436334373,0.03741468113087628,58653.43259139973,76152.71607468581,185478.43957597532,240816.0328041244,0.04184147845322596,0.04919772040946661,85162.8861314573,100135.55964190947,269308.6922889709,316656.4432440687,0.04813444563746166,0.05524284500163005,97971.40216750436,112439.62432424133,309812.776409671,355565.3121182735
2024-08-12,2036607.5886869612,-8680.054568697233,2045287.643255659,0.016372341935366363,-0.31876298236044964,0.021814462823276985,0.028097572814423186,44616.851256708374,57467.61848281587,141090.8719961444,181728.5661112881,0.032535152761153416,0.037690529130097544,66543.74591382232,77087.97349755597,210429.8011272012,243773.57645897334,0.03736544390558729,0.04026821731456961,76423.08070486016,82360.0872894228,241671.0008342244,260445.4641248594,0.023378834397298053,0.03103113942987393,47816.44110651407,63467.60603206461,151208.8634998864,200702.19269956579,0.03572675407269614,0.04186900108813445,73071.48863851921,85634.15056101912,231072.33611683684,270798.9612666063,0.040299600590597735,0.04541760248746294,82424.275116088,92892.06115390542,260648.44385517755,293750.48979399004,0.025734350312894796,0.03341220771163757,52634.14870217613,68337.57556650376,166443.79260287207,216102.38856402333,0.03736544390558729,0.043934744425861934,76423.08070486016,89859.18988381085,241671.0008342244,284159.7087304035,0.04298521454980867,0.049333185690390295,87917.12816141704,100900.55509499216,278018.37033100944,319075.5712754825
2024-08-13,2065783.8145201807,29176.225833219243,2036607.5886869612,0.014799087306460498,0.8958871191023791,0.01971826273478015,0.02539761475919694,40158.36352137657,51724.974953128454,126991.89583256989,163568.7327670471,0.02940877781212578,0.03406876263792891,59894.14006618409,69384.70052558083,189401.90110628982,219413.6884295175,0.03377491557325363,0.03639875505083047,68786.24936374977,74129.98075527919,217521.2196897573,234419.58209113128,0.02113231037653341,0.028049288455773817,43038.22367933616,57125.39372629853,136098.8132744945,180646.35640899674,0.03229369107886532,0.037845715963158943,65769.57631792953,77076.87232986077,207981.66190892787,243738.47148436902,0.036427122638298205,0.04105332438789192,74187.75439918872,83609.51198920819,234602.27839461292,264396.49194105336,0.023261479546361978,0.03020155460826271,47374.50576820734,61508.7153053315,149811.3412523201,194507.63631570668,0.03377491557325363,0.03971295744446045,68786.24936374977,80879.7105005905,217521.2196897573,255764.10167690326,0.03885466999900645,0.04459265052123263,79131.71577590414,90817.73045120796,250236.4570089354,287190.8801530485
2024-08-14,2072306.320499932,6522.505979751004,2065783.8145201807,0.014392787506599038,0.15191560102372179,0.019176910012355202,0.02470033893536181,39615.35031603337,51025.56038583306,125274.73730413668,161356.9897056925,0.028601377984568806,0.03313342580568552,59084.26371349607,68446.49474899043,186840.84720868582,216446.82126156474,0.03284764613064684,0.035399449716243876,67856.13572177669,73127.6102667376,214579.942098328,231249.80828800413,0.020552135849632176,0.027279212568670816,42456.26959199011,56352.955797215654,134258.5128648364,178203.69320199123,0.03140708773972542,0.0368066852105846,64880.25351393998,76034.65457416498,205169.3762731934,240442.68955850138,0.03542703848912176,0.03992623072751691,73184.6027072112,82478.96121170273,231430.0342093123,260821.37647366183,0.022622849995197532,0.029372389583505732,46733.91735839701,60677.006995387295,147785.62283461413,191877.54370739372,0.03284764613064684,0.03862266273050554,67856.13572177669,79786.07154235015,214579.942098328,252305.71163096998,0.03778793903665935,0.04336838684828575,78061.7128460062,89589.71161303857,246852.8106474044,283307.5436148395
2024-08-15,2109109.998824764,36803.67832483235,2072306.320499932,0.013021307699456737,1.2777494273124057,0.017349554134748355,0.022346658936689738,35953.59069129474,46309.12255655843,113695.23664591915,146442.30372260432,0.025875970391057445,0.029976162182283148,53622.93699045744,62119.7903546764,169570.6157175402,196440.02529293636,0.02971761427547752,0.032026258077896,61583.99989325107,66368.21703678588,194745.70708623974,209874.73008063444,0.018593735553755347,0.0246797932987399,38531.915709751505,51144.09164161056,121848.61625243821,161731.81844786942,0.028414325801398285,0.033299398973570725,58883.18695098196,69006.55496177956,186204.98665460848,218217.88716081696,0.03205121793369382,0.03612168493032595,66419.94150371446,74855.1959882216,210038.2972068868,236712.91402107888,0.020467132630913713,0.02657351277226781,42414.16831355289,55068.45847585625,134125.37693256984,174141.75601811026,0.02971761427547752,0.034942333120367874,61583.99989325107,72411.21777835245,194745.70708623974,228984.37632607136,0.03418714973031123,0.03923584012629122,70846.2464660015,81308.67948383815,224035.50250621955,257120.6207095324
2024-08-16,2111375.030927862,2265.0321030979976,2109109.998824764,0.013674975303385848,0.00785483481522283,0.018220499030779994,0.023468457709909463,38429.036689395005,49497.55881296617,121523.28422466485,156525.02446711343,0.027174940045662014,0.03148096082163186,57314.93776776925,66396.80924151442,181245.74729695762,209965.14657090246,0.031209433850461637,0.03363397120961679,65824.1289916687,70937.74497838701,208154.17261039568,224324.84620787489,0.019527138161852985,0.0259187150509481,41184.88234559676,54665.42107064454,130238.03337814372,172867.23983539705,0.029840720499423587,0.034971023578543516,62937.361977469394,73757.73549864271,199025.41377128224,233242.4392319661,0.03366018404626033,0.037934987847610784,70993.03073424946,80009.06217469182,224499.67511856425,253010.86992605083,0.02149457947841482,0.027907498944989357,45334.43249845828,58859.98506706861,143360.063126286,186131.61585543546,0.031209433850461637,0.036696432761791506,65824.1289916687,77396.81325909511,208154.17261039568,244750.2135374603,0.03590333928401563,0.04120547314591248,75724.09187511531,86906.87541834933,239460.60407321504,274823.6706504826
2024-08-19,2124451.3110682056,13076.280140343588,2111375.030927862,0.012395118040052562,0.42018291404365227,0.01651522077551857,0.021272016737045627,34869.82477569099,44913.20499607771,110268.0679021535,142028.0248056594,0.024631604966330954,0.0285346201175064,52006.5556975899,60247.28443311487,164459.1692647911,190518.64164864933,0.028288505679707043,0.030486127693094126,59727.64455439446,64367.64880087736,188875.39606883915,203548.37784057847,0.017699569990496048,0.02349295156850814,37370.430136093455,49602.43134454564,118175.6763702515,156856.6605308925,0.027047891845112988,0.03169804373468839,57108.2434810089,66926.45807068043,180592.12257145095,211640.04323110846,0.030509887239064268,0.03438460704954064,64417.8141129849,72598.80077266625,203707.0144863715,229577.56583841736,0.019482876125580795,0.025295602803768014,41135.65818221186,53408.504152144604,130082.37290593117,168892.51954333702,0.028288505679707043,0.033261969812745304,59727.64455439446,70228.49254210673,188875.39606883915,222081.99307320575,0.0325431029003207,0.037349003724587576,68710.6948926532,78857.75389412593,217282.2954736828,249370.11347045045
2024-08-20,2117658.5130639425,-6792.798004263081,2124451.3110682056,0.011539390936975188,-0.3612405684540409,0.015375052365241953,0.019803451355079462,32663.550155080582,42071.468194974,103291.21495720073,133041.66400345077,0.022931102244704977,0.026564663257743926,48716.01022800256,56435.333685999474,154053.55083654678,178464.19495938416,0.02633553992839574,0.028381443764263405,55948.57232856941,60294.99541499794,176924.92039294983,190669.51702080286,0.01620727788306214,0.02167668928293964,34431.5727475181,46051.07096675924,108882.19330393887,145626.2729450114,0.02518057488546986,0.029509692236085815,53494.90532888758,62691.90436017176,169165.7440543636,198249.20863158378,0.028403563012224464,0.03201078212218783,60341.98668032866,68005.34804780061,190818.11644938122,215051.79290353518,0.018137828414644442,0.023549259377435263,38532.93335542154,50029.25495907758,121851.83433060654,158206.39531195915,0.02633553992839574,0.030965648875862412,55948.57232856941,65785.0133524036,176924.92039294983,208030.47809818448,0.030296410688108236,0.034770524467125676,64363.24940701234,73868.28629071427,203534.46573564084,233592.0315320479
2024-08-21,2138674.5545071224,21016.041443179827,2117658.5130639425,0.010777552855127824,0.826656095962788,0.014359981425517893,0.01849601463881668,30409.536913188054,39168.24285764545,96163.39923664028,123860.8593767819,0.021417175986017084,0.024810846941810554,45354.26505257771,52540.901242651606,143422.77916912196,166148.9182447502,0.024596850483428995,0.02650768241970729,52087.72982079436,56134.219337688555,164715.8643811843,177511.98778256436,0.015137262874311958,0.02024558018244105,32055.55359027348,42873.22522526494,101368.56100285212,135577.04234922276,0.023518136982522028,0.02756144319488133,49803.382992441715,58365.724813968714,157492.12543780825,184568.62769874852,0.02652834134055658,0.02989740950281854,56177.96787729576,63312.503752202494,177650.33281202923,200211.71622491666,0.01694035720634933,0.021994521983493213,35873.89165236976,46576.88671911643,113443.20615558981,147289.0483520552,0.024596850483428995,0.028921276631989904,52087.72982079436,61245.38766841069,164715.8643811843,193674.92121216707,0.028296221983907997,0.03247495186632378,59921.73537176985,68770.85828106232,189489.16512466918,217472.54881280896
2024-08-22,2127747.009447844,-10927.545059278142,2138674.5545071224,0.01066798831617446,-0.5707288978964474,0.014213997938782575,0.018307984262754786,30399.11570949098,39154.8200870705,96130.44449699696,123818.41284925515,0.021199449100875938,0.024558620017687553,45338.722361612265,52522.89572563762,143373.62886470303,166091.9798005371,0.024346799046043602,0.02623820547609336,52069.87960347173,56114.98240765031,164659.41703771582,177451.1552684542,0.014983377548938605,0.020039763733350098,32044.56830448829,42858.53277485051,101333.82247902305,135530.58074150406,0.023279051740244035,0.02728125372542308,49786.315609914665,58345.72315761498,157438.1536353254,184505.37690769474,0.02625865437847477,0.029593472613609256,56158.71595484103,63290.8068582295,177589.45288773533,200143.1046218108,0.016768141634598655,0.021770925802336513,35861.597840287606,46560.92504151966,113404.3297082841,147238.5730955721,0.024346799046043602,0.02862726310380581,52069.87960347173,61224.39916529007,164659.41703771582,193608.54973762837,0.028008562757600993,0.03214481169660302,59901.20047799708,68747.2908349478,189424.22808883764,217398.0220044538
2024-08-23,2156160.174356855,28413.164909010757,2127747.009447844,0.010244162921290254,1.2006181360281396,0.013649294162330735,0.017580631698266944,29042.244834973135,37407.13652019146,91839.64204277605,118291.75214867019,0.020357222373566554,0.02358293776923341,43315.01902602097,50178.525312481,136974.11701575443,158678.42961585222,0.023379532171162343,0.025195795467066844,49745.72965948033,53610.27845571101,157309.8095909502,169530.58591590112,0.014388107314460575,0.01924360980760986,30614.252309958134,40945.53321912308,96810.76616253881,129481.14498251518,0.022354205086505215,0.026197404756861404,47564.093021395245,55741.44962670657,150410.86878772892,176269.94089993523,0.02521543196097255,0.028417762175546493,53652.05994689492,60465.8084842191,169662.71059208052,191209.67537366573,0.016101965028557288,0.020905995043912242,34260.90793574653,44482.66843421572,108342.5037822968,140666.5486541975,0.023379532171162343,0.027489938921417184,49745.72965948033,58491.6353299493,157309.8095909502,184966.7917106142,0.02689581874072939,0.03086773985259516,57227.49789223823,65678.74115977337,180969.23813195797,207694.41591753278
2024-08-26,2149054.9052611683,-7105.26909568673,2156160.174356855,0.0108379231020944,-0.393683648317177,0.014440418574539295,0.018599619695238327,31135.855431464614,40103.759245056266,98460.22006115285,126819.22194941255,0.021537143869355953,0.024949824405197742,46437.531880499206,53795.81773968408,146848.36965905956,170117.31264869275,0.024734629249930522,0.026656164673118637,53331.82251618236,57474.960669276516,168650.03091898846,181751.78414350937,0.015189984932652561,0.019899507220022497,32752.040560866146,42906.524957139205,103571.04619055566,135682.34534741833,0.02327812701860742,0.02703606560904055,50191.370411141594,58294.08793751224,158719.04938438928,184342.09200468595,0.024734629249930522,0.029417442556564265,53331.82251618236,63428.71807189437,168650.03091898846,200579.21817186993,0.017035248278747344,0.022117723858900717,36730.723898916185,47689.35533198414,116152.74762735545,150806.98299416524,0.024734629249930522,0.02908327858515418,53331.82251618236,62708.20702503502,168650.03091898846,198300.7621844821,0.028454722705950557,0.0326568596603055,61352.93987093831,70413.42021911165,194015.0311395221,222666.78573494524
2024-08-27,2146895.91595315,-2158.9893080182374,2149054.9052611683,0.010223425557507366,-0.19279884610282952,0.013621663756547593,0.017545043045698542,29273.703313826878,37705.260820376796,92571.5780197118,119234.5039630996,0.02031601304009408,0.023535198587091608,43660.227479164045,50578.433969884936,138065.76199523007,159943.05182926863,0.02333220474505323,0.025144791360590373,50142.18905791455,54037.537215245386,158563.52428978254,170881.6967462879,0.01432873058018117,0.018771228470486737,30793.228739504048,40340.40062227762,97376.73932738855,127567.54769007112,0.021958284484131875,0.025503152358453008,47189.55898174381,54807.674675556365,149226.48816116655,173317.08523228814,0.02333220474505323,0.027749508022544046,50142.18905791455,59635.21633443242,158563.52428978254,188583.1123736841,0.01606936965605276,0.020863674824310126,34533.95768379516,44837.182722957616,109205.96290066559,141787.6212696965,0.02333220474505323,0.027434290756880673,50142.18905791455,58957.797123435535,158563.52428978254,186440.92473617973,0.026841373259751538,0.030805253971084186,57683.584867815,66202.18215437455,182411.51178591815,209349.6816811764
2024-08-28,2140921.1660706764,-5974.74988247361,2146895.91595315,0.009612782350944924,-0.39039561062038597,0.01280804444781154,0.016497081060311558,27497.538316353017,35417.51595353094,86954.85112742717,112000.01947850808,0.019102541559563035,0.022129445784230733,41011.1684585512,47509.616776471616,129688.70183387853,150238.59977539704,0.021938576724626332,0.023642897896564586,47099.840771925104,50758.84093543183,148942.77427054656,160513.54874615633,0.013472878308529822,0.01765002666979314,28924.867416716457,37892.77017384307,91468.46205521472,119827.46060263862,0.020646720451843868,0.023979854062200406,44326.35981588998,51482.25075129061,140172.25740237423,162801.17144599307,0.021938576724626332,0.026092035342364622,47099.840771925104,56016.884115427856,148942.77427054656,177140.94123045847,0.015109549353257722,0.019617491612652926,32438.629798401562,42116.71262444974,102579.95433795756,133184.73945202897,0.021938576724626332,0.025795645942252365,47099.840771925104,55380.56692279505,148942.77427054656,175128.72958741468,0.025238143291119546,0.02896526218378548,54183.66675794495,62185.40308688126,171343.79893465736,196647.5109702104
2024-08-29,2150739.031104595,9817.865033918526,2140921.1660706764,0.009221162145734634,0.3914250254900215,0.012286250776440065,0.015824997782614654,26303.89433893282,33880.072705821236,83180.21744343676,107138.19704249896,0.018324313053759114,0.02122790263232961,39230.90967049808,45447.26605684189,124059.0292390997,143716.87416727978,0.021044809487914134,0.022679697421614853,45055.27806860036,48555.44425001378,142477.29930900925,153545.79663136977,0.012923999620202808,0.016930972933419712,27669.264337181576,36247.87831532799,87497.89648676294,114625.85582506353,0.019805582828513017,0.023002926152475227,42402.191483929455,49247.45148139492,134087.50287181203,155734.11563984133,0.021044809487914134,0.0250290581665497,45055.27806860036,53585.240395580375,142477.29930900925,169451.40861769603,0.014493993460870732,0.018818284285306845,31030.497381268127,40288.46313554862,98127.0486526976,127403.3069360627,0.021044809487914134,0.024744743530377422,45055.27806860036,52976.54517317546,142477.29930900925,167526.54531403375,0.02420995327349958,0.027785231105762698,51831.60139281731,59485.989378492704,163905.91517525844,188111.215304621
2024-08-30,2171618.9996253285,20879.968520733528,2150739.031104595,0.008906131280725418,0.9763517295363112,0.01186650452877079,0.01528435413472781,25521.754452806774,32872.657002784,80706.87395441372,103952.46887028147,0.017698283047910483,0.02050267468135083,38064.38813467787,44095.90267922119,120370.16424627017,139443.48794746015,0.020325836712882905,0.021904870498071,43715.57035825599,47111.65995149285,138240.77154543193,148980.14979805518,0.012482465384562609,0.016352544860649076,26846.52550699083,35170.056489686816,84896.16786389769,111217.48394419656,0.019128946869631822,0.02221705647476769,41141.37265644322,47783.09051653793,130100.44366013262,151103.39967425144,0.020325836712882905,0.024173967916540227,43715.57035825599,51991.89633477329,138240.77154543193,164412.81228924383,0.013998822112048056,0.018175378295509036,30107.813105871814,39090.49550524259,95209.26478122319,123615.00066114108,0.020325836712882905,0.023899366577277016,43715.57035825599,51401.30051642631,138240.77154543193,162545.1843266963,0.02338284684146366,0.02683597923800563,50290.40136027669,57717.18798509125,159032.21274250446,182517.77417299288
2024-09-03,2123542.465346526,-48076.534278802574,2171618.9996253285,0.009248706662137668,-2.5250277271769814,0.012322951013427003,0.01587226860424345,26760.754552210277,34468.520068131664,84624.93628970382,108999.03099051824,0.018379049575415123,0.021291312461049372,39912.29325302731,46236.61866737433,126213.7533201374,146213.0262935621,0.021107672399440607,0.022747443903866495,45837.82242049237,49398.781374547834,144951.9218310883,156212.66278027446,0.012962604875582266,0.01698154741137742,28149.839032450363,36877.45100158552,89017.60710965366,116616.73946626791,0.019864744048375522,0.023071638150671432,43138.65559814645,50102.80776047866,136416.40688771612,158438.9896926726,0.021107672399440607,0.025103822419940466,45837.82242049237,54515.93773036301,144951.9218310883,172394.53200785743,0.01453728844195,0.018874496347515656,31569.45178357231,40988.21487662387,99831.37211895351,129616.11623452889,0.021107672399440607,0.024818658508043948,45837.82242049237,53896.670361281045,144951.9218310883,170436.23664093827,0.024282270780178177,0.027868228318246244,52731.840580281874,60519.174101800156,166752.72144658578,191378.43227396338
2024-09-04,2119336.104761241,-4206.360585284419,2123542.465346526,0.013001763337349396,-0.22679415012792228,0.01795685264700846,0.023374557765053323,38132.139139892635,49636.86602278612,120584.41173651477,156965.55254462743,0.029673009553143028,0.03169287031306629,63011.89586073236,67301.15595851652,199261.11060525032,212824.94199112483,0.03112223455665619,0.032702800693027924,66089.38669753453,69445.78600740859,208992.99112784272,219606.85768406204,0.018261205684870208,0.024388513624114396,38778.44574024928,51790.044347489216,122628.21266044195,163774.5002591948,0.028371677252933245,0.033073242957782766,60248.46145970981,70232.43588757464,190522.36373355595,222094.46302648526,0.03112223455665619,0.035773842660945854,66089.38669753453,75967.27403914368,208992.99112784272,240229.61359787337,0.02075334195454859,0.02681483304156551,44070.6029383416,56942.43666494151,139363.48314206858,180067.79538109738,0.03014396787777358,0.03507103946955825,64011.99586249379,74474.84161745105,202423.70449875487,235510.12789144376,0.03413583644832996,0.03917694900070589,72488.8982881524,83193.9148657141,229230.02366684223,263082.25844179775
2024-09-05,2098409.880794777,-20926.2239664644,2119336.104761241,0.011900543799566994,-0.914996860546095,0.016435948408184138,0.02139478632713176,34833.29887745769,45342.74311674249,110152.56287015273,143386.34360882832,0.027159773692984193,0.02900855687868044,57560.68898468594,61478.88194000751,182022.88088017248,194413.294931015,0.028486252662201603,0.02993294847152856,60371.94375635488,63437.97841766828,190912.8490416629,200608.5019564362,0.016714523441710583,0.02232286245023122,35423.69300389536,47309.648352394004,112019.55302688121,149606.24409519735,0.02596866125426209,0.030272015125992407,55036.32138847198,64156.574620394116,174040.1296246121,202880.90267499795,0.028486252662201603,0.032743880227571916,60371.94375635488,69395.28757627089,190912.8490416629,219447.1676234017,0.0189955814845532,0.024543678177292694,40258.02167114773,52016.30330477697,127307.04257324497,164489.99390523887,0.027590842927565345,0.032100602854759144,58474.26957718557,68031.96661469282,184911.87637859746,215135.9682029641,0.031244609384731593,0.035858751264684234,66217.82874822358,75996.7462268981,209399.1605553629,240322.81283880546
2024-09-06,2070529.936531081,-27879.94426369597,2098409.880794777,0.01181059256232363,-1.2142669986713375,0.01631171594288805,0.021233072078346515,34228.66590727398,44555.68824883002,108240.54553593954,140897.45758270196,0.02695448431393728,0.028789293320154924,56561.55621609381,60411.73756411217,178863.3456465114,191038.68811094682,0.028270936982973116,0.029706697823263746,59324.01350439727,62336.82823812134,187599.00261648276,197126.35934316454,0.016588185344154925,0.022154133261882293,34808.81203062981,46488.45213717803,110075.12866146097,147009.39364920504,0.025772374996363555,0.030043201614585312,54081.00634391754,63042.951118755416,171019.15820079486,199359.3159539274,0.028270936982973116,0.03249638292087525,59324.01350439727,68190.73101125527,187599.00261648276,215638.02530744366,0.018852001822525076,0.024358162770960527,39559.22689714777,51113.40943659106,125097.25947038247,161634.79279637153,0.027382295276321703,0.031857967812892525,57459.27896667361,66851.07444061564,181702.19424569482,211401.6592618122,0.031008444439778026,0.03558770994954889,65068.426200506074,74677.602192992,205764.43055617524,236151.31312983978
2024-09-09,2091935.9188205013,21405.982289420208,2070529.936531081,0.012349427182743454,0.7546418601591156,0.017055905298511104,0.022201788446581952,35314.76251520633,45969.46762317782,111675.08457598866,145368.22051460884,0.028184228651257387,0.03010274714192224,58356.289160465436,62328.63912917544,184538.789542466,197100.46310688823,0.02956074183550255,0.03106200638725467,61206.40091647477,64314.81411353045,193551.6342774776,203381.29988909935,0.017344988062240805,0.023164871201058816,35913.31703164381,47963.55929767898,113567.88015171181,151674.0920692116,0.02694818796469702,0.03141386248979261,55797.02991617176,65043.3427071864,176445.7012076567,205685.10958561144,0.02956074183550255,0.033978965277669554,61206.40091647477,70354.46481976495,193551.6342774776,222480.35239264488,0.019712086631360072,0.02546945514020915,40814.46548172514,52735.269334938464,129066.67240457288,166763.5641208385,0.028631557631583027,0.03331142375959649,59282.497205707594,68972.30012271726,187467.7165526035,218109.56384849758,0.032423142584798934,0.037211327907842366,67133.08735824193,77047.1684112621,212293.4624111007,243644.539446165
2024-09-10,2086848.4633280772,-5087.455492423847,2091935.9188205013,0.011930349413946916,-0.2850574967760203,0.016477113211110242,0.021448370832323073,34469.064964793324,44868.617344318605,109000.7541050585,141887.02627058222,0.027227796949313744,0.029081210521623668,56958.806428620686,60836.02885296524,180119.56111908227,192380.41497509094,0.028557598163405463,0.030007917307778624,59740.66535327027,62774.6400651375,188916.5714502417,198510.84190309522,0.016756385952251145,0.022378771376852857,35053.28564313344,46814.95566231062,110848.22210478186,148041.88845269804,0.026033701299183025,0.030347833174692113,54460.83484760492,63485.72227651084,172220.28139270065,200759.48129466426,0.028557598163405463,0.03282588920832126,59740.66535327027,68669.65670210951,188916.5714502417,217152.52132051275,0.019043157039602337,0.024605149267987216,39837.064218883614,51472.39554164242,125975.85822606875,162770.00653668633,0.027659945822236926,0.032181000709358594,57862.83417816649,67320.59128749528,182978.3478756433,212886.40189777236,0.031322863353160035,0.03594856162380242,65525.422928781845,75202.08729076454,207209.58110077173,237809.8806376171
2024-09-11,2100236.012741424,13387.549413346684,2086848.4633280772,0.011048269670417004,0.4913685990559954,0.015258864919205343,0.01986256870813776,31842.938808774376,41450.17098632564,100696.21402909592,131076.9497202171,0.02521468842108753,0.026931068406886832,52619.23378484277,56201.05872069512,166396.62749298554,177723.35247026547,0.026446169739158386,0.02778925839978648,55189.14868107617,57991.971188621275,174523.41195787836,183386.71495890536,0.015484797986164454,0.019918846189465943,32314.426882372994,41567.61356175533,102187.19023127266,131448.33575285104,0.02372991783583471,0.02572640044522751,49520.7425706132,53687.09923608579,156598.33794599937,169773.514553517,0.02521468842108753,0.026931068406886832,52619.23378484277,56201.05872069512,166396.62749298554,177723.35247026547,0.017635186284122587,0.02278594825360208,36801.96139752561,47550.82109850259,116378.0203777743,150368.89928245798,0.025614886028061265,0.029801673175241055,53454.38554598349,62191.575870357374,169037.6092500911,196667.03102549797,0.029006982877699823,0.03329067651774479,60533.177644111725,69472.59713420783,191422.7153629785,219691.6419113832
2024-09-12,2117015.937302756,16779.924561331514,2100236.012741424,0.010481562672824785,0.6670625518999228,0.014476180772005147,0.01884374340672447,30403.39618432016,39576.3085176615,96143.9805469242,125151.27629733252,0.02392133291867803,0.02554967336729223,50240.44486858452,53660.344119767586,158874.2364448459,169688.9074468887,0.025089646962490227,0.02636384359159933,52694.180097590455,55370.29374535912,166633.62854349954,175096.2429479101,0.014690524888490321,0.01889713420593618,30853.569416881568,39688.44179691498,97567.55330345892,125505.87286127722,0.022512721759795382,0.024406797322739666,47282.02898474975,51260.03469289882,149518.90398590793,162098.46256881004,0.02392133291867803,0.02554967336729223,50240.44486858452,53660.344119767586,158874.2364448459,169688.9074468887,0.016730611742661616,0.021617171901530736,35138.23329713248,45401.16292121686,111116.85017330674,143571.08325142905,0.02430100289634354,0.028273034100328977,51037.841428634354,59380.04440697725,161395.82577298663,187776.1878879905,0.027519106434943718,0.03158307343599698,57796.61837313306,66331.90822333789,182768.955114636,209759.91153100063
2024-09-13,2137622.5980746225,20606.660771866795,2117015.937302756,0.01019646812883861,0.8552783699561962,0.014082434125185355,0.018331200706630614,29812.737479033593,38807.444045832555,94276.1537184125,122719.91335437068,0.023270681702550346,0.02485473190627048,49264.40403619871,52617.86356296192,155787.72432518014,166392.29447094223,0.02440721804584687,0.025646757008130548,51670.46958828125,54294.59332634352,163396.37166943145,171694.57954382332,0.014290948162697296,0.018383139296278786,30254.165019597716,38917.398867878765,95672.0701685215,123067.6210317552,0.021900384234911148,0.023742941658266098,46363.462458360926,50264.18588899886,146614.1415801301,158949.3121433318,0.023270681702550346,0.02485473190627048,49264.40403619871,52617.86356296192,155787.72432518014,166392.29447094223,0.016275545425331817,0.02102919299438589,34455.58905372242,44519.1367177304,108958.13953252856,140781.87149246066,0.023640024800290933,0.027504018256457045,50046.30926044831,58226.44498878553,158260.32574819357,184128.18621905957,0.026770597138680272,0.030724025772974152,56673.7807936977,65043.25221948691,179218.23092119,205684.82343838082
2024-09-16,2150264.4715677067,12641.873493084218,2137622.5980746225,0.01020317000539554,0.48324506994758754,0.014091690147362404,0.01834324933393213,30122.71530406738,39210.94429833059,95256.38966966444,123995.89318871753,0.023285976923816717,0.02487106828304199,49776.6304905948,53164.95760008755,157407.52659886415,168122.357722556,0.024423260283254415,0.025663613962654624,52207.71310014304,54859.121154833934,165095.28482506238,173479.7732844019,0.014300341235794538,0.018395222061480986,30568.732585812777,39322.0423752226,96666.82015577692,124347.21615536079,0.02191477879485456,0.02375854728386915,46845.52638368765,50786.80757142313,148138.56156196387,160601.98701438168,0.023285976923816717,0.02487106828304199,49776.6304905948,53164.95760008755,157407.52659886415,168122.357722556,0.016037531604057225,0.020953374373736827,34282.18997416867,44790.40656721753,108409.80349696199,141639.70207737107,0.023655562781287137,0.027522095941087173,50566.66557145235,58831.854230045785,159905.8368858093,186042.65833795635,0.02678819276445105,0.030744219885823876,57263.04621486965,65719.5391881123,181081.65179847178,207823.4306111279
2024-09-17,2155507.3261654032,5242.854597696569,2150264.4715677067,0.009773603745096324,0.1503368113901301,0.013498412309720108,0.017570975519622806,29025.156412163335,37782.24439063084,91785.60370507711,119477.94738751398,0.02230560807577359,0.023823965099781973,47962.956562049665,51227.82572593017,151672.18605179604,161996.60887210796,0.023395010378700832,0.024583143611786165,50305.45962927816,52860.26030787042,159079.83117016862,167158.82028226394,0.013698278925511119,0.01762076013012579,29454.92249515122,37889.29446982625,93144.64338840776,119816.46946147288,0.02099213910863821,0.0227582826306803,45138.65090751173,48936.326574648294,142740.9473749635,154750.2522977145,0.02230560807577359,0.023823965099781973,47962.956562049665,51227.82572593017,151672.18605179604,161996.60887210796,0.015362331399420602,0.020071211020032457,33033.07540862313,43158.41195771402,104459.75641134639,136478.8819822229,0.02265963390488331,0.026363381166879047,48724.205724401596,56688.241873537205,154079.46727172344,179263.9608709084,0.025660376234890675,0.02944984965037878,55176.59534494574,63324.965396220134,174483.71482347252,200251.1234034026
2024-09-18,2150495.7441313025,-5011.582034100778,2155507.3261654032,0.009239454921438635,-0.3564773917848125,0.012760694550280458,0.016610683272350806,27505.77059008846,35804.44948616528,86980.88386275317,113223.61074472767,0.021086557802672257,0.022521933294032213,45452.2298272703,48546.192214694944,143732.57098761573,153516.53912676993,0.022116421886762817,0.023239621039712194,47672.10940548212,50093.17340840728,150752.446586059,158408.52319634706,0.012949638018326012,0.01665774704498989,27913.039619691754,35905.89579288581,88268.78161674611,113544.41213417659,0.019844872787700706,0.021514492702963392,42775.76868070932,46374.6466399697,135268.85769553733,146649.5090677788,0.021086557802672257,0.022521933294032213,45452.2298272703,48546.192214694944,143732.57098761573,153516.53912676993,0.014522746384552657,0.018974275433594895,31303.886227945375,40899.18970579403,98991.58009508427,129334.59392562101,0.021421235345817514,0.024922564718289852,46173.629723422935,53720.77083710518,146013.83776326702,169879.99350520267,0.02425798054360255,0.02784035094775969,52288.254779713105,60010.08043091194,165349.97997907925,189768.53673158048
2024-09-19,2191628.431580851,41132.68744954839,2150495.7441313025,0.008899815923271855,2.020324073136138,0.012291616065692243,0.0160000806043951,26433.068037767112,34408.10524550946,83588.70054554177,108807.982546597,0.020311423616967465,0.02169403522798774,43679.63004553656,46652.93043082218,138127.1182974198,147529.51968277857,0.021303430272373906,0.02238534103349788,45812.936136138036,48139.58062346501,144873.22449003,152230.72037545798,0.012473614040660252,0.01604541432989125,26824.45390837633,34505.59522925455,84826.37134067484,109116.27294428427,0.019115382490960085,0.02072362778616555,41107.54869425168,44566.073357110225,129993.48290011592,140930.29817861487,0.020311423616967465,0.02169403522798774,43679.63004553656,46652.93043082218,138127.1182974198,147529.51968277857,0.013988895516225494,0.018276787978544536,30083.060272740386,39304.154764250176,95130.9894499858,124290.65056278891,0.020633798535506693,0.024006420315330994,44372.89593586984,51625.704719946545,140319.4175349775,163254.81272633624,0.02336626601288264,0.026816949785579833,50249.05561694402,57669.73638447228,158901.4660220205,182367.71903641627
2024-09-20,2184695.2104785894,-6933.22110226145,2191628.431580851,0.011270497700632563,-0.3668385936090995,0.015016779765586798,0.01943862204562441,32911.20148504805,42602.23674594478,104074.35722546784,134720.1015349056,0.022396757032799135,0.026364398628415765,49085.36948829096,57780.96561556718,155221.56737393313,182719.45674906537,0.026978115499281894,0.028348219426224085,59126.00495869822,62128.7636792053,186972.8446158962,196468.40143663154,0.0157962636054338,0.02031949951210381,34619.540430414556,44532.792846219934,109476.59930839596,140825.05596250753,0.024207228134655066,0.026243868561595794,53053.249429673924,57516.808494264194,167769.10547079868,181884.11858559455,0.025721863816644815,0.027472767556364325,56372.768053809516,60210.09847074003,178266.34505841552,190401.0493105595,0.017715177045150292,0.023145253639291808,38825.08568263982,50725.79593202208,122775.70110833511,160409.0512700935,0.026130111111809358,0.030401112483334238,57267.494433008105,66627.94247016284,181095.71829931857,210696.05401637996,0.02959043755971831,0.033960294628795344,64851.24425879654,74428.34725333033,205077.6409537152,235363.09980246107
2024-09-23,2193200.8791173627,8505.668638773263,2184695.2104785894,0.010559675960670529,0.27650482418419364,0.014069682857789905,0.01821264289972036,30737.96875236632,39789.07371317595,97201.99190456173,125824.09892196923,0.02098421055735221,0.024701616007462717,45844.104300321625,53965.502182585056,144971.78687933623,170653.90197175666,0.025276626220860764,0.026560318732517966,55221.72424177204,58026.20112371676,174626.42492573438,183494.95951796684,0.014679177302969327,0.019000239893008725,32069.528347563104,41509.73309220039,101412.75306563538,131265.3016370174,0.02268049662027237,0.024588687680520645,49549.97233758488,53718.78820758735,156690.77058510584,169873.72388017006,0.02409960537883086,0.025740080947955598,52650.29244555583,56234.231564329784,166494.8436019132,177828.25421261563,0.016597894267987533,0.021685500050697346,36261.340111302394,47376.2080975917,114668.42576173914,149816.7244905025,0.02448210482679364,0.02848373738188044,53485.937157530825,62228.28463472415,169137.38420642956,196783.11433098742,0.027724191110703338,0.031818444609491514,60568.907533946665,69513.6035432344,191535.7031954038,219821.3155625717
2024-09-24,2196750.073919114,3549.194801751524,2193200.8791173627,0.009921046871202339,0.06562076276009039,0.013218775236567216,0.017111176946107972,28991.42946969404,37528.24832093676,91678.94974836068,118674.7412905498,0.019715125470711,0.02320770931960663,43239.23051427248,50899.16848206147,136734.45269815478,160957.30341196948,0.023747944010499546,0.02495400124405445,52084.01168105751,54729.13746595598,164704.1065909571,173068.72876887687,0.013791408618584229,0.017851141573349796,30247.329506545702,39151.13939191927,95650.45437830134,123806.77346920455,0.021308823383400514,0.023101610682787523,46734.53017743062,50666.47285851665,147787.56073855382,160221.45524001474,0.022642107147166548,0.02418336987842515,49658.68930023519,53038.98807738238,157034.56380737628,167724.00711504335,0.015594085236068993,0.02037400231121938,34200.9614487776,44684.27978010552,108152.93634574937,141304.09970934133,0.023001473757049414,0.026761095196969467,50446.85246495572,58692.45751213687,159526.95457573963,185601.8472110122,0.026047484837592828,0.02989412568295096,57127.366644604765,65563.82272829297,180652.5953244819,207331.01192892072
2024-09-25,2187357.119310038,-9392.954609076029,2196750.073919114,0.00934103075724626,-0.5621377281217438,0.012168837714412762,0.01605448406389184,26731.895148645937,35267.68905408764,84533.67484252653,111526.22522150623,0.018562516213832,0.021850912446440652,40777.2088648602,48000.9935319186,128948.85663736741,151792.46951187306,0.02235956329037629,0.023495110562744975,49118.37231093323,51612.88586544779,155325.93146269725,163214.27594912585,0.012985118784781422,0.01680750677356789,28525.060650317067,36921.891747231275,90204.16204944577,116757.27344342472,0.02006304145209123,0.02175101667508753,44073.48779292366,47781.547488814416,139372.60585326626,151098.52019215235,0.021318377185019406,0.022769532770169788,46831.14665702693,50018.97279597417,148093.08887358537,158173.88025727903,0.014682405164727044,0.019182873008062134,32253.57463092452,42139.97769844147,101994.75851594619,133258.3100757752,0.021656734074128266,0.025196556026571032,47574.43217818787,55350.53631387702,150443.5640722792,175033.76446371194,0.024524665609948204,0.02814641953521874,53874.56099149527,61830.64919455017,170366.32067478434,195525.68066163402
2024-09-26,2197427.7444507265,10070.625140688382,2187357.119310038,0.009133976105328147,0.39714489884515136,0.011899101480512542,0.015698618025553907,26027.584336791722,34338.48390152423,82306.4484963849,108587.82052584161,0.01815105676858847,0.02136656193007165,39702.843245772645,46736.30135292106,125551.41424127387,147793.16168723948,0.02186393794511785,0.02297431451081324,47824.24032040641,50253.03040649526,151233.52677974507,158914.03541022225,0.012697288745466695,0.01643494912387674,27773.5049333318,35949.10297161006,87827.53419525143,113681.0452302152,0.019618321145281527,0.021268880462975003,42912.27442604221,46522.63710044255,135700.52676448817,147117.49599485012,0.020845830923025888,0.02226481998155079,45597.27667741402,48701.112496801514,144191.249401503,154006.44007398252,0.014210610133037364,0.018753811519979232,31083.679244238647,41021.28314242518,98295.22446989542,129720.68727273289,0.021176687743917517,0.024638045486011062,46320.97870006361,53892.204199710846,146479.7961403465,170422.11339797813,0.02398104829048517,0.027522521889331537,52455.116706710556,60201.584195995696,165877.64372315592,190374.12480974296
2024-09-27,2198374.160476566,946.4160258392805,2197427.7444507265,0.008839716415898322,-0.06056043195665026,0.01151576065875288,0.015192872180435892,25305.051969997756,33385.238847183435,80021.60053412375,105573.39498583371,0.01756630328708633,0.02067821790494787,38600.68221047949,45438.88973013022,122066.07502145828,143690.3858964452,0.021159570480691225,0.02223417521387864,46496.6272349315,48857.99348995559,147035.24557820053,154502.5413339387,0.012288233565142505,0.015905481675175415,27002.505366334804,34951.14672188307,85389.41948853734,110525.23047587814,0.01898629835249388,0.02058368333881083,41721.018764189175,45231.15685169108,131933.4455974612,143033.47685567464,0.020174262740387652,0.021547537722714977,44331.48466956637,47349.15721649252,140188.46361266673,149731.18209351468,0.013752801871209676,0.018149639723397074,30220.78839573001,39882.52187997774,95566.52401649281,126119.60797223022,0.02049446069549744,0.02384430752028085,45035.096539841004,52396.142892280244,142413.4797114655,165691.15214724804,0.023208476111536355,0.026635857784883532,50998.9493139119,58530.37289374694,161272.8381074431,185089.29064322083
2024-09-30,2197281.4056472653,-1092.7548293005675,2198374.160476566,0.008486006776472866,-0.17241733393747846,0.011054972624535904,0.014584949359392212,24302.966162555535,32063.17580354708,76852.72697167742,101392.66455760827,0.016863410738345883,0.01985080618097382,37072.08642468264,43639.49937288135,117232.23071660537,138000.2139677947,0.020312898065763734,0.02134450390228779,44655.3502321694,46923.2058469807,141212.61644618417,148384.20559338937,0.011796536042393339,0.015269044721372664,25933.200018728006,33567.07337062677,82007.97907590178,106148.40623716595,0.018226586566694215,0.01976005429130833,40068.85694190985,43439.99276362632,126708.8511758842,137369.31867429157,0.019367016120264972,0.020685341308280186,42575.94780432362,45474.11983276168,134636.96860210758,143801.7932629621,0.013202501571733275,0.01742340573350134,29024.03830894968,38303.16495202859,91782.0679522628,121125.24284154444,0.019674401774853106,0.02289020887972043,43251.69648467135,50321.24372908864,136773.87355785945,159129.74487638514,0.022279819429489204,0.02557005892781449,48979.37933387281,56212.5568287705,154886.39707641877,177759.71268056644
2024-10-01,2182058.952786388,-15222.452860877384,2197281.4056472653,0.008229575625058749,-0.962127824687509,0.010638557535431012,0.014137884672094422,23375.90465551116,31064.91110517856,73921.10107834896,98235.87440302275,0.01635383020814973,0.019250952183732337,35933.96702747995,42299.75927431968,113633.18117222699,133763.58378368136,0.019699080521568185,0.02069951317152364,43284.42333839001,45482.655397739545,136877.36495626156,143828.7850894085,0.011440066928034892,0.014807642931104162,25137.0463403313,32536.558473979345,79490.320084647,102889.63200102706,0.01767581342889699,0.019162942645348537,38838.73617700559,42106.377552109356,122818.86776171823,133152.05708365075,0.018781781348010933,0.02006026923035274,41268.85892091705,44078.05657213205,130503.59062625654,139387.0536016912,0.012803546825553657,0.01689690320864074,28132.995366123123,37127.25123336791,88964.3427599117,117406.67715873827,0.01907987838671524,0.02219850985404795,41923.862001140544,48776.37293537715,132574.89223418877,154244.43447758473,0.02160656522405512,0.024797379878020987,47475.70400672115,54486.821714747166,150131.3581812207,172302.4590821223
2024-10-02,2181962.9027887075,-96.04999768035486,2182058.952786388,0.00864134371436425,-0.11687488137191482,0.011170859407230116,0.014845275918433236,24375.473779864515,32393.267224401407,77082.01619008565,102436.50528358914,0.01717209663213539,0.020214176553877233,37470.52719426401,44108.52492259251,118492.21106115283,139483.4029856945,0.020684727062410733,0.021735216514748155,45135.29387247622,47427.52378675676,142730.3314980663,149978.99894796533,0.012012472446266015,0.015548545635527067,26211.92304647456,33927.84320680956,82889.37867991919,107289.26063058937,0.018560225487809865,0.020121763444627568,40499.50619140962,43906.874070199454,128070.68367694561,138845.72700001803,0.019721530682821738,0.021063987904106015,43033.54258910262,45962.86338753871,136084.01036742373,145347.3360877848,0.013444174271352733,0.017742342374205532,29335.980831625646,38714.83702103648,92768.51682297757,122427.0642286834,0.020034543052965627,0.023309215728139165,43716.55403370798,50862.08286201535,138243.88220033862,160840.02838418414,0.02268765305702589,0.02603812061574068,49505.796470794805,56816.714203308766,156551.074228437,179670.22604929478
2024-10-03,2172696.530767808,-9266.372020899318,2181962.9027887075,0.008338692849970466,-0.6262115493652787,0.0107796158266745,0.01432534108683875,23520.721840117785,31257.362821277016,74379.05322603897,98844.46016550198,0.016570668189874696,0.01950620355693811,36156.58326472749,42561.81253548409,114337.15552606563,134592.26895723582,0.01996027369819819,0.02097397124046982,43552.576738977616,45764.42717086239,137725.34046443793,144719.82567282094,0.011591752557144421,0.015003979774914881,25292.774057995266,32738.127263056333,79982.77436728476,103527.04847971241,0.01791017979203552,0.019417027086378012,39079.34788849747,42367.23278492033,123579.74880174387,133976.95375890692,0.01903081191203579,0.02032625146432514,41524.52560201152,44351.126647912104,131312.07966033096,140250.57700199095,0.01297331104697688,0.01712094187985905,28307.28343084248,37357.26004265401,89515.49001340769,118134.02887798562,0.019332861465802813,0.022492843353466005,42183.586523135054,49078.54977550037,133396.2132878899,155200.00154852666,0.02189305003743285,0.025126172199842804,47769.823010575405,54824.37562913793,151061.44413654,173369.89828470262
2024-10-04,2196841.5661347043,24145.035366896074,2172696.530767808,0.008371587666380706,1.2047539199541712,0.010822139695819367,0.014381852277926365,23513.22537259132,31247.400550265713,74355.34731424986,98812.9566984384,0.016636036839099238,0.01958315242607274,36145.05952603637,42548.24733762543,114300.7142646411,134549.37203509163,0.020039013801786812,0.02105671021955949,43538.695767150435,45749.84124341996,137681.4449773274,144673.70092031691,0.011637480176460864,0.01506316808763952,25284.71280627566,32727.693046386747,79957.28245105885,103494.05258943683,0.017980832601382668,0.01949362416852636,39066.892613340824,42353.72960304873,123540.36176336477,133934.25294853316,0.019105885436777315,0.020406435291965435,41511.29100573326,44336.991164191066,131270.22819217888,140205.87667760425,0.01302448869469714,0.017188481271229048,28298.261401993015,37345.3536271668,89486.95985312764,118096.37748627772,0.019409126527970732,0.02258157404135304,42170.14187255545,49062.90757892414,133353.69756971326,155150.53657973767,0.02197941463612941,0.025225290951004002,47754.59792822555,54806.90213685498,151013.29819875082,173314.64225041113
2024-10-07,2181961.142056082,-14880.424078622367,2196841.5661347043,0.009109979657179842,-0.8520913891459049,0.011776675632508326,0.015650362500607733,25871.49054038,34381.36686641094,81812.83657110123,108723.42836770465,0.018103370975724363,0.021310428479584143,39770.23784662786,46815.63507609123,125764.53468197428,148044.0369477185,0.021806497806544273,0.022913957231514036,47905.42079324171,50338.333690822925,151490.24197543404,159183.78808059063,0.01263109842913057,0.016385210685977432,27748.522055052803,35995.71190482975,87748.53139738305,113828.43561850012,0.019566780609080108,0.021213003637667285,42985.11695746571,46601.60813379418,135930.8750743188,147367.2243294184,0.02079106551800573,0.0222063266603446,45674.67693418495,48783.78143861027,144436.01050438103,154267.8622218541,0.014173276537538434,0.01870454219186486,31136.44302598619,41090.91576260905,98462.07819818167,129940.88495195934,0.021121053123951374,0.024573317313508425,46399.607423235626,53983.68489213289,146728.44199508094,170711.4007479611,0.0239180461569993,0.027450215725858804,52544.15797842449,60303.77490593114,166159.21694752987,190697.28020884856
2024-10-08,2188618.615371213,6657.473315130919,2181961.142056082,0.009258333565358143,0.2247229178145502,0.011968456066842645,0.015905225028159303,26114.70606825602,34704.58296710145,82581.95160150963,109745.52742232497,0.018398180177996687,0.021657463870317292,40144.11423293522,47255.74460051585,126946.83562605854,149435.78546483378,0.022161611571340962,0.023287105716477595,48355.7752940064,50811.55978430617,152914.3879523585,160680.26038422144,0.01283679294076095,0.01665204004598306,28009.383385360212,36334.10431629681,88573.44735461597,114898.5263816529,0.019885421098198724,0.02155845248742055,43389.21612969179,47039.70561041393,137208.74885914187,148752.61019270914,0.021129643203232098,0.022567951545395763,46104.06041496184,49242.39332785806,145793.84029328712,155718.12035391,0.014404085062382775,0.019009141328116725,31429.15389298967,41477.20772180303,99387.71123379529,131162.44738482113,0.021465004580891258,0.024973488092977874,46835.80590956052,54491.180600477965,148107.82272378542,172316.24308909205,0.024307545997493817,0.027897236129472883,53038.12082527235,60870.68520527284,167721.26462307005,192490.0079837762
2024-10-09,2205076.38649817,16457.771126957145,2188618.615371213,0.008852939444284329,0.7371154151801119,0.01144439396715953,0.015208783851650188,25047.41367816735,33286.227454878695,79206.87671946452,105260.29347184628,0.01759258011725529,0.020709149741385224,38503.4483370344,45324.43063250564,121758.59451565123,143328.43444902395,0.021191222355925445,0.02226743455345019,46379.503730649034,48734.92178024126,146664.86853712745,154113.35441571032,0.012274709024158727,0.015922898123101163,26864.656668538802,34849.15124287855,84953.50363101374,110202.69245118396,0.019014699304543508,0.020614473764235357,41615.92486360997,45117.22102648698,131601.10950343963,142673.18014093887,0.02020444072759131,0.021579769944830563,44219.815089570635,47229.88621668438,139835.33339452583,149354.0140753155,0.01377337421549926,0.018176789146519594,30144.663204515557,39782.059093750206,95325.7950249393,125801.91674766461,0.02052511765583217,0.023879975401505896,44921.65458423863,52264.15869834246,142054.7447495383,165273.78147926324,0.023243192874380335,0.02667570145033661,50870.48460553233,58382.93677229157,160866.59703001435,184623.05669004063
2024-10-10,2197026.9121355577,-8049.474362612236,2205076.38649817,0.008904308011280641,-0.5191919316075337,0.01151079926925541,0.015297031764914783,25382.191658355496,33731.12352832602,80265.53764732978,106667.17838600537,0.017694659842986914,0.020829313146164166,39018.07658688786,45930.22656558251,123385.99193345437,145244.12939481382,0.02131418295360884,0.02239663979775279,46999.40152850467,49386.30155492983,148625.1574948739,156173.1981254935,0.01234593217177382,0.016015289634887686,27223.723501286517,35314.936996819735,86088.97265471925,111675.63633529685,0.019125030778206844,0.020734087818224566,42172.15376007463,45720.24744354635,133360.05971666993,144580.1171080971,0.02032167559332942,0.021704985062945003,44810.846984926895,47861.15003159552,141704.3403536579,151350.24553488166,0.013853293263924576,0.0182822587046169,30547.569851514243,40313.776961401345,96599.89771387659,127483.35628205017,0.02064421322720101,0.02401853730221725,45522.06710513413,52962.70944334472,143953.4158512515,167482.79289467787,0.023378059888651697,0.026830485357506557,51550.40782260589,59163.26970012262,163016.7030299959,187090.68607521453
2024-10-11,2222519.837429196,25492.925293637905,2197026.9121355577,0.008741342305356826,1.2092690011940719,0.011300129835281983,0.015017067103208317,24826.689358740463,32992.900567094235,78508.885135085,104332.71240747876,0.017370814045116832,0.020448097254207997,38164.14594282401,44925.01996946017,120685.62613439807,142065.38703204223,0.020924093025584813,0.021986738858753574,45970.79548923776,48305.45698277824,145372.41959578588,152755.26748086428,0.012119978223515095,0.015722179493412643,26627.918331559573,34542.05146445337,84204.87127667891,109231.55768242734,0.018775006482367497,0.020354614730175205,41249.19451728094,44719.63634834577,130441.40632193752,141415.90699522768,0.0199497504303155,0.021307742715940884,43830.13858579108,46813.68418378252,138603.06809193123,148037.86768455326,0.013599751751965983,0.017947658734365955,29879.020597431965,39431.489249226805,94485.75934296998,124693.31755999954,0.02026638501443586,0.023578952566182226,44525.79328841636,51803.59334787012,140802.92141723423,163817.34596041695,0.022950197102677004,0.02633943664479072,50422.20067339688,57868.451159094715,159448.99876601,182996.1103289502
2024-10-14,2240870.65837952,18350.82095032418,2222519.837429196,0.009456215220400455,0.7674239499744048,0.012224262133678433,0.016245173057702008,27168.66509003487,36105.21938321302,85914.8626708138,114174.7286710129,0.01879141102431345,0.022120356545810533,41764.28377482234,49162.93123407068,132070.2615740534,155466.83914989597,0.02263527957489514,0.023784829306559074,50307.35788096035,52862.25496369485,159085.83396905658,167165.12793781728,0.013060064154786149,0.016885540782689057,29026.251662110182,37528.44935524614,91789.06718951633,118675.3770168553,0.020310439273483347,0.02201922895742418,45140.35419221777,48938.17316277063,142746.3336341383,154756.0917220813,0.02158125457994397,0.023050304397687373,47964.76642053516,51229.75878264163,151677.9093268528,162002.72173416245,0.014711948693714826,0.0194154304643189,32697.59781902175,43151.179359175905,103398.88312426281,136456.01049744085,0.021923783755563742,0.02550725533317633,48726.044308248376,56690.38097635605,154085.28138434846,179270.72530796521,0.024827079820513416,0.028493493675977984,55178.677406529154,63327.35493252442,174490.29888030485,200258.6797806758
2024-10-15,2212176.908252199,-28693.750127320644,2240870.65837952,0.00944800931516404,-1.4662725859896997,0.012213654175386867,0.016231075837243966,27369.21927321894,36371.7415976128,86549.0706839501,115017.54591554793,0.01877510423195202,0.022101160964345862,42072.580181398436,49525.84312112546,133045.1804132792,156614.46730293884,0.02261563715402567,0.023764189330542782,50678.71771901384,53252.47459098897,160260.17688881687,168399.1107477687,0.01304873090503053,0.01687088786455015,29240.51821417295,37805.47759648155,92466.63752042572,119551.41723534977,0.020292814300266936,0.022000121132359694,45473.5721414125,49299.42592630006,143800.0613108439,155898.47326586448,0.02156252681985831,0.023030301826981292,48318.83367114195,51607.92761770663,152797.56828364386,163198.5965930604,0.014699181973202457,0.019398582160975432,32938.96558593056,43469.71357869422,104162.15502144325,137463.3041438228,0.02190475875584359,0.02548512067197979,49085.731174851775,57108.85913910087,155222.71112726437,180594.06945328147,0.02480553540136097,0.02846876761978004,55585.99644630424,63794.82603939005,175778.35478034682,201736.95321869117
2024-10-16,2224147.487127418,11970.578875218984,2212176.908252199,0.010607525886694865,0.4176936571852318,0.01413343796603741,0.01827409880675833,31265.665102682888,40425.53939942984,98870.7142845202,127836.78014307364,0.021079298032250882,0.02481354846666325,46631.136349111424,54891.958929749206,147460.60074506074,173583.6154464261,0.025391164271016634,0.026680673683869435,56169.74727398128,59022.3702200681,177624.33698181473,186645.1227971088,0.014650149703120128,0.018941384770600735,32408.722875680156,41901.69399984282,102485.38034435127,132504.79085891438,0.02278327061537575,0.024700108418328374,50400.62514979511,54641.00947435178,159380.77096971765,172790.0435897914,0.024208809897879335,0.025856719088539402,53554.170232355944,57199.63689083071,169353.15613463364,180881.13390961706,0.016503154060583863,0.021779292925490884,36507.896326152135,48179.64888783142,115448.10497193415,152357.4273527456,0.024593042596971936,0.028612808077960118,54404.16093668401,63296.593310315366,172041.06275028107,200161.40298997358,0.02784982001244925,0.03196262613801987,61608.728730520204,70706.98346962572,194823.90653589784,223595.1142438923
2024-10-17,2224105.2062846133,-42.28084280481562,2224147.487127418,0.010052410437974535,-0.09798118481671121,0.012994977102892338,0.017012611607408343,28902.745668676333,37838.55735609201,91398.50694558356,119656.02462016966,0.01997617143035781,0.023515000224731287,44429.95148925685,52300.82865963676,140499.84303684175,165389.74207866346,0.02406238810790431,0.025284414621918022,53518.30004448004,56236.26724482672,169239.72464084762,177834.69159957432,0.013883474748645755,0.017950139930038515,30878.89547479742,39923.7586189807,97647.64133062634,126250.00999075745,0.021590971334085787,0.023407496746715155,48021.504637347025,52061.725069149725,151857.33132235473,164633.63013600025,0.022941908971782825,0.024503579405206293,51026.18918949674,54499.57455971673,161358.97815747082,172342.78711887318,0.015639507262122338,0.02063953403220267,34784.570776960405,45905.367753204395,109998.47108652774,145165.51892777218,0.023306033918186614,0.027115436121011298,51836.056774041135,60308.72911091131,163920.0043277701,190712.94678058123,0.02639237691986319,0.03028995074317193,58700.53880563338,67369.31783063912,185627.4025049015,213040.48875661337
2024-10-18,2224602.354850204,497.1485655903816,2224105.2062846133,0.009450659747377655,-0.0785590152300691,0.01221708044873108,0.015994213995533954,27172.072231620754,35572.8146178973,85925.63699853588,112491.11697548779,0.01878037117649138,0.022107360961300157,41769.52130959197,49169.09661124089,132086.82411324975,155486.33578438786,0.022621981476014037,0.02377085585370455,50313.6667772769,52868.88426206537,159105.78445093872,167186.09161995692,0.01305239144087293,0.016875620622867474,29029.89175811021,37533.15568660354,91800.57818377808,118690.25974336815,0.020298507005146047,0.022006292784800704,45146.01510995002,48944.31035369877,142764.23502781906,154775.49922384953,0.0215685757147931,0.0230367624740674,47970.781539415206,51236.18335451531,151696.9308029104,162023.03801427476,0.014703305506966661,0.019404024008600983,32701.698327637776,43156.59082040108,103411.85007105459,136473.12304038208,0.02191090365645718,0.025492269964761338,48732.154896726985,56697.49034863857,154104.60476178484,179293.20711711203,0.02481249405136973,0.02847675390940618,55185.597200557415,63335.296627996,174512.18119037338,200283.79362684945
2024-10-21,2209600.1030900567,-15002.251760147046,2224602.354850204,0.008968836534038184,-0.8621596973068322,0.01133468549860227,0.015158816656668954,25215.16805167707,33722.339231168255,79737.36262720983,106639.39999934309,0.017822891060833224,0.020980260845375992,39648.84542416824,46672.737681994964,125380.6581363165,147592.1557106716,0.02146864445000339,0.022558945737647378,47759.19699891931,50184.68381090833,151027.84173726325,158697.90449784914,0.012386941053924967,0.016015250450524324,27556.018237952154,35627.56386575221,87139.78087706852,112664.2492988904,0.01926362773400024,0.02088434543015131,42853.91162001464,46459.3640234197,135515.96736680242,146917.40895689063,0.02046894450005797,0.021862278658450907,45535.262136127094,48634.87658598125,143995.1422029858,153796.98373289467,0.013953686528456258,0.018414748185594597,31041.403910045363,40965.49217764726,98161.53812499983,129544.26075117644,0.02079381952803375,0.024192596951652726,46257.979888394046,53818.908148588525,146280.57640558667,170190.33093293547,0.023547478070013002,0.027024922879523364,52383.77516533447,60119.70707743284,165652.04196062035,190115.2066268327
2024-10-22,2207145.0264525404,-2455.076637516264,2209600.1030900567,0.009150107179292264,-0.22706293332064323,0.011563772710336588,0.015465194018572492,25551.31337286971,34171.89429774551,80800.34746698746,108061.01794339585,0.01818311247312334,0.02140429638294063,40177.40719511143,47294.935494315745,127052.11721658919,149559.71795277923,0.02190255078974023,0.023014888337849274,48395.87848294522,50853.6996439179,153041.20537084123,160813.51832087425,0.012637295577507555,0.016338937338121674,27923.36961084021,36102.517626695626,88301.44791698462,114166.18496673473,0.019652968114552853,0.021306442405323645,43425.20037194158,47078.71733528548,137322.54102452646,148875.97609875508,0.0208826457380183,0.02230414080457228,46142.29617551837,49283.23182111805,145914.7523847146,155847.26300882103,0.01423570680512057,0.018786931720563223,31455.219224154233,41511.60626650236,99470.13704824187,131271.2251342661,0.021214086869158592,0.024681557547952444,46874.64853305424,54536.37210237889,148230.65388432195,172459.1511659828,0.024023400061417136,0.02757112808570826,53082.10725228098,60921.16746049013,167860.36191855007,192649.64689168474
2024-10-23,2198895.3918144405,-8249.634638099931,2207145.0264525404,0.008768001374577276,-0.537252937966425,0.011080872937640575,0.014819372030944458,24457.093593065947,32708.50327324894,77340.12070199965,103433.36919853944,0.01742379100424593,0.020510459214314783,38456.833656969924,45269.55804513255,121611.18595424744,143154.9120918184,0.020987906662536474,0.02205379331934921,46323.35380586752,48675.92023921387,146487.30688437074,153926.7751606039,0.012109565803260454,0.01565662808453175,26727.567935166073,34556.448807791414,84519.99099200837,109277.08607963102,0.01883226590316848,0.020416691590237623,41565.542025010065,45062.599300008376,131441.78497847926,142500.45107553573,0.020010592548044555,0.02137272639558099,44166.27981878481,47172.706765737516,139666.04000368874,149173.19677496553,0.01357451573704122,0.017930149769424523,29960.92489551227,39574.4408871345,94744.76347506109,125145.37033103954,0.02032819279430247,0.023650862909771263,44867.269622713065,52200.8844426125,141882.7644006569,165073.69071390462,0.02302018988774484,0.026419765825391607,50808.89761872909,58312.25474155388,160671.84187748938,184399.5404832635
2024-10-24,2202507.7817706536,3612.389956213068,2198895.3918144405,0.008645293022850425,0.07813909098564438,0.010925795902888388,0.014611974627835375,24024.68226276637,32130.20367445673,75972.71601218962,101604.6252963945,0.017179944706369722,0.02022341493411578,37776.901246463276,44469.17390537853,119461.05088207783,140623.87520712116,0.020694180495906964,0.02174515004798881,45504.338129826094,47815.31023483615,143897.35190869722,151205.28736964284,0.011940092191616822,0.015437513266481682,26255.013697985814,33945.476782740865,83025.64328455534,107345.02289382584,0.018568707971373444,0.020130959589782237,40830.64639020113,44265.874274774884,129117.84092996773,139980.98532694278,0.019730543911673698,0.021073614669217103,43385.40208537176,46338.67418501468,137196.68779199375,146535.7541770931,0.01338454012225491,0.01767921697066823,29431.20359638181,38874.74872769003,93069.63764470546,122932.74944623331,0.020043699336237196,0.02331986861807435,44073.99810536613,51277.95164200187,139374.2196029028,162155.120936697,0.022698021877398184,0.026050020682918985,49910.575709514225,57281.27043634142,157831.0985723394,181139.28184690594
2024-10-25,2209133.4897417948,6625.707971141208,2202507.7817706536,0.008336091140537672,0.2444555307349647,0.010535031049689206,0.014089372323056206,23203.487868135933,31031.952181795365,73375.87132339428,98131.64913590488,0.01656549806734914,0.01950011753425984,36485.6384022432,42949.16061464966,115377.7192363952,135817.17113469026,0.019954046003606715,0.020967427267715187,43948.9416007534,46180.92172085289,138978.75621210723,146036.89708383777,0.011513050682337999,0.014885385287984266,25357.583719769376,32785.176931439746,80187.7205128761,103675.83259495962,0.01790459173590414,0.019410968887157064,39435.002627755406,42752.810025671475,124704.42783843227,135196.25605360363,0.019024874213675137,0.02031990958303517,41902.433502827334,44754.75898151103,132507.12937268193,141526.97451345247,0.01290583743528372,0.01704691368717075,28425.20738147941,37545.96005116624,89888.39828810566,118730.75069937744,0.0193268295266316,0.022485825485824645,42567.49242936094,49525.20561206567,134610.23035875472,156612.45132228092,0.021886219307986423,0.025118332721833662,48204.56833937923,55323.323284943086,152436.2295776789,174947.70931024864
2024-10-28,2219990.3166912505,10856.826949455775,2209133.4897417948,0.008134591820814168,0.48392649094737217,0.01028037913262278,0.013748805156675172,22710.729829119686,30372.945915545806,71817.63358474482,96047.68834223293,0.016165078190073595,0.019028762272970276,35710.815593986255,42037.076005553834,112927.51437925534,132932.9063511631,0.01947171842012987,0.020460604314418616,43015.62526473109,45200.20621133762,136027.35081283367,142935.602337117,0.011234758153942767,0.01452557696070179,24819.08048702467,32088.93852170816,78484.82377003906,101474.13342571426,0.01747180339495528,0.018941768519743135,38597.5460059801,41844.89519190142,122056.15747203212,132325.1772574371,0.018565006495430216,0.01982873837475582,41012.57758632884,43804.33000300136,129693.1578871701,138521.4541871347,0.012593878578329085,0.016634857070533443,27821.558933128566,36748.61985158351,87979.49428529048,116209.33959868277,0.018859662969023975,0.021942299933808807,41663.51307011403,48473.4696257362,131751.5966257549,153286.57010831608,0.021357187387925837,0.024511174418174374,47180.87790535805,54148.45628009136,149199.03618724566,171232.45362713712
2024-10-29,2215011.180280636,-4979.136410614941,2219990.3166912505,0.008098491293782855,-0.39653311794695506,0.010234755810279822,0.013687789297104095,22721.05879252072,30386.75969648123,71850.2966349606,96091.37135308748,0.016093339145875844,0.018944314477439824,35727.057067072616,42056.19469627028,112978.87442676455,132993.3649597074,0.019385304828316526,0.020369802143221816,43035.18900497083,45220.76351086911,136089.21679154312,143000.6102261788,0.01118489939036118,0.01446111386344183,24830.368339767694,32103.532745410463,78520.5190945996,101520.28441329555,0.017394265231438402,0.018857706794025292,38615.10037975255,41863.926477738954,122111.66927605099,132385.35946748542,0.018482616802918548,0.019740740363120728,41031.230329594175,43824.25245044414,129752.14304049891,138584.45449761886,0.01253798817054209,0.016561033193372172,27834.21232939289,36765.3333236886,88019.50783762241,116262.19223814455,0.018775965619751624,0.02184492214161734,41682.46186237644,48495.515623264786,131811.51796821348,153356.28567379687,0.02126240626828344,0.02440239621096446,47202.336025144585,54173.083292404364,149266.89272007582,171310.3310780112
2024-10-30,2206832.664499785,-8178.515780850779,2215011.180280636,0.008017225248376305,-0.5818826102029566,0.010132052961041511,0.013550436243778262,22442.610587902473,30014.367777648797,70969.76609798233,94913.76470733644,0.015931847087376532,0.018754213696359594,35289.21942106051,41540.79301480873,111594.31021999977,131363.52173640832,0.019190778835109966,0.020165397000851123,42507.78967806158,44666.579811682845,134421.43368207017,141248.1274946126,0.011072662121868644,0.014316000719125931,24526.07039540896,31710.101649769564,77558.24450311881,100276.14604873476,0.017219718751503698,0.01866847509629375,38141.869555868805,41350.881057081286,120615.18201358036,130762.96739508798,0.01829714902603881,0.019542647675913686,40528.38965993691,43287.1830944342,128162.02122421763,136886.0920711476,0.01241217304288291,0.016394847958783463,27493.102061563568,36314.771527706536,86940.8224580117,114837.39073618512,0.01858755417134049,0.02162571459168442,41171.64030359116,47901.19960213908,130196.15836453439,151476.8933971109,0.021049044098643607,0.024157525139727867,46623.868012715735,53509.18827240776,147437.61624725006,169210.9106875789
2024-10-31,2175198.368339601,-31634.296160183847,2206832.664499785,0.008075587611672805,-1.9075239567537539,0.010205810469098485,0.013649078287426172,22522.51591090041,30121.231805006857,71222.44891582725,95251.69843372646,0.016047824900010155,0.018890737268939622,35414.864183515405,41688.696061579416,111991.63384542805,131831.2322370821,0.019330480436551726,0.02031219345340435,42659.13564785641,44825.612000611414,134900.0316613089,141751.0314329091,0.01094471210899192,0.01417346545196802,24153.1481856697,31278.466528562232,76378.96093027972,98911.19594759675,0.017345071782072764,0.01880437452433866,38277.67097677167,41498.107935798165,121044.6238131206,131228.5396646307,0.01843034534093144,0.019684910749246717,40672.68811637892,43441.304039200586,128618.333009421,137373.4652917464,0.012502528961543727,0.016514196242400064,27590.98930118927,36444.06769568806,87250.3690890956,115246.26111973848,0.01872286452570042,0.021783141603205883,41318.229008319955,48071.74842537895,130659.71255073129,152016.21613081032,0.021202273167388788,0.02433338277311975,46789.86898744089,53699.70394149702,147962.5574211896,169813.37413185192
2024-11-01,2172902.5857985867,-2295.782541014254,2175198.368339601,0.010104107584623372,-0.20010973610238572,0.013462684821591183,0.01747500003748599,29284.010057395455,38011.591568273994,92604.17080464779,120203.20684379758,0.020078904110274687,0.023635932256164564,43675.59945871681,51412.841277794505,138114.37246276235,162581.6794185523,0.024186135224519876,0.025414446329109504,52609.64187681658,55281.46218733335,166366.29521651592,174815.33289644727,0.013954874144293668,0.017903382516744736,30354.61946905207,38943.40843818289,95989.73502989553,123149.87051487851,0.02170200854433861,0.02352787591342981,47206.17357533742,51177.79729738912,149279.0281193204,161838.4050901593,0.023059893731740305,0.024629595463319772,50159.84321936611,53574.25586467761,158619.3516501498,169416.6724810148,0.015719937513695752,0.020722750444783014,34193.982430191485,45076.09295500075,108130.86675118461,142543.12175927215,0.023425891285800624,0.02725488433457604,50955.960501774396,59284.779933854355,161136.8955471835,187474.93517282626,0.026528106612602683,0.030445724727453386,57703.89421887234,66225.49075007325,182475.7355930593,209423.3899326443
2024-11-04,2171721.5508755487,-1181.0349230379798,2172902.5857985867,0.009519456172740873,-0.15858190163015862,0.012683696907740129,0.016463848546966333,27560.437808314065,35774.33907989945,87153.75678569154,113128.39327965466,0.018917083579484784,0.02226829230884696,41104.97982563047,48386.829939212344,129985.35942426317,153012.5913631377,0.022786659022532893,0.02394389667352805,49513.19031177242,52027.75499600328,156574.45560658336,164526.20733257497,0.013147406804622818,0.016867443639587837,28568.034242310856,36651.31190027233,90340.05647938492,115901.62483809468,0.020446270733763174,0.022166488402837928,44427.75454733197,48165.61996860092,140492.89569647203,152313.0640148667,0.021725584955313626,0.023204459434123238,47207.57972738785,50421.02990646479,149283.47476253627,159445.29647589536,0.014810338760405216,0.01952367519700271,32181.42338903753,42423.04431985892,101766.59625557356,134153.44532902294,0.02207040488582483,0.025677841881944826,47956.83984603053,55795.44902300516,151652.84329737513,176440.70198451285,0.02499311751477968,0.02868405148727727,54307.60967503271,62327.64964788457,171735.7408525001,197097.33409230696
2024-11-05,2206824.244293096,35102.69341754727,2171721.5508755487,0.009039308504123912,1.6669811733425715,0.012043949490536348,0.015633435721607157,26156.10466625437,33951.469270841895,82712.8654631221,107363.97280507654,0.017962933109867504,0.021145111694098107,39010.4889516352,45921.29476174344,123361.99772400137,145215.8845510685,0.021637332736797327,0.022736200986213408,46990.26180796777,49376.69766679756,148596.2551607999,156142.82796460207,0.012484270527607864,0.01601667405862508,27112.359351766456,34783.756226465426,85736.80829254832,109995.8952516944,0.01941499026494402,0.02104844263058841,42163.95276841791,45711.356473216474,133334.12590396267,144552.0013912457,0.020629777718393486,0.0220340598969401,44802.13286080734,47851.842731467485,141676.7838736267,151320.81326761027,0.014063326588890748,0.01853892911922582,30541.629430095156,40261.39189837697,96581.11245193103,127317.70016752167,0.020957205427886677,0.024382688493872567,45513.21467386752,52952.41007042833,143925.42200561895,167450.22341779064,0.023732500638307837,0.02723726921335462,51540.38309238085,59151.764537641335,162985.00204955603,187054.30355692338
2024-11-06,2263781.4747837447,56957.23049064865,2206824.244293096,0.010618318255020753,2.3088598239954905,0.014147817687554931,0.01836432464227789,31221.747076734908,40526.83685064798,98731.8332921862,128157.11081009275,0.021100744649571946,0.024838794405950604,46565.6348653132,54814.853694063524,147253.46686613775,173339.78728213525,0.02541699789140682,0.02670781928413993,56090.84716390307,58939.46310843868,177374.83292632957,186382.94749013399,0.014665055140383665,0.01881450804160812,32363.199227693764,41520.31249066822,102341.42192931454,131298.75663245024,0.02280645089801432,0.02472523894080717,50329.82876801806,54564.25674051301,159156.89315320333,172547.3301342162,0.02423344056066914,0.025883026376316332,53478.94415192034,57119.29012293256,169115.2703810101,180627.055120426,0.01651994479190643,0.021777357129187862,36456.61468116258,48058.79968932087,115285.93817160699,151975.26863204644,0.02461806418794384,0.02864191948121416,54327.740897518095,63207.682314234145,171799.4013676375,199880.24173332262,0.02787815513211754,0.03199514573190338,61522.18863172099,70607.66330085516,194550.2427147563,223281.03629298502
2024-11-07,2273644.536435607,9863.061651862226,2263781.4747837447,0.014099748345662624,0.2398266733006602,0.018786465449979976,0.024385439367645218,42528.45246232954,55203.305894937475,134486.7751431576,174568.1809990022,0.02801904993988806,0.032982694803667056,63429.00619495918,74665.61348498757,200580.12929700117,236113.4015063431,0.03375047397940073,0.03546451723555656,76403.69775973818,80283.91713000176,241609.70657987692,253880.03761101406,0.01910915884677606,0.024785265574468206,43258.95979603155,56108.42505507641,136796.84216511264,177430.4190988999,0.030284006430836147,0.03283190788587619,68556.37274035865,74324.26485385286,216794.28597901264,235033.96235577675,0.03217886347430264,0.03436929931513858,72845.91501272161,77804.58309090836,230359.00967925394,246039.69496709396,0.021936342333682045,0.028917503486014184,49659.08539950383,65462.908688633266,157035.8163832447,207011.8937157075,0.03268959372575324,0.038032751243907995,74002.09669456711,86097.83770101734,234015.17718284985,272265.26875073,0.03701857132774668,0.042485400443646584,83801.95599471361,96177.66247309622,265005.05332049646,304140.47344588686
2024-11-08,2294496.72165967,20852.18522406323,2273644.536435607,0.012822137964420104,0.636674041350943,0.01708418093416223,0.02217581904510609,38843.35464043532,50419.929812890136,122833.47262544636,159441.81767456015,0.02548017986943282,0.029994057542245184,57932.87174753247,68195.82505646096,183199.82611662179,215654.13409279753,0.03069226649435703,0.032250996378651364,69783.3040257205,73327.30171092521,220674.18337327408,231881.2880808854,0.017377634345704822,0.02253941608669812,39510.56338628752,51246.62023997001,124943.37193712374,162056.0423439899,0.027539903482817665,0.02985693377125682,62615.95108767233,67884.05434373784,198009.02329474216,214668.2285328584,0.02926306320443458,0.03125501865391244,66533.80377413252,71062.80239866099,210398.3613209659,224720.3124942456,0.019948640283622168,0.026297222488962657,45356.11699017679,59790.53623546151,143428.63551001955,189074.27702688795,0.029727515022024434,0.034586516841335915,67589.80211163328,78637.4450506415,213737.7212728195,248673.43573636212,0.03366423408231315,0.0386357013336092,76540.50189454065,87843.85124851845,242042.3192391814,277786.6483863441
2024-11-11,2305480.1511103525,10983.429450682364,2294496.72165967,0.012160119557787707,0.313278186181273,0.016202109451852676,0.021030861750874277,37175.68702124712,48255.24334105878,117559.84456870133,152596.47800341912,0.02416461548191208,0.028445437628962598,55445.63100341378,65267.9633858293,175334.48027603468,206395.42253969575,0.029107597430826953,0.03058584870248786,66787.28688042187,70179.12957703706,211199.9452852148,221925.89367152628,0.01648041160231312,0.021375685953272175,37814.25039310945,49046.44134300967,119579.15925414336,155098.46576975827,0.026117993730084044,0.028315393680437,59927.650990005655,64969.57797226564,189507.87195206236,205451.84501226328,0.02775218518007236,0.029641294195016026,63677.29791456811,68011.85235621408,201365.29665512528,215072.36133272594,0.01891867421308912,0.02493947346307405,43408.83596008032,57223.540100941755,137270.7922104758,180956.72249695752,0.028192656936529538,0.03280078416291661,64687.95891574278,75261.29172967859,204561.28736114336,237997.10151217782,0.03192611968442452,0.036640905652344825,73254.37695122632,84072.43789794648,231650.67974241645,265860.3922005696
2024-11-12,2291479.996116176,-14000.154994177166,2305480.1511103525,0.011256620264039912,-0.6269204046750376,0.014998289507697738,0.019468264553657296,34578.25876060379,44883.697505022144,109346.05520617893,141934.71392588675,0.022369179761248272,0.02633193597414907,51571.699936177305,60707.75572870933,163084.03460508052,191974.7797398565,0.02694489717146932,0.02831331408059947,62120.925602532,65275.78362497534,196443.61526186886,206420.15230724443,0.015255913753208764,0.01978746824945959,35172.20634507424,45619.6152898554,111224.2823838608,144261.89029658557,0.02417742161834624,0.026211554316778646,55740.56564612359,60430.21820708404,176267.14550788567,191097.12903536233,0.025690192319640717,0.027438940160279885,59228.2284711393,63259.93190702999,187296.10374563257,200045.4694533738,0.017513012968646522,0.023086465640803206,40375.90378535275,53225.388294162934,127679.8185495289,168313.45635641902,0.026097936937274656,0.030363679397232828,60168.27559381643,70002.86016499864,190268.79376118002,221368.48084766616,0.029554002662884892,0.033918479098736506,68136.16652514362,78198.38031798837,215465.47725197423,247284.99114092533
2024-11-13,2286161.67144899,-5318.324667185545,2291479.996116176,0.010805629257680513,-0.3044290112322882,0.01439739034613016,0.01868827801976192,32991.33197443341,42823.81524414206,104327.75208194953,135420.79426972853,0.021472969472962414,0.025276959788951656,49204.880004506675,57921.64771901567,155599.49280951725,183164.33262198605,0.02586536299455197,0.027178954946946277,59269.96189429943,62280.03157627017,187428.07641737422,196946.75252822044,0.014644693001766042,0.018994692975016277,33558.021062809436,43525.95898461825,106119.78032638221,137641.16773446347,0.023208765001078404,0.025161401164030688,53182.42073453238,57656.84744163058,168177.58100248736,182326.96062040477,0.024660927281286913,0.026339612391726486,56510.02155074463,60356.69490109498,178700.37872555343,190864.6279273314,0.01681136263685497,0.022161517643233392,38522.90118980805,50782.674363045015,121820.10983740388,160588.91666186275,0.025052335809479173,0.029147173376160247,57406.92636340647,66790.16473480119,181536.64077793146,211209.04585982772,0.028369935945678316,0.032559551759614426,65009.1407106191,74609.5615396657,205576.95337593352,235936.14969184276
2024-11-14,2277339.097024186,-8822.574424803723,2286161.67144899,0.010136805652995415,-0.47673041596509613,0.013506251636877036,0.01753155117188768,30877.474817173457,40079.960330216236,97643.14881675935,126743.96317267767,0.020143881781378725,0.02371242088442553,46052.17044278764,54210.4277632402,145629.74979349392,171428.42466386617,0.02426440437363606,0.025496690435948932,55472.35125954599,58289.556423466485,175418.97714507557,184327.76209905234,0.013738247284503829,0.01781900031311904,31407.854374720817,40737.115539390295,99320.35624300134,128822.07040991208,0.021772238770338317,0.02360401485878675,49774.85777838314,53962.59406247071,157401.9207906393,170644.70568848596,0.023134518232279074,0.024709299701392313,52889.248870074254,56489.45390566908,167250.49016492153,178635.33812100874,0.015770809061462058,0.020789811677576243,36054.61920405497,47528.87061391743,114014.71685486088,150299.48575542448,0.023501700197030437,0.027343084313048195,53728.686204336154,62510.71133568892,169905.02409416923,197676.22597808336,0.02661395465376169,0.030544250636885477,60843.80305511144,69829.09508917897,192404.99916086352,220818.98743028415
2024-11-15,2255772.4835690293,-21566.6134551568,2277339.097024186,0.009713386724246214,-1.079042452800201,0.012942089434772104,0.01679925039878182,29473.52626699016,38257.58973384499,93203.47368048891,120981.12134722514,0.019302462784438448,0.0227219424050471,43958.25316785601,51745.567799345525,139008.20197273698,163633.8530645986,0.023250869295789678,0.02443168221535142,52950.11368710104,55639.22511509027,167442.96161609556,175946.67861052937,0.013164394519912519,0.017074692660171878,29979.790328847717,38884.86516468132,94804.42121344717,122964.74042893139,0.020862802570001938,0.022618064547829143,47511.67596616208,51509.002693787974,150245.11150495327,162885.76851611858,0.022168179006455416,0.023677181145719418,50484.4607612317,53920.970330470744,159645.88245089015,170513.07989064965,0.015112055277784732,0.019921411898518065,34415.274320489865,45367.810184418006,108830.6531522516,143465.61263694454,0.022520023615486134,0.026200951390226615,51285.73024545454,59668.45098019327,162179.71904062267,188688.20955151724,0.0255022778045616,0.029268403557752076,58077.33430750026,66654.07972955059,183656.65684273868,210778.70728783985
2024-11-18,2259512.167733524,3739.6841644947417,2255772.4835690293,0.010127290871273772,0.06818397385760432,0.013493574168194928,0.017515095407778895,30438.43331361197,39510.070267953895,96254.77767816011,124941.8125600335,0.020124973986878417,0.0236901635267795,45397.36255214283,53439.619014959826,143559.06542920586,168990.9133789168,0.024241628903816082,0.02547275829673004,54683.59943811997,57460.74724636832,172924.72488076292,181706.83735377228,0.01372535205610302,0.01780227473858589,30961.271495454792,40157.88150023809,97908.13718048473,126990.37154789195,0.021751802539578577,0.023581859255056754,49067.11763680828,53195.30921895467,155163.84995173273,168218.3379688494,0.02311280331549457,0.024686106636318216,52137.225737235676,55686.240076657436,164872.38421201624,176095.3529731869,0.015756005995197376,0.020770297589320277,35541.9647749149,46853.06577752882,112393.56120620486,148162.403218679,0.023479640629636426,0.027317419080060495,52964.72725642325,61621.88228292405,167489.1737798985,194865.5017208164,0.02658897380891286,0.03051558067046709,59978.67548448323,68836.20719657061,189669.2255710702,217679.20022843708
2024-11-19,2246258.6523493347,-13253.51538418932,2259512.167733524,0.009506093635145174,-0.7204705991572805,0.01266589269984142,0.016440738109648634,28618.738670498904,37148.047805271344,90500.3979599156,117472.44169347658,0.01889052951631722,0.02223703412689104,42683.38129704804,50244.84918401592,134976.70313610387,158888.16411314296,0.02275467320502991,0.02391028643217795,51414.46097956506,54025.58312749986,162586.80136527744,170843.89460166256,0.012883453578956703,0.016710302166159857,29110.32012408269,37757.13107094206,92054.9150087367,119398.53209768947,0.020417570138223474,0.022135373123847966,46133.748162868585,50015.144910656105,145887.72119527333,158161.77542105204,0.021695088576057717,0.02317188714680454,49020.31661765898,52357.16095755291,155015.85213440377,165567.88044590963,0.01478954936814375,0.019496269656277265,33417.16675261645,44052.05851377237,105674.35988792052,139304.8405225326,0.022039424480044548,0.025641797687686506,49798.34778250475,57937.953877889,157476.20270591034,183215.8972239143,0.02495803447365163,0.02864378745229035,56392.98257592861,64720.98627842289,178330.26899012373,204665.72905232094
2024-11-20,2247115.177623771,856.5252744364552,2246258.6523493347,0.009434425962285407,-0.06197491236330663,0.01257040289200562,0.016316789252669234,28236.376259684723,36651.7290373689,89291.26185010979,115902.9439414164,0.01874811136418395,0.02206938624245558,42113.10736700709,49573.54979915522,133173.33862695892,156765.3290651132,0.022583122772446347,0.02373002368159139,50727.5349246749,53303.77101522927,160414.5504477107,168561.3242841903,0.012786323551435512,0.016584321030795844,28721.389909150093,37252.6746087642,90825.00967869087,117803.30069681686,0.02026363942878383,0.02196849167489992,45517.375394992814,49346.91450380827,143938.57936108366,156048.6453336319,0.021531526489420555,0.022997191284201107,48365.377675149815,51657.63990186944,152944.75334773274,163355.80063870442,0.014678049037246439,0.019349284750664088,32970.69464952264,43463.49828795025,104262.49113041855,137443.6496687517,0.021873266400366718,0.025448480849166913,49133.01390696572,57163.87029658752,155372.23225474003,180768.03000766152,0.02476987261468703,0.028427838223576057,55639.54067833158,63856.27757729486,175947.67650911777,201931.28004419056
2024-11-21,2279437.318346843,32322.140723071992,2247115.177623771,0.008954043428417154,1.487086268080162,0.011930342540994749,0.015485970229113851,26808.85379811985,34798.7587420716,84777.03946051461,110043.33737164212,0.017793494169839125,0.020945656221524892,39984.030812005585,47067.302000678355,126440.60740028942,148839.87764114363,0.02143323429131849,0.022521737247367776,48162.94608158805,50608.937595014744,152304.60844170008,160039.51276157078,0.012135268942384345,0.015739879811891164,27269.347024978233,35369.322819274625,86233.24690446773,111847.61940667583,0.019231854506934303,0.020849899008187685,43216.1921563842,46852.12451322136,136661.59901367768,148159.42667958722,0.020435183236064455,0.021826219243600006,45920.21040728329,49046.0285324376,145212.45552118347,155097.16034810836,0.013862543838282554,0.017888442644679176,31150.732659479614,40197.390970910885,98507.26598694992,127115.31146436562,0.020435183236064455,0.022715105755312943,45920.21040728329,51043.45890409279,145212.45552118347,161413.5897901354,0.022039875251848213,0.024506344899473502,49526.138191362654,55068.5795716898,156615.4003969581,174142.13895675945
2024-11-22,2297802.498781953,18365.18043511035,2279437.318346843,0.010161065234779243,0.6946783074464947,0.013538575036120756,0.017573507988858532,30860.33317457261,40057.709924070514,97588.9421833041,126673.60121039338,0.020192090473963722,0.02376916986762896,46026.6045617887,54180.33282239875,145548.90337914843,171333.25610475917,0.024322474373445535,0.025557709564461583,55441.5557613665,58257.19695270377,175321.5932291488,184225.43246756453,0.013771125899816574,0.017861645058436258,31390.41829169465,40714.50031326509,99265.21850716685,128750.55478555668,0.0218243444755424,0.023660504402780745,49747.22524600811,53932.63670660822,157314.53905081586,170549.9722112843,0.023189884168679325,0.024768434432534164,52859.88738222831,56458.093762545286,167157.640987837,178536.1686409887,0.01573124068325813,0.020299838180852292,35858.377077314675,46272.208705836805,113394.14476148611,146325.57187711654,0.023189884168679325,0.025777144509052878,52859.88738222831,58757.385154354546,167157.640987837,185807.16644352456,0.025010891670425445,0.02780984604109392,57010.75983869797,63390.800883549695,180283.85222713926,200459.31349423117
2024-11-25,2322569.213175222,24766.71439326834,2297802.498781953,0.009958016632206391,0.9795951217686253,0.013268033643225966,0.017222336516479128,30487.320859327643,39573.527882429415,96409.37367183725,125142.48315665702,0.019788591858510538,0.023294190461983638,45470.27581986172,53525.44905064874,143789.63742684317,169262.33178334733,0.023836438281900903,0.02504698976372019,54771.4274462137,57553.03566604225,173202.4614286948,181998.67896159936,0.013268033643225966,0.01742785278168034,30487.320859327643,40045.76367014909,96409.37367183725,126635.82383849497,0.021388228522594904,0.02318769645950433,49145.924943738006,53280.7468656465,155413.0605378946,168488.51553032032,0.0227264806312077,0.02427348671954936,52220.96398290871,55775.67843833107,165137.1877956098,176378.1819062695,0.015363650358829011,0.01973394443800393,35302.63418492955,45344.706840469655,111636.73142809926,143392.55344850148,0.0227264806312077,0.025262039739036568,52220.96398290871,58047.17803668722,165137.1877956098,183561.2943412326,0.02451109893359718,0.027254121789163855,56321.66437751127,62624.58914924838,178104.7410445051,198036.33924389124
2024-11-26,2328971.5780998026,6402.36492458079,2322569.213175222,0.010183587530686721,0.17546448499384332,0.013568583680498457,0.017612460179196092,31513.974722717456,40906.15778047539,99655.93824876042,129356.62891252027,0.020236846828355443,0.023821854922282632,47001.477415280984,55327.906843220255,148631.72202525169,174962.2037941926,0.024376385843590004,0.02561435896924623,56615.84328880245,59491.1215571899,179035.01644377384,188127.44467866313,0.013568583680498457,0.017822631838167565,31513.974722717456,41394.2960050845,99655.93824876042,130900.25751527591,0.02187271876828707,0.023712948597278745,50800.90321966341,55074.96436564618,160646.5613679175,174162.32944805248,0.023241285219773797,0.02482333438608875,53979.49352607094,57653.91221348358,170698.1464846978,182317.678614008,0.01571167070699455,0.02018096152402131,36491.442671612516,46871.6799279656,115396.07394775539,148221.26633076824,0.023241285219773797,0.025834280297758923,53979.49352607094,60001.904064114075,170698.1464846978,189742.68078951424,0.025066329037482505,0.027871487371722826,58218.284109776956,64733.458494965416,184102.3792536834,204705.16966406614
2024-11-27,2324889.336914985,-4082.2411848171614,2328971.5780998026,0.009574940757494608,-0.28410446942256756,0.012757624414028083,0.01655980883960286,29712.144664343556,38567.32412620094,93958.05130774474,121960.5874967582,0.019027342664469593,0.022398084066854018,44314.14027231545,52164.501195593046,140133.61581271107,164958.63678465062,0.022919472104588,0.02408345476804623,53378.79911663672,56089.68165723185,168798.58397315594,177371.14727062042,0.012757624414028083,0.01675741908034486,29712.144664343556,39027.55276043051,93958.05130774474,123415.95822535218,0.020565442755866054,0.022295686792132664,47896.33166945052,51926.02085309214,151461.49964231864,164204.49572517068,0.021852213518742423,0.023339707684944963,50893.18420371938,54357.515839394364,160938.37946225604,171893.55800116563,0.01477262465387692,0.018974797480701938,34405.02295281578,44191.76403275455,108798.23548126967,139746.62816421222,0.021852213518742423,0.024290231965715843,50893.18420371938,56571.2598736035,160938.37946225604,178894.0313058762,0.023568179172470574,0.02620568042483444,54889.61944024769,61032.284894205775,173576.21733103925,193001.03106997898
2024-11-29,2338302.0431698333,13412.706254847812,2324889.336914985,0.009130355549646738,0.5242583927587949,0.012165260320567117,0.01579090109997918,28282.884000081463,36712.0975876207,89438.3322385913,116093.8460592544,0.01814386199262789,0.02135809258153208,42182.47127711766,49655.20169964698,133392.6865703235,157023.5350459486,0.02185527144502716,0.02296520787598418,50811.0875379262,53391.56691091165,160678.76701004396,168838.95928376116,0.012165260320567117,0.01597933586985632,28282.884000081463,37150.187574812095,89438.3322385913,117479.2082388932,0.01961054477021078,0.021260449833738683,45592.34642735697,49428.19311647503,144175.65858188857,156305.67087471744,0.020837567983566473,0.02225599457851161,48445.039612234774,51742.72447801936,153196.66651174225,163624.8616930882,0.014086699741280285,0.018093756595386173,32750.018020825613,42065.981773348496,103564.65035736868,133024.3144149102,0.020837567983566473,0.02316238396115268,48445.039612234774,53849.97948881454,153196.66651174225,170288.58713800367,0.022473857640738153,0.024988894005623385,52249.23198829749,58096.41321497259,165226.57907754823,183716.98964561886
2024-12-02,2333023.3622373934,-5278.680932439864,2338302.0431698333,0.008929048167631811,-0.36128975093834464,0.011897038925097126,0.015442741059243807,27818.870426225647,36109.79297097247,87970.99247997216,114189.19162541142,0.017743823534375588,0.020887186308600907,41490.41882407541,48840.55042147047,131204.22455840328,154447.38150814341,0.021373403301568693,0.022458867695713564,49977.47260955093,52515.61622016799,158042.64514486,166068.95998301342,0.011897038925097126,0.015627021192425993,27818.870426225647,36540.69558290798,87970.99247997216,115551.82532884329,0.019178168680789996,0.020791696402043987,44844.351010546954,48617.266177866324,141810.28938540193,153741.2947327264,0.020378138311247507,0.02176529123422488,47650.2424491875,50893.824963174506,150683.29719867263,160940.40572156655,0.013776114175282562,0.01769482286808204,32212.715923004118,41375.840465964524,101865.55193666616,130841.89597621045,0.020378138311247507,0.022651696414420226,47650.2424491875,52966.5080071016,150683.29719867263,167494.805007987,0.021978350820567476,0.024437935304796543,51392.02262923631,57143.27405405796,162515.8450713018,180702.89897002687
2024-12-03,2323216.10242515,-9807.259812243285,2333023.3622373934,0.008654575310190107,-0.5983502195722781,0.011531332053820089,0.014968041719998652,26902.86707927917,34920.79101970083,85074.33555928386,110429.2373170085,0.017198390487539073,0.02024512843161227,40124.24680031001,47232.35760244791,126884.00928770292,149361.82928330515,0.020716399445468832,0.021768497403648873,48331.84388772056,50786.413003516864,152838.71020088438,160600.73928110627,0.01142121897407856,0.015007092159522489,26645.970691754275,35011.89660741558,84261.95785203592,110717.33848175537,0.018588644841351292,0.020152573819727022,43367.74268720617,47016.42553063681,137140.84387168268,148678.992116503,0.019751728222890483,0.021096241010062744,46081.24338856717,49218.02313186697,145721.6865204478,155641.05502755346,0.0133526458110016,0.017150896068343944,31152.034624748,40013.44121075188,98511.38316263245,126533.61124722147,0.019751728222890483,0.021955398698913907,46081.24338856717,51222.45809180262,145721.6865204478,161979.63492261845,0.021302751289875584,0.02368672982273876,49699.8164392125,55261.69405145472,157164.6192401909,174752.82056197507
2024-12-04,2324687.533415768,1471.4309906172566,2323216.10242515,0.008604358383963909,-0.03867551379981036,0.011464423161092023,0.01488119181461753,26634.33249286483,34572.224446996785,84225.15463568324,109326.97303106503,0.017098599304798397,0.020127658990946224,39723.741233823115,46760.90147188862,125617.49948202833,147870.95409388808,0.020596195522648877,0.02164218883402014,47849.413086914654,50279.48159092137,151313.13005691872,158997.68139981796,0.011354948996629838,0.014920015669592683,26380.00035118674,34662.42065203328,83420.88578579183,109612.19847528392,0.0184807869080401,0.02003564141386053,42934.86173024667,46547.124755096986,135771.95409197733,147194.93275811375,0.019637121665843027,0.02097383311129444,45621.27725936831,48726.74681373703,144267.14590564813,154087.50290176139,0.013275169007624994,0.017051380465127327,30841.086400929686,39614.04166516145,97528.07854098275,125270.59898671944,0.019637121665843027,0.021828005661449434,45621.27725936831,50711.17423650667,144267.14590564813,160362.81340901132,0.021179145144964096,0.02354929098589048,49203.73103638003,54710.0920191162,155595.8594532781,173008.5017778075
2024-12-05,2313478.976298292,-11208.557117475662,2324687.533415768,0.008300763286796293,-0.6986262165591721,0.01105991389866414,0.014356125717492988,25710.84396087631,33373.506483605444,81304.82748155425,105536.29399459007,0.016495294481158666,0.01941747720696783,38346.40544037147,45139.56719342294,121261.98127184591,142743.84492543084,0.019869481954716203,0.020878568569872413,46190.33699555832,48536.14806994868,146066.6707967031,153484.77675222332,0.010954302406828329,0.014393579716460568,25465.330242420157,33460.57532808195,80528.44493441549,105811.62985637478,0.017828713151147646,0.019328706366478845,41446.18719931868,44933.202727207354,131064.35187956212,142091.2631840647,0.018944247939041398,0.020233795026262075,44039.45701382689,47037.251051241416,139264.99108077041,148744.84819507235,0.012806769616881607,0.016449741705077507,29771.737671692503,38240.509469703116,94146.50094358656,120927.10880949954,0.018944247939041398,0.021057829059773516,44039.45701382689,48952.872696055776,139264.99108077041,154802.5757278038,0.020431862856002736,0.022718380769689534,47497.69686581025,52813.13655468978,150200.9057082014,167009.8018903175
2024-12-06,2311396.287503235,-2082.68879505666,2313478.976298292,0.008407014293733304,-0.22202692446570746,0.011201482444563883,0.014539886265830065,25914.394138872944,33637.721193766134,81948.5096621563,106371.81427001908,0.016706436708420282,0.019666023808543442,38649.990093788365,45496.93262844692,122222.00023931611,143873.93365712353,0.020123814284414548,0.021145817358605018,46556.02126992432,48920.403895776195,147223.06600820558,154699.90036602723,0.011094519109895794,0.01457781968156531,25666.936712883562,33725.47935356881,81165.9805721073,106649.32993826056,0.018056923336072905,0.019576116688068784,41774.31251463469,45288.934395409284,132101.97523392164,143216.18549143412,0.01918673713547341,0.02049279061756115,44388.11298667945,47409.64025941061,140367.53807480636,149922.4462689536,0.01297069817626704,0.016660300850017636,30007.4375387044,38543.255755320366,94891.84936754295,121884.47662520592,0.01918673713547341,0.021327372409487795,44388.11298667945,49340.427689034266,140367.53807480636,156028.1322241864,0.020693393745035843,0.023009179428723405,47873.731377403004,53231.252870226745,151390.0312436635,168332.00177429197
2024-12-09,2290116.753314332,-21279.534188902937,2311396.287503235,0.008182313817274998,-1.2484160796159331,0.010902092155170769,0.01415126799334575,25199.055333479857,32709.18830328272,79686.4097384102,103435.53545371181,0.016259911443071224,0.019140395474223363,37583.0989446462,44241.039040463605,118848.19419255247,139902.4494202952,0.019585950246139145,0.020580637489799432,45270.89268614909,47570.00908837231,143159.13259728934,150429.57703416655,0.010797987708500696,0.014188187534679025,24958.428701934074,32794.52399405678,78925.48151703141,103705.39060226164,0.01757430261779827,0.01905289136772035,40621.17782623731,44038.78237355125,128455.4431696374,139262.85768089813,0.018673919049838082,0.019945064676478982,43162.82716493168,46100.94844722543,136492.84409337232,145783.99938723512,0.012624020752109857,0.01621500869181015,29179.11469979052,37479.31089208267,92272.46255863833,118519.98755253846,0.018673919049838082,0.020757339984826897,43162.82716493168,47978.438579371345,136492.84409337232,151721.14448930672,0.02014030613609542,0.022394196106475132,46552.22883214958,51761.86174212602,147211.07326695294,163685.37903584944
2024-12-10,2272351.268722644,-17765.484591688495,2290116.753314332,0.009004521375449576,-0.9721383575435867,0.011997599217118491,0.015573271568583569,27475.90296667397,35664.610123127,86886.4341444672,112781.39985097955,0.017893804053681805,0.021063736252492124,40978.900443860606,48238.41527922666,129586.66141188449,152543.2629994235,0.021554063017908874,0.022648702351897282,49361.32081930598,51868.17269690968,156094.20210329565,164021.56379319297,0.011883033736466684,0.015613901005015767,27213.534640081758,35757.656276178095,86056.75264654889,113075.63762213764,0.01934027307122843,0.020967439212920942,44291.48337409426,48017.88381561013,140061.9684096175,151845.8812786647,0.020550385502530365,0.021949263402108312,47062.782126412756,50266.37584007738,148825.58454372676,158956.23737670426,0.013892557440964721,0.01784438920690665,31815.578541934992,40865.734675398366,100609.69326849349,129228.79983038055,0.020550385502530365,0.022843160964595665,47062.782126412756,52313.50562367651,148825.58454372676,165429.8301588451,0.022164123884821467,0.024644498124849645,50758.43143116398,56438.778032741815,160512.25377995838,178475.08694014134
2024-12-11,2289741.448453775,17390.17973113153,2272351.268722644,0.009329033346478856,0.7136723306598869,0.012429978064058824,0.016134513287202175,28245.276424058702,36663.28173839622,89319.40664108144,115939.47678978967,0.018538674933604848,0.021822847623716547,42126.38150581365,49589.17548489323,133215.3151395649,156814.74182204733,0.022330845167896466,0.023464933968772396,50743.52434891846,53320.57247443302,160465.11344679506,168614.45516328857,0.012311283783175657,0.016176606958983337,27975.56132430372,36758.93334687334,88466.49260651617,116241.95373443604,0.02003727293084346,0.021723080156255577,45531.72256614403,49362.46875363105,143983.94909990174,156097.83219036716,0.02129099633866209,0.02274028809206896,48380.62254252797,51673.92249713134,152992.96185127491,163407.29072595068,0.014393228271742763,0.01848747923600415,32706.470524309298,42010.046897417575,103426.94108197888,132847.43280632954,0.02129099633866209,0.02366640063276625,48380.62254252797,53778.37550396477,152992.96185127491,170062.1554563342,0.02296289188459663,0.025532655787879575,52179.75650750406,58019.16277344671,165006.87831670573,183472.70230014343
2024-12-12,2280102.164763283,-9639.283690492157,2289741.448453775,0.009277579541560242,-0.5588302949977231,0.012361421157603757,0.01604552420673653,28304.45838635877,36740.10183833301,89506.55643834788,116182.40327567169,0.0184364258228925,0.021702484826983354,42214.648368020455,49693.07904278294,133494.43946605464,157143.31372197397,0.022207680536764512,0.023335514329028785,50849.84659904988,53432.294380164196,160801.3339231645,168967.75084993368,0.012243381528938748,0.01608738571303005,28034.178156044403,36835.95386438799,88651.8553040396,116485.51399634725,0.019926758379743285,0.021603267621871904,45627.12459542179,49465.89729583952,144285.63680582153,156424.90195881677,0.021173566940411958,0.022614865199489843,48481.993835071844,51782.19419846674,153313.5260250688,163749.67590831206,0.014313843159466058,0.018385512492535994,32774.99996889597,42098.07000522435,103643.65021365907,133125.7863137255,0.021173566940411958,0.023535869813970996,48481.993835071844,53891.05663846143,153313.5260250688,170418.48449067542,0.0228362412322176,0.025391831734500072,52289.08807629775,58140.72957464873,165352.61509425315,183857.1302798027
2024-12-13,2276164.7882335237,-3937.376529759728,2280102.164763283,0.009078932234865406,-0.2967608731814185,0.0120967440390861,0.015701964752042927,27581.812270107555,35802.08382216984,87221.34876871922,113216.12985832345,0.018041673471981285,0.021237801108546516,41136.85873941682,48424.35628240896,130086.16940116018,153131.26007989616,0.02173217979793434,0.02283586492682913,49551.590202294974,52068.105053905034,156695.88672253574,164653.8054192642,0.011973999667634598,0.015472951587837808,27301.942563048477,35279.91041070646,86336.32304632843,111564.87254451889,0.01950009570705344,0.021140708297032,44462.21043474375,48202.97475269176,140601.85477949557,152431.1902140976,0.02072020817081112,0.022130646008156462,47244.191504612296,50460.133870807455,149399.2513677522,159568.95406876018,0.014007361670480403,0.017991850274660538,31938.215667484605,41023.25675935036,100997.5059109263,129726.92839744512,0.02072020817081112,0.023031930491400725,47244.191504612296,52515.15457212026,149399.2513677522,166067.50012370522,0.02234728203812044,0.024848153400780434,50954.08615169405,56656.3283594896,161130.96833179708,179163.04147837817
2024-12-16,2272998.609108209,-3166.1791253141128,2276164.7882335237,0.008740612674067805,-0.26976601498012526,0.011645967997971032,0.015116842880753913,26508.142281876128,34408.42547443068,83826.10615054173,108808.99519936072,0.017369364120265438,0.02044639047153819,39535.53500455495,46539.35403778866,125022.33912770909,147170.35959236615,0.020922346512013724,0.021984903647174564,47622.708417866124,50041.263554405516,150596.2269465307,158244.36982469467,0.011527797602926179,0.014896363719350714,26239.166989663387,33906.57857070546,82975.53159284011,107222.01594688577,0.018773439350947337,0.020352915750400206,42731.441604663945,46326.590168944436,135128.68317321845,146497.54116302906,0.019948085244167465,0.021305964179505532,45405.129225454715,48495.88544475525,143583.62580671386,153357.4551520344,0.01348538790465679,0.017321397546807393,30694.965104250045,39426.35517903753,97066.0024288179,124677.08220453426,0.019948085244167465,0.022173662976389688,45405.129225454715,50470.910893015556,143583.62580671386,159603.034005332,0.02151452743123807,0.023922205709167546,48970.60977446834,54450.88229208614,154858.66529462452,172188.808648722
2024-12-17,2252021.7980405428,-20976.811067666396,2272998.609108209,0.00846110075847466,-1.2099466243724208,0.011273547099638924,0.01463342851738141,25624.75687719516,33261.76266649235,81032.5962200003,105182.9290180714,0.016813917446339,0.019792545028343947,38218.0109691888,44988.427320137394,120855.96230393581,142265.89868057927,0.02025328069588085,0.02128185881934642,46035.67885161532,48373.63549561169,145577.59880314904,152970.866868901,0.011159155619724744,0.014419999954723423,25364.7452024564,32776.63984042678,80210.36710959095,103648.8359427665,0.018173092419796467,0.01970205949106974,41307.413793392305,44782.75381976871,130625.51183817566,141615.50196507477,0.019310174867981252,0.02062463083555803,43892.000616557685,46879.75720259368,138798.6930098371,148246.8089158797,0.013054145067763867,0.01676748477323001,29672.05358212406,38112.46956779489,93831.27217407005,120522.211088085,0.019310174867981252,0.021464581903316227,43892.000616557685,48788.96481132702,138798.6930098371,154284.2534856006,0.020826524541780675,0.023157208815663646,47338.66131602546,52636.30342883183,149697.99114194437,166450.60644683917
2024-12-18,2184959.8656850182,-67061.9323555245,2252021.7980405428,0.009199990437996484,-3.3909672600483267,0.012258041651979898,0.015911334267018493,27605.377001547633,35832.67160523509,87295.86699252005,113312.85692138475,0.018282240591053746,0.02152098529520478,41172.004328074654,48465.72800011115,130197.30951102631,153262.0889385486,0.02202195601482869,0.0231403576472803,49593.92498088425,52112.5898361294,156829.7610471168,164794.47865230977,0.012133660610855357,0.015679267448326834,27325.26818567219,35310.05207093955,86410.08514166091,111660.18884331436,0.019760109383343966,0.02142259785112833,44500.197062956075,48244.15733139749,140721.97904527653,152561.4209627268,0.02099649078915996,0.022425735361240182,47284.554939545706,50503.2448706015,149526.89175632977,159705.28302031642,0.014194135400096267,0.0182317530527526,31965.502325355716,41058.305291291064,101083.79389953277,129837.7615870229,0.02099649078915996,0.023339037544058472,47284.554939545706,52560.021294506296,149526.89175632977,166209.38115759156,0.022645260009363486,0.025179477913840693,50997.619163382355,56704.73312524965,161268.63180213887,179316.11078778686
2024-12-19,2174710.852523278,-10249.013161740266,2184959.8656850182,0.015497812634083731,-0.3657085722485437,0.02064924241644644,0.02871383825801925,45117.7659367362,62738.58418354308,142674.90329844676,198396.8231942115,0.03709701118213039,0.04270845614456953,81055.48056982324,93316.26260125313,256319.93544016418,295091.9325543488,0.04086501052217385,0.045514178625789097,89288.40790174584,99446.65361696808,282354.7376196927,314477.9311114411,0.020452062102308224,0.02760140190652091,44686.93486404103,60307.95540239014,141312.49582195646,190710.50009940926,0.03381840807066206,0.03946266874495222,73891.86435575491,86224.34740054316,233666.5919203959,272665.3275473351,0.03709701118213039,0.04270845614456953,81055.48056982324,93316.26260125313,256319.93544016418,295091.9325543488,0.023993529711465005,0.031403097243466196,52424.89945567207,68614.50713517747,165782.08838524524,216978.1230770356,0.03593093906544004,0.04116491883585403,78507.65979436044,89943.6955305223,248263.01871980532,284426.9390491572,0.04068915759020383,0.045420091699253096,88904.17630312829,99241.07745860126,281139.6906190536,313827.8422183745
2024-12-20,2207149.8090406507,32438.956517372742,2174710.852523278,0.01410401200407835,0.9813060764169367,0.01879214633658546,0.026131450226957214,40867.48458037796,56828.348400735726,129234.33351580494,179707.01661191205,0.033760679870235746,0.038867457773616026,73419.71690236585,84525.48223027302,232173.5305762383,267293.0441717517,0.037189803010262285,0.04142084672530616,80877.06820962027,90078.36489422659,255755.7460191964,284852.80096950836,0.018612699495715986,0.025119061186919412,40477.239588088094,54626.6949683899,128000.27049469412,172744.77714737182,0.030776938955788178,0.03591358127970296,66930.943154599,78101.65496194687,211654.22631178814,246979.11870834345,0.033760679870235746,0.038867457773616026,73419.71690236585,84525.48223027302,232173.5305762383,267293.0441717517,0.02183566410697675,0.02857884986381969,47486.25570549535,62150.73495148208,150164.7255825312,196537.88070011788,0.032699478814336276,0.03746273897588143,71111.91144939211,81470.62501609614,224875.60894828467,257632.73744835594,0.037029765466770316,0.04133522153595705,80529.03282697711,89892.15486569972,254655.16150371582,284263.9531561985
2024-12-23,2216517.12377274,9367.314732089171,2207149.8090406507,0.01395448232481282,0.23427309468768143,0.018592913408138716,0.025854406548176292,41037.34527828272,57064.548475666656,129771.48020612978,180453.94683219623,0.03340275166999578,0.03845538789640132,73724.87696986347,84876.80205212632,233138.53144046152,268404.01499597274,0.03679551950323856,0.04098170600960409,81213.22384512454,90452.76459325776,256818.76347569126,286036.7567737284,0.01841536904924052,0.024852750780940947,40645.478280444324,54853.7441402887,128532.28795310817,173462.76967142712,0.030450644153323245,0.0355328281799128,67209.13342817221,78426.2749319688,212533.94119918483,248005.65718758834,0.03340275166999578,0.03845538789640132,73724.87696986347,84876.80205212632,233138.53144046152,268404.01499597274,0.021604164031003903,0.02827585903733153,47683.62651551316,62409.05687470664,150788.86688581985,197354.76634706263,0.032352801388236256,0.03706556182218558,71407.47940597576,81809.24769782134,225810.27689445077,258703.55639000185,0.03663717866580029,0.04089698861210148,80863.7418960093,90265.78060553745,255713.60451537208,285445.46148655127
2024-12-24,2235373.912796665,18856.78902392555,2216517.12377274,0.0126974178417598,0.5911024743579403,0.01691800418988042,0.023525358759399814,37499.04598692891,52144.36053310671,118582.39540209202,164894.94641760908,0.03039372476500417,0.03499120332965197,67368.21139686734,77558.60136158731,213036.9899058144,245261.8324396524,0.033480861200167016,0.03728994261197587,74210.90216882851,82653.7963439473,234675.47806942754,261374.2537065714,0.016756453595748438,0.02261393535334621,37140.966328679715,50124.174946581625,117450.04809824986,158506.55866794664,0.027707552553059085,0.032331917157368426,61414.26469168856,71664.24802370876,194208.95725019442,226622.25055814013,0.03039372476500417,0.03499120332965197,67368.21139686734,77558.60136158731,213036.9899058144,245261.8324396524,0.01965799170749631,0.025728679049117954,43572.27523864809,57028.05768442288,137787.6325898847,180338.55281824415,0.029438357369047905,0.03372657724170954,65250.62320423611,74755.53598249318,206340.58807082032,236397.76141135165,0.03333678421274679,0.03721285682910564,73891.55305907,82482.934386216,233665.6075138435,260833.94075466512
2024-12-26,2240282.4574055537,4908.544608888216,2235373.912796665,0.011989586207373346,0.10238094079930912,0.015974891290429657,0.022213911554328877,35709.85525038911,49656.39838971919,112924.477506152,157027.31931223007,0.028699392882442193,0.0330405799075796,64153.87416251356,73858.05038907709,202872.36307737004,233559.662768969,0.03161443347452042,0.0352111734201483,70670.07985678858,78710.13850235884,223478.41477343792,248903.3126147684,0.015822346513268148,0.02135329645648132,35368.86063498889,47732.60185103181,111846.15785163417,150943.74049522972,0.02616296431843561,0.030529538591146838,58484.007918860945,68244.93413636868,184942.67171892457,215809.43063910113,0.028699392882442193,0.0330405799075796,64153.87416251356,73858.05038907709,202872.36307737004,233559.662768969,0.018562135166230915,0.02429440531181944,41493.31271639818,54307.0798609499,131213.3758494465,171734.06543326197,0.027797283501126924,0.031846451802917834,62137.32238503227,71188.72757537884,196495.46644086813,225118.5228674332,0.03147838821849267,0.03513838486970414,70365.9678405044,78547.42887554567,222516.72813815367,248388.77959680275
2024-12-27,2220807.894117424,-19474.56328813033,2240282.4574055537,0.011019939845044673,-0.8799363837349038,0.014682937176213847,0.020417382620035934,32893.92657905972,45740.70410980354,104019.72917617943,144644.80676680373,0.026378356824301362,0.030368454484526058,59094.970048666415,68033.91584020274,186874.7036132173,215142.13219524876,0.029057646285584868,0.0323635033146384,65097.335227091426,72503.3887359709,205855.8489251233,229275.84648626452,0.014542729312579508,0.019626368948339325,32579.8213617694,43968.610057533675,103026.44126459993,139040.95333359347,0.02404705950401385,0.02806049124235066,53872.205559029724,62863.42627642035,170358.8721433185,198791.60855556597,0.026378356824301362,0.030368454484526058,59094.970048666415,68033.91584020274,186874.7036132173,215142.13219524876,0.017060940168365173,0.022329618426926188,38221.32496603425,50024.652442402534,120866.44208212604,158191.8408762971,0.025549204679781886,0.02927090035271147,57237.43504477924,65575.08457264554,181000.6621674441,207366.62500772916,0.028932603560031297,0.0322966014688675,64817.20420260759,72353.5097045223,204969.99684447798,228801.8873733869
2024-12-30,2198780.294418211,-22027.59969921224,2220807.894117424,0.01096489538412339,-0.9971994779867345,0.014609596089695198,0.020315398050651114,32445.106325862143,45116.59636302372,102600.43491606163,142671.20478162385,0.026246597263741168,0.03021676443633901,58288.65039703716,67105.6289949083,184324.89699191536,212206.631442146,0.02891250370786467,0.032201848022637924,64209.11647312514,71514.11829384386,203047.05460211312,226147.49866726127,0.014470088562576228,0.01952833548229556,32135.28690834753,43368.681598055366,101620.69989336879,137143.812968486,0.023926944744246295,0.027920329441529567,53137.147770133575,62005.68803010799,168034.41531855942,196079.20206098037,0.026246597263741168,0.03021676443633901,58288.65039703716,67105.6289949083,184324.89699191536,212206.631442146,0.016975720986810366,0.022218082263737355,37699.81517584329,49342.09248345824,119217.28332304607,156033.39676640212,0.025421586723754795,0.029124692573608203,56456.46047710535,64680.34718121221,178531.00373892928,204537.2169430822,0.028788085569152497,0.03213528035074518,63932.80768850176,71366.28428261142,202173.28950519033,225680.00647612783
2024-12-31,2196418.847386596,-2361.447031615768,2198780.294418211,0.011117797434651876,-0.18353406585097926,0.014813322356225912,0.020598689948150173,32571.24129173428,45291.993548823084,102999.3087008052,143225.8593839336,0.026612597886677542,0.030638127803776356,58515.25581650231,67366.51167281016,185041.48624756307,213031.61490639992,0.029315679565725204,0.03265089276232576,64458.738546595196,71792.13960096407,203836.4289085324,227026.67923581833,0.01467186944009835,0.01980065203745163,32260.217407165004,43537.28351658045,102015.76481885297,137676.97904889937,0.02426059853537816,0.0283096697383118,53343.72599038081,62246.74396208754,168687.6730095246,196841.4878495304,0.026612597886677542,0.030638127803776356,58515.25581650231,67366.51167281016,185041.48624756307,213031.61490639992,0.017212442127975205,0.022527906499895136,37846.37856980574,49533.91688646536,119680.757469572,156639.99879070668,0.02577608283170472,0.029530827339103956,56675.942997643906,64931.80123108836,179225.06841042583,205332.3844675644,0.029189526454825376,0.03258339682498453,64181.3555722691,71643.73086398489,202959.26692550993,226557.36960229525
2025-01-02,2189099.249168656,-7319.598217939492,2196418.847386596,0.01033304759634082,-0.41652928670739336,0.01305875564819528,0.0189186738297073,28682.497029112277,41553.331767128664,90702.01959300767,131403.172752756,0.024734147410190584,0.028475535259570695,54326.54754578096,62544.202333542635,171795.62765809844,197782.1338124129,0.027246432043056885,0.03034622918426075,59844.57686340821,66653.02972742348,189245.16849738525,210775.38688957016,0.013636255395273958,0.018403022823915757,29950.928357956873,40420.74617933426,94713.15164767063,127821.6226502451,0.022548163955608935,0.026311431428937958,49525.21228606256,57790.92389223936,156612.4724273122,182750.9475849196,0.024734147410190584,0.028475535259570695,54326.54754578096,62544.202333542635,171795.62765809844,197782.1338124129,0.01594226403457452,0.02085124132992937,35015.889195552954,45798.05944846322,110729.96415402844,144826.1802729386,0.023956677778377622,0.027446393608792953,52618.898593196245,60283.776215143844,166395.56752392987,190634.0387957393,0.027129183450697078,0.030283497448302624,59587.04984531958,66515.24456023576,188430.79656119383,210339.6719334699
2025-01-03,2216419.830131033,27320.58096237713,2189099.249168656,0.009826146391692022,1.1639466836166763,0.012418141259500446,0.017990593467623963,27184.543707242734,39383.19465207414,85965.0752672846,124540.59663431685,0.023520781362924285,0.027078630523429997,51489.324821437665,59277.80974735605,162823.54161998557,187452.89350777544,0.025909822577530172,0.028857555103682854,56719.173150564384,63172.05221031525,179361.7741572519,199767.5694516704,0.012967310998926567,0.017500238398348446,28386.7307714866,38309.758738097065,89766.72456388638,121146.09422392472,0.021442034194262986,0.025020689645063283,46938.740955309746,54772.772915689995,148433.3319194066,173206.71617676216,0.023520781362924285,0.027078630523429997,51489.324821437665,59277.80974735605,162823.54161998557,187452.89350777544,0.01516019535942231,0.01982835633399585,33187.17227856152,43406.23996299888,104947.05350065444,137262.58294689932,0.02278145152377844,0.026099974766351057,49870.85842567551,57135.435164339964,157705.5014929337,180678.11022419113,0.025798325768674357,0.028797900755323146,56475.09557001342,63041.462921111364,178589.93307692767,199354.6098597637
2025-01-06,2218589.715613228,2169.885482194368,2216419.830131033,0.01037938055431411,0.0012128677514155143,0.01311731056831832,0.01900350438054814,29073.467261608093,42119.743951028846,91938.37602502003,133194.32534835074,0.02484505430399676,0.028603218381722955,55067.071040060786,63396.74042681923,174137.36856088936,200478.09597922405,0.027368603917230783,0.030482300420586046,60660.31644515217,67561.57512019844,191824.7635532493,213648.45968839133,0.01369739980037338,0.018485541216977642,30359.18853878041,40971.720124013795,96004.1836970252,129563.95524684005,0.022649268990032667,0.026429410799036462,50200.28892748028,58578.67019366368,158747.25220936895,185242.02011579397,0.02484505430399676,0.028603218381722955,55067.071040060786,63396.74042681923,174137.36856088936,200478.09597922405,0.016013748487019572,0.020944737433496407,35493.18970136101,46422.331384489196,112239.32088073231,146800.30147010362,0.024064098530516453,0.027569462102355773,53336.145177263716,61105.50250970733,168663.7003735585,193232.56549981033,0.027250829587033076,0.03041928739811891,60399.279084221576,67421.91180764578,190999.29093830916,213206.80551516093
2025-01-07,2208003.1930629183,-10586.522550309077,2218589.715613228,0.009703819996944897,-0.5924567057900678,0.012263546936438094,0.01776662729100397,27207.77911012166,39416.85658895471,86038.55206273364,124647.04502531227,0.023227969484180593,0.02674152672764071,51533.334212180955,59328.47617773993,162962.7115331707,187613.1148286989,0.025587269354923326,0.028498305349370763,56767.6526414584,63226.04716051941,179515.0797682824,199938.31647646293,0.01280588002275013,0.017282376686834036,28410.993717850328,38342.5031787638,89843.45073714227,121249.64123713985,0.021175100786752752,0.02470920530152092,46978.86083256322,54819.58876293016,148560.20211097397,173354.76088463157,0.023227969484180593,0.02674152672764071,51533.334212180955,59328.47617773993,162962.7115331707,187613.1148286989,0.014971465009999857,0.019581511716847685,33215.53829884897,43443.340511158196,105036.75473291732,137379.9051815235,0.022497843614744394,0.02577505432563199,49913.48446714664,57184.27044621937,157840.29687161924,180832.54094510642,0.025477160577764724,0.028439393642233256,56523.36644085558,63095.34625293492,178742.5789734287,199525.00391624478
2025-01-08,2209769.524056642,1766.33099372359,2208003.1930629183,0.009462171452053756,-0.017574106398154137,0.011958155011059481,0.01732419537925725,26403.64444756067,38251.87871464586,83495.65498354998,120963.06151879496,0.022649536967048654,0.026075598152714912,50010.24994464003,57575.003982220056,158146.29617937212,182068.14887707998,0.024950084575186934,0.02778862874554804,55089.866409202616,61357.381001010064,174209.45384748187,194029.0752259339,0.012486982694221533,0.01685200378420921,27571.297660562548,37209.27816504231,87188.09865384965,117666.06909230437,0.02064778965622343,0.02409388643653694,45590.38549063283,53199.3781851689,144169.45755549282,168231.20516980864,0.022649536967048654,0.026075598152714912,50010.24994464003,57575.003982220056,158146.29617937212,182068.14887707998,0.014598639387132352,0.019093884801402547,32233.842381162318,42159.35860947235,101932.35966333833,133319.59789776185,0.021937592994431668,0.025133193246774377,48438.27537981983,55494.1709407452,153175.2761306883,175487.9770354838,0.02484271777240425,0.02773118408214293,54852.80016582949,61230.54300078716,173459.784562083,193627.97825136856
2025-01-10,2186179.421075935,-23590.10298070684,2209769.524056642,0.0089730428027319,-1.3037601463489852,0.011340001319956012,0.016428654611540052,25058.789319600888,36303.54028183382,79242.84965623988,114801.87441826596,0.021478712967441953,0.024727670547584846,47463.00533141343,54642.452776966005,150091.20144398138,172794.60771340522,0.023660338217221882,0.02635214933765629,52283.894321289576,58232.17649974229,165336.19099881843,184146.31084811714,0.011841492279016229,0.015980872047577237,26166.968757522092,35314.04401858484,82747.22073623605,111672.81249017363,0.019580442111613226,0.0228483995850955,43268.264245798186,50489.69707661246,136826.26541874983,159662.4411340403,0.021478712967441953,0.024727670547584846,47463.00533141343,54642.452776966005,150091.20144398138,172794.60771340522,0.013843990964035453,0.01810686336234481,30592.029323641073,40011.99483436734,96740.49090936614,126529.03740349243,0.02080357156128484,0.023833981440242204,45971.0984276587,52667.60582357885,145373.3775711868,166549.59331045745,0.023558521533615664,0.026297674165003327,52058.902916816034,58111.79892339605,164624.70570672184,183765.6435276522
2025-01-13,2205061.812603412,18882.39152747672,2186179.421075935,0.009834399051069583,0.7762691616707145,0.01242857085069845,0.01800570317940416,27171.08582718118,39363.69775281491,85922.51771381272,124478.94202534683,0.02354053569887092,0.02710137298066732,51463.83470597501,59248.463893238266,162742.9347973029,187360.0937688802,0.02593158339115353,0.028881791621565518,56691.093965654356,63140.778486869895,179272.9799780952,199668.6732546689,0.012978201819849768,0.01751493627692369,28372.67774112581,38290.79325006693,89722.2849799188,121086.12008481282,0.02146004265836616,0.025041703704980704,46915.5036351318,54745.65730850981,148359.84906092568,173120.96909793437,0.02354053569887092,0.02710137298066732,51463.83470597501,59248.463893238266,162742.9347973029,187360.0937688802,0.015172927912288038,0.019845009522775913,33170.74275931276,43384.75142974866,104895.09879896676,137194.63023825237,0.02280058492074382,0.026121895282586367,49846.169542224416,57107.14990629086,157627.42838834177,180588.66438455036,0.025819992939770064,0.028822087171467267,56447.13721725125,63010.25384671844,178501.52100257273,199255.91810101643
2025-01-14,2223374.3358344347,18312.52323102299,2205061.812603412,0.009781656794569105,0.7467584193646915,0.012361915952078022,0.01790913790778684,27258.788796540197,39490.75609710893,86199.85885454717,124880.73578904581,0.023414286909743995,0.02695602728563921,51629.94993401644,59439.706387058635,163268.2372719521,187964.85563476325,0.02579251132222716,0.028726897473586817,56874.08176778425,63344.584613579726,179851.63821685387,200313.16481616884,0.01290859922941766,0.017421003006887578,28464.259214990714,38414.388467737015,90011.89102880708,121476.96248055459,0.021344951632618563,0.024907404094688463,47066.93773695405,54922.36562027939,148838.72573810586,173679.76984460937,0.023414286909743995,0.02695602728563921,51629.94993401644,59439.706387058635,163268.2372719521,187964.85563476325,0.015091554922270297,0.01973857998121782,33277.81145190529,43524.78895160159,105233.67973365556,137637.46776519323,0.022678304515809464,0.025981802563741184,50007.06326240297,57291.480655907115,158136.2190053238,181171.56939614392,0.025681519334682643,0.02866751322072735,56629.33757454489,63213.63866532934,179077.6891221171,199899.07736932707
2025-01-15,2247851.961644204,24477.625809769143,2223374.3358344347,0.009699393955707823,1.0292526068066787,0.012257953369732347,0.017758523696228046,27254.018932118128,39483.8458285011,86184.77521884324,124858.8836010015,0.023217374898664492,0.026729329561980573,51620.91549513724,59429.30536216828,163239.66786771224,187931.96470610963,0.02557559866138772,0.028485306893638613,56864.129687330984,63333.50029568379,179820.16697516432,200278.11312530833,0.012800039090717636,0.017274493965193004,28459.278411979125,38407.666546736946,89996.14034671383,121455.70589994265,0.0211654425419264,0.024697935104667078,47058.7017542975,54912.75505982113,148812.6812741415,173649.3785839705,0.023217374898664492,0.026729329561980573,51620.91549513724,59429.30536216828,163239.66786771224,187931.96470610963,0.014795113733716744,0.019431565484408494,32895.07617129739,43203.64400312006,104023.36450603094,136621.91826893415,0.02248758204933866,0.025763297980876107,49998.312803470704,57281.45553713505,158108.54762452608,181139.8671870105,0.025465540106305414,0.028426422056913498,56619.42832052196,63202.577260939375,179046.35330949147,199864.0981373346
2025-01-16,2268112.261689884,20260.30004568025,2247851.961644204,0.010032333211034493,0.7981063901249632,0.012678717170582617,0.018368098859596255,28499.879263026185,41288.76705321811,90124.53151096376,130566.54566828783,0.02401432938310964,0.0276468346267697,53980.65741139305,62145.991449037174,170701.8270132509,196522.8804283054,0.0264535010140234,0.02946308724859973,59463.55414672944,66228.65846785923,188040.2688724153,209433.40713583262,0.013231418786584589,0.017823685630634908,29742.27067476014,40065.00670855229,94053.31811747511,126696.67566895117,0.021891962849354633,0.025545710971840236,49209.89163516385,57422.97651964694,155615.34097718543,181587.39582845292,0.02401432938310964,0.0276468346267697,53980.65741139305,62145.991449037174,170701.8270132509,196522.8804283054,0.015302967541023777,0.020098569110795196,34398.80560606787,45178.608001942586,108778.57450454324,142867.30280204743,0.023259485825573908,0.0266476432589091,52283.88083985187,59899.95717273377,165336.14836676914,189420.2964123787,0.02633966461327994,0.029402181143970786,59207.66677001173,66091.75056109295,187231.08193750182,209000.4663207652
2025-01-17,2277871.830272659,9759.568582775071,2268112.261689884,0.00998044904136251,0.3334298433235136,0.012613146709647562,0.018273104650598608,28608.03271064505,41445.45271716515,90466.5427422391,131062.02924305621,0.023890134590725576,0.027503853624395207,54185.50719864632,62381.82764921453,171349.61891917218,197268.65997558524,0.026316691569384945,0.029310713141230026,59689.210835632795,66479.98787449865,188753.85797860197,210228.18050379184,0.013162989921346227,0.01773150696092896,29855.13884110574,40217.048356322506,94410.23859845397,127177.47357511011,0.02177874428981961,0.025413596340619994,49396.6369679484,57640.889473797375,156205.88157119072,182276.49709522413,0.023890134590725576,0.027503853624395207,54185.50719864632,62381.82764921453,171349.61891917218,197268.65997558524,0.015223825257002544,0.01999462543707814,34529.34473523162,45350.055121733385,109191.3754764756,143409.4661988621,0.023139194854005122,0.026509829769751567,52482.29157400048,60127.269956085045,165963.5781989049,190139.12254904112,0.026203443895810603,0.02925012202441101,59432.35239859098,66342.56041949196,187941.60028131885,209793.59673293037
2025-01-21,2318045.918084005,40174.0878113457,2277871.830272659,0.009483102326744479,1.7417314732409883,0.011984607146844278,0.017362517509059934,27299.399016680967,39549.589536503445,86328.27964647285,125066.78346011393,0.022699639062795113,0.026133278895468914,51706.86837849786,59528.259828647635,163511.47475059057,188244.8862048312,0.025005275616314483,0.027850098811805807,56958.81293460657,63438.9555537225,180119.58169281608,200611.5919319514,0.012507050517738183,0.016847908768533315,28489.458054152885,38377.376782845764,90091.57675495178,121359.92125625779,0.020693463770260014,0.024147183517484065,47137.05819304314,55004.189114901215,149060.4660899172,173938.51845372887,0.022699639062795113,0.026133278895468914,51706.86837849786,59528.259828647635,163511.47475059057,188244.8862048312,0.01446519010500586,0.018998251303014996,32949.849059731656,43275.581467578704,104196.5715875095,136849.4045057209,0.021986120228619847,0.025188789334954727,50081.563925761024,57376.83366476576,158371.8107887287,181441.4793092858,0.02489767131190689,0.027792527077457472,56713.70412078042,63307.81452183049,179344.4795665433,200196.88757646788
2025-01-22,2311915.357125875,-6130.56095812982,2318045.918084005,0.011251447083159892,-0.32121656384293396,0.014219415596190223,0.020600162294219307,32961.258280288785,47752.1221179831,104232.65071079724,151005.4689993303,0.02693251416275161,0.03100643591839947,62430.80451870602,71874.34221497916,197423.53843584316,227286.62672572568,0.029668090220152227,0.0330433967962234,68771.99543217185,76596.11106311575,217476.1448003589,242218.170870667,0.014839280671882013,0.019989592797754262,34398.13398875897,46336.79398899569,108776.45066413113,146529.80847522552,0.02455224087604012,0.028649986912836923,56913.22174252005,66411.98521646179,179975.40968458046,210013.1372174498,0.02693251416275161,0.03100643591839947,62430.80451870602,71874.34221497916,197423.53843584316,227286.62672572568,0.01716256088003161,0.022540916658212326,39783.6041918255,52250.87984944083,125806.80277679088,165231.79007202887,0.026085943164258864,0.0298858243353364,60468.41407128161,69276.71310910216,191217.9149634251,219072.2022348077,0.02954042059314127,0.03297508947440117,68476.0513744158,76437.77155459046,216540.28751785733,241717.45738013546
2025-01-23,2315010.6251804447,3095.2680545696057,2311915.357125875,0.010512289495444894,0.03538718598745943,0.013285278959976742,0.019246846035840183,30714.4404512715,44497.07892649619,97127.58888362788,140712.1186320081,0.02516319755374094,0.028969485274834145,58175.182858885935,66974.99789492096,183966.08113086544,211793.5396329328,0.027719061456371215,0.030872629135380747,64084.12386610053,71374.90541293847,202651.793273233,225707.2688839665,0.013864422342656895,0.018676387564455194,32053.370931667578,43178.22722589868,101361.6588303029,136541.5433621335,0.02293929500296273,0.0267678418822431,53033.70839899038,61884.98472467501,167707.31130601143,195697.5046947012,0.02516319755374094,0.028969485274834145,58175.182858885935,66974.99789492096,183966.08113086544,211793.5396329328,0.016035075943619925,0.02106010361622539,37071.73832673459,48689.17697301366,117231.12993424069,153968.69663374577,0.024372241568361656,0.02792249164938846,56346.559569476936,64554.437253440185,178183.46655390374,204139.0547912953,0.027599779014833237,0.030808809225253052,63808.352957673414,71227.35918262387,201779.7290901896,225240.68673600056
2025-01-24,2316192.7872003475,1182.1620199028405,2315010.6251804447,0.009811751336030804,-0.046415417611851195,0.01239994899698841,0.017964237703724115,28706.013679723765,41587.40115738848,90776.38577187835,131510.9096244702,0.02348632401378476,0.027038961015356733,54371.08963834235,62595.482044390665,171936.48212234248,197944.29449644752,0.02587186534350289,0.028815279516142718,59893.643163446905,66707.67824741482,189400.32976186473,210948.20068350004,0.012940498309412468,0.01743179454077782,29957.391081419446,40354.78957786312,94733.58857370017,127613.0495628723,0.021410622157090706,0.0249840349682688,49565.817785388834,57838.30641142205,156740.87829071164,182900.78426681348,0.02348632401378476,0.027038961015356733,54371.08963834235,62595.482044390665,171936.48212234248,197944.29449644752,0.014966499722191079,0.019656659939110775,34647.60587863252,45505.37661460024,109565.35004831824,143900.63588589893,0.022748077274133086,0.02606173896418189,52662.0405920439,60333.20261276027,166531.9945031008,190790.33878874432,0.025760531874648898,0.028755712559892885,59635.90500011172,66569.78011078679,188585.29012577707,210512.12848666238
2025-01-27,2273044.474863388,-43148.31233695988,2316192.7872003475,0.009252054655424726,-2.136890037657556,0.011692612451695708,0.016939494631050572,27082.34462414657,39235.13528325835,85641.89338991992,124072.39179993205,0.022146581786331217,0.025496563923437115,51295.75299464296,59054.957457857636,162211.41375647468,186748.17269117723,0.024396043478687488,0.027171554991990067,56505.939941562036,62934.559689464986,178687.47154401778,199016.55215852856,0.012202326937032716,0.016437423892017845,28262.941638615688,38072.24265884639,89375.26895443708,120395.00243257954,0.020189285237653204,0.02355885805937834,46762.2768461828,54566.85711180889,147875.30340929294,172555.5532302733,0.022146581786331217,0.025496563923437115,51295.75299464296,59054.957457857636,162211.41375647468,186748.17269117723,0.01411275812928695,0.01853537517118947,32687.868586557503,42931.50227956146,103368.11658979053,135761.33057612507,0.021450447227828486,0.02457508604264795,49683.37115131803,56920.637036809116,157112.61467366715,179998.85890405433,0.024291060861055036,0.02711538594367175,56262.779959820335,62804.4613448862,177918.53216590904,198605.14506984217
2025-01-28,2263752.129021086,-9292.345842301846,2273044.474863388,0.011965066325715826,-0.4230964901040698,0.015942221068358756,0.02259674712493122,36237.37751648357,51363.41120221006,114592.6493834639,162425.36779479115,0.0286406998045537,0.03297300867574413,65101.58444696171,74949.11519002276,205869.28613819223,237009.91261479552,0.03154977885224596,0.035139163111339355,71714.05050325945,79872.8805615533,226779.7398266443,252580.22585309722,0.015789988260252626,0.02158987256391053,35891.34557312499,49074.74054440148,113498.40029927643,155187.95570212023,0.026109458486140626,0.030467102685489533,59347.96035359695,69253.07942434748,187674.72920273832,218997.4659614805,0.0286406998045537,0.03297300867574413,65101.58444696171,74949.11519002276,205869.28613819223,237009.91261479552,0.018460211740755687,0.024124264888070315,41960.88230213296,54835.52701396906,132691.9607049898,173405.16205983405,0.027740435325546934,0.0317813226803682,63055.24324703961,72240.35992246142,199398.18707659643,228444.07634532286,0.03141401182213195,0.035066523420631636,71405.44600559019,79707.76731393434,225803.8467178373,252058.09191875393
2025-01-29,2262540.012972149,-1212.1160489362665,2263752.129021086,0.011182427707828861,-0.1342754906153621,0.014899435552312544,0.02111868704091916,33728.62895275998,47807.47275101076,106659.28984542128,151180.50306962986,0.026767302942375393,0.030816234176124686,60594.53902395467,69760.3157246146,191616.75708365292,220601.48798224167,0.029486098247108662,0.032840699792999334,66749.21768341714,74343.20407494457,211079.5599139862,235093.85343153606,0.014757160338363428,0.02017767245036342,33406.55313427574,45677.2489682003,105640.79667974813,144444.14399008898,0.02440163088643464,0.028474240256842264,55239.243870753104,64458.622003684584,174681.82685707562,203836.0603674897,0.026767302942375393,0.030816234176124686,60594.53902395467,69760.3157246146,191616.75708365292,220601.48798224167,0.01725272369101256,0.02254628940380915,39055.88998694221,51039.21063939851,123505.56840370125,161400.15559759818,0.025925925036029595,0.02970249672319617,58689.867997153066,67239.09019437716,185593.65844562824,212628.67281172564,0.02935921177961842,0.03277281148649557,66461.97817249215,74189.52177656104,210171.22882547037,234607.8673325945
2025-01-30,2295155.545161771,32615.53218962159,2262540.012972149,0.010369799947127587,1.287064189450697,0.013816692585853475,0.019583990657682245,31260.81982242912,44309.56247667883,98855.39216301646,140119.13955183656,0.024822121268198633,0.02857681640155162,56161.04257614639,64656.190551869324,177596.81031031295,204460.8269737662,0.027343341538420947,0.03045416396822812,61865.404319040834,68903.76453973081,195635.5860153872,217892.8353054929,0.013684756521106622,0.018711359659624508,30962.309196785278,42335.19992701338,97911.41868022004,133875.65696795643,0.022628362756937165,0.026405015335192367,51197.57616561911,59742.403739015936,161900.9513633064,188922.06870864995,0.024822121268198633,0.02857681640155162,56161.04257614639,64656.190551869324,177596.81031031295,204460.8269737662,0.015998967119958688,0.02090784906249461,36198.30327513232,47304.84508907629,114469.08578295082,149591.05484291184,0.024041886349923183,0.02754401432294695,54395.729854030134,62319.43452354545,172014.4013259537,197071.35558813385,0.027225675918910584,0.03039120910944549,61599.181146747476,68761.32665272409,194793.71442502478,217442.40715744998
2025-01-31,2284044.4249054994,-11111.12025627168,2295155.545161771,0.01113154308573028,-0.5227318213336885,0.01406788266371543,0.02068783771383418,32287.978904311618,47481.80544631334,102103.55438109254,150150.65262733796,0.026645500760379845,0.030676007700128276,61155.56882379799,70406.2091763746,193390.88908638622,222643.98241559137,0.02935192443390213,0.032691261170002484,67367.23212563976,75031.5293526629,213033.89317828818,237270.5290801939,0.014690009219958245,0.020085855783688534,33715.856119664706,46100.16328125237,106618.89860066705,145781.51647441898,0.0242905934803644,0.02834467081155989,55750.69032172872,65055.428388936685,176299.1625433682,205723.32786701826,0.026645500760379845,0.030676007700128276,61155.56882379799,70406.2091763746,193390.88908638622,222643.98241559137,0.01717421673812846,0.02244369456072021,39417.49878032564,51511.77002495407,124649.07581273811,162894.51958564343,0.025807951467813197,0.02956733820836973,59233.26292061733,67861.64024461329,187312.0240727482,214597.34892792403,0.029225615351762938,0.03262368178307429,67077.33313536369,74876.42414801601,212117.1520776328,236780.04335656323
2025-02-03,2267838.2585219834,-16206.166383516043,2284044.4249054994,0.010582301006624885,-0.7641637050722708,0.013373758492131817,0.019667077976335857,30546.258523986256,44920.479806031646,96595.75093212968,142051.0297746587,0.02533078364311009,0.029162421118455694,57856.63515853301,66608.26537235513,182958.74485434138,210633.82956956569,0.027903669517430844,0.031078239856128495,63733.22079569344,70984.08047926618,201542.14033280016,224471.3719271778,0.013965188667775299,0.01909479846968628,31897.11131938563,43613.36798938101,100867.52254919712,137917.57927752228,0.023092069972607255,0.026946114851420268,52743.31368046129,61546.123399249744,166789.002574976,194625.93109541383,0.02533078364311009,0.029162421118455694,57856.63515853301,66608.26537235513,182958.74485434138,210633.82956956569,0.016326822766276665,0.021336298994049974,37291.1885157344,48733.05476547666,117925.09236443453,154107.45039662905,0.024534559916213866,0.02810845454901479,56038.02479413822,64200.958905386855,177207.79392646503,203021.25810789302,0.02778359265865455,0.031013994907444418,63458.95991584529,70837.34216239597,200674.85127939822,224007.34462584843
2025-02-04,2275998.724844351,8160.466322367545,2267838.2585219834,0.010408186097212103,0.252296629329255,0.013153714595543715,0.019343487530541496,29830.497201453054,43867.90107500493,94332.31489187035,138722.48356796452,0.02491400594073574,0.02868259992379127,56500.93584544449,65047.497461053565,178671.6472026559,205698.24807094908,0.027444559075640335,0.03056689691531903,62239.82106000387,69320.77826885809,196819.59571092768,219211.54850509562,0.013735413729574252,0.01878062397174643,31149.69675255661,42591.417562041635,98503.99016162929,134685.88827134744,0.022712126738246685,0.026502759446632183,51507.42994939594,60103.97182947738,162880.7950616625,190065.44740374593,0.02491400594073574,0.02868259992379127,56500.93584544449,65047.497461053565,178671.6472026559,205698.24807094908,0.01605819090018543,0.02098524417485447,36417.379686090084,47591.13960416056,115161.86622319242,150496.39759219156,0.02413088280717872,0.027645974695675604,54724.939242030254,62696.599108983784,173055.45281914415,198264.05473087216,0.02732645789033764,0.030503709014947353,61971.986673597625,69177.47833091953,195972.6290141703,218758.394312649
2025-02-05,2286282.198937837,10283.474093486557,2275998.724844351,0.0097862473534083,0.3619478675976168,0.012367717433742632,0.018187621924069308,28148.90910843348,41395.004307132906,89014.66643170941,130902.49736302024,0.023425275299951746,0.026968677824492138,53315.896711818044,61380.67633928223,168599.66910362698,194102.74155373804,0.025804615819790502,0.028740379086762333,58731.27270094155,65413.06615301432,185724.59161544446,206854.27777879353,0.012914657271070391,0.017658392146551814,29393.743480758036,40190.47800835343,92951.17835792108,127093.45075730458,0.021354968878004206,0.02491909320895914,48603.88193542837,56715.82436786853,153698.9700418666,179351.18437654406,0.023425275299951746,0.026968677824492138,53315.896711818044,61380.67633928223,168599.66910362698,194102.74155373804,0.01509863743112341,0.019731275781262728,34364.47954012407,44908.35851770619,108670.02595304769,142012.69889537466,0.02268894750742524,0.02599399589621258,51640.01559496026,59162.301513389124,163300.06768668958,187087.62439993635,0.0256935717433964,0.028680966964707233,58478.53652466705,65277.84423897661,184925.36965129524,206426.6685408669
2025-02-06,2312527.9891681564,26245.790230318904,2286282.198937837,0.009343256558455809,1.118277373320426,0.011807872093657976,0.01736432890852614,26996.12777506508,39699.756080064995,85369.25177413941,125541.65176612334,0.022364891175950165,0.025747895680238584,51132.452576756776,58866.955553837906,161695.01249309705,186153.65847002654,0.02463652688205571,0.027439397932382793,56326.05285409746,62734.20704237847,178118.6186259758,198382.98145849127,0.012330053787789546,0.01685905559883422,28189.98248696929,38544.55870651795,89144.55185908084,121888.59691867033,0.020388300624298347,0.023791088927901653,46613.4087839265,54393.14310920862,147404.5412617073,172006.22132059204,0.022364891175950165,0.025747895680238584,51132.452576756776,58866.955553837906,161695.01249309705,186153.65847002654,0.014415172446357481,0.018838106701418837,32957.1521587263,43069.22801314546,104219.66601431025,136196.85758666805,0.021661894488021523,0.024817334353722076,49525.20376323326,56739.42975800323,156612.44547575948,179425.83117442657,0.024530509400831353,0.02738267519904112,56083.66697399799,62604.5228668643,177352.12717219698,197972.88408738546
2025-02-07,2292211.2366369306,-20316.752531225797,2312527.9891681564,0.0098567297974816,-0.9932577805926576,0.012456792124056334,0.018318612690886894,28806.680442129724,42362.30457040694,91094.7220257562,133961.3693762467,0.023593988658260175,0.027162911452342713,54561.759148342695,62814.99300083878,172539.4320542918,198638.4490901856,0.025990465648194638,0.028947372849383986,60103.67926296359,66941.60992708683,190064.52222719527,211687.9576081325,0.013007671127757452,0.017785571298268254,30080.603556833626,41129.631430591166,95123.22063215647,130063.31464391768,0.021508771489493154,0.02509856533244334,49739.636082074976,58041.1348192408,157290.54000725076,183542.18400970625,0.023593988658260175,0.027162911452342713,54561.759148342695,62814.99300083878,172539.4320542918,198638.4490901856,0.015207380734852755,0.019873384241382873,35167.4935912836,45957.75729769126,111209.37934783079,145331.1892139294,0.022852357690718552,0.026181209676514,52846.71677826883,60544.7801672188,167115.99188116498,191459.4057626016,0.025878621810909407,0.02888753282974784,59845.03725882553,66803.22820680587,189246.62439552828,211250.35618551236
2025-02-10,2292484.791811265,273.5551743344404,2292211.2366369306,0.010115139974173609,-0.08369661179819038,0.012783367156539771,0.018798864867771565,29302.17783827595,43090.96928592521,92661.62237226102,136265.6095278831,0.024212543382120817,0.027875031282355977,55500.26400805649,63895.45992702232,175507.2450061242,202055.18551340658,0.02667184790767116,0.029706275232473555,61137.50947583504,68093.05788650524,193333.78041376575,215329.1557670478,0.013348688347823094,0.018251848929509408,30598.01342524456,41837.0932056212,96759.41430018304,132300.5052105182,0.022072658859363842,0.025756564976902468,50595.19665988749,59039.487657225065,159996.06010938803,186699.2528862296,0.024212543382120817,0.027875031282355977,55500.26400805649,63895.45992702232,175507.2450061242,202055.18551340658,0.015606066914088385,0.020394397279053445,35772.401940181226,46748.26660748395,113122.26750599909,147830.99914444194,0.02345146935452782,0.02686759260041713,53755.721570095295,61586.19766005939,169990.51742734385,194752.65703511995,0.026557071902582958,0.02964486640955629,60874.41862727557,67952.29589258564,192501.81410077141,214884.0272582751
2025-02-11,2294289.3278227714,1804.5360115063377,2292484.791811265,0.00949850274594949,-0.018854945822845293,0.012004069973217906,0.017652852063656174,27519.14785344031,40468.89488802588,87023.18648380491,127973.88223610658,0.022736502943972857,0.026175718957415373,52123.08721802983,60007.43762460056,164827.67428858374,189760.17944422184,0.02504588381746634,0.027895326964136633,57417.30774901345,63949.61282788594,181569.46960171804,202226.43202204094,0.012534928162176063,0.017139183206386036,28736.132178235355,39291.31684470702,90871.62882687937,124250.05349661455,0.020727069652162915,0.02418639818964265,47516.49195639629,55446.950018447285,150260.3410032825,175338.65136780858,0.022736502943972857,0.026175718957415373,52123.08721802983,60007.43762460056,164827.67428858374,189760.17944422184,0.01465469284808889,0.01915111793328399,33595.660482909094,43903.646608237534,106238.80662370507,138835.5208691568,0.022021825365667415,0.02522969555969629,50484.6997387161,57838.69337263195,159646.63816405035,182902.0079456029,0.024938104765245318,0.02783766173413542,57170.225910920926,63817.416165091854,180788.12822488468,201808.3894685384
2025-02-12,2280199.5445515,-14089.783271271735,2294289.3278227714,0.009001835588510372,-0.7916288545709697,0.011376389224918827,0.01672980217993758,26100.728387889234,38383.006598016924,82537.75029514477,121377.72429500443,0.021547634067548657,0.02480701693392555,49436.506881007255,56914.47420662415,156331.9613065696,179979.370323837,0.023736259737347387,0.026436708367113995,54457.84739782545,60653.457869432605,172210.83424700215,191803.0748324707,0.011879489372976745,0.01624299255069832,27254.985688404573,37266.124460971936,86187.83237065068,117845.83286398595,0.019643272021997227,0.022921715748753423,45067.34936358787,52589.04781775212,142515.47209547757,166301.17108360422,0.021547634067548657,0.02480701693392555,49436.506881007255,56914.47420662415,156331.9613065696,179979.370323837,0.01388841369497631,0.018149725233812315,31864.03932077177,41640.720906851246,100762.9397068034,131679.5214770421,0.02087032626117425,0.023910460148406622,47882.566809191405,54857.51354182099,151417.97133222592,173474.68956568488,0.023634116343390604,0.026382058394004718,54223.500899162806,60528.075019362186,171469.7655495426,191406.5794467248
2025-02-13,2292271.3365549804,12071.792003480718,2280199.5445515,0.009091589130591009,0.47453534233303046,0.011242349798104154,0.01668241270481449,25634.800889325743,38039.229851538155,81064.35817517931,120290.60676952926,0.021762476525179004,0.025054357336489225,49622.78906102588,57128.93418769327,156921.03728292996,180657.55233097202,0.02397292406721941,0.02670029774214433,54663.050539641394,60882.00675102695,172859.74355816306,192525.809854993,0.01199793479878466,0.016404944643810905,27357.685463747377,37406.547305210195,86512.59757592155,118289.8888872979,0.019839126881230386,0.023150258600795948,45237.168078880946,52787.20911778437,143052.48602512735,166927.8121358061,0.021762476525179004,0.025054357336489225,49622.78906102588,57128.93418769327,156921.03728292996,180657.55233097202,0.014026889265958345,0.018330688561958876,31984.106515712545,41797.62771029402,101142.6255150837,132175.7043562976,0.021078415565616758,0.024148861357804023,48062.99357258658,55064.22266950205,151988.53085540695,174128.3612223036,0.023869762244152517,0.026645102876983545,54427.820997669165,60756.15144462574,172115.88243257263,192127.8204311468
2025-02-14,2283634.654046072,-8636.682508908678,2292271.3365549804,0.008858690918233408,-0.5351572704462749,0.010954355792538367,0.01625506122192687,25110.355793660714,37261.01091296934,79405.91716517291,117829.66240537314,0.021204989620922154,0.02441254269312802,48607.589899985716,55960.17186788208,153710.69565535098,176961.60135698653,0.023358812377827994,0.02601631922923095,53544.736069660794,59636.46285183026,169323.32269270037,188587.0542078043,0.011690585057558689,0.015984701028917078,26797.993034999738,36641.271991987516,84742.6947119275,115869.87586041546,0.019330910207664777,0.02255722103978256,44311.69137854805,51707.271221828494,140125.87173065828,163512.7486530556,0.021204989620922154,0.02441254269312802,48607.589899985716,55960.17186788208,153710.69565535098,176961.60135698653,0.013667564027206891,0.017861113382521943,31329.765260096312,40942.51824571362,99073.41678032195,129471.61079945645,0.02053845217373351,0.023530242702702247,47079.70521505465,53937.700889586355,148879.1000488801,170565.98656398305,0.023258293239536085,0.025962538284699726,53314.31893017905,59513.18233422849,168594.67971999734,188197.2069810582
2025-02-18,2300044.495465272,16409.841419200413,2283634.654046072,0.008717121546391916,0.7105799087263954,0.010779295923897286,0.015995291598212294,24615.973718029414,36527.402195249575,77842.54377181639,115509.78794602315,0.020866115955699167,0.02402240961748291,47650.58549177829,54858.40707617362,150684.381994594,173477.5151694068,0.022985518803662768,0.025600556448374785,52490.52728127191,58462.3178683713,165989.62179202502,184874.08175681322,0.011503759622702206,0.015729251989705186,26270.384126218727,35919.86492591389,83074.24884638349,113588.58641148322,0.019021985916199698,0.022196737573030284,43439.26622700995,50689.239128538466,137367.02116378036,160293.4485071101,0.020866115955699167,0.02402240961748291,47650.58549177829,54858.40707617362,150684.381994594,173477.5151694068,0.01329679001579325,0.017527815625334037,30365.010467639284,40027.12717174303,96022.5942525947,126576.89005592171,0.020210230340545112,0.023154209526982904,46152.78237192217,52875.75526286187,145947.91264934247,167207.81963227873,0.022886606046200415,0.025547634968814695,52264.646680603626,58341.46454370448,165275.3246146663,184491.90998806228
2025-02-19,2311230.270901638,11185.775436365975,2300044.495465272,0.008762926773388824,0.4434091565602712,0.010835937109182276,0.01607934089804581,24923.13750118257,36983.199523259886,78813.88094129441,116951.1456539546,0.02097575962337181,0.02414863843277309,48245.18045993904,55542.94290028087,152564.65637925724,175642.2075135661,0.023106299143920758,0.02573507783747373,53145.51615654887,59191.824120451776,168060.87847997216,187180.9830807205,0.011564207594894798,0.015811903350483585,26598.192023055475,36368.08126410867,84110.86843537712,115005.97092467903,0.019121939367368924,0.022313373161706257,43981.311384537585,51321.751115845014,139081.11845623242,162293.6270343583,0.02097575962337181,0.02414863843277309,48245.18045993904,55542.94290028087,152564.65637925724,175642.2075135661,0.01336665969487966,0.01761991776813491,30743.912053965476,40526.59487314944,97220.78627443638,128156.34561005486,0.020316427573597536,0.023275876274162357,46728.687408171885,53535.551101517856,147769.0842798534,169294.2772731326,0.023006866636758425,0.025681878275249384,52916.816965779835,59069.462760196504,167337.66813810467,186794.04248471744
2025-02-20,2294002.361311085,-17227.909590553027,2311230.270901638,0.008572280892006743,-0.985485265686022,0.01060019089856069,0.01572951940611459,24499.482082089504,36354.5413981468,77474.16487388713,114963.15410902616,0.020519411843175774,0.023623261629194845,47425.08579304542,54598.79737482427,149971.28933491634,172656.55721046677,0.022603599431862426,0.025175186522204383,52242.12323825551,58185.6531657137,165204.09923609876,183999.19114824198,0.011305788598969628,0.015191111206346277,26130.280846353224,35110.156068740616,82631.2033743485,111028.06218120371,0.018705923225878683,0.021827924315330052,43233.69600481283,50449.35942854073,136716.95104253053,159534.88229067935,0.020519411843175774,0.023623261629194845,47425.08579304542,54598.79737482427,149971.28933491634,172656.55721046677,0.013075855185773942,0.017236579547965484,30221.312323286897,39837.7044180619,95568.1808209015,125977.88271362829,0.019874424194878688,0.022769487248899295,45934.37081594354,52625.528182564914,145257.23466514863,166416.5321262865,0.022506330174314772,0.0251231443675097,52017.311585783245,58065.37176242041,164493.18236974019,183618.8279536739
2025-02-21,2251833.5280953576,-42168.83321572747,2294002.361311085,0.008969298040162664,-2.176223737455855,0.011091128796358592,0.016458017342095888,25443.075648451984,37754.730645266754,80458.06972907382,119390.94128520157,0.02146974915414872,0.024717350831394164,49251.65525637384,56701.66117257273,155747.40914354552,179306.39642046354,0.023650463935901797,0.02634115167001689,54254.220115061384,60426.66413067217,171566.90823971655,191085.89005892255,0.011829405592365404,0.015894673271617234,27136.68436179279,36462.418017358126,85813.73072833796,115304.28993201262,0.019572270512711865,0.022838864153980967,44898.83477238034,52392.40829889543,141982.58216828958,165679.34232601745,0.02146974915414872,0.024717350831394164,49251.65525637384,56701.66117257273,155747.40914354552,179306.39642046354,0.013681451152699907,0.01803487556069611,31385.281250455853,41372.04712218846,99248.97375641805,130829.90036993005,0.020794889507961146,0.023824034691571162,47703.52563446598,54652.391838421456,150851.7934251414,172826.03778540884,0.023548689743935716,0.026286699231746452,54020.74987837066,60301.750108700646,170828.61052591525,190690.87723780022
2025-02-24,2242343.301413239,-9490.226682118606,2251833.5280953576,0.011731989463906897,-0.4423194361244559,0.014826718085631905,0.022260961742879393,33387.30089684374,50127.98002026388,105579.91575940867,158518.59136744734,0.028082785268291607,0.03233070171501935,63237.75742944142,72803.35810873065,199975.34759826958,230224.4329324774,0.03093519609562198,0.034454659938383224,69660.91176632617,77586.15844837527,220287.14506561388,245348.9755995813,0.015482402759970888,0.021133341295060264,34863.79363037855,47588.766488898866,110248.99574606672,150488.8931428145,0.025600851974332085,0.02987361022259511,57648.85682360722,67270.39710449189,182301.69206753856,212727.67395419034,0.028082785268291607,0.03233070171501935,63237.75742944142,72803.35810873065,199975.34759826958,230224.4329324774,0.01810061087405458,0.023751721177627284,40759.56244520351,53484.92209775367,128893.05375870512,169134.17430557252,0.027200057743435604,0.03116222950087143,61250.00199279805,70172.15320026455,193689.512987094,221903.83243110965,0.03080207377740966,0.034383435252882504,69361.14246683789,77425.7723135367,219339.19130663775,244841.79010838052
2025-02-25,2247788.670659076,5445.369245836977,2242343.301413239,0.011005515616057735,0.1326196049582905,0.013908610975854734,0.020882507851156657,31187.880653670516,46825.7515967505,98624.73825909987,148076.02819499795,0.026343829643165798,0.030328704581384692,59071.90993392434,68007.36755860898,186801.78112752753,215058.17915744896,0.02901961212662045,0.032321142050494134,65071.93286173777,72475.09637095129,205775.51959265,229186.37817240966,0.014523694031021774,0.01982471245459254,32567.108022237117,44453.81117499919,102986.23815501085,140575.29398804338,0.024015583806539478,0.028023762280409214,53851.18347812205,62838.8956298726,170292.3944864939,198714.0358399985,0.026343829643165798,0.030328704581384692,59071.90993392434,68007.36755860898,186801.78112752753,215058.17915744896,0.01697977621335622,0.022280955769080353,38074.487451515175,49961.55191788199,120402.10109028773,157992.29949726086,0.025515762793172945,0.029232587061053056,57215.09977972051,65549.49577933164,180930.03185771496,207285.70613828194,0.028894733072097025,0.03225432777394381,64791.91115034035,72325.2758254899,204890.01319033583,228712.60400846283
2025-02-26,2261732.5434246105,13943.872765534556,2247788.670659076,0.010225801576870213,0.5103047217987695,0.01292321968463268,0.019403032912133036,29048.666795555695,43613.917556317814,91859.95006526077,137919.3171607693,0.024477433325598392,0.02817998955725869,55020.09731609297,63342.66126609715,173988.82460297103,200307.08265739193,0.026963643121961714,0.030031267673088845,60608.57152924006,67503.94324109926,191661.13176163312,213466.21168460246,0.013494725599926299,0.018420179749087322,30333.291317167335,41404.67135150222,95922.28949165775,130933.06724146918,0.022314138049111993,0.026038346817547346,50157.46670231655,58528.70097917473,158611.836443375,185084.0035851194,0.024477433325598392,0.02817998955725869,55020.09731609297,63342.66126609715,173988.82460297103,200307.08265739193,0.01577680032765586,0.020702404193148716,35462.91303575524,46534.62960076463,112143.57765746281,147155.4196107082,0.023708032999814832,0.027161529299795775,53290.647980595284,61053.377837855485,168519.82560493363,193067.73281446964,0.0268476114450087,0.02996918702568066,60347.7568403475,67364.39906518796,190836.36329750443,213024.93425451155
2025-02-27,2233344.78135424,-28387.76207037084,2261732.5434246105,0.009816319914403446,-1.3851122559155078,0.012405722700058266,0.018626058499513015,28058.426755423206,42127.16266407916,88728.53610814555,133217.78537889695,0.023497259789495687,0.027051550981029817,53144.51714720491,61183.37320390509,168057.71933504147,193478.8142564537,0.025883911882435665,0.028828696576796882,58542.485855639716,65202.80123225517,185127.5951920128,206189.36171715983,0.01295434325125159,0.017682562676245434,29299.2597100487,39993.22745600967,92652.39444055848,126469.68974217205,0.02142059143800516,0.024995668112842918,48447.648754738846,56533.516015457644,153204.91734479507,178774.674746453,0.023497259789495687,0.027051550981029817,53144.51714720491,61183.37320390509,168057.71933504147,193478.8142564537,0.015145034653541143,0.019873397799630942,34254.01774720747,44948.31055184835,108320.71509300539,142139.0383204207,0.022758669305086025,0.026073873912664323,51474.02301235183,58972.12916142288,162775.15305095326,186486.24661973183,0.02577252657414338,0.028769101884794403,58290.56207901567,65068.0139779378,184330.94226112933,205763.12699395657
2025-02-28,2263971.023705548,30626.242351308465,2233344.78135424,0.010800937332195604,1.1715706205307332,0.01381028535244554,0.020506653490477762,30843.12872089715,45798.42755599822,97534.53692379079,144827.34433117308,0.025854131963677546,0.02976493323695369,57741.1906975231,66475.3583121079,182593.67741429957,210213.5405420672,0.028480175115732337,0.03172033387359177,63606.050466775705,70842.44211940031,201139.99244262735,224023.47210595108,0.014253717366241989,0.01945619672179914,31833.46529479485,43452.39541363158,100666.25614747517,137408.5392973301,0.023569165202224334,0.02750283682860017,52638.07210526367,61423.31710359139,166456.19949280765,194237.5834901254,0.025854131963677546,0.02976493323695369,57741.1906975231,66475.3583121079,182593.67741429957,210213.5405420672,0.016664144161276526,0.021866781653748963,37216.77939832166,48836.06269141289,117689.79007472738,154433.19005963745,0.025041457804132337,0.028689191121922787,55926.20910436136,64072.85527342065,176854.2016686274,202616.15885433988,0.028357617401122096,0.03165476158792229,63332.336834436224,70695.9965973989,200274.43393779665,223560.37070329432
2025-03-03,2231140.1599770966,-32830.86372845154,2263971.023705548,0.01130207352942953,-1.3779384096086154,0.014451047692914845,0.02145811039020248,32716.753238946123,48580.54014689337,103459.4578807608,153625.15682543398,0.027053698350979948,0.03114595092037511,61248.78915068917,70513.5303894844,193685.67764358778,222983.36189027064,0.029801583269033146,0.033192077205072695,67469.92098163911,75145.90100888202,213358.6238535632,237632.20401361212,0.014915053831557232,0.02035891508205978,33767.24969165398,46091.99381986521,106781.41934524498,145755.68236917877,0.024662714906120257,0.028778898955203407,55835.67191336716,65154.593328730385,176567.897932132,206036.91494079982,0.027053698350979948,0.03114595092037511,61248.78915068917,70513.5303894844,193685.67764358778,222983.36189027064,0.017437318338507164,0.022881345063078252,39477.58344950959,51802.70220621716,124839.08021981713,163814.52792307574,0.02620331816413553,0.03002029708970782,59323.5530485401,67965.0827341305,187597.54652721214,214924.46280163652,0.029673339186179808,0.033123462531055456,67179.58009409746,74990.559375106,212440.48535105676,237140.97063542812
2025-03-04,2191461.338441158,-39678.82153593842,2231140.1599770966,0.012242467006872856,-1.5446294584295333,0.015708049395306647,0.0232477406505899,35046.85984077261,51868.967794263204,110827.90193352755,164024.0781117917,0.029304711972837436,0.03373746202831683,65382.91975915925,75273.00642708004,206758.94651097103,238034.14663806604,0.03228123573729111,0.03595383705605653,72023.96146715805,80218.04976104043,227759.7643444221,253671.74670161356,0.016156066757405756,0.022052886626408596,36046.44936971893,49203.080995602046,113988.88157025274,155593.8038438477,0.026714785809160153,0.031173458572516376,59604.43148400346,69552.35534652357,188485.76212890094,219943.85952440425,0.029304711972837436,0.03373746202831683,65382.91975915925,75273.00642708004,206758.94651097103,238034.14663806604,0.018888197275627537,0.024785196387033925,42142.21549122258,55299.247032030624,133265.38659789498,174871.573513523,0.028383575567766935,0.03251814772751879,63327.735332989534,72552.54532293514,200259.88271256856,229431.29326307165,0.032142321055036525,0.0358795132710753,71714.02334076939,80052.22297952732,226779.65393130877,253147.356374977
2025-03-05,2216632.088151175,25170.749710016884,2191461.338441158,0.013630804523494876,0.7669709011291587,0.018161646006599908,0.02606192010042497,39800.54506591795,57113.69030562383,125860.37452447716,180609.34694324958,0.03262796626650655,0.037563405298021206,71502.9266250114,82318.75045080924,226112.10750293237,260314.74556356977,0.03594203797852571,0.04003112481377853,78765.5866547229,87726.66236370816,249078.65506828684,277416.06459388847,0.018161646006599908,0.024626265537298936,39800.54506591795,53967.50883517649,125860.37452447716,170660.24756441827,0.029744333641844277,0.03470863510472921,65183.55721379643,76062.63194207565,206128.50678749586,240531.1617640356,0.03262796626650655,0.037563405298021206,71502.9266250114,82318.75045080924,226112.10750293237,260314.74556356977,0.02079194887104164,0.02731143743494373,45564.75210173304,59851.95923593374,144088.3976624206,189268.5136091018,0.031108625987738163,0.03614409861360207,68173.35114415408,79208.39472451361,215583.06534197286,250478.9371351283,0.03578736989747695,0.03994837245806815,78426.63753481366,87545.31377550392,248006.80383846417,276842.59000470716
2025-03-06,2179267.611391136,-37364.47676003911,2216632.088151175,0.013079580712972208,-1.3735945868288901,0.017427196935757023,0.02500798737895343,38629.68393432885,55433.50728426778,122157.78652489348,175296.14170982112,0.03130850549190383,0.03604435751409232,69399.43790541132,79897.07946252996,219460.29211652486,252656.74949705633,0.034488557584296295,0.03841228352518658,76448.44341540075,85145.90024108932,241751.20476716824,269254.9781873222,0.017260784042875094,0.023549959214071103,38260.8077760847,52201.59526856143,120991.29769030926,165075.9385429232,0.028541485717258886,0.03330503298663763,63265.9730843845,73825.00481511434,200064.5733335631,233455.16348865913,0.03130850549190383,0.03604435751409232,69399.43790541132,79897.07946252996,219460.29211652486,252656.74949705633,0.019951131495579085,0.02620697477554663,44224.318268024144,58091.2212208451,139849.57369514913,183700.57111857776,0.029850606673652295,0.034682446975112524,66167.8126035973,76878.22486063608,209240.99561856347,243110.2930301908,0.03434014421322119,0.03833287763877415,76119.46557476497,84969.88660527943,240710.88549103527,268698.37419891555
2025-03-07,2187033.908328119,7766.296936983243,2179267.611391136,0.013994965011185847,0.1851699375199753,0.018646852426781074,0.026758190193475986,40636.481548074196,58313.25722808613,128503.8377873196,184402.71062402904,0.033499654807523725,0.038566948997080415,73004.71271481982,84047.7028195112,230861.17210508516,265782.17301461124,0.03690226523850196,0.04110059609185876,80419.9114212323,89569.1978718569,254310.08932008283,283242.67346937425,0.018468793002369782,0.025198120830349214,40248.442411551725,54913.44859350036,127276.75029462356,173651.5717300309,0.03053898307184577,0.03563591078130721,66552.61669329567,77660.186168127,210457.85299495806,245583.0718039854,0.033499654807523725,0.038566948997080415,73004.71271481982,84047.7028195112,230861.17210508516,265782.17301461124,0.02134742644596199,0.028041089625224027,46521.75504023955,61109.03840836673,147114.70667557523,193243.74699314957,0.03193972384344904,0.037109724124230775,69605.20568880571,80872.01985159641,220110.9869811353,255739.78170939704,0.036743465045975275,0.04101563292473507,80073.84330497624,89384.04039358303,253215.72584714973,282657.1541122157
2025-03-10,2137474.083332904,-49559.82499521552,2187033.908328119,0.01270459277320221,-1.880216587074886,0.01692756404856331,0.024291015339037266,37021.15655960397,53125.27421419296,117071.1763420317,167996.86783786168,0.030410899350749563,0.03501097581316842,66509.66806284287,76570.19126705498,210322.03750034235,242136.2052786279,0.03349978023447287,0.03731101404437785,73265.15529433227,81600.45286916103,231684.76385603403,258043.28916777068,0.016755801861760605,0.02245352310263911,36645.506832897874,49106.616386900525,115883.26760322065,155288.755966754,0.02772320926314634,0.03235018695772444,60631.59870617726,70750.95581729742,191733.95008883838,223734.16701659968,0.030410899350749563,0.03501097581316842,66509.66806284287,76570.19126705498,210322.03750034235,242136.2052786279,0.019379138106816438,0.02545562810057716,42382.83215378114,55672.32181375236,134026.2832945682,176051.33956133385,0.028994798085970604,0.03368811087040231,63412.60657914496,73677.04078108697,200528.2691582765,232987.26012934596,0.03335562183345186,0.03723388470263492,72949.87598312896,81431.76838344222,230687.76313350254,257509.8619869651
2025-03-11,2124777.5301456805,-12696.553187223151,2137474.083332904,0.015172310320149823,-0.45633319168895997,0.020562784588244884,0.02953593502328638,43952.419138530706,63132.29563927927,138989.7531521328,199641.84813523843,0.03631785845490881,0.04181144560328651,77628.48120952037,89370.88136370841,245482.81192166707,282615.54160601366,0.04000671807807452,0.04455823917747536,85513.32305109026,95242.08144080245,270416.8711312245,301181.906448187,0.02001041907032322,0.02705369783093646,42771.75215944639,57826.57797194629,135256.15634007598,182863.69568467067,0.03310811621590365,0.038633829844019876,70767.7403594679,82578.81003148579,223787.24439934155,261137.126165856,0.03631785845490881,0.04181144560328651,77628.48120952037,89370.88136370841,245482.81192166707,282615.54160601366,0.023408483787879217,0.03050321633407933,50035.02742671028,65199.83437239149,158224.64945739807,206179.97968249203,0.0346266961943362,0.04023162972240049,74013.66570683573,85994.0658618768,234051.76161189712,271937.1133820613,0.039834558605150616,0.04446612836931306,85145.33663951517,95045.19697556067,269253.195922655,300559.3031021187
2025-03-12,2128076.9377346886,3299.4075890081003,2124777.5301456805,0.013931533042928823,0.04204013874384643,0.018881179391994685,0.027120514018503787,40118.30571475999,57625.05879251778,126865.22192559094,182226.43608546845,0.033347818126354914,0.03839214488127179,70856.69463426375,81574.7667778238,224068.54251530496,257962.0626149579,0.036735006276771794,0.040914308258730214,78053.71590664524,86933.8028496038,246827.52210471354,274908.8226647843,0.018373985806949152,0.024841271850639376,39040.63218182121,52782.17624847895,123457.31898742392,166911.89680563504,0.030400565590754047,0.035474391552092754,64594.43867095414,75375.19006547643,204265.55038027477,238357.2796750017,0.033347818126354914,0.03839214488127179,70856.69463426375,81574.7667778238,224068.54251530496,257962.0626149579,0.02149415998581307,0.02800869197286732,45670.30816721201,59512.23935272017,144422.19525018003,188194.2250117005,0.031794957525894375,0.03694152485822377,67557.21132295667,78492.52194807197,213634.6601498602,248215.1486466642,0.03657692584372743,0.04082973018588262,77717.83015455688,86754.09326087422,245765.35809451566,274340.5310470267
2025-03-13,2101820.717475105,-26256.220259583555,2128076.9377346886,0.012609844527925464,-1.0611300817454512,0.0170899165155244,0.024547583115006575,36368.657204498646,52239.14550417094,115007.79220810786,165194.6828141252,0.030184101105248225,0.03474987114157901,64234.08944833087,73950.39936564649,203126.02608371415,233851.6958745138,0.0332499457493355,0.037032756159744384,70758.44273009042,78808.55432430426,223757.84271366862,249214.53076991352,0.01663084053061465,0.022484573301965943,35391.70818834437,47848.90189871882,111918.40815919971,151311.51353790687,0.027516455258668235,0.03210892590329031,58557.133844180265,68330.26471022406,185173.916198941,216079.26960653334,0.030184101105248225,0.03474987114157901,64234.08944833087,73950.39936564649,203126.02608371415,233851.6958745138,0.0194550028948199,0.025351499373407128,41401.742984027835,53949.94115354312,130923.80693042417,170604.6936772481,0.028778560833046297,0.03343687185403717,61242.991610000616,71156.23586256661,193667.34421018444,225015.77504986647,0.0331068624520807,0.03695620203280133,70453.95046502745,78645.64125226834,222794.9536261659,248699.3544016649
2025-03-14,2152472.1568678124,50651.43939270731,2101820.717475105,0.012754698207425133,1.791269946228108,0.017286234343562138,0.024829569758787792,36332.56547042858,52187.30412501353,114893.66012374134,165030.7459789434,0.03053083639590169,0.03514905502412804,64170.34445874914,73877.01204938474,202924.44672721217,233619.62480375954,0.033631899466075574,0.037458164338241215,70688.22306583756,78730.34584470255,223535.7886380973,248967.21384203326,0.01661592351166005,0.022700116558919604,34923.69227678879,47711.57527263692,110438.41189748415,150877.24861610177,0.027832546371622018,0.03247777232733413,58499.02258396172,68262.45473503052,184990.15225894767,215864.83563684224,0.03053083639590169,0.03514905502412804,64170.34445874914,73877.01204938474,202924.44672721217,233619.62480375954,0.019678489294493617,0.025642720883469295,41360.656487778746,53896.402005307296,130793.88002120108,170435.3880248375,0.029109150192664485,0.0338209728560987,61182.21494303666,71085.62143411141,193475.15151398483,224792.47262027703,0.033487172521110734,0.037380730807357536,70384.03297453359,78567.59444526398,222573.85510792217,248452.54872742755
2025-03-17,2176127.519612871,23655.362745058723,2152472.1568678124,0.014933068292870782,0.667242047435302,0.020238543772733715,0.029070202592071295,43562.90196635977,62572.80167393997,137757.99170032467,197872.57286764693,0.03574518640300341,0.0411521488450128,76940.51847451474,88578.85458416997,243307.28273373045,280110.9330148241,0.03937587886270017,0.04385563006601749,84755.48290416194,94398.02263899754,268020.3701646143,298512.7581553709,0.019453750807235104,0.026577060885151722,41873.65695921829,57206.3835666697,132416.1299516902,180902.46877190308,0.03258605644545699,0.03802463878620439,70140.57920096909,81846.97626226084,221803.98667849545,258822.86458647912,0.03574518640300341,0.0411521488450128,76940.51847451474,88578.85458416997,243307.28273373045,280110.9330148241,0.02303937104243904,0.030022231489958084,49591.60468059658,64622.017369174835,156822.4236133522,204352.7618815546,0.03408069095052659,0.039597244025533745,73357.7383578253,85231.96525366172,231977.537209428,269527.13965390204,0.03920643405751297,0.043764971691664815,84390.7576788706,94202.88301241651,266867.00773257564,297895.6724736201
2025-03-18,2161029.508128601,-15098.011484269984,2176127.519612871,0.01404639968541913,-0.5644246875775363,0.019036856278115733,0.02734412490025797,41426.6268337227,59504.30269518292,131002.49657241323,188169.12709687406,0.03362277364566124,0.03870869129198797,73167.44301603781,84235.04836869413,231375.77050125928,266374.6116595243,0.037037889442599316,0.041251650115151334,80599.17048441939,89768.85104502228,254876.95625098207,283874.03223865683,0.018298661323970806,0.02499901643353387,39820.220479168565,54401.04762426746,125922.59364425416,172031.2175919771,0.03065122076907907,0.035766880845225044,66700.96502532256,77833.29369800868,210926.97161124993,246130.48587853718,0.03362277364566124,0.03870869129198797,73167.44301603781,84235.04836869413,231375.77050125928,266374.6116595243,0.021671381113101212,0.028239625955333914,47159.68882823816,61453.02718497605,149132.03044202985,194331.53501676986,0.03205710958108224,0.03724611078684059,69760.35835863849,81052.28668179362,220601.62280286298,256309.83547939901,0.036878505623306565,0.041166374689095994,80252.33096907544,89583.28084363654,253780.15339994626,283287.2077364218
2025-03-19,2189469.2952966955,28439.787168094423,2161029.508128601,0.013111475844992086,0.9235050588372147,0.01776976925369702,0.025524108751108845,38400.99570987561,55158.35217982967,121434.61086156144,174426.0248699752,0.031384852657606085,0.0361322532629479,67823.5927013551,78082.86549640635,214477.03203185438,246919.70120121815,0.03457265944669279,0.03850595356561881,74712.53723878416,83212.50189393197,236261.78744470532,263141.0357859,0.0170807083180173,0.023335089948856115,36911.914694973035,50427.81795431319,116725.72323395415,159466.76216796253,0.028611085383713986,0.03338624877232269,61829.399773792844,72148.66876271162,195521.72964628498,228154.12343921117,0.031384852657606085,0.0361322532629479,67823.5927013551,78082.86549640635,214477.03203185438,246919.70120121815,0.020228940963925423,0.026360005544290754,43715.33834123427,56964.749815645846,138240.03784318734,180138.35575909767,0.029923398689055768,0.0347670216453041,64665.34755054621,75132.55968524794,204489.78394611634,237590.01504392695,0.03442388416309405,0.038426354044464886,74391.02946084707,83040.48497988544,235245.09058096446,262597.0705414396
2025-03-20,2184203.9427588545,-5265.35253784107,2189469.2952966955,0.01291975061922946,-0.2611262967652103,0.017509927183880288,0.025150877272780238,38337.447931986826,55067.073538527824,121233.65514319038,174137.37646173587,0.030925921257934204,0.035603902031091955,67711.3550230103,77953.65028982749,214122.10532899547,246511.0868400998,0.03406711369303431,0.037942892417670834,74588.89941028022,83074.7979232361,235870.81030167558,262705.577595652,0.01683094218206333,0.022993867843768338,36850.83111854163,50344.36762404081,116532.56000480194,159202.8690528085,0.028192713960896506,0.0328980515503688,61727.081568465386,72029.27374462034,195198.17107134944,227776.5632407657,0.030925921257934204,0.035603902031091955,67711.3550230103,77953.65028982749,214122.10532899547,246511.0868400998,0.01993313915495296,0.025974550994869183,43642.99613864582,56870.48186238431,138011.27171205453,179840.2543164289,0.029485837697671602,0.034258633790813564,64558.33628515378,75008.22678380014,204151.3846121795,237196.8398872547,0.03392051390631883,0.037864456856725834,74267.92367856966,82903.06567088765,234855.79591583106,262162.5125305201
2025-03-21,2175028.1884676176,-9175.754291236866,2184203.9427588545,0.01185238262879343,-0.4366840315686669,0.01606334076423822,0.02307303210970141,35085.61223112815,50396.20770541147,110950.447751827,159366.80178402824,0.028370969587556468,0.03266247796784062,61967.98363303239,71341.5131576317,195959.9702884181,225601.67330098726,0.03125265173055887,0.0348082321579827,68262.16513155602,76028.27791993135,215863.9198302445,240422.52480727178,0.015321841644472626,0.02108182450449598,33466.02693018392,46047.00420327035,105828.86933591399,145613.4127096813,0.025863566802236056,0.030180171909540848,56491.30458325101,65919.65047795915,178641.19047738225,208456.23807255804,0.028370969587556468,0.03266247796784062,61967.98363303239,71341.5131576317,195959.9702884181,225601.67330098726,0.018286358554463877,0.023828657849175844,39941.13645336211,52046.6484248216,126304.9635282039,164585.95360045112,0.027049858841946314,0.03142834935405674,59082.408333649604,68645.92457353343,186834.97998244624,217077.47374048835,0.031118163316915255,0.03473627656786159,67968.41500822025,75871.11223628529,214935.0003775481,239925.52327693277
2025-03-24,2221589.703916996,46561.51544937771,2175028.1884676176,0.011100811066529959,1.82107961997099,0.015044748090388811,0.021609947822604888,32722.751184990026,47002.24566548005,103478.42505154233,148634.1514456936,0.026571937730109595,0.030591317226366547,57794.71358519461,66536.97728970225,182762.93164629088,210408.39685835622,0.029270889495769843,0.03260100697449503,63665.0097548201,70908.10914195608,201326.43808206957,224231.12946438897,0.014350268179276279,0.01974500470425457,31212.237801995783,42945.94181317941,98701.76232511426,135806.99239070836,0.024223531889758627,0.028266416704209374,52686.86468446927,61480.25311862732,166610.49517601152,194417.6309785325,0.026571937730109595,0.030591317226366547,57794.71358519461,66536.97728970225,182762.93164629088,210408.39685835622,0.017126802075625537,0.02231765857019206,37251.277292791245,48541.53649076364,117798.88199573138,153501.81643499006,0.025334599952188588,0.029435445955375693,55103.469039560536,64022.924693057255,174252.46914158223,202458.26449549745,0.029144929128369263,0.03253361416107246,63391.0424050941,70761.52787306187,200460.0772524155,223767.59879236566
2025-03-25,2218129.5103163198,-3460.1936006760225,2221589.703916996,0.013205195846396978,-0.19118850494283343,0.0178967864422355,0.025706553468720576,39759.31649327167,57109.414509301365,125729.9983302372,180595.82568805962,0.03160918960257988,0.0363905243276701,70222.65017025161,80844.81416649286,222063.51787120593,255653.7497791645,0.03481978263329825,0.03878119169021521,77355.2705907632,86155.89616461347,244618.84408545052,272448.86573314376,0.017070653722502976,0.023488072407056634,37923.988549044945,52180.8598243739,119926.18177312627,165010.3673109953,0.02881559561536585,0.03362489157034465,64016.4305313325,74700.71290800306,202437.72815295376,236224.39562762977,0.03160918960257988,0.0363905243276701,70222.65017025161,80844.81416649286,222063.51787120593,255653.7497791645,0.02037353615656216,0.026548425199396736,45261.638157799134,58979.708078190306,143129.86720903288,186510.21325891372,0.030137289253347094,0.03501553412063207,66952.69150920423,77790.15007955045,211723.0006477017,245994.0537777079,0.034669943913366884,0.038701023196710455,77022.39043331558,85977.79466486476,243566.18460004058,271885.65933924593
2025-03-26,2196128.4347730177,-22001.07554330165,2218129.5103163198,0.012051270589908444,-0.9073074082848862,0.016332890372393275,0.02346020728424325,36228.466123766826,52037.77809531784,114564.46908535477,164557.90315562303,0.02884704637927405,0.03321056807355544,63986.484859331315,73665.34109832233,202343.03162336568,232950.2624839083,0.03177708435957544,0.03539232892069614,70485.68856978546,78504.76921781784,222895.31832581825,248253.87791417964,0.015578948585805524,0.021435586378677943,34556.12559787593,47546.90671748008,109276.06400013574,150356.52092279712,0.026297568321556088,0.030686607876483658,58331.412343603166,68066.87050233362,184460.12214024636,215246.34398710367,0.02884704637927405,0.03321056807355544,63986.484859331315,73665.34109832233,202343.03162336568,232950.2624839083,0.018593211335294634,0.024228512741154836,41242.150754364935,53741.97910223049,130419.13198782472,169947.0599282194,0.027503766840195887,0.03195573026302719,61006.916873097936,70881.94832012891,192920.81034354697,224148.40168195326,0.03164033917383621,0.035319165885535644,70182.37003790359,78342.48413046404,221936.14090853315,247740.68740786225
2025-03-27,2183921.7218227875,-12206.71295023011,2196128.4347730177,0.01193164984820877,-0.5480993165943505,0.016170770333193325,0.023227341598020982,35513.088540909805,51010.22534760002,112302.24653650075,161308.49605687035,0.028560711004261954,0.03288092044382312,62722.98955379431,72210.72434818938,198347.50864493838,228350.36043085615,0.03146166546894588,0.03504102516360369,69093.85814166842,76954.59174538689,218493.96405624115,243351.78632381494,0.015424312162132846,0.021222817050974684,33873.77052607523,46608.03199163114,107118.26780027778,147387.5383515483,0.02603653902974377,0.030382013040026672,57179.58370629777,66722.80274284718,180817.72017215332,210996.02853752713,0.028560711004261954,0.03288092044382312,62722.98955379431,72210.72434818938,198347.50864493838,228350.36043085615,0.018408655382134875,0.023988020865816494,40427.77153064375,52680.77471734807,127843.83876174595,166591.23700903298,0.027230764838920254,0.031638538135682626,59802.25696337006,69482.29323442311,189111.34122291405,219722.30367248473,0.031326277613989324,0.03496858834369707,68796.5290236754,76795.51118546544,217553.72682869423,242848.72942300828
2025-03-28,2147573.893151088,-36347.828671699855,2183921.7218227875,0.011283807721919163,-1.5729946675793882,0.015292760471215222,0.02196618739383723,33398.19177971981,47972.43379503101,105614.35575502717,151702.15569393313,0.02700997560884455,0.031095614498234735,58987.672438059286,67910.38795612245,186535.39877620494,214751.50272701378,0.029753419542078184,0.033138433942929826,64979.13923645116,72371.74571515401,205482.08038440012,228859.5547024182,0.014586832072221317,0.020070500724308188,31856.499415105438,43832.402499676646,100739.09643155498,138610.2272162361,0.024622856343708213,0.02873238803600727,53774.39082234639,62749.28635167746,170049.55478666953,198430.66642141822,0.02700997560884455,0.031095614498234735,58987.672438059286,67910.38795612245,186535.39877620494,214751.50272701378,0.01740913707606547,0.022685564739388764,38020.192618609835,49543.497606168225,120230.40575312861,156670.29568659136,0.025752240341623954,0.02992068871173289,56240.87706767364,65344.44200945133,177849.26913938046,206637.26918265613,0.029625382720461082,0.03306993016028352,64699.51684052842,72222.13881620571,204597.8367284909,228386.4561480669
2025-03-31,2164844.049301757,17270.156150669325,2147573.893151088,0.012717589194020516,0.5538475807532924,0.017824447213461513,0.024874424349541527,38279.317495479605,53419.66434023712,121049.83056244777,168927.81115682525,0.030442008796953867,0.03504679100087654,65376.46334741389,75265.57339220495,206738.52954434382,238010.64131793333,0.03353404951401769,0.037349182102837886,72016.84926794033,80210.1284146005,227737.27359572123,253646.69720472815,0.016567580499673662,0.022713481147832008,35580.10335377821,48778.87913566343,112514.16598213489,154252.35977876195,0.027751569282270905,0.0323832802375138,59598.545684578676,69545.48721268021,188467.14959686773,219922.14057818434,0.030442008796953867,0.03504679100087654,65376.46334741389,75265.57339220495,206738.52954434382,238010.64131793333,0.01962123593489732,0.025568114957282694,42138.05404514347,54909.41617934616,133252.226949925,173638.82011683454,0.02902445890266848,0.033722572806590384,62332.17020220751,72421.71696932033,197111.62934025394,229017.57768311893,0.033389743643236915,0.03727197386007069,71706.9417472231,80044.3180080976,226757.25996623895,253122.35866042058
2025-04-01,2175881.242268385,11037.192966627888,2164844.049301757,0.01195855292293126,0.34448048756085625,0.016760613357789066,0.02338981983718277,36284.1140902572,50635.31228876531,114740.44340662107,160122.91686641195,0.02862510871556342,0.032955059215149636,61968.89626350333,71342.56383630371,195962.85627936834,225604.99583867975,0.03153260415284735,0.035120034464942745,68263.17045927946,76029.39762270392,215867.0989556455,240426.06561833553,0.015578761445087751,0.02135785031474829,33725.58900988986,46236.415159760494,106649.67670199492,146212.38274598122,0.02609524532467727,0.03045051736067251,56492.13655619709,65920.62130641172,178643.82140684352,208459.30810168548,0.02862510871556342,0.032955059215149636,61968.89626350333,71342.56383630371,195962.85627936834,225604.99583867975,0.01845016258671987,0.02404210823227525,39941.724684510424,52047.41493930986,126306.82367842323,164588.37753209355,0.027292163833236367,0.031709875626004844,59083.27846695038,68646.93555305542,186837.73158554465,217080.67073844562,0.03139691103000037,0.03504743431697978,67969.416009753,75872.22962440786,214938.1658223329,239929.05676843048
2025-04-02,2197984.4287903723,22103.18652198743,2175881.242268385,0.011112010559118712,0.8226309099820295,0.015574134580441056,0.021734061527483802,33887.4672981451,47290.73679595897,107161.58079661077,149546.4405027638,0.026598745881144113,0.030622180487483563,57875.71223064494,66630.22812007242,183019.07185330233,210703.281876028,0.029300420591111383,0.03263389779065329,63754.2355547736,71007.48606478618,201608.59483597317,224545.38688739087,0.014475945609092461,0.01984593451624633,31497.938514921676,43182.39664918708,99605.227307094,136554.7282362542,0.024247970758616663,0.028294934397420445,52760.704736746295,61566.41700656165,166843.99792375282,194690.1051164605,0.026598745881144113,0.030622180487483563,57875.71223064494,66630.22812007242,183019.07185330233,210703.281876028,0.017144081127738527,0.02234017462332162,37303.48454177368,48609.5669118857,117963.97581288738,153716.9475159162,0.025360159766034895,0.029465143070014264,55180.69593584472,64112.65210679833,174496.68203046586,202742.00749147555,0.029174333143608927,0.032566436985323646,63479.884242867505,70860.6993638811,200741.01981129465,224081.2065823089
2025-04-03,2086126.619524241,-111857.80926613136,2197984.4287903723,0.010954476679741216,-4.856247891244761,0.015353341608246593,0.021425939877595335,33746.40578482534,47093.88222315324,106715.50512433016,148923.93168487828,0.026221658080251568,0.030188052850407793,57634.79615745819,66352.87010069714,182257.2283370884,209826.19880748898,0.02888503141391858,0.03217125023548591,63488.84927291379,70711.90707231662,200769.36972553274,223610.6840426893,0.014270721553794332,0.01956458065705201,31366.823762843087,43002.64364001363,99190.60605567736,135986.29931099695,0.023904209665130096,0.02789379989897457,52541.080626496274,61310.13783774056,166149.48550627482,193879.67922613106,0.026221658080251568,0.030188052850407793,57634.79615745819,66352.87010069714,182257.2283370884,209826.19880748898,0.01690103117795254,0.022023460167763936,37148.20335964028,48407.22251683013,117472.93359958241,153077.0783557717,0.025000631278519366,0.029047418638460054,54950.998260115106,63845.773863890434,173770.31420191348,201898.0643859429,0.028760731495742185,0.03210474581534985,63215.639988262155,70565.73139241184,199905.40610812829,223148.43595566647
2025-04-04,1964083.120407459,-122043.49911678188,2086126.619524241,0.024048557197650866,-2.546907902509814,0.034934295955395676,0.05303802601790104,72877.36472688895,110644.03792296263,230458.46240778398,349887.1693546077,0.06341182243768974,0.08432477783835196,132285.0907798091,175912.1637340538,418322.18734633643,556283.1055280806,0.07784041151682149,0.09478125553868308,162384.9545399626,197725.70021117618,513506.31408918166,625263.5646189527,0.03173625832819638,0.04616620461138247,66205.85330254836,96308.54836220773,209361.29087103362,304554.37096905545,0.05488432983665409,0.07308470700213035,114495.66146699263,152463.9527572738,362067.07244327234,482133.35178529413,0.06341182243768974,0.08432477783835196,132285.0907798091,175912.1637340538,418322.18734633643,556283.1055280806,0.03723169103043011,0.05031215021630664,77670.02174848216,104957.51585173958,245614.17464001733,331904.8076447246,0.05658266235436299,0.07087303521107727,118038.59814098879,147850.1253603071,373270.82193884166,467543.1484799936,0.06341182243768974,0.08262590737783967,132285.0907798091,172368.1048432557,418322.18734633643,545075.8072713886
2025-04-07,1955256.7465272704,-8826.37388018868,1964083.120407459,0.032815308509663514,-0.16668912522877313,0.04321946523365816,0.0690037873993815,84886.62213846501,135529.17407531012,268435.0688356225,428580.8794794247,0.08652820621837796,0.10943784473113238,169948.5892726519,214945.02357018949,537424.6272340387,679715.8462003759,0.08933563486890883,0.12089266398750959,175462.61249690785,237443.2407189583,554861.4996937528,750861.4556835447,0.04147151083476967,0.05793866710689989,81453.49440836617,113796.35808356895,257578.56571022636,359855.6809761915,0.06641570315110146,0.09491167551034843,130445.96148907086,186414.41979946537,412506.34987607354,589494.1552650994,0.08652820621837796,0.10943784473113238,169948.5892726519,214945.02357018949,537424.6272340387,679715.8462003759,0.04814157845126765,0.06594089373900759,94554.06162590627,129513.3963373667,299006.1967577876,409557.31993018795,0.07720951848362531,0.09475915021587217,151645.9119884762,186114.84744314937,479546.4797370185,588546.8242951173,0.08652820621837796,0.1085264126935678,169948.5892726519,213154.89528981032,537424.6272340387,674054.9635304973
2025-04-08,1925759.501945018,-29497.244582252344,1955256.7465272704,0.028744369492408158,-0.5624410571495204,0.04239733065033334,0.06376428709766532,82897.6667888117,124675.5525352119,262145.4397663414,394258.71455124975,0.07579385488098979,0.09955562310139827,148196.44610136416,194656.80372373515,468638.3108226912,615558.8618153487,0.08933563486890883,0.11143650721160255,174674.10278273086,217886.9825349207,552368.0130397852,689019.1373116777,0.03744614236334545,0.054352974159348824,73216.82248735182,106274.01941888918,231531.9221002665,336067.95746465377,0.06641570315110146,0.0870016842584106,129859.75166154362,170110.63010549275,410652.591634313,537937.0453397663,0.07579385488098979,0.09955562310139827,148196.44610136416,194656.80372373515,468638.3108226912,615558.8618153487,0.04321946523365816,0.05970940743765358,84505.15097941093,116747.22172361774,267228.7511113472,369187.13114332093,0.06763120715353593,0.08438902885763006,132236.3740627345,165002.21800676567,418168.13156025467,521782.8278810278,0.07579385488098979,0.09783370726527987,148196.44610136416,191290.0161682125,468638.3108226912,604912.1447419865
2025-04-09,2088599.489766296,162839.98782127816,1925759.501945018,0.026020630316192464,3.0824529001682675,0.03837987357966136,0.059104006423009614,73910.40622948142,113820.10197213014,233725.22647345893,359930.76574455405,0.06861183295804296,0.09123973020889377,132129.8892648156,175705.7774046771,417831.39706264815,555630.4546493284,0.08422362119659114,0.10255367883431918,162194.43880755323,197493.72147460785,512903.85044467286,624529.9834426686,0.034669815406473355,0.05080523550945122,66765.72644969584,97838.66503088013,211131.76521678624,309393.02472784946,0.06228540998637148,0.07986089280079203,119946.720113796,153792.87314493774,379304.8334263263,486335.7670393461,0.06861183295804296,0.09123973020889377,132129.8892648156,175705.7774046771,417831.39706264815,555630.4546493284,0.04048281149143859,0.05485537457955207,77960.15889508683,105638.2588293256,246531.66885711026,334057.5059550614,0.06228540998637148,0.07694454449583565,119946.720113796,148176.68768568675,379304.8334263263,468575.82922619424,0.06861183295804296,0.08940154591181637,132129.8892648156,172165.87652825416,417831.39706264815,544436.3051886057
2025-04-10,2021622.9944836013,-66976.4952826947,2088599.489766296,0.040012530249076736,-0.8387129263993569,0.04993012566589905,0.07317997765529874,104284.0349897638,152843.66399196588,329775.0741603477,483334.10414007585,0.09673279023719983,0.1155812391898069,202036.0563330857,241402.9171983869,638894.1074906371,763383.0521559359,0.0973376766017451,0.12500546366611043,203299.42168544154,261086.3476310375,642889.2195210228,825627.5244885854,0.042857668257014314,0.06073561623786868,89512.50405417327,126852.37708505409,283063.39187624364,401142.4381953218,0.06798224500291494,0.1008123194882489,141987.68222625548,210556.55904531348,449004.47552317457,665838.3028709191,0.09673279023719983,0.1155812391898069,202036.0563330857,241402.9171983869,638894.1074906371,763383.0521559359,0.05060019526042425,0.07282123901808456,105683.54200299704,152094.4026573209,334200.70392354415,480964.7317599001,0.08620503919944456,0.10451340698844827,180047.80088724344,218286.6485098103,569361.1385081745,690282.9920956003,0.0973376766017451,0.11858613555149432,203299.42168544154,247678.94220620784,642889.2195210228,783229.5858328262
2025-04-11,2047582.6893946505,25959.69491104898,2021622.9944836013,0.037462891418637796,0.31480039590314274,0.048280611323480785,0.0722726739232037,97605.1940392741,146108.09947596394,308654.7246267963,462034.3789425001,0.09113522156119579,0.11351375417629046,184241.0595154711,229482.01563294773,582621.3865915271,725685.8514464814,0.09673279023719983,0.1247030204838378,195557.233064082,252102.49369168605,618406.2694028877,797218.0838739586,0.042857668257014314,0.060220645891543266,86642.04763833007,121743.44247699827,273986.2116779357,384986.5684170058,0.06682128026203307,0.09933963553196265,135087.43669855926,200827.29145503588,427183.98324126407,635071.657320384,0.09113522156119579,0.11351375417629046,184241.0595154711,229482.01563294773,582621.3865915271,725685.8514464814,0.04993012566589905,0.0709252496549571,100939.89016363735,143384.11559195138,319199.9596843203,453420.3855594285,0.08620503919944456,0.10290134770161033,174274.08948595735,208027.73067692772,551103.059927628,657841.4454151728,0.09673279023719983,0.11676140914681943,195557.233064082,236047.54959951804,618406.2694028877,746447.8928360434
2025-04-14,2075209.017669227,27626.32827457646,2047582.6893946505,0.03300910752686801,0.3767451616605387,0.04321946523365816,0.06918211930643348,88495.42885733237,141656.10990748863,279847.1177025623,447955.951786808,0.08703922019591383,0.10968270193176614,178220.0005715624,224584.40180151755,563581.1264026477,710198.2366392182,0.08933563486890883,0.1210044427996923,182922.09950365886,247766.60241649512,578450.4688115178,783506.7917575034,0.041716431221222754,0.05808101928283451,85417.84243189826,118925.68966592885,270114.9349021746,376076.0516506843,0.06641570315110146,0.09515288002405042,135991.6440761691,194833.38998329168,430043.33803163905,616117.276599037,0.08703922019591383,0.10968270193176614,178220.0005715624,224584.40180151755,563581.1264026477,710198.2366392182,0.04814157845126765,0.0661807967640371,98573.86267695017,135510.65382438787,311717.92381982517,428522.31330367253,0.07766549861852341,0.09516822832536694,159026.5305344927,194864.816899379,502886.0448833109,616216.6572337078,0.08703922019591383,0.10886625104939988,178220.0005715624,222912.6511080434,563581.1264026477,704911.6967678738
2025-04-15,2070110.8291684184,-5098.188500808552,2075209.017669227,0.029270183527932474,-0.11703618129713142,0.04300411626454814,0.06443398138856837,89242.52986908618,133713.97922188824,282209.6585419206,422840.72934559605,0.07718033416046896,0.10083203888975845,160165.32543652947,209247.5563740009,506487.23056153546,661698.8729663267,0.08933563486890883,0.1126578912544032,185390.11507916503,233788.67184273666,586255.0193308886,739304.6941687224,0.0381311358969865,0.0548672968559707,79130.07706739716,113861.10921064482,250231.27495763224,360060.4420188142,0.06641570315110146,0.08802336117459972,137826.46609400824,182666.87287508466,435845.5547090369,577643.3713456976,0.07718033416046896,0.10083203888975845,160165.32543652947,209247.5563740009,506487.23056153546,661698.8729663267,0.043303134638412136,0.06057916239099146,89863.05549497753,125714.42407663396,284171.93286623876,397543.91481847345,0.06886836902519132,0.08572846315943163,142916.2604332491,177904.4798193766,451940.8976428697,562583.362176691,0.07718033416046896,0.09921480744096156,160165.32543652947,205891.46308779935,506487.23056153546,651085.9741419303
2025-04-16,2037076.792147923,-33034.037020495394,2070110.8291684184,0.025652709315846952,-0.6647347890907267,0.03783719796769603,0.058315073989071285,78327.19325831682,120718.66616853402,247692.3334244666,381745.9411900795,0.06764168988653738,0.08994963798584639,140025.7947373729,186205.71967427953,442800.44254531735,588834.1875215499,0.08303273386654489,0.10110361203550089,171886.96155259386,209295.68214273284,543554.2985919887,661851.0600096661,0.03417959848969843,0.05015991277245255,70755.55697015325,103836.57862039728,223748.7171394867,328360.0928795999,0.06140471993118648,0.0787316926541888,127114.57569160295,162983.32956219587,401971.58299133857,515398.54205439263,0.06764168988653738,0.08994963798584639,140025.7947373729,186205.71967427953,442800.44254531735,588834.1875215499,0.03991040120315053,0.054115394986485876,82618.95372709818,112024.86518625075,261264.07167768767,354253.7285618552,0.06140471993118648,0.07585658031364516,127114.57569160295,157031.5283709607,401971.58299133857,496577.2941095861,0.06764168988653738,0.08813744485797519,140025.7947373729,182454.27905572878,442800.44254531735,576971.0906600585
2025-04-17,2061560.671579889,24483.879431965997,2037076.792147923,0.02357621198224153,0.46578862437262647,0.03477440878142924,0.05377361541448321,70838.14108931445,109540.98399073156,224009.87105459484,346399.0065467525,0.06216633104780482,0.08266852856630451,126637.59023046808,168402.14098343652,400463.2225233666,532534.3283564472,0.07631152370690929,0.09291962732555435,155452.43391679096,189284.41635992075,491583.75899386936,598569.8812729876,0.03141287922220498,0.046309058164385804,63990.44723809947,94335.10765289862,202355.56176522534,298313.80350034044,0.056434222053633666,0.0723586367771758,114960.84402837964,147400.09969024602,363538.1088650464,466120.04235705704,0.06216633104780482,0.08266852856630451,126637.59023046808,168402.14098343652,400463.2225233666,532534.3283564472,0.036679793447022824,0.04987271579589047,74719.55597170966,101594.5519091976,236283.9826270383,321270.18189727236,0.056434222053633666,0.06971625475121404,114960.84402837964,142017.3645891705,363538.1088650464,449098.33939632174,0.06216633104780482,0.08100302615057879,126637.59023046808,165009.38466509536,400463.2225233666,521805.49084456183
2025-04-21,2017496.1008748803,-44064.57070500869,2061560.671579889,0.02122697200628987,-1.0633665510319137,0.031309330027007094,0.04841537011713397,64546.08343719313,99811.2229334676,204112.6377048001,315630.8005165904,0.055971797754426164,0.07443106394699463,115389.25696814853,153444.1541769719,364892.86953380465,485233.0208372708,0.06870749969096093,0.08366069704327886,141644.67920547244,172471.6027813836,447919.80473318207,545403.096489004,0.028282758417211736,0.0416946149802818,58306.62243671878,85955.97846001464,184381.72957150821,271816.6704420187,0.050810861924364764,0.06514849622319925,104749.67463234643,134307.57762631853,331247.55599977553,424717.85231903754,0.055971797754426164,0.07443106394699463,115389.25696814853,153444.1541769719,364892.86953380465,485233.0208372708,0.03286334630199661,0.04486445591641188,67749.7822727066,92490.7978691044,214243.62296225177,292481.583872618,0.050810861924364764,0.0627694130465947,104749.67463234643,129402.9533150132,331247.55599977553,409208.068427878,0.055971797754426164,0.07293151969528669,115389.25696814853,150352.75272235714,364892.86953380465,475457.1510787305
2025-04-22,2064847.082886096,47350.98201121576,2017496.1008748803,0.02090194281588848,1.0636832419287514,0.030829918917986338,0.04767402987569527,62199.241207326144,96182.16938720777,196691.27094935198,304154.7255596981,0.055114752854002275,0.07329136920163777,111193.79898363227,147865.05159208548,351625.6664751938,467590.3493692968,0.06765544464550087,0.08237967737545551,136494.5957752543,166200.6778963121,431633.8109538,525572.6908163483,0.027849690428619654,0.04105618350983359,56186.641850312626,82830.69014789282,177677.76232312535,261933.64103101054,0.05003284170980098,0.0641509369398017,100941.06306521356,129424.26514352026,319203.66872477235,409275.4623470632,0.055114752854002275,0.07329136920163777,111193.79898363227,147865.05159208548,351625.6664751938,467590.3493692968,0.03224840378403705,0.043731941651963945,65061.02889373349,88229.02176652502,205741.03821822288,279004.6645107918,0.05003284170980098,0.06180828248598249,100941.06306521356,124697.96891724283,319203.66872477235,394329.60137536796,0.055114752854002275,0.07181478609831969,111193.79898363227,144886.05093852355,351625.6664751938,458169.9221529109
2025-04-23,2092218.163290356,27371.08040425973,2064847.082886096,0.02059293673562038,0.59256805783446,0.030374141553951604,0.04696923581744749,62717.95758284632,96984.28956304559,198331.59615562294,306691.2522725204,0.05429995808136446,0.07220785850055285,112121.1100451427,149098.18598631854,354558.0815290353,471489.86271616525,0.06665525323062386,0.08116180871014703,137632.90519228773,167586.72395690644,435233.46139364404,529955.7533097302,0.02743797158736982,0.04044922508262471,56655.21559249216,83521.46441686075,179159.5226001612,264118.06106998696,0.04929317590755469,0.06320255478490336,101782.8704789055,130503.61087855637,321865.6975032545,412688.65325256594,0.05429995808136446,0.07220785850055285,112121.1100451427,149098.18598631854,354558.0815290353,471489.86271616525,0.03177165609909776,0.04308542587152107,65603.61141468225,88964.8159257154,207456.83480301697,281331.4499428819,0.04929317590755469,0.060894533210743874,101782.8704789055,125737.899263915,321865.6975032545,397618.14987878053,0.05429995808136446,0.07075310461956905,112121.1100451427,146094.34167885192,354558.0815290353,461990.87296803965
2025-04-24,2146698.3381505683,54480.174860212486,2092218.163290356,0.018880673248921006,1.3103474910204667,0.027848589507132152,0.04306383327477489,58265.32478883911,90098.93415839164,184251.13494220082,284917.84669406357,0.049785019937976537,0.066203912528661,104161.12297400703,138513.0282733505,329386.3922387538,438016.65495108743,0.061112995816406675,0.07441335882400323,127861.71986017359,155688.98092302223,404334.2603045346,492331.7863072542,0.024916335675079743,0.03643459100820198,52130.410062041316,76229.11307941568,164850.83115461015,241057.62134548542,0.045194542170485026,0.05794738267353007,94556.84201068072,121238.56654469648,299014.98910644656,383390.01053513115,0.049785019937976537,0.066203912528661,104161.12297400703,138513.0282733505,329386.3922387538,438016.65495108743,0.028799913619607615,0.03948783431031443,60255.70237613635,82617.16417303997,190545.26152181072,261258.4126108677,0.045194542170485026,0.05583126869947076,94556.84201068072,116811.19445257707,299014.98910644656,369389.430674969,0.049785019937976537,0.0648701186634594,104161.12297400703,135722.44052249048,329386.3922387538,429192.0416478032
2025-04-25,2146730.875155144,32.537004575598985,2146698.3381505683,0.019583366213557638,-0.0485504041046487,0.028885046611374112,0.04466656492917702,62007.48155803851,95885.64070435877,196084.87369428796,303217.01953032555,0.051637897893835966,0.0686678619308873,110850.9895942864,147409.18509138844,350541.60800156934,466148.7729181234,0.06338747361928433,0.07718284394941297,136073.78427808065,165688.28283993946,430303.0881571457,523952.35537640046,0.025843661388128866,0.03779059830907192,55478.544953622244,81125.01458780037,175438.56332548682,256539.821311835,0.046876573653392456,0.06010404401642594,100629.8627599303,129025.25140619017,318219.56695153756,408013.670119404,0.051637897893835966,0.0686678619308873,110850.9895942864,147409.18509138844,350541.60800156934,466148.7729181234,0.02987177670498766,0.04095747593764256,64125.69341020187,87923.34553017917,202783.24771388803,278038.0313773509,0.046876573653392456,0.057909173401523566,100629.8627599303,124313.52630472372,318219.56695153756,393113.88709018205,0.051637897893835966,0.06728442748597777,110850.9895942864,144439.3686675609,350541.60800156934,456757.3887862524
2025-04-28,2152594.6325654155,5863.757410271559,2146730.875155144,0.017355416202349407,0.10151422337251689,0.0255988679626284,0.03958496288234921,54953.88022439424,84978.2620114094,173779.4277731708,268724.8595586152,0.04576318493914005,0.06085569306828128,98241.24205428682,130640.79523864429,310666.0850554655,413122.46828979644,0.056176041170925374,0.0684019471328519,120594.84202561203,146840.57183082306,381354.37486912776,464350.659906962,0.022903493438888266,0.03349125758245191,49167.63651417471,71896.71670002333,155481.7185520538,227357.38105993863,0.041543544507250264,0.05326615904405839,89182.80965709603,114348.10822080456,282020.8066496836,361600.4681091665,0.04576318493914005,0.06085569306828128,98241.24205428682,130640.79523864429,310666.0850554655,413122.46828979644,0.02647334027077482,0.03629784755816824,56831.136927760344,77921.71005479452,179715.83470862676,246410.0829483945,0.041543544507250264,0.0513209933040864,89182.80965709603,110172.36086951267,282020.8066496836,348395.59554566885,0.04576318493914005,0.05962964845887961,98241.24205428682,128008.80742132419,310666.0850554655,404799.39201324974
2025-04-29,2162906.364675025,10311.732109609526,2152594.6325654155,0.015486698948871636,0.24621122355812905,0.02284254995368389,0.03532271401121529,49170.75042440732,76035.48458818524,155491.56560081814,240445.3142932953,0.0408357056858169,0.054303151643567416,87902.72087631049,116892.67275932904,277972.81049517327,369647.08770419913,0.05012737393389449,0.061036874622442665,107903.9160747008,131387.6487008383,341222.14324771,415484.226308712,0.020437395659661767,0.029885138884098605,43993.42820060364,64330.58955538265,139119.43519299047,203431.18621644782,0.03707040842764354,0.04753080880690025,79797.56220835322,102314.56391922645,252342.04830737194,323547.0597916395,0.0408357056858169,0.054303151643567416,87902.72087631049,116892.67275932904,277972.81049517327,369647.08770419913,0.022911458995382463,0.03215198095298249,49319.0836577029,69210.18162573558,155960.63647072928,218861.8112112597,0.03707040842764354,0.04579508574100642,79797.56220835322,98578.25576396342,252342.04830737194,311731.8159807463,0.0408357056858169,0.05320911946696538,87902.72087631049,114537.66496812164,277972.81049517327,362199.8991765415
2025-04-30,2173922.875915973,11016.511240948455,2162906.364675025,0.013989771311102248,0.29410909250673556,0.020634613681681353,0.03190845852533172,44630.73726471895,69015.00803140904,141134.78340906513,218244.6181140661,0.03688857036338787,0.04905426750230496,79786.52362273412,106099.78739520664,252307.14123466882,335516.98742847657,0.04528211596780517,0.055137116071763505,97940.97683271837,119256.4192814429,309716.5630531741,377121.91052538046,0.018461939010831846,0.02699647355252107,39931.445390770336,58390.844470528806,126274.31769746664,184648.0630275196,0.03348722268212467,0.042936532028906474,72429.72707445732,92867.69840239488,229042.90785964922,293673.448009148,0.03688857036338787,0.04905426750230496,79786.52362273412,106099.78739520664,252307.14123466882,335516.98742847657,0.020696862049639747,0.029044205108921074,44765.37465596679,62819.89608701227,141560.54422363156,198653.9540100579,0.03348722268212467,0.041368582084801105,72429.72707445732,89476.36948879753,229042.90785964922,282949.124347396,0.03688857036338787,0.04806598329737664,79786.52362273412,103962.22119825937,252307.14123466882,328757.40959673916
2025-05-01,2171433.750723809,-2489.1251921644434,2173922.875915973,0.012767608337176333,-0.16538613600515792,0.018546950847307574,0.02895144332198055,40319.64072545107,62938.204928438245,127501.89913210912,199028.07941629968,0.033665941211229025,0.04476882865408044,73187.15973833308,97323.98073906796,231438.12025170538,307765.4500898123,0.0413262167407069,0.05032027237550615,89840.00794768437,109392.39123943543,284099.0501223119,345929.1150088658,0.01684908217535157,0.02463802968172831,36628.605179184844,53561.17634260592,115829.81988126403,169375.3114005618,0.03056173928775172,0.0391855457899199,66438.8641654234,85186.35439795972,210098.1359172799,269382.9054638544,0.033665941211229025,0.04476882865408044,73187.15973833308,97323.98073906796,231438.12025170538,307765.4500898123,0.018888759693209654,0.02650686898655981,41062.70679474805,57623.888858790015,129851.68036307607,182222.73643017723,0.03056173928775172,0.03775457380807286,66438.8641654234,82075.53167182762,210098.1359172799,259545.62025226277,0.033665941211229025,0.04386688212659654,73187.15973833308,95363.21855011774,231438.12025170538,301564.97562279215
2025-05-02,2209896.355818948,38462.60509513924,2171433.750723809,0.01167840288432942,1.4207435540913225,0.01696470932931323,0.0264815939107741,36837.742408889826,57503.026790816984,116491.1698706696,181840.53701266437,0.0307938976950035,0.04094959712693463,66866.90877126671,88919.33727996857,211451.73181189378,281187.633837422,0.03780067464771798,0.046027446842900194,82081.66073018465,99945.55153431951,259565.0020365831,316055.58485018613,0.015411685938233182,0.022536157853579986,33465.455001835064,48935.77377490301,105827.06073967318,154748.50419142944,0.02795451542862237,0.03584262446746003,60701.37828684006,77829.8844831617,191954.61249790425,246119.70499458787,0.0307938976950035,0.04094959712693463,66866.90877126671,88919.33727996857,211451.73181189378,281187.633837422,0.0172773584415396,0.024245566362324947,37516.639243312,52647.641104566275,118638.03016372187,166486.45932553243,0.02795451542862237,0.034533728793433346,60701.37828684006,74987.70424040376,191954.61249790425,237131.9419067425,0.0307938976950035,0.040124595713207964,66866.90877126671,87127.90136580764,211451.73181189378,275522.6160664476
2025-05-05,2204251.680780457,-5644.675038491376,2209896.355818948,0.012722585161133133,-0.27694655273779123,0.018481547632311426,0.028849350126844326,40842.30476253932,63754.07371305818,129154.70794036672,201608.083047532,0.03354722300200892,0.04461095767303919,74135.8858599851,98585.59279124263,234438.25567182372,311755.0176982034,0.041180485646646114,0.05014282500855432,91004.60516137774,110810.4462568714,287781.82987426885,350413.39871139324,0.01678966625555567,0.024551147133452758,37103.42227356883,54255.490581392056,117331.32337150058,171570.925807012,0.030453967610253412,0.03904736347105041,67300.11204212728,86290.6262390122,212821.64083764804,272874.91963756765,0.03354722300200892,0.04461095767303919,74135.8858599851,98585.59279124263,234438.25567182372,311755.0176982034,0.018765541193938903,0.026321323540921683,41469.90109945593,58167.39697341431,131139.3418162016,183941.45999917388,0.030453967610253412,0.03762143761074393,67300.11204212728,83139.4778766529,212821.64083764804,262910.1135674027,0.03354722300200892,0.043712191733196765,74135.8858599851,96599.41321605067,234438.25567182372,305474.1663984911
2025-05-06,2182530.958288778,-21720.72249167878,2204251.680780457,0.011698691771911468,-0.9290629495459479,0.0169941821162905,0.02652760037990954,37459.45449332252,58473.50772448789,118457.19610632783,184909.46718883124,0.030847395928857494,0.04102073885589086,67995.42432388435,90420.03256995362,215020.4113330891,285933.2490276616,0.03786634575412263,0.04610741031940754,83466.95627353872,101632.33669298825,263945.69118606247,321389.66787494783,0.0154384606579057,0.022575309917244116,34030.2528538516,49761.66482922506,107613.10836961615,157360.20102224496,0.028003080804090186,0.03590489385357974,61725.83792944674,79143.42262499704,195194.23833946345,250273.47731629282,0.030847395928857494,0.04102073885589086,67995.42432388435,90420.03256995362,215020.4113330891,285933.2490276616,0.01725532032842342,0.024203025346978685,38035.06883633251,53349.55930104977,120277.44848410082,168706.11955753787,0.028003080804090186,0.034593724235294596,61725.83792944674,76253.27479010374,195194.23833946345,241134.02738342574,0.030847395928857494,0.04019430416733167,67995.42432388435,88598.36251864175,215020.4113330891,280172.62252020027
2025-05-07,2195729.6579009136,13198.699612135531,2182530.958288778,0.011655162668507682,0.43442371436310906,0.016930949275813508,0.02642889509879735,36952.320947679946,57681.88174649177,116853.49902422033,182406.12604340515,0.030732617326830497,0.04086810674811578,67074.88874504967,89195.90818441322,212109.42223675005,282062.2278299998,0.037725450676964326,0.04593585145875842,82336.96401787098,100256.41790409498,260372.3419198011,317038.63062662474,0.015381016427091209,0.022491310524925767,33569.544522074815,49087.981513136714,106156.22070418499,155229.82732175064,0.027898885478346798,0.03577129704910568,60890.18125824511,78071.96322781716,192551.65991655187,246885.22520081344,0.030732617326830497,0.04086810674811578,67074.88874504967,89195.90818441322,212109.42223675005,282062.2278299998,0.01717280670144142,0.023999307064818926,37480.1822666049,52379.23064644589,118522.74308072373,165637.67093006277,0.027898885478346798,0.03446500609922268,60890.18125824511,75220.94278916506,192551.65991655187,237869.5069589804,0.030732617326830497,0.04004474710091302,67074.88874504967,87398.90026458746,212109.42223675005,276379.5898299892
2025-05-08,2210251.915102422,14522.257201508151,2195729.6579009136,0.010934192954460877,0.5145465540830062,0.015883627843663376,0.02479404593504967,34876.15273139241,54441.02199894615,110288.07865510262,172157.6276640027,0.028831546792147698,0.03834007105493433,63306.282374676644,84184.43110134768,200192.0425017512,266214.5458057759,0.035391814659995684,0.043094333186327646,77710.85709588486,94623.50546468318,245743.30734685407,299225.7974577882,0.014429571361021699,0.02110003404265854,31683.437788192994,46329.97053018427,100191.82751493737,146508.23080386108,0.026173105061751068,0.03355854184884907,57469.06302344334,73685.48561342686,181733.13414984354,233013.9650339983,0.028831546792147698,0.03834007105493433,63306.282374676644,84184.43110134768,200192.0425017512,266214.5458057759,0.01611052435592144,0.022514748329435837,35374.35613263172,49436.300647117314,111863.5361410616,156331.3091377467,0.026173105061751068,0.032333055967019214,57469.06302344334,70994.6499173542,181733.13414984354,224504.79542512406,0.028831546792147698,0.03756764311810619,63306.282374676644,82488.38817186291,200192.0425017512,260851.18713917967
2025-05-09,2209126.1526371045,-1125.762465317268,2210251.915102422,0.01040903631574753,-0.14174256174322725,0.015120755572825235,0.0236032165910291,33420.67896263259,52169.05467289932,105685.46647119238,164973.03614421232,0.02744680095262109,0.03649864179471391,60664.344368965736,80671.19292540371,191837.5009667418,255104.71120713756,0.033691986743823205,0.04102456221576033,74467.77822414064,90674.6172036227,235487.79148057327,286738.3163273355,0.013736535740963708,0.020086623816523926,30361.2044283379,44396.49875841392,96010.55849953822,140394.05621342556,0.024916041103197742,0.03194676390502992,55070.72756511347,70610.3961024173,174148.9315083773,223289.67817031467,0.02744680095262109,0.03649864179471391,60664.344368965736,80671.19292540371,191837.5009667418,255104.71120713756,0.015336754508077892,0.02143339101267661,33898.09102293486,47373.19353290751,107195.1759641812,149807.1915999466,0.024916041103197742,0.030780136692438183,55070.72756511347,68031.85607157582,174148.9315083773,215135.61863493474,0.02744680095262109,0.035763312678131806,60664.344368965736,79045.93033724754,191837.5009667418,249965.1796327039
2025-05-12,2278220.970606018,69094.81796891335,2209126.1526371045,0.00974638125423703,3.0608174747364436,0.014158145307066335,0.022100599973358972,31277.12907067653,48823.0133901182,98906.96653440337,154391.92454567243,0.025699495916706297,0.03417508282250286,56773.42853918636,75497.06923173014,179533.34476063494,238742.69543968575,0.031547103695008925,0.038412876275401145,69691.53181259886,84858.88957800204,220383.9741538953,268347.37077921117,0.01286204701210814,0.01880787883601695,28413.88443089602,41548.97701227495,89852.59197442862,131389.40180876662,0.023329848083113926,0.029912984392845676,51538.5775374576,66081.55612566092,162979.292383558,208968.22868534047,0.025699495916706297,0.03417508282250286,56773.42853918636,75497.06923173014,179533.34476063494,238742.69543968575,0.014360393422033206,0.02006890878694005,31723.9206707714,44334.75125611785,100319.84563013427,140198.7934663435,0.023329848083113926,0.02882062644052641,51538.5775374576,63668.39960515132,162979.292383558,201337.15773004328,0.025699495916706297,0.03348656587432888,56773.42853918636,73976.04843498512,179533.34476063494,233932.80535348746
2025-05-13,2288991.8559018867,10770.885295868851,2278220.970606018,0.015296004056711712,0.24520676672233674,0.022219841642071452,0.0346847571452534,50621.70919251204,79019.54108869322,160079.90009902112,249881.72950153193,0.04033287674094362,0.05363449180322302,91887.20559608546,122191.22397389926,290572.85751179996,386402.57784129254,0.04951013237724367,0.06028529933436272,112795.02183931651,137343.23316280617,356689.1777406751,434317.4380060389,0.020185740547477075,0.029517149336713316,45987.577422474475,67246.58861140978,145425.48872835477,212652.38488839453,0.03661394333067406,0.046945539958475564,83414.653512522,106952.3136098218,263780.2953333342,338212.912031662,0.04033287674094362,0.05363449180322302,91887.20559608546,122191.22397389926,290572.85751179996,386402.57784129254,0.022537250525050526,0.031496214052303975,51344.836765971595,71755.33534865486,162366.63027002403,226910.2939709417,0.03661394333067406,0.04523118965406969,83414.653512522,103046.64479535953,263780.2953333342,325862.1027916717,0.04033287674094362,0.05255393095118314,91887.20559608546,119729.4675807661,290572.85751179996,378617.8205945109
2025-05-14,2270291.452883783,-18700.403018103912,2288991.8559018867,0.01382861870620422,-0.663059965182417,0.020088234589975693,0.031357358412084105,45981.80537590094,71776.73802785703,145407.23591442185,226977.97518525049,0.03646363924244049,0.04848919586435133,83464.97326249072,110991.37443273165,263939.4203545255,350985.5438400112,0.04476049693764166,0.054501974175306764,102456.41295638311,124754.57501785213,323995.6258329564,394508.605582754,0.01824927009031111,0.026685492626578634,41772.43061287602,61082.87529296834,132096.0241380316,193161.01195780485,0.03310147276198538,0.04244193252274766,75769.00157054266,97149.23789330681,239602.6209997899,307212.8646923875,0.03646363924244049,0.04848919586435133,83464.97326249072,110991.37443273165,263939.4203545255,350985.5438400112,0.020375193615379053,0.028474700529854322,46638.652248026774,65178.35761208168,147484.36810429685,206112.06420315153,0.03310147276198538,0.040892044290461824,75769.00157054266,93601.55635204636,239602.6209997899,295994.1106090679,0.03646363924244049,0.04751229601807064,83464.97326249072,108755.25864056333,263939.4203545255,343914.32482488756
2025-05-15,2288073.332985016,17781.88010123279,2270291.452883783,0.013073548797397482,0.5228856106775671,0.018991377283964637,0.029645184675888038,43115.96152627614,67303.20938882991,136344.6419312224,212831.43550793157,0.03447265248212156,0.04584158994815224,78262.96828839349,104073.76984589316,247489.23623685303,329110.15739317343,0.04231648535131553,0.05152605868116758,96070.75500917346,116979.170624643,303802.4023610187,369920.6179713337,0.017031299628638186,0.025219551024529895,38666.01397840002,57255.73113655667,122272.67221165267,181058.51948974025,0.03129406693565021,0.04012451913530969,71046.65268997967,91094.35284396539,224669.24263126444,288065.63696596766,0.03447265248212156,0.04584158994815224,78262.96828839349,104073.76984589316,247489.23623685303,329110.15739317343,0.019262667779506415,0.026919925610597206,43731.87001955325,61116.07702600608,138292.31560022055,193266.00505646897,0.03129406693565021,0.03865925786332088,71046.65268997967,87767.78270192757,224669.24263126444,277546.0985208183,0.03447265248212156,0.04491803076398073,78262.96828839349,101977.02132383626,247489.23623685303,322479.65638288186
2025-05-16,2309546.112466274,21472.779481258243,2288073.332985016,0.012223372438049279,0.6851591924919627,0.017756362962413064,0.02771735042288331,40627.86058510015,63419.33036360026,128476.57590869763,200549.5316316513,0.032230886712282525,0.042860499147725384,73746.63238483474,98067.96513833746,233207.32810321284,310118.135335136,0.03956463304143967,0.04817530536544681,90526.78179145597,110228.63151508881,286270.8197060588,348573.5389510975,0.015923749678916313,0.023579516906272784,36434.70700145713,53951.66383791211,115216.66000548833,170610.14128354366,0.02925900543025036,0.03751521097210876,66946.75007461963,85837.55380658894,211704.21218184545,271442.17880607746,0.032230886712282525,0.042860499147725384,73746.63238483474,98067.96513833746,233207.32810321284,310118.135335136,0.017756362962413064,0.024792057108339757,40627.86058510015,56726.044739433804,128476.57590869763,179383.50402922355,0.02789654277769712,0.03562078029110277,63829.33561212452,81502.95748419048,201846.08206961135,257734.9816899088,0.032230886712282525,0.0419969992632138,73746.63238483474,96092.21407955086,233207.32810321284,303870.2618998811
2025-05-19,2309297.6227385364,-248.48972773738203,2309546.112466274,0.011713441534243283,-0.09164985639062811,0.01701560845627158,0.02656104649580572,39298.332361430286,61343.96167742405,124272.23850842308,193986.63959874326,0.030886288462089156,0.04107245798488377,71333.30744612994,94858.73566842268,225575.72456281944,299969.6606760705,0.037914087810340294,0.046165542746281076,87564.33411007636,106621.44977956904,276902.73758381454,337166.62873269594,0.015259447571874724,0.022595833849222507,35242.39781800619,52186.120224405684,111446.24731064781,165027.00215649937,0.028038387212231536,0.03595016290256527,64755.948185833426,83028.55897414888,204776.28831108214,262559.35719992383,0.030886288462089156,0.04107245798488377,71333.30744612994,94858.73566842268,225575.72456281944,299969.6606760705,0.01701560845627158,0.02375778967089243,39298.332361430286,54869.710775201005,124272.23850842308,173513.26060431835,0.026732763358899996,0.03413476349989587,61740.54969102833,78835.81034114017,195240.76101445465,249300.72186305886,0.030886288462089156,0.04024498132381375,71333.30744612994,92947.64016269185,225575.72456281944,293926.2460518497
2025-05-20,2304140.8085042736,-5156.814234262798,2309297.6227385364,0.010792082243861571,-0.2966526784716495,0.01567718977830648,0.02447179997678494,36203.297086264036,56512.669510522435,114484.87760033175,178708.75230960382,0.028456825802736438,0.03784176864114514,65715.2801769439,87387.90636321818,207809.96243525564,276344.824061291,0.034931830466221336,0.042534240060349504,80667.99305355051,98224.21945635533,255094.5923238608,310612.25487430877,0.01405916550743296,0.020818484179610852,32466.797484002564,48076.07602499517,102669.02838087226,152029.90120239885,0.025832935597538506,0.03312238453493677,59655.93676375339,76489.44386596115,188648.63612443488,241880.85957603224,0.028456825802736438,0.03784176864114514,65715.2801769439,87387.90636321818,207809.96243525564,276344.824061291,0.01567718977830648,0.021889042542371798,36203.297086264036,50548.31390712188,114484.87760033175,159847.80382767014,0.02463000988492797,0.0314497813463871,56878.02327529081,72626.9052988585,179864.10235798926,229666.44015374474,0.028456825802736438,0.0370793798799056,65715.2801769439,85627.32380928512,207809.96243525564,270777.37318210636
2025-05-21,2258633.8582148617,-45506.950289411936,2304140.8085042736,0.01012123537125741,-2.0663139432585016,0.014702679623884628,0.022950607855518577,33877.044115756835,52881.43213987911,107128.61979979649,167225.77149364984,0.026687920399438063,0.035489485590192514,61492.726486458916,81772.77202118695,194457.07523097345,258588.21017264138,0.03276043214909562,0.03989026818556973,75484.64861896657,91912.79478855095,238703.41801341792,290653.77764347533,0.013185233396931272,0.01952438590564756,30380.63433952277,44986.93432618821,96072.00127361719,142261.177419167,0.024227133893641138,0.03106346322796718,55822.72787743558,71574.59327703108,176526.96529647315,226338.73735559324,0.026687920399438063,0.035489485590192514,61492.726486458916,81772.77202118695,194457.07523097345,258588.21017264138,0.014702679623884628,0.020528397265395543,33877.044115756835,47300.31787238541,107128.61979979649,149576.73852670752,0.023098983273922326,0.029494830764694786,53223.30999640208,67960.24320486057,168306.8842018387,214909.1588663405,0.026687920399438063,0.03477448769427713,61492.726486458916,80125.31619121361,194457.07523097345,253378.49740540257
2025-05-22,2247285.479581906,-11348.37863295572,2258633.8582148617,0.012790642027662114,-0.46933106467941726,0.01886592361749552,0.029494336092330445,42611.21384897079,66616.90612370615,134748.48962725778,210661.1540245301,0.033726677008356666,0.04484959486458726,76176.21461615109,101298.81348837618,240890.34171684657,320334.9748958553,0.041400772229896056,0.05041105379270257,93509.18591468483,113860.11292448874,295702.0096385395,360057.2914853597,0.017042215835692886,0.025005660122239627,38492.125705501436,56478.6305991036,121722.78921090021,178601.11182044758,0.030616874879702126,0.03925623935361681,69152.31023602329,88665.47135026562,218678.8058084096,280384.8392792445,0.033726677008356666,0.04484959486458726,76176.21461615109,101298.81348837618,240890.34171684657,320334.9748958553,0.01884583075977765,0.02611047988912812,42565.831440220914,58974.013931823,134604.97784990343,186492.20678706266,0.029191182244286636,0.03727389079884801,65932.19257826629,84188.07178568152,208495.89967617093,266226.0586605125,0.033726677008356666,0.04394602116021948,76176.21461615109,99257.97132629847,240890.34171684657,313881.26531878725
2025-05-23,2240689.7393148933,-6595.740267012734,2247285.479581906,0.01192168312466627,-0.32757400893126265,0.017584227807761504,0.02749057694717151,39516.7798220428,61779.17439870762,124963.03003303854,195362.90306467938,0.03143538496910682,0.041802644237006976,70644.28418614106,93942.47540195403,223396.8417004202,297072.19130451675,0.038588124550266875,0.046986273870957065,86718.53198611281,105591.57100986053,274228.07642228156,333909.86610656505,0.015884417412034797,0.023306848526893936,35696.820601683794,52377.14226930368,112883.25832774304,165631.06690167997,0.028536853724306706,0.036589284980983475,64130.4570075873,82226.56884604848,202798.31153148203,260023.24173415636,0.03143538496910682,0.041802644237006976,70644.28418614106,93942.47540195403,223396.8417004202,297072.19130451675,0.017565500000176603,0.0243366100621028,39474.69309199285,54691.31041481053,124829.94010681204,172949.10913008955,0.027208018487120372,0.03474161140357562,61144.18487430167,78074.31884453265,193354.8898772095,246892.67431492874,0.03143538496910682,0.0409604566939613,70644.28418614106,92049.8395653827,223396.8417004202,291087.1512796931
2025-05-27,2290353.972064655,49664.23274976155,2240689.7393148933,0.011069221993461813,1.8932408968044205,0.016326865858814314,0.02552486052300636,36583.440805015875,57193.29307134413,115686.99758979402,180861.0729909745,0.029187594657085546,0.038813542025433655,65400.343863413786,86969.10536285659,206814.04636660358,275020.4590137914,0.03582887688689637,0.043626515709607704,80281.39681164523,97753.48611257799,253872.06766457867,309123.6653373853,0.01474860057359102,0.021640290017304036,33047.03797449915,48489.17579757167,104503.90992149476,153336.23738463817,0.026496323175687585,0.03397296453875359,59370.03946933458,76122.8730560939,187744.5494971917,240721.6608931192,0.029187594657085546,0.038813542025433655,65400.343863413786,86969.10536285659,206814.04636660358,275020.4590137914,0.016309477184963454,0.022596418352066668,36544.47818193796,50631.56274674253,115563.78695725316,160111.05977343745,0.025262506433593818,0.03225740904328291,56605.43895513014,72278.84546016747,179002.11505183298,228565.7783014503,0.029187594657085546,0.038031575185968454,65400.343863413786,85216.96028918242,206814.04636660358,269479.6897899375
2025-05-28,2271961.6688568145,-18392.303207840305,2290353.972064655,0.013378109053688034,-0.6748850617480209,0.01973242492500088,0.030848994433272017,45194.237805443365,70655.11693444499,142916.72858049077,223431.09785837994,0.03527572439761095,0.046909511642539835,80793.8954915263,107439.38631810428,255492.73079083237,339753.1711759414,0.04330228651545527,0.05272640526500428,99177.56392015472,120762.13173139328,313626.99477462674,381883.39136849594,0.017824955265991545,0.02615415608937382,40825.45709533852,59902.2752852963,129101.43093875166,189427.62692794894,0.032023090798565884,0.041059256445030654,73344.21320828247,94040.23108889724,231934.76693117825,297381.32192949165,0.03527572439761095,0.046909511642539835,80793.8954915263,107439.38631810428,255492.73079083237,339753.1711759414,0.01971140921357932,0.027309719609495728,45146.10438731323,62548.924783580536,142764.5173476303,197797.06751066903,0.030531916898742927,0.038985859731186005,69928.89714378382,89291.41868967735,221134.589238,282364.258567108,0.03527572439761095,0.04596443730389957,80793.8954915263,105274.83155270317,255492.73079083237,332908.24799710244
2025-05-29,2276060.688856097,4099.019999282435,2271961.6688568145,0.012700121183196262,0.0658744894303509,0.01873240730660271,0.02928560128415871,42559.311366014685,66535.7635670325,134584.35956489845,210404.55873027202,0.033487989436832045,0.04453218912433485,76083.42836756431,101175.42672077108,240596.92583576977,319944.7916770973,0.04110777420402029,0.05005428896808625,93395.28728355505,113721.42589737449,295341.8305417941,359618.7245977612,0.016921606114485777,0.024828692190075167,38445.24046760478,56409.836943695336,121574.52507050794,178383.5671807887,0.0304001957354479,0.03897841843351305,69068.07943668202,88557.47259360354,218412.44463335458,280043.317223726,0.033487989436832045,0.04453218912433485,76083.42836756431,101175.42672077108,240596.92583576977,319944.7916770973,0.018712456648349453,0.025925693020426698,42513.98423519482,58902.18078095811,134441.02259170724,186265.05041882308,0.02898459289075812,0.037010099187422825,65851.88403522217,84085.5267144134,208241.94176458183,265901.782672481,0.033487989436832045,0.043635010114977654,76083.42836756431,99137.07040140861,240596.92583576977,313498.9430249143
2025-05-30,2281233.248419436,5172.559563338757,2276060.688856097,0.011595895287820924,0.11246027391628491,0.017103697711450396,0.026739332722375837,38929.05399511024,60860.34405564312,123104.47778022572,192457.3063973217,0.03057633965122745,0.04066028934483471,69593.60468927074,92545.28617529271,220074.30139947025,292653.8910260177,0.03753361391668533,0.04570226419163835,85428.7831464696,104021.12691830372,270149.5324794498,328943.68583929155,0.01545033860503243,0.022669934453112807,35165.90832843006,51598.1466276745,111204.36630652353,163167.66638678746,0.02775701754278815,0.03558939730732027,63176.65646902916,81003.62815127269,199782.12939614305,256155.96369535607,0.03057633965122745,0.04066028934483471,69593.60468927074,92545.28617529271,220074.30139947025,292653.8910260177,0.017085481684950273,0.023671555349159056,38887.59321328615,53877.89657430219,122973.36727609028,170376.86871377827,0.026464495832217123,0.03379221572602448,60234.79861410541,76913.1338033491,190479.15802212682,243220.6847998723,0.03057633965122745,0.039841116543499394,69593.60468927074,90680.79916479326,220074.30139947025,286757.8654050412
2025-06-02,2283404.7172937947,2171.4688743590377,2281233.248419436,0.010700723049968225,-0.0013556085821527903,0.015783337793057902,0.02467512743958778,36005.47494455873,56289.7211241744,113859.30906093039,178003.72760808482,0.028215927650984476,0.03752142328049707,64367.11229242311,85595.11831548899,203546.68125187908,270675.53046854015,0.03463611886946917,0.04217417109525337,79013.06596124088,96209.12132702193,249861.25335064263,304239.9550768706,0.014257613606974274,0.020919875880431395,32524.942203347076,47723.116411247924,102852.89812791217,150913.74490090428,0.025614249701827116,0.0328419906051501,58432.078053125646,74920.24091274716,184778.45506461427,236918.6041328134,0.028215927650984476,0.03752142328049707,64367.11229242311,85595.11831548899,203546.68125187908,270675.53046854015,0.015766527995296674,0.02184417431048958,35967.12787500661,49831.65672135854,113738.04497955281,157581.53481913157,0.024421507225494285,0.03118354665626859,55711.15425931306,71136.94343591864,176174.13853642016,224954.76704006718,0.028215927650984476,0.03676548843807378,64367.11229242311,83870.65461931427,203546.68125187908,265222.2974463554
2025-06-03,2301960.1087448657,18555.391451071016,2283404.7172937947,0.009962234057051008,0.7154437441506105,0.014694082312167555,0.02297222288558017,33552.5368679067,52454.88210365822,106102.4377793573,165876.90184316452,0.026268661854280912,0.03493195731994058,59981.986395060594,79763.79612865782,189679.6955896238,252235.2705878797,0.032245776420362304,0.03926360505277042,73630.1579910563,89654.70099545646,232839.00372978565,283513.0580870077,0.01327365292834999,0.019476132499843785,30309.121712314958,44471.892824782284,95845.85849017797,140632.47318521148,0.02384653350374379,0.030575466328786736,54451.28709355309,69816.16404860922,172190.08874335774,220778.09588956772,0.026268661854280912,0.03493195731994058,59981.986395060594,79763.79612865782,189679.6955896238,252235.2705878797,0.014678432608968334,0.020336642322946973,33516.802261797355,46436.785014133755,105989.43503276279,146846.00786023695,0.022736105763157648,0.029031476571075313,51915.731152484805,66290.61055239764,164171.9568348103,209629.3168287693,0.026268661854280912,0.03422819180830787,59981.986395060594,78156.81463952702,189679.6955896238,247153.54892449724
2025-06-04,2298558.8897148804,-3401.2190299853683,2301960.1087448657,0.00981447995281127,-0.24907700983706976,0.014476148166349867,0.022631512137828543,33323.51560721753,52096.83814185654,105378.20896297634,164744.6674214009,0.025879060226811742,0.03441386669552934,59572.56429392649,79219.34832077203,188384.9892256282,250513.5754478748,0.03176752568029528,0.03868126992988813,73127.57686956784,89042.74033419478,231249.70267688032,281577.86855899805,0.013076785771125409,0.01918727374636648,30102.23919573316,44168.33875970329,95191.63852971194,139672.55094655888,0.023492855485651574,0.03012198866371173,54079.616168477914,69339.61629992946,171014.7620800584,219271.11958991416,0.025879060226811742,0.03441386669552934,59572.56429392649,79219.34832077203,188384.9892256282,250513.5754478748,0.014460730570513768,0.020035020984554078,33288.02491663008,46119.81908430977,105265.97754498768,145843.67358132006,0.022398896968253087,0.028600898470726405,51561.36730080492,65838.12735387422,163051.3599430718,208198.43931847718,0.025879060226811742,0.033720539027674495,59572.56429392649,77623.33568708107,188384.9892256282,245466.5403510074
2025-06-05,2299081.931757902,523.0420430214144,2298558.8897148804,0.009306386501112785,-0.07934451458607852,0.013726721184532806,0.021459883770910165,31551.677005345457,49326.80661387365,99775.16333485229,155985.0586024985,0.024539307015171898,0.032632268444812595,56405.04228716609,75007.19072538636,178368.4051455581,237193.56358287815,0.030122927917354412,0.03667874915963294,69239.32374867552,84308.26494449649,218953.96669560255,266606.14280153817,0.01239980347032917,0.0181939528375309,28501.67849744254,41819.87203375993,90130.22118976401,132246.04708345942,0.022276635564540088,0.028562579987372848,51204.15870981228,65652.7721431682,161921.76719575553,207612.2946764657,0.024539307015171898,0.032632268444812595,56405.04228716609,75007.19072538636,178368.4051455581,237193.56358287815,0.013712101754215708,0.01899781238910753,31518.073383827523,43667.59055211861,99668.89935322538,138089.04607634447,0.021239311037102606,0.027120236296516477,48819.80719575157,62337.460230526114,154381.7856688527,197128.35787862755,0.024539307015171898,0.03197483419664094,56405.04228716609,73496.03938984839,178368.4051455581,232414.8834733728
2025-06-06,2322219.625620006,23137.693862104323,2299081.931757902,0.008854875154351486,1.0217697238274936,0.01306075159817357,0.02041872982554307,30027.738014538994,46944.33281135225,94956.04510876548,148451.01492084868,0.02334875087851409,0.03104907184410922,53680.69127390818,71384.3600746445,169753.25079787552,225737.1671494639,0.028661475209503524,0.03489923232690678,65895.07979169658,80236.19447501266,208378.53874029493,253729.1253252581,0.011798211008658435,0.017311249744595435,27125.053757073776,39799.98150394796,85776.95152686078,125858.59238504933,0.021195855852258264,0.02717682957226448,48731.00921807196,62481.75783205709,154100.98180776832,197584.66696036482,0.02334875087851409,0.03104907184410922,53680.69127390818,71384.3600746445,169753.25079787552,225737.1671494639,0.013046841448378034,0.01807610901301212,29995.757440476034,41558.45562830232,94854.91365384682,131419.37582447927,0.020208858462465,0.025804463046258642,46461.82135250606,59326.57474836771,146925.1797137641,187607.10198107272,0.02334875087851409,0.030423533866607545,53680.69127390818,69946.19701294202,169753.25079787552,221189.2962277628
2025-06-09,2322338.264827569,118.63920756289735,2322219.625620006,0.009268451343502479,-0.09870576589364576,0.013670767637842507,0.021372407920530318,31746.52490588872,49631.42511981197,100391.32649787096,156948.34689870113,0.024439278665913364,0.03249925116184377,56753.372553980334,75470.39886598739,179469.92216666526,238658.35633790892,0.030000139333612258,0.03652923740980897,69666.91233184907,84828.91202199091,220306.1205199153,268252.57342353073,0.012349258771919372,0.018119789737990208,28677.69108201118,42078.13134166885,90686.82185385392,133062.7347233903,0.02218583042969348,0.02844615177181911,51520.37083451173,66058.21191788364,162921.71773356697,208894.40781859204,0.024439278665913364,0.03249925116184377,56753.372553980334,75470.39886598739,179469.92216666526,238658.35633790892,0.013463877255543995,0.018859499099638032,31266.07999976309,43795.898938542276,98872.02630428819,138494.79282034427,0.021152734296320298,0.027009687434376047,49121.29471844038,62722.426241970126,155335.17292667102,198345.72729654107,0.024439278665913364,0.031844496780000446,56753.372553980334,73949.91539051013,179469.92216666526,233850.165410752
2025-06-10,2337537.616268845,15199.351441275794,2322338.264827569,0.008827747862478849,0.629558838634033,0.013020739422450738,0.020356176166232157,30238.56139710617,47273.926836411905,95622.72718169878,149493.2827432198,0.0232772209733599,0.030953951673625985,54057.58096528053,71885.54641928499,170945.08064925004,227322.05753070198,0.028573669544267637,0.03479231702375903,66357.72614919086,80799.52914628724,209841.55498115736,255510.545971428,0.011762066680474477,0.017258215984512326,27315.497525519262,40079.415363491775,86379.18760133421,126742.23983657938,0.021130921433853506,0.027093572182958714,49073.14741690303,62920.43941135283,155182.91779062207,198971.8999184991,0.0232772209733599,0.030953951673625985,54057.58096528053,71885.54641928499,170945.08064925004,227322.05753070198,0.01260555491650112,0.01782923639980613,29274.362531975843,41405.5179239263,92573.66265053744,130935.74433853356,0.02014694775312488,0.02572540996098408,46788.02768656373,59743.103930769634,147956.7347165601,188924.28290939052,0.0232772209733599,0.030330330058692657,54057.58096528053,70437.28608015177,170945.08064925004,222742.2562141531
2025-06-11,2341416.1868134835,3878.570544638671,2337537.616268845,0.008774359205962205,0.07885963652878829,0.01294199229515991,0.020233065615924015,30252.39381939785,47295.55196965815,95666.46914169777,149561.66741898257,0.023136444461097826,0.030766747652908526,54082.30923453113,71918.42996892487,171023.27830267584,227426.0444451152,0.028400861048546663,0.03458189924881388,66388.08103540244,80836.49033612174,209937.54555970122,255627.4275163349,0.011690931783135737,0.017153841349028743,27327.992812312787,40097.74941686259,86418.70116761877,126800.21720397424,0.021003125361300588,0.026929715054094288,49095.5955912503,62949.22193434679,155253.90515087201,199062.91824796618,0.023136444461097826,0.030766747652908526,54082.30923453113,71918.42996892487,171023.27830267584,227426.0444451152,0.012323742099867788,0.017565294865757055,28807.21073163696,41059.537489561124,91096.39894841835,129841.65814008522,0.020025102579224734,0.02556982723506658,46809.43054858008,59770.433003463724,148024.4165089781,189010.70502544416,0.023136444461097826,0.030146897591118157,54082.30923453113,70469.50713304331,171023.27830267584,222844.14812989914
2025-06-12,2348377.9052883936,6961.718474910129,2341416.1868134835,0.008436877606241672,0.23740363518263385,0.012444214148537702,0.01945485638251667,29137.084439559545,45551.91564615614,92139.55120565886,144047.80522571405,0.02224656474392476,0.029583389304751767,52088.46679241959,69267.02657895067,164718.19489009096,219041.57073690507,0.027308500023072436,0.03325180158516527,63940.56399161819,77856.30647221621,202197.8170892609,246203.25866031213,0.011241272239027341,0.01649406601000584,26320.496780835667,38619.47314219776,83232.71897457038,122125.49716504471,0.0201952978972453,0.025893937614039363,47285.597394130455,60628.48466985027,149530.18828717488,191724.1026413286,0.02224656474392476,0.029583389304751767,52088.46679241959,69267.02657895067,164718.19489009096,219041.57073690507,0.011849743246985109,0.016889694098600118,27745.1806480747,39545.80315279048,87737.96494074266,125054.80986348561,0.019254892072181395,0.024586354140643432,45083.71597315214,57566.88755963124,142567.22785927533,182042.4824952469,0.02224656474392476,0.028987380071166573,52088.46679241959,67871.520911944,164718.19489009096,214628.5943414915
2025-06-13,2318701.5918263085,-29676.31346208509,2348377.9052883936,0.00821073635199821,-1.6665257348063964,0.012110660631826422,0.018933390287024905,28440.407846227146,44462.75542225116,89936.4663782016,140603.57818131533,0.021650269966568065,0.02879043898896197,50843.015633017334,67610.8308052318,160779.7325118824,213804.21984080863,0.02657652562034358,0.032360523500158916,62411.72556614578,75994.73839133904,197363.2054903825,240316.46350527173,0.010939962261323603,0.016051960654309118,25691.1656591812,37696.06973713816,81242.59922771374,119205.43920590132,0.019653985078753693,0.025199879005792077,46154.98430981294,59178.83907314296,145954.87578834355,187139.9207556996,0.021650269966568065,0.02879043898896197,50843.015633017334,67610.8308052318,160779.7325118824,213804.21984080863,0.011532123871026194,0.016436984365745852,27081.784899766775,38600.25091408832,85640.12338601783,122064.71114251556,0.01873878580079206,0.02392734387379711,44005.75054651195,56190.445685462735,139158.4018721772,177689.79110604353,0.021650269966568065,0.028210405129432688,50843.015633017334,66248.69210519409,160779.7325118824,209496.75905962856
2025-06-16,2345215.9596387343,26514.36781242583,2318701.5918263085,0.00976435939355758,1.065526532894464,0.015028083967844327,0.02256408086730719,34845.642218340065,52319.37022512274,110191.59594127692,165448.3756569843,0.025746901113158843,0.03423812205565488,59699.38059567596,79387.98811159041,188786.01758359573,251046.86129099526,0.03160529536744552,0.0384837325269029,73283.24867863658,89232.29186954764,231741.98016101637,282177.28314469504,0.013233476946835035,0.01917001137713792,30684.48406202315,44449.535895498135,97032.8584631285,140561.77436718624,0.02337288223581375,0.02996816177477647,54194.73924575019,69487.22441128253,171378.81321548636,219737.8974229056,0.025746901113158843,0.03423812205565488,59699.38059567596,79387.98811159041,188786.01758359573,251046.86129099526,0.013714214806120327,0.0194096466782185,31799.17170159913,45005.17864957146,100557.81028382544,142318.87103542677,0.022284510342765816,0.028454839481008853,51671.129604840935,65978.28159977731,163398.45882505347,208641.64595927426,0.025746901113158843,0.03354833507162904,59699.38059567596,77788.57793370863,188786.01758359573,245989.08221603377
2025-06-17,2325947.851772695,-19268.1078660395,2345215.9596387343,0.010150717271585442,-0.9078958585443083,0.015622717819243914,0.023456900360339556,36638.64716262327,55011.4970887239,115861.57542115514,173961.62829608945,0.026765658993623223,0.03559286204953605,62771.25064209321,83472.94812779178,198500.1236063214,263964.6390929099,0.03285585921505099,0.04000646357749246,77054.08539878097,93823.79687064106,243666.41288127156,296696.89683620416,0.01375710147416278,0.019928533735740127,32263.37393557611,46736.71536925667,102025.74663813111,147794.47092184852,0.024297704522668755,0.031153947234428596,56983.36442914902,73062.73425992495,180197.22033553143,231044.65234097958,0.026765658993623223,0.03559286204953605,62771.25064209321,83472.94812779178,198500.1236063214,263964.6390929099,0.014256861253034896,0.02017765096827104,33435.41854497252,47320.94907880921,105732.07712314614,149641.98012988383,0.023166267740450455,0.02958074553980873,54329.90083016837,69373.23653797174,171806.23167440493,219377.4361176048,0.026765658993623223,0.034875781453640974,62771.25064209321,81791.23926995139,198500.1236063214,258646.60874085396
2025-06-18,2325498.5157473907,-449.336025304161,2325947.851772695,0.010241891464340352,-0.1131763318096515,0.01576304176362118,0.023667591279775666,36664.01312749795,55049.583093828376,115941.78964520697,174082.0668191964,0.027006069329859068,0.035912558715138924,62814.70894261016,83530.73879513815,198637.55081919505,264147.3892292256,0.033150971999798405,0.040365803407778844,77107.43210710786,93888.75372140213,243835.10998525724,296902.30843424075,0.013880668369781602,0.02010753270965809,32285.71077586271,46769.07251047843,102096.38192916817,147896.793186681,0.02451594758238365,0.03143377337028002,57022.815613417246,73113.31764371255,180321.97593421003,231204.6110455068,0.027006069329859068,0.035912558715138924,62814.70894261016,83530.73879513815,198637.55081919505,264147.3892292256,0.014384917013153727,0.020358887524220857,33458.5668246734,47353.71070144342,105805.27841091556,149745.58147725085,0.0233743481848041,0.02984644110826182,54367.51494703208,69421.26557882183,171925.17795587002,219529.31728052435,0.027006069329859068,0.03518903726952636,62814.70894261016,81847.86564300413,198637.55081919505,258825.677055335
2025-06-20,2324923.260249242,-575.2554981485009,2325498.5157473907,0.009605340065244905,-0.12631892957942814,0.014783341253850224,0.02219660924537166,34378.63814361586,51618.181854736606,108714.79938856898,163231.02333774237,0.0253275950679667,0.033680530620053904,58899.28473800749,78324.0239665199,186255.89232689748,247682.31124381864,0.031090581330621873,0.03785699839609751,72301.1007380847,88036.39358077612,228636.1556696288,278395.52070227923,0.013017960646122526,0.01885781451812532,30273.248160615876,43853.81967214003,95732.41635904908,138677.95426226102,0.022992238725669842,0.02948010958782657,53468.417030254896,68555.95109056111,169081.9806993416,216792.95260527745,0.0253275950679667,0.033680530620053904,58899.28473800749,78324.0239665199,186255.89232689748,247682.31124381864,0.013490869357749808,0.0190935471930241,31372.996667589134,44402.0156577303,99210.12649445413,140411.50218088712,0.021921591719674005,0.027991432791523364,50978.62900692219,65094.03541033043,161208.57965460178,205845.41398829734,0.0253275950679667,0.03300197729288742,58899.28473800749,76746.04921133877,186255.89232689748,242692.3169271997
2025-06-23,2346259.5154275065,21336.255178264342,2324923.260249242,0.009099777675395578,0.8977576866970727,0.014005242687481132,0.02102832465155019,32561.114489560492,48889.24110646157,102967.28494052208,154601.35497354905,0.023994515821972213,0.03190780738110487,55785.40795292166,74183.20356388317,176408.94933290363,234587.88738979108,0.029454176113050505,0.035864453160671196,68478.69915670874,83382.10136936391,216548.6605406513,263677.35641823476,0.01233278018915654,0.01786526228047837,28672.767525311087,41535.36382633758,90671.25220049264,131346.35313499317,0.02178207739049805,0.0279284690883747,50641.658381718036,64931.54740671429,160142.9849743857,205331.5818044167,0.023994515821972213,0.03190780738110487,55785.40795292166,74183.20356388317,176408.94933290363,234587.88738979108,0.012780798073722326,0.01808858752641806,29714.374726145747,42054.577885223654,93965.1033823626,132988.25215425395,0.020767782252875386,0.02651814651938048,48283.500023501394,61652.65566160516,152685.83347905788,194962.81568874756,0.023994515821972213,0.0312649686709527,55785.40795292166,72688.65289406177,176408.94933290363,229861.70319462518
2025-06-24,2374649.763148717,28390.247721210588,2346259.5154275065,0.00930941827789444,1.1882221465663667,0.014327895352181392,0.021512775020201748,33616.96080610513,50474.55309439952,106306.16415990226,159614.55165740233,0.024547301278169426,0.032642899182509975,57594.339201970804,76588.7128181048,182129.2922105522,242194.77556574444,0.03013274117768315,0.03669069813468025,70699.23071405334,86085.8996261718,223570.597878141,272227.51724334055,0.012616902676712633,0.018276842044499017,29602.527960459793,42882.21455887134,93611.41285387182,135605.46911806607,0.02228389270848848,0.028571884927246077,52283.795308056724,67037.05688425087,165335.87789148412,211989.78738850338,0.024547301278169426,0.032642899182509975,57594.339201970804,76588.7128181048,182129.2922105522,242194.77556574444,0.013075241993581609,0.018505312255599624,30677.91094395817,43418.26496565787,97012.07243871396,137300.6093441713,0.021246230247910468,0.027129071358622154,49849.169886123644,63651.84181987906,157636.91630882712,201284.79741557495,0.024547301278169426,0.031985250759493024,57594.339201970804,75045.69894779539,182129.2922105522,237315.33727433503
2025-06-25,2361570.9715429647,-13078.791605752427,2374649.763148717,0.009944630585941267,-0.6524960293367535,0.01530553490004915,0.022980662600838548,36345.28482526614,54571.02500208184,114933.88225539593,172568.7332565735,0.026222244592109072,0.034870231837687636,62268.646909879535,82804.5877743058,196910.75105202486,261851.09807813892,0.03218879747463825,0.039194225460476906,76437.12029919174,93072.55820651891,241715.397929737,294321.2715911959,0.013477795552125412,0.019523931247318608,32005.044015621443,46362.49871217697,101208.83570330538,146611.0939471025,0.023804396191852033,0.03052143885511935,56527.10377887965,72477.72754826721,178754.39747397072,229194.69868565575,0.026222244592109072,0.034870231837687636,62268.646909879535,82804.5877743058,196910.75105202486,261851.09807813892,0.013967408872014347,0.0197679907343311,33167.70416973016,46942.054515205375,104885.4899350113,148443.81031584018,0.022695930599769824,0.028980177358853897,53894.88622318313,68817.77130121022,170430.59470088859,217620.9008083937,0.026222244592109072,0.034167709894092076,62268.646909879535,81136.34420733983,196910.75105202486,256575.64871460287
2025-06-26,2386688.513839524,25117.542296559084,2361570.9715429647,0.009726344979622402,0.9884335424217148,0.014969576923850926,0.02247623482686724,35351.71831964578,53079.22371671269,111791.94909078108,167851.24337844015,0.025646663778888915,0.03410482686528678,60566.41669714646,80540.96911455989,191527.82647783536,254692.90735928417,0.03148225024669398,0.0383339084084857,74347.56830144384,90528.2453232666,235107.6543274986,286275.4478000086,0.013181956631965166,0.019095379061974116,31130.126130187204,45095.0928833674,98442.10241971492,142603.2048082908,0.02328188738562863,0.029851490310662355,54981.8294126329,70496.4129749563,173867.81086675776,222929.2318727086,0.025646663778888915,0.03410482686528678,60566.41669714646,80540.96911455989,191527.82647783536,254692.90735928417,0.013660822891973885,0.019334081419564858,32261.00278907514,45658.80544189256,102018.2484145221,144385.82043887128,0.02219775272085038,0.02834405965379317,52421.56845904912,66936.50849408009,165771.5548490384,211671.82546050043,0.025646663778888915,0.033417725346520974,60566.41669714646,78918.3301133395,191527.82647783536,249561.672295207
2025-06-27,2397039.9221939067,10351.408354382962,2386688.513839524,0.009991292053438343,0.33647572919678603,0.015377350410247551,0.023088490783267593,36700.94559742332,55105.03575431447,116058.58036978681,174257.42352864845,0.026345282688211385,0.03503384738634461,62877.983585809365,83614.8811525955,198837.64280983902,264413.4707264868,0.03233983139330951,0.039378129735411216,77185.10412591865,93983.32993598856,244080.73047516274,297201.3846848107,0.013541035077581169,0.019615540007989898,32318.232885161062,46816.18402982913,102199.2258688639,148045.7728918603,0.023916089436723683,0.03066464931575883,57080.25595458718,73186.96630283861,180503.61824188416,231437.50855496252,0.026345282688211385,0.03503384738634461,62877.983585809365,83614.8811525955,198837.64280983902,264413.4707264868,0.014032945725240572,0.019860744653057497,33492.27037776512,47401.41113975207,105911.85840392581,149896.42350769453,0.02280242278355131,0.0291161560251506,54422.28054521457,69491.19515238638,172098.36198354824,219750.45400879264,0.026345282688211385,0.03432802912072344,62877.983585809365,81930.31280517932,198837.64280983902,259086.39787442586
2025-06-30,2407113.523897716,10073.601703809109,2397039.9221939067,0.009493677918937578,0.33999198245766193,0.014611484807041906,0.021938573505642742,35024.31240500918,52587.636529011186,110756.60068111878,166296.7081967467,0.0250331615958687,0.03328899421298668,60005.4877240286,79795.048098211,189754.0133172036,252334.097993034,0.03072915310239274,0.037416910521545665,73659.00676164414,89689.8282853022,232930.23155253887,283624.14033094916,0.012866626761385848,0.018638592290754274,30841.81801101037,44677.449814433574,97530.39209519686,141282.5014614772,0.02272495378759584,0.02913740310501679,54472.62145887886,69843.51847178194,172257.5539302213,220864.59817087356,0.0250331615958687,0.03328899421298668,60005.4877240286,79795.048098211,189754.0133172036,252334.097993034,0.01333403790589015,0.018871584571637314,31962.221184465525,45235.94161327324,101073.41802099586,143048.60760033512,0.02166675306062968,0.027666032187017117,51936.072070646354,66316.58364098163,164236.28046589988,209711.450946564,0.0250331615958687,0.0326183290730557,60005.4877240286,78187.43698337268,189754.0133172036,247250.38527834238
2025-07-01,2419440.8917013034,12327.367803587578,2407113.523897716,0.009094365430505711,0.45547083791302456,0.013996912835272586,0.021015817703941397,33692.15817860216,50587.45901092638,106543.95913105298,159971.5915149361,0.023980244682580157,0.031888829679274616,57723.17128181498,76760.0331822528,182536.6950185565,242736.53812602154,0.029436657749433322,0.035843122177621846,70857.37696700945,86278.4641324717,224070.70024090348,272836.45967975404,0.012325445061976774,0.01785463661709045,29668.745496742613,42978.13726527778,93820.81108957037,135908.80334963807,0.02176912213584758,0.02791185816451509,52400.74829657984,67187.01126491914,165705.7157143807,212463.98477653507,0.023980244682580157,0.031888829679274616,57723.17128181498,76760.0331822528,182536.6950185565,242736.53812602154,0.012773196480416377,0.018077829036606884,30746.53399141297,43515.38675672725,97229.07756865295,137607.73541438553,0.020755430267213597,0.026502374408444593,49960.67689052583,63794.223853967706,157989.53241780045,201735.04894118282,0.023980244682580157,0.03124637330819139,57723.17128181498,75213.5677629041,182536.6950185565,237846.18507819224
2025-07-02,2427468.205483817,8027.313782513607,2419440.8917013034,0.008847037913235824,0.2652197831060923,0.013616257172439993,0.020444278100015086,32943.729394922484,49463.72243648993,104177.21950819573,156418.02444968154,0.023328085449900504,0.031021591043056906,56440.92386259148,75054.90589520677,178481.87264993743,237344.45219845237,0.028636107613909917,0.03486834383963511,69283.36974025269,84361.89691151441,219093.252350787,266775.74197270983,0.011990246113823709,0.017369067505094093,29009.691749347723,42023.432172544984,91736.70014733326,132889.76076284016,0.021177095900246367,0.02715277600150211,51236.73178853609,65694.53658124001,162024.77231492673,207744.36542596968,0.023328085449900504,0.031021591043056906,56440.92386259148,75054.90589520677,178481.87264993743,237344.45219845237,0.012425820624756903,0.017586190053390342,30063.53853248229,42548.747344403324,95069.25628688002,134550.9531953553,0.020190972078559882,0.02578162412473479,48850.863490067044,62377.11566185618,154479.99429457413,197253.75936322694,0.023328085449900504,0.03039660671446289,56440.92386259148,73542.79325393392,178481.87264993743,232562.73217329706
2025-07-03,2450500.831185902,23032.625702084973,2427468.205483817,0.008543148543065135,0.992334858838508,0.013148548561174249,0.01974203189554102,31917.68358051048,47923.15473807324,100932.57775097138,151546.32163300144,0.022526782543302537,0.029956021769338346,54683.04839571479,72717.29040784991,172922.98233167522,229952.26296472017,0.027652477975122908,0.03367064138235625,67125.51108745238,81734.41141391748,212269.50413923553,258466.90328124264,0.011578389809436205,0.016772452566134858,28106.17313310422,40714.59533227782,88879.52341164018,128750.85526205794,0.020449677932980487,0.026220097733543345,49640.94299469416,63648.45359285476,156978.44506181337,201274.08290094844,0.022526782543302537,0.029956021769338346,54683.04839571479,72717.29040784991,172922.98233167522,229952.26296472017,0.011999002650137168,0.01698211711152678,29127.197430724034,41223.54935003393,92108.28573849243,130360.30918246102,0.01949742675319082,0.02489604393461017,47329.383532120286,60434.355093594415,149668.65221316516,191110.21101915673,0.022526782543302537,0.029352505201575205,54683.04839571479,71252.27312812216,172922.98233167522,225319.47154927647
2025-07-07,2439507.555507165,-10993.275678737087,2450500.831185902,0.008953150758988903,-0.6100828944409273,0.013779572828057536,0.020689490175495664,33766.854668541666,50699.61287186468,106780.17017248167,160326.2531638829,0.02360788639088625,0.03139366917108688,57851.1452234091,76930.21239772363,182941.38415514326,243274.69205732996,0.02897957385651043,0.035286560561187195,71014.46982279205,86469.7459848809,224567.47146931684,273441.3460084233,0.01213405912207522,0.017577394992680136,29734.521964304204,43073.42103964558,94028.81454350518,136210.11710069788,0.02143109751443625,0.027478450917770382,52516.92227235215,67335.96681369733,166073.09008265843,212935.02358079446,0.02360788639088625,0.03139366917108688,57851.1452234091,76930.21239772363,182941.38415514326,243274.69205732996,0.01257485798621521,0.017797121744971306,30814.69994726505,43611.86162876888,97444.63724802801,137912.81574701038,0.020433145959443965,0.026090853217097892,50071.44115736029,63935.65749484775,158339.799784356,202182.30138413407,0.02360788639088625,0.03076118867639653,57851.1452234091,75380.31841977606,182941.38415514326,238373.49695523683
2025-07-08,2440301.944917928,794.3894107630476,2439507.555507165,0.008859217381302223,-0.07228119865020223,0.013635002290415298,0.020472423162204455,33262.691106825616,49942.630983737654,105185.86500419608,157932.46624990672,0.02336020056849429,0.03106429759424197,56987.38578500459,75781.58868767633,180209.93697931708,239642.42495910762,0.028675530137205293,0.03491634610711581,69954.17242788573,85178.69013901221,221214.51670426986,269358.6689490029,0.012006752748144006,0.01739297901141927,29290.56404620372,42430.30371113485,92624.89633704117,134176.40153988122,0.021206249812073762,0.02719015646391989,51732.80664052634,66330.59212915455,163593.49873714685,209755.74967576598,0.02336020056849429,0.03106429759424197,56987.38578500459,75781.58868767633,180209.93697931708,239642.42495910762,0.012442926902245736,0.017610400466216137,30354.614190651835,42960.704992841165,95989.71833812837,135853.67766394577,0.020218768421479634,0.02581711696095937,49323.83832724924,62981.051887672555,155975.67205601718,199163.57339829247,0.02336020056849429,0.03043845286731501,56987.38578500459,74254.83574776369,180209.93697931708,234814.4082446255
2025-07-09,2452931.602519608,12629.65760168014,2440301.944917928,0.00850246849732241,0.49352316117459566,0.013085938909214818,0.01964802594954622,31933.64217123411,47947.11593847556,100983.0432459045,151622.0936017445,0.022419516406037274,0.0298133797059698,54710.389489772155,72753.64848105478,173009.4424626174,230067.2372873827,0.02752080473272788,0.03351031135593607,67159.07331498236,81775.27797669613,212375.6372215791,258596.13469976545,0.01152325680727656,0.01669258691307163,28120.225998585745,40734.95230968025,88923.96247421377,128815.22967692619,0.020352302377639953,0.026095245078833852,49665.763075712544,63680.277318988235,157056.93304954137,201374.71835916364,0.022419516406037274,0.0298133797059698,54710.389489772155,72753.64848105478,173009.4424626174,230067.2372873827,0.011941866809151366,0.01690125309547664,29141.76080032293,41244.160800441794,92154.33915683179,130425.48831162948,0.019404585547376948,0.024777496047848336,47353.04785159028,60464.57179576057,149743.48536196823,191205.76462138072,0.022419516406037274,0.029212736912607208,54710.389489772155,71287.89870421111,173009.4424626174,225432.12951267316
2025-07-10,2467254.6088346173,14323.006315009205,2452931.602519608,0.00839830905767497,0.5782377563872364,0.012925629692606291,0.019407327924763466,31705.68555545978,47604.847987113586,100262.18113235374,150539.74730536094,0.02214486625393676,0.02944815107558463,54319.84226785148,72234.30040907333,171774.42370749684,228424.91448150424,0.027183661278387502,0.03309979348640857,66679.66182194528,81191.52947968425,210859.60496711996,256750.1598685079,0.011382091218443455,0.016488094476589304,27919.49125248086,40444.168006954904,88289.18347098671,127895.68897249018,0.02010297661867268,0.025775565434536442,49311.226652654994,63225.69902718649,155935.79043919046,199937.2155822015,0.02214486625393676,0.02944815107558463,54319.84226785148,72234.30040907333,171774.42370749684,228424.91448150424,0.011795573040985417,0.016694204395170505,28933.733882061446,40949.74153983547,91496.50028049984,129494.45286109082,0.019166869787789937,0.024473959480200563,47015.02062384823,60032.948647768324,148674.5494111509,189840.8523828733,0.02214486625393676,0.02885486645318199,54319.84226785148,70779.01380949297,171774.42370749684,223822.89417850887
2025-07-11,2463427.7872093986,-3826.821625218727,2467254.6088346173,0.008379363165186768,-0.3005223109437996,0.012896470538207866,0.019363546593804962,31818.876373093215,47774.799576949146,100620.12192629215,151077.18142120802,0.022094909262317206,0.029381718475828794,54513.7667092348,72492.18032496981,172387.66663624393,229240.40237854977,0.027122337180824626,0.03302512308258458,66917.71141175606,81481.3871328373,211612.3838669908,257666.77024970268,0.011356414159521875,0.016450898695492946,28019.165174915055,40588.55562592637,88604.38008920173,128352.28271436856,0.020057625961642248,0.0257174178850486,49487.27009614271,63451.417804211975,156492.4886877508,200651.0010282697,0.022094909262317206,0.029381718475828794,54513.7667092348,72492.18032496981,172387.66663624393,229240.40237854977,0.011768963201178794,0.01665654364709909,29037.028699313392,41095.93408056019,91823.14717350683,129956.75426670784,0.019123630910553933,0.024418748246380975,47182.866501716344,60247.26915285569,149205.32468108457,190518.59332822709,0.022094909262317206,0.028789772254596398,54513.7667092348,71031.69828245195,172387.66663624393,224621.95264241844
2025-07-14,2474258.635387443,10830.848178044427,2463427.7872093986,0.00819033281238634,0.4176977285813218,0.01260553859891133,0.01892672365488501,31052.834057298798,46624.61697227716,98197.6834243118,147439.98466533952,0.021596469415444165,0.02871889523975713,53201.342863623075,70746.92455157344,168237.4180285937,223721.41903505853,0.026510483408050577,0.032280108151913615,65306.66147974551,79519.71539554863,206517.7966575781,251463.419538291,0.01110022440705465,0.016079782284497315,27344.601248598392,39611.38249190811,86471.22165465508,125262.18994254588,0.019605145261483485,0.02513725773682588,48295.859609415085,61923.81920314131,152724.91792148168,195820.31009839947,0.021596469415444165,0.02871889523975713,53201.342863623075,70746.92455157344,168237.4180285937,223721.41903505853,0.011503466740152153,0.01628078808429831,28337.959616929933,40106.54576452813,89612.49663137122,126828.03369768804,0.018692220238097825,0.023867884832901587,46046.934739168064,58796.81071928352,145613.19304490247,185931.84102673898,0.021596469415444165,0.02814030275446297,53201.342863623075,69321.60374582926,168237.4180285937,219214.1588924805
2025-07-15,2448839.3389581707,-25419.296429272275,2474258.635387443,0.008101340945643467,-1.3939141502602057,0.01246857341850743,0.018721075788313887,30850.47545170434,46320.78343297842,97557.76932649763,146479.17865160524,0.021361813489688717,0.028406850765286703,52854.65149439828,70285.89581017302,167141.08365672093,222263.51814543246,0.026222434379912122,0.031929369403085696,64881.08470537814,79001.51796806039,205172.00473130963,249824.7353897882,0.010979615182267753,0.015905067791802667,27166.40767795706,39353.25133029044,85907.72410703036,124445.90753676902,0.0193921260210509,0.024864129459619144,47981.13526610672,61520.287026853985,151729.67216152648,194544.22931216692,0.021361813489688717,0.028406850765286703,52854.65149439828,70285.89581017302,167141.08365672093,222263.51814543246,0.011378476095367546,0.0161038895678576,28153.292736512743,39845.18782659743,89028.52868085496,126001.54732926212,0.018489120362834933,0.02360854889684883,45746.86571846215,58413.65597699491,144664.29148421553,184720.19934481214,0.021361813489688717,0.027834544962906313,52854.65149439828,68869.863236551,167141.08365672093,217785.6299717968
2025-07-16,2457990.1659473595,9150.82698918879,2448839.3389581707,0.009164176264261501,0.3015983237781578,0.014104356962353718,0.021177140862460028,34539.30418012035,51859.41563065068,109222.87000655492,163993.8715181935,0.02416432359251084,0.032133617048378915,59174.54621265558,78690.06553108722,187126.34553888213,248839.83630614297,0.029662621576835572,0.03611826377631295,72638.9946139844,88447.82519030305,229704.6699248941,279696.58168977336,0.012420058545761089,0.01799169368590635,30414.727959023363,44058.767272532794,96179.81476491819,139326.05548048817,0.021936227864999113,0.028126117213706364,53718.297744160234,68876.34228507272,169872.17289863137,217806.1185221962,0.02416432359251084,0.032133617048378915,59174.54621265558,78690.06553108722,187126.34553888213,248839.83630614297,0.012871247026420752,0.01821659939141436,31519.616059747514,44609.52521173695,99673.77772282404,141067.70500779388,0.02091475462062632,0.02670581387523307,51216.8738796469,65398.24759656569,161961.97609326878,206807.4173887801,0.02416432359251084,0.03148622900666295,59174.54621265558,77104.71622696209,187126.34553888213,243826.52161814456
2025-07-17,2476848.5814174525,18858.415470093023,2457990.1659473595,0.008810719666543398,0.7578349747368981,0.013560360657485946,0.020360351666923383,33331.23314279992,50045.5441725276,105402.61395334009,158257.90632775388,0.023232320610805157,0.03089424335817723,57104.81559349523,75937.74635878416,180581.2826393449,240136.23887391586,0.028518552650222368,0.03472520473186327,70098.32196129858,85354.21174142862,221670.35755350502,269913.71699120133,0.011941024586739117,0.01729776521333793,29350.921005540382,42517.736787250964,92815.76180118718,134452.88920324302,0.02109016115432608,0.027041310307913142,51839.40871557852,66467.27481118147,163930.60409761194,210187.97826767163,0.023232320610805157,0.03089424335817723,57104.81559349523,75937.74635878416,180581.2826393449,240136.23887391586,0.012374811007387614,0.017513996445201623,30417.163761615895,43049.2310287426,96187.51744904114,136133.62156962015,0.020108085499786217,0.025675787188770872,49425.47641450322,63110.832412956006,156297.07990876265,199573.97545412125,0.023232320610805157,0.030271824671919943,57104.81559349523,74407.84734886188,180581.2826393449,235298.2734125249
2025-07-18,2483969.2879371694,7120.706519716885,2476848.5814174525,0.008891724753720498,0.21422663062629183,0.013115103969659503,0.020464634164380973,32484.12666239354,50687.80009927415,102723.82805456712,160288.8978970152,0.02344591680131282,0.03117828268427254,58071.98576936327,77223.88523757276,183639.7432800735,244203.36711818306,0.028780750056453346,0.0350444656257524,71285.55994945674,86799.83497167751,225424.73372076082,274485.17903723783,0.012050809459512417,0.017456799552427862,29848.030314725347,43237.84920751977,94387.75946428454,136730.08462266886,0.02128406249355181,0.02728992606028957,52717.399993954205,67593.01464941539,166707.05630304205,213747.8802092803,0.02344591680131282,0.03117828268427254,58071.98576936327,77223.88523757276,183639.7432800735,244203.36711818306,0.012488584079553335,0.017675018797808095,30932.33176135426,43778.34523587779,97816.6217058474,138439.28313855513,0.02029295771006206,0.02591184842534214,50262.583516931576,64179.72501421273,158944.24499794014,202954.11064819465,0.02344591680131282,0.030550141527905077,58071.98576936327,75668.0747054941,183639.7432800735,239283.46222913603
2025-07-21,2480644.013713763,-3325.274223406333,2483969.2879371694,0.00855949918834608,-0.2693530976570135,0.01262507836136104,0.01970000470904417,31360.30690742095,48934.206669483334,99169.9979493614,154743.54856896968,0.02256989632375828,0.0300133542953397,56062.92930014159,74552.25029760094,177286.54888943705,235754.91563138488,0.027705401772038202,0.03373508328113041,68819.36711170293,83796.91079633062,217625.94720426467,264989.0990023588,0.011600549572168212,0.01680455319285555,28815.40886045851,41741.99402855969,91122.32370804592,131999.77520739622,0.020488816364005798,0.026270280112453394,50893.59059437491,65254.56898484084,160939.66458234732,206353.0657246786,0.02256989632375828,0.0300133542953397,56062.92930014159,74552.25029760094,177286.54888943705,235754.91563138488,0.012021967419515639,0.017014619013092737,29862.19785065811,42263.79107447419,94432.56114666435,133649.84234883348,0.01953474268034878,0.024943692220393998,48523.7008657418,61959.36540321599,153445.41523642835,195932.7170527995,0.02256989632375828,0.0294086826633434,56062.92930014159,73050.26453443528,177286.54888943705,231005.21960663516
2025-07-22,2487340.0989624155,6696.08524865238,2480644.013713763,0.008318566631038114,0.20793964010639243,0.012269707988762882,0.01914548949628601,30436.77767234058,47493.143908581624,96249.54208075434,150186.50799326962,0.02193459947755232,0.0291685391905481,54411.9328871992,72356.76213180843,172065.63981577117,228812.17245153515,0.026925550853976295,0.03278550904704599,66792.7065418618,81329.17675411305,211217.08375951194,257185.4387694172,0.011274017608895674,0.016331539072977498,27966.824292010606,40512.73463611405,88438.8636844795,128112.51569211321,0.019912097701596874,0.025530824960999253,49394.825963949865,63332.88810467671,156200.1546737037,200276.17720736287,0.02193459947755232,0.0291685391905481,54411.9328871992,72356.76213180843,172065.63981577117,228812.17245153515,0.011683573397795237,0.016535691966049308,28982.786408026124,41019.165288194985,91651.61798753277,129713.99002961325,0.01898487925881384,0.024241577829923026,47094.72708445514,60134.724926774834,148926.60337089922,190162.69723631066,0.02193459947755232,0.02858088783969474,54411.9328871992,70899.00832616324,172065.63981577117,224202.35015791794
2025-07-23,2515434.533166315,28094.434203899466,2487340.0989624155,0.008109120643155224,1.2659476324572696,0.011960779633106934,0.018663441790364027,29750.526796279846,46422.32714982334,94079.42626611651,146800.28807891437,0.02138232718592338,0.028434129793252366,53185.11981868141,70725.3512138585,168186.11625599474,223653.19815114734,0.026247615718269116,0.031960031096916856,65286.74707820696,79495.46691144705,206454.8217904771,251386.7390987236,0.010990158879352799,0.01592034138874846,27336.26287458206,39599.30352540504,86444.8534007811,125223.99289661531,0.019410748231320274,0.024888006421147725,48281.132426626704,61904.93635455481,152678.34648035277,195760.59728815404,0.02138232718592338,0.028434129793252366,53185.11981868141,70725.3512138585,168186.11625599474,223653.19815114734,0.011389402817592998,0.016119354092859237,28329.31833143458,40094.31580454271,89585.17048729413,126789.3591684414,0.018506875419022104,0.023631220127493403,46032.89333623554,58778.881410522066,145568.79023009152,185875.14357418037,0.02138232718592338,0.027861274407036826,53185.11981868141,69300.46504081799,168186.11625599474,219147.3124378585
2025-07-24,2519322.90496173,3888.371795414947,2515434.533166315,0.0089644521005258,0.06455215302798838,0.013222375251801916,0.0206320188492807,33260.01931886619,51898.49270241901,105177.41606881926,164117.4440692713,0.023637686044019515,0.03143329662592926,59459.05175927014,79068.39982412267,188026.03107313535,250036.23438908454,0.02901615405833685,0.03533110191688413,72988.23593801443,88873.07385654892,230809.0679618819,281041.3360470591,0.012149375645839754,0.017599582505153526,30560.959055955118,44270.597602772905,96642.2380959674,139995.92180155258,0.021458149460621564,0.027513136289109046,53976.57017109162,69207.49313733622,170688.90202455394,218853.30946445477,0.023637686044019515,0.03143329662592926,59459.05175927014,79068.39982412267,188026.03107313535,250036.23438908454,0.012590730919521679,0.017819586613108566,31671.1593527697,44824.00353336146,100152.99969289645,141745.94501285744,0.02045893821597769,0.02612378705805879,51463.11970038632,65712.67610292434,162740.67375110288,207801.72763015816,0.023637686044019515,0.030800017766699057,59459.05175927014,77475.42831249085,188026.03107313535,244998.8161645666
2025-07-25,2536502.978784868,17180.073823137674,2519322.90496173,0.008584085594978209,0.6791915597881194,0.012469728816442704,0.0194036232077936,31415.27342592543,48883.99238664141,99343.81734288533,154584.75706411726,0.022634726360709092,0.030099565008941273,57024.18456807547,75830.52355641036,180326.30494894352,239797.17060130855,0.027784983095534472,0.03383198433305736,69999.34432655446,85233.6930505778,221357.36279029737,269532.60342749103,0.011633871127864579,0.016852822790057374,29309.478005802186,42457.70246825259,92684.70752894472,134263.04401743104,0.020547668682284224,0.026345739175533168,51766.212354843454,66373.42415306828,163699.13688125383,209891.19642812817,0.022634726360709092,0.030099565008941273,57024.18456807547,75830.52355641036,180326.30494894352,239797.17060130855,0.012056499460817409,0.017063492005839346,30374.215245296044,42988.44624894243,96051.7023153455,135941.40321837983,0.019590854506102207,0.02501534077673387,49355.688484996004,63021.72099424879,156076.3910983326,199292.1804054775,0.022634726360709092,0.029493156511002695,57024.18456807547,74302.78473779027,180326.30494894352,234966.03626461417
2025-07-28,2532149.862661081,-4353.116123786662,2536502.978784868,0.008621344064963477,-0.31127390012392625,0.012523852579735983,0.019487842931012102,31766.789374362877,49430.97164460383,100455.40837382198,156314.45735214732,0.02273297040352579,0.030230209528622126,57662.24714517141,76679.01651864072,182344.03598228347,242480.3409405797,0.027905581375601923,0.033978829091170296,70782.59028393781,86187.40120537538,223834.20398374792,272548.49341972783,0.01168436692423497,0.016925970987980484,29637.431508537386,42932.775829838756,93721.7875642182,135765.35789571606,0.020636854034456618,0.026460090543707498,52345.44173114773,67116.09848303138,165530.82099805409,212239.738870551,0.02273297040352579,0.030230209528622126,57662.24714517141,76679.01651864072,182344.03598228347,242480.3409405797,0.012108829638367251,0.01713755459500031,30714.08244731703,43469.458279306586,97126.45677572039,137462.4968162726,0.01967588689033523,0.025123917667445025,49907.945707569444,63726.892002220084,157822.78177594324,201522.12693058353,0.02273297040352579,0.029621168967830812,57662.24714517141,75134.18332199275,182344.03598228347,237595.14943413332
2025-07-29,2515983.051446894,-16166.811214186717,2532149.862661081,0.008385241461447847,-0.8790473735522903,0.012180876568357632,0.018954152311748428,30843.804929658356,47994.75417305099,97536.67528364995,151772.73892671225,0.022110409297337187,0.029402330357955836,55986.869865632645,74451.1067778136,177046.02783884437,235435.0717382906,0.027141364060325943,0.033048290888265164,68726.00127778873,83683.22523390409,217330.69851345482,264629.59368801373,0.011364380918519807,0.016462439340573818,28776.315582058138,41685.36351530037,90998.69990709769,131820.6938004324,0.020071696800364965,0.025735459184657906,50824.544296419,65166.03943995137,160721.32101680402,206073.11072260974,0.022110409297337187,0.029402330357955836,55986.869865632645,74451.1067778136,177046.02783884437,235435.0717382906,0.011777219371846953,0.016668228556359257,29821.684414951684,42206.4526497886,94304.44641399324,133468.522329381,0.019137046532465014,0.02443587850242636,48457.86974892,61875.30639392176,153237.23896635883,195666.89912557247,0.022110409297337187,0.028809968874227904,55986.869865632645,72951.1587281462,177046.02783884437,230691.8195294142
2025-07-30,2506922.9909785003,-9060.060468393844,2515983.051446894,0.008672363725420842,-0.5273577701565286,0.012597966627548194,0.019603168699464768,31696.270517604844,49321.24020250761,100232.40816847543,155967.45606418836,0.02286750028917189,0.030409106811236472,57534.243156513425,76508.79734670927,181939.25182853788,241942.0606558485,0.02807072190078227,0.03417991007226876,70625.46054424734,85996.07444180718,223337.31611817668,271943.4650695038,0.011753513037490834,0.01702613603025358,29571.63959728704,42837.46968374732,93513.73527305147,135463.97339905435,0.020758979456874806,0.02661667689788136,52229.24047883126,66967.1079609076,165163.36037377015,211768.58947086215,0.02286750028917189,0.030409106811236472,57534.243156513425,76508.79734670927,181939.25182853788,241942.0606558485,0.012180487650393035,0.01723897175338282,30645.90048674708,43372.96075588292,96910.84648498356,137157.3448536884,0.019792325471231453,0.025272596775840785,49797.155434339,63585.42515406684,157472.43216994265,201074.7694770141,0.02286750028917189,0.029796462051101973,57534.243156513425,74967.39351365312,181939.25182853788,237067.71374927714
2025-07-31,2475695.136081008,-31227.854897492565,2506922.9909785003,0.008560138678490902,-1.5771728657324966,0.012434942169538646,0.019349493162214834,31173.442416304504,48507.68927213765,98579.08054362512,153394.78213167025,0.022571582546976617,0.03001559662796485,56585.219229784736,75246.78927458182,178938.17466607847,237951.24072240773,0.02770747167484463,0.03373760366845896,69460.49776355358,84577.57429698035,219653.38034186116,267457.7737505723,0.011601416262725999,0.016805808680579598,29083.857156939677,42130.86816333105,91971.23175891858,133229.50319640097,0.020490347107318643,0.02627224279565062,51367.722256466914,65862.48948898581,162439.0005453594,208275.47915409453,0.022571582546976617,0.03001559662796485,56585.219229784736,75246.78927458182,178938.17466607847,237951.24072240773,0.012022865594691194,0.017015890195078664,30140.398176775754,42657.52634200834,95312.30782299773,134894.94258937717,0.01953620214370649,0.024945555792666094,48975.75431046126,62536.58733937154,154874.93374586687,197758.05308646333,0.022571582546976617,0.02941087982024728,56585.219229784736,73730.81080628354,178938.17466607847,233157.29587881177
2025-08-01,2451819.325676037,-23875.810404970776,2475695.136081008,0.009945141859750688,-1.0715609597385733,0.014472092886669905,0.022482119287596105,35828.48996844124,55658.87336909469,113299.63342476862,176008.8118452289,0.02622359273136556,0.03487202458766592,64921.62097561098,86332.50165698183,205300.19167309348,273007.34133632324,0.032190452366588566,0.0391962405158161,79693.74635221068,97037.94199766725,252013.75374472112,306860.9161679381,0.013735325147484625,0.019564679189118153,34004.477660118835,48436.18110748513,107531.60005028853,153168.65346006994,0.023805620024574304,0.030523008024750903,58935.457706231246,75565.66250543739,186370.28129621345,238959.606416768,0.02622359273136556,0.03487202458766592,64921.62097561098,86332.50165698183,205300.19167309348,273007.34133632324,0.014201134175832577,0.019782269308282842,35157.67880594248,48974.867907160435,111178.34227140721,154872.13069251075,0.022697097444007608,0.02898166728907784,56191.09374528631,71749.77274308806,177691.84045114604,226892.70346762548,0.02622359273136556,0.03416946652597959,64921.62097561098,84593.18208085047,205300.19167309348,267507.12989682955
2025-08-04,2489169.578254078,37350.25257804105,2451819.325676037,0.01032488410085455,1.370754782566967,0.01502469083486901,0.023340569622788212,36837.827351239466,57226.85967343919,116491.43848196427,180967.21990690747,0.027224906338957813,0.03620356726000757,66750.55150157682,88764.60586649881,211083.77781735527,280698.3301452803,0.03341960270916014,0.040692897720532445,81938.82777873408,99771.6330489598,259113.32458507502,315505.6063092428,0.014259790582704348,0.020311730887980505,34962.43013076768,49800.694329081496,110560.91174772447,157483.62313772851,0.024714606505258398,0.03168848918490005,60595.74985607124,77694.45018501402,191620.58607100538,245691.42413913488,0.027224906338957813,0.03620356726000757,66750.55150157682,88764.60586649881,211083.77781735527,280698.3301452803,0.014743385919869791,0.020537629401400283,36148.11852423673,50354.556669925594,114310.38766631257,159235.0896449884,0.02356375643907158,0.03008829436815671,57774.073422838854,73771.06160847608,182697.661721971,233284.58009138913,0.027224906338957813,0.035474182937156463,66750.55150157682,86976.28728788733,211083.77781735527,275043.1702548731
2025-08-05,2470914.655078469,-18254.923175609205,2489169.578254078,0.011266550547497464,-0.7390639494402853,0.01636642930334085,0.024443045091156072,40738.81792652213,60842.884240798376,128827.45383070805,192402.09361488745,0.027407910641562762,0.0387387941367286,68222.93737248424,96427.42786339228,215739.87076407336,304930.30095990334,0.03646759029177602,0.04440423588431153,90774.01634652264,110529.67310884633,287052.64401636785,349525.51605781843,0.01556033460786933,0.022164233566327147,38732.31153336244,55170.535918619426,122482.32348863411,174464.55323496737,0.026968667225035225,0.034578593007736906,67129.5860226155,86071.98177368789,212282.3902156685,272183.50512935314,0.029707915403463504,0.03950546239069552,73948.03925564708,98335.79515777991,233844.2325513871,310965.0882223413,0.016088035573564197,0.02241073483405933,40045.8487235854,55784.11937525944,126636.09280107652,176404.874492549,0.025712855506798946,0.032832454686708194,64003.657697566785,81725.54738555956,202397.33690607938,258438.87276238733,0.029707915403463504,0.03870955560262087,73948.03925564708,96354.64819377857,233844.2325513871,304700.15143656946
2025-08-06,2474265.318992446,3350.663913977798,2470914.655078469,0.010963924122738024,0.03549699461148825,0.015926817022255554,0.02378648998007876,39353.80558904447,58774.386684653764,124447.66025684483,185860.93000297848,0.026671717432060437,0.037698246480223914,65903.53747899,93149.14969874558,208405.2842958796,294563.4751560233,0.035488048556879745,0.043211511004305654,87687.93925933047,106771.95580862336,277293.61138598254,337642.5705860951,0.01514237452234111,0.021568888723783427,37415.515119939475,53294.8832413532,118318.24760747683,168533.21867541337,0.026244272361813106,0.033649790892925684,64847.357190674826,83145.76145765607,205065.34896503034,262929.9839952349,0.02890994266214358,0.0384443215569183,71434.00100136882,94992.63753953853,225894.14554307426,300393.09557175485,0.01565590111799103,0.02180876881700101,38684.39551090342,53887.60647914612,122330.79972124784,170407.5741289486,0.025022192512870692,0.03195055491303507,61827.70218224693,78947.09437250772,195516.36139046325,249652.63286938597,0.02890994266214358,0.03766979331098939,71434.00100136882,93078.84434590055,225894.14554307426,294341.1501093312
2025-08-07,2454273.17631614,-19992.14267630689,2474265.318992446,0.01017592239724797,-0.8921834206568097,0.014782121094538065,0.022076901794514672,36574.889565362195,54624.11246096975,115659.95619567044,172736.61054184983,0.024754761502507897,0.03498878926930085,61249.84786558463,86571.54784256616,193689.02559405018,273763.27174874506,0.03293744320937461,0.04010580315269733,81495.97342923886,99232.39783105691,257712.8961689579,313800.3948260924,0.014054058229922112,0.020018684495719155,34773.468869396645,49531.53677960969,109963.36377225361,156632.47223196816,0.02435803786458137,0.031231305231298988,60268.248327038506,77274.53540067044,190584.93530207418,244363.53699743075,0.026832120484011013,0.035681242263135224,66389.78514861526,88284.86027024302,209942.9344388445,279181.24136367644,0.014530676521672158,0.020241323870627305,35952.74897907121,50082.40566358709,113692.57491815841,158374.47259745176,0.023223791625108767,0.029654197138210475,57461.82219351384,73372.35154163922,181710.23663511642,232023.74815414665,0.026832120484011013,0.034962381092917556,66389.78514861526,86506.20700760312,209942.9344388445,273556.64588604466
2025-08-08,2462582.8573455303,8309.681029390544,2454273.17631614,0.010240119350795225,0.2357536263243857,0.014875377224468123,0.022216178587678218,36508.23930959615,54524.57118798764,115449.18958081698,172421.8333980338,0.02491093213866366,0.03520952342898779,61138.232544953884,86413.78890263941,193336.06695908704,273264.39417732286,0.03314523601961159,0.04035881907414986,81347.46368560028,99051.5670814822,257243.26712433225,313228.55778644077,0.01414272122165058,0.02014497659077252,34710.10133441405,49441.27568424956,109762.97803199821,156347.0415865285,0.024511705685959184,0.03142833451010875,60158.42177080544,77133.71836445076,190237.63323680512,243918.23442962213,0.027001396577621187,0.0359063449086403,66268.8033435301,88123.9791688315,209560.35637933685,278672.4906507395,0.014622346360459868,0.020369020533153846,35887.23244728059,49991.14072235217,113485.39345330522,158085.867512628,0.023370303814760632,0.029841276897847567,57357.10977492579,73238.64543740981,181379.1068930732,231600.93232771385,0.027001396577621187,0.03518294865105169,66268.8033435301,86348.5671379843,209560.35637933685,273058.14484799723
2025-08-11,2454809.2829084736,-7773.574437056668,2462582.8573455303,0.009643027067435427,-0.42804039205048533,0.01400800716279924,0.020920772904792724,34495.87830468281,51519.136717761416,109085.54533078552,162917.81511373742,0.0234583977646243,0.03315648732461934,57768.24819595651,81650.59729540194,182679.24073713558,258201.85976665426,0.031212566684472212,0.03800553210461686,76863.53165093549,93591.77184512466,243063.82902139847,295963.16928141366,0.013318071682141,0.018970340860586427,32796.85501733938,46716.03620128159,103712.76194511355,147729.07765093006,0.0230824498525361,0.029595776180270622,56842.44531239326,72882.05107136961,179751.59496072403,230473.28193024304,0.025426969074959,0.033812677761397576,62616.018158248975,83266.52061616612,198009.23539052834,263311.8579844519,0.013769730304205917,0.019181320999261307,33909.101797408744,47235.59227402273,107229.99509032111,149372.05821296418,0.02200760211280401,0.028101258490745303,54195.54369427243,69201.67742914491,171381.35710507698,218834.91858036333,0.025426969074959,0.03313146209843104,62616.018158248975,81588.97060238945,198009.23539052834,258006.97905207082
2025-08-12,2495857.1270831004,41047.84417462675,2454809.2829084736,0.009271595350647834,1.6844132506298433,0.013468444418355428,0.020114943102365647,33062.462384515726,49378.34905286296,104552.68618871145,156148.050105865,0.022554823306742175,0.03187936024372391,55367.78962775109,78257.74945947679,175088.32423273977,247472.73285075754,0.030010315861376268,0.03654162871221478,73669.60195952187,89702.72937533965,232963.73651009268,283664.93715976644,0.012805083987031953,0.018239638123300907,31434.039039788688,44774.83298197036,99403.15942438447,141590.4540766552,0.02219335621871815,0.028455801162112472,54480.45686460381,69853.56484535143,172282.33165870365,220896.3675935781,0.024447568860672474,0.03251027542836734,60014.118983722925,79806.5259114674,189781.30775691406,252370.39402548227,0.013239345547342057,0.018442491693983386,32500.068349248246,45272.79981035284,102774.24009477315,143165.16345355404,0.021159909642589774,0.02701884955295878,51943.5426161339,66326.12269611067,164259.9044050044,209741.6160874977,0.024447568860672474,0.03185529894335072,60014.118983722925,78198.68355596185,189781.30775691406,247285.95006359456
2025-08-13,2518108.548896814,22251.42181371385,2495857.1270831004,0.010897991903724844,0.7258125005059277,0.0158310401474488,0.02364344848787535,39512.01438114879,59010.66941728584,124947.96038575855,186608.1216098644,0.026511325450548885,0.03747154580120405,66168.48057417202,93523.62465075596,209243.10792698956,295747.6689310583,0.035274639036382414,0.04295165597653163,88040.4592442388,107201.19668904792,278408.37745902105,338999.9494330927,0.015051314939822102,0.021439182910491805,37565.931664527336,53509.13746598918,118793.90648614675,169210.75002357643,0.026086450847013304,0.03344743584576707,65108.054266821135,83480.02113831251,205889.745504999,263987.0059160698,0.028736090978209915,0.03821313431042439,71721.1774724736,95374.52361685647,226802.2772821749,301600.72538278677,0.015561753412315159,0.021677620470300196,38839.913164036545,54104.24354900126,122822.58972151253,171092.64069531584,0.024871720048953588,0.03175841832393281,62076.25974699645,79264.47471867423,196302.3694247365,250656.27764784484,0.028736090978209915,0.0374432637368189,71721.1774724736,93453.03665879167,226802.2772821749,295524.4501009935
2025-08-14,2484366.4103495013,-33742.138547312934,2518108.548896814,0.010627478145936257,-1.3602775067212602,0.015438076544812556,0.023056562559344792,38874.75252601589,58058.92728886033,122932.76145759432,183598.44873890333,0.02585325207933148,0.036541414015974306,65101.29507774894,92015.24702240276,205868.37107239515,290977.7600538193,0.03439903963745954,0.041885494984295724,86620.51578492725,105472.2229947297,273918.12197893794,333532.4545445314,0.014677705948367524,0.020907012031281317,36960.05682677789,52646.12572785803,116877.96202187352,166481.6672836212,0.025438923861460957,0.03261719192202745,64057.97165027999,82133.62981986544,202569.0927053798,259729.34272789993,0.028022793700753383,0.037264594556448274,70564.43638183888,93836.29412376609,223144.34077266193,296736.4166205749,0.01517547413898354,0.021139531010779544,38213.491162936974,53231.63375791328,120841.66942159738,168333.20624691414,0.024254345535139853,0.030970099782487333,61075.07483993294,77986.07302246871,193136.3447594318,246613.61652321275,0.028022793700753383,0.036513833978860086,70564.43638183888,91945.79749516655,223144.34077266193,290758.14136533096
2025-08-15,2474433.110291235,-9933.300058266148,2484366.4103495013,0.011539003241563279,-0.43091026470608856,0.016762209514607322,0.025034137587318255,41643.47028133125,62193.970534001375,131688.21576253962,196674.603616843,0.028070700824017282,0.039675592740961295,69737.9062421586,98568.70991635074,220530.62297649513,311701.6293600934,0.0373494656429934,0.0454780386994333,92789.75788795554,112984.1117534468,293426.97846151446,357287.1325518925,0.01593662148170945,0.022700218837204144,39592.40710361326,56395.66118673299,125202.18449604807,178338.7395012307,0.02762083542947801,0.03541478779355411,68620.27576678661,87983.30922396135,216996.3650919029,278227.65322661947,0.03042632531540863,0.04046080090475841,75590.1406039679,100519.4547036205,239037.01296091444,317870.42602156644,0.01647708354488119,0.02295268110730356,40935.112899425316,57022.86997044856,129448.19303832314,180322.14782623583,0.026334655118438594,0.033626423585571774,65424.93260438741,83540.35725617876,206891.80279287614,264177.80547369947,0.03042632531540863,0.039645647147727114,75590.1406039679,98494.31409038175,239037.01296091444,311466.36910162185
2025-08-18,2473609.105167463,-824.0051237721927,2474433.110291235,0.010834298554802911,-0.11989701822711792,0.015738515582114525,0.02350526427673263,38943.90406321871,58162.20419249299,123151.43781885711,183925.03898407225,0.02635637992322402,0.03725254323059794,65217.09914944068,92178.92641234717,206234.57570126248,291495.3597320704,0.0350684762944674,0.0427006248842849,86774.59887049343,105659.8400438004,274405.3754782337,334125.75174747437,0.014963347480985182,0.02131388153664399,37025.80244774268,52739.77418309692,117085.86793030439,166777.80970153242,0.025933988500682716,0.0332519521988082,64171.91982800146,82279.73150255244,202929.4284822053,260191.35681517405,0.02856814280156446,0.03798979752337809,70689.9584477193,94003.21284510671,223541.27639745377,297264.2599641342,0.01547080269417516,0.021550925547363046,38281.466429249864,53326.32373181638,121056.62608770264,168632.64223602985,0.024726357200700308,0.03157280614534204,61183.716954300944,78124.79691084093,193479.9012906512,247052.2999763439,0.02856814280156446,0.037224426460829546,70689.9584477193,92109.35334627781,223541.27639745377,291275.3503794899
2025-08-19,2478484.66890168,4875.563734217081,2473609.105167463,0.010084013814920528,0.09947978111431421,0.014648609483447261,0.02187750397415937,36234.93379629759,54116.393028817976,114584.92166171208,171131.0607239229,0.024531177345049626,0.034672771723808886,60680.54364119254,85766.88383740661,191888.7275634156,271218.7007412874,0.032639953351189084,0.03974356891318852,80738.48580174256,98310.05393551364,255317.5099666724,310883.68733022327,0.013927122457671255,0.019837876423464254,34450.256920077874,49071.15174826812,108941.27784542339,155176.60693228082,0.024138036901423743,0.030949225152856107,59708.06786022998,76556.28513598273,188813.48912622288,242092.23023099877,0.026589773691430178,0.035358970505935734,65772.70630746394,87464.2713928304,207991.5598049091,276586.31148845184,0.014399435949345592,0.020058504927168864,35618.57587357695,49616.90042389132,112635.82677202481,156902.4157772705,0.023014035135111466,0.02938636144601136,56927.726856855625,72690.37124059579,180021.27888360203,229867.13708348214,0.026589773691430178,0.03464660206516959,65772.70630746394,85702.15033151732,207991.5598049091,271013.9954217493
2025-08-20,2480169.417552696,1684.748651016038,2478484.66890168,0.009476205615824641,-0.030225013772366457,0.013765672875782252,0.020558849861292933,34118.00917974201,50954.79419146597,107890.61823851785,161133.20735015033,0.023052574578586244,0.032582890122503566,57135.45267173861,80756.19363713307,180678.16558744677,255373.50705893774,0.03067259872146753,0.03734804789446223,76021.56568653055,92566.5641198303,240401.29886153858,292721.17779468326,0.013087673070259665,0.01864215970151849,32437.59705623596,46204.3070154303,102576.68852047858,146110.84787845638,0.022683130451666957,0.029083778203969835,56219.79106715339,72083.69839227607,177782.589350993,227948.66908820995,0.024987090200671518,0.033227728663198654,61930.11998282776,82354.41607416279,195840.23491324356,260427.53016753666,0.0133094977483242,0.018744478752254594,32987.38612000296,46457.9032140163,104315.27419463384,146912.78947194852,0.021626877252730898,0.02761511521843747,53601.883707112014,68443.63969885073,169504.03938994376,216437.79280028932,0.024987090200671518,0.03255829782515913,61930.11998282776,80695.24200519182,195840.23491324356,255180.7610748991
2025-08-21,2475579.324898836,-4590.092653859872,2480169.417552696,0.008984654837533192,-0.31368696092872866,0.013051618380753504,0.01949241894370924,32370.224757513482,48344.50133831248,102363.63860531429,152878.73657412588,0.021856788898629822,0.030892746868123832,54208.539392286955,76619.24600651755,171422.45311058662,242291.32998535578,0.029081546312412495,0.035410725852870834,72127.16177918785,87824.59931363285,228086.11238567633,277725.76842274034,0.01240878785559452,0.01767515154637543,30775.89614834483,43837.37031592959,97321.92886157293,138625.9368305926,0.021506508618030953,0.0275751412672677,53339.784952773865,68391.02205577264,168675.21035434227,216271.40120305275,0.023690957113936054,0.03150413627322591,58757.58730653668,78135.59531126746,185807.8057048541,247086.44751677828,0.012619106019599799,0.01777216309207604,31297.520826666554,44077.97538472575,98971.45092882223,139386.79686456997,0.020505045501017855,0.026182660929395564,50855.98675715098,64937.43490723873,160820.7508079575,205350.19971579933,0.023690957113936054,0.03086943022512774,58757.58730653668,76561.41678163866,185807.8057048541,242108.45791941643
2025-08-22,2510087.749833414,34508.42493457766,2475579.324898836,0.00867383998118309,1.4846176966974538,0.01260011112026268,0.018818098838656837,31192.574580750206,46585.696418881664,98639.58175984243,147316.90706881558,0.02110067585648793,0.029824044190758403,52236.39689171356,73831.78718351075,165185.99093835475,233476.61122072212,0.028075500247985934,0.034185728357893644,69503.12795010612,84629.48232940935,219788.1888284451,267621.9213619058,0.011979518653320476,0.017063697930383065,29656.24870040012,42242.537802775376,93781.29274967284,133582.63360253483,0.02076251316048917,0.026621207729830582,51399.248313046985,65902.91145980568,162538.69468979575,208403.30464939817,0.02287139291638852,0.030414283210725267,56619.94743544912,75292.97069808927,179047.99489502868,238097.27920628007,0.012182561077621206,0.017157353461836437,30158.896328076346,42474.38950010376,95370.80411361,134315.8130454685,0.01979569462587606,0.025276898811340973,49005.812337829775,62574.96809491568,154969.98557432304,197879.42369230097,0.02287139291638852,0.02980153416294947,56619.94743544912,73776.06182406406,179047.99489502868,233300.392161439
2025-08-25,2495201.8940662304,-14885.855767183471,2510087.749833414,0.009880066138946746,-0.6997933139196504,0.014352343540616428,0.02143503471801505,36025.64170270202,53803.8180629435,113923.08194968494,170142.61189221017,0.02403503794061715,0.033971520085083716,60330.054301524426,85271.49640878841,190780.38295445594,269652.1481426398,0.031979815160975776,0.038939761157316996,80272.14227750218,97742.21746242039,253842.80225800283,309088.03073673166,0.013645448482369715,0.01943665833044318,34251.27307657917,48787.717972943,108312.03568239299,154280.310636433,0.02364984870385,0.030323281688382185,59363.195516947526,76114.09790075601,187722.90701945085,240693.91141542967,0.026051999482809785,0.03464384059914793,65392.804760467276,86959.0798951027,206790.20562977812,274988.75570108055,0.01387672696865206,0.01954333805327008,34831.8023717965,49055.49343836642,110147.83050373204,155127.09100868268,0.02254857970568315,0.028792026666999874,56598.913695377596,72270.51342971336,178981.4803686907,228539.43010768143,0.026051999482809785,0.03394587970388874,65392.804760467276,85207.13680204983,206790.20562977812,269448.62519603316
2025-08-26,2515362.5353546618,20160.64128843136,2495201.8940662304,0.009726146020306655,0.728074615070964,0.014128750460421674,0.0211011014183334,35254.08490963328,52651.50822590912,111483.20513941252,166498.68823696408,0.023660599567501838,0.03344228269655367,59037.972855573214,83445.24712633905,186694.46266280636,263877.0408348516,0.03148160625483678,0.038333124261079585,78552.96355531602,95648.88426172195,248406.28179099673,302468.3299208742,0.01343286801784992,0.01913385744691512,33517.71772088081,47742.83734233586,105992.32996857121,150976.10796072136,0.023281411138035807,0.029850879677161414,58091.82116816158,74483.9715099963,183702.46831857393,235538.99914667936,0.025646139158110266,0.03410412922675648,63992.29500280286,85096.68784208225,202361.40491026812,269099.3549173388,0.013631764140556267,0.018967596319214616,34014.00370298012,47327.98226158797,107561.72404281856,149664.22100666497,0.02122381931151944,0.02800391196495356,52957.714145422746,69875.4141762161,167466.99637565334,220965.46124446107,0.025646139158110266,0.03341704176314174,63992.29500280286,83382.26590148159,202361.40491026812,263677.87671447487
2025-08-27,2519897.477031303,4534.941676641349,2515362.5353546618,0.009629485542617383,0.08674789219885125,0.013988335977048143,0.02089139424977893,35185.73624862065,52549.43040721773,111267.06769558984,166175.8898313176,0.0234254555698861,0.03310992628182172,58923.51331410668,83283.46811764903,186332.50981183365,263365.450689787,0.03116873545352815,0.03795216163778953,78400.6694341853,95463.4455194202,247924.6854939701,301881.9211287637,0.013299369360043282,0.01894370116127065,33452.735432096575,47650.27618201479,105786.8379284422,150683.4038712388,0.02305003559450763,0.02955421537837183,57979.195973015914,74339.5661245591,183346.3161799927,235082.34922230328,0.02539126245188636,0.03376519524248847,63868.230296832495,84931.70711189097,201969.07786216267,268577.6400398967,0.013496288811394787,0.018779092371504522,33948.059242508745,47236.225399247,107353.18934865808,149374.06033071698,0.021012892546821576,0.0277256032184008,52855.042671708194,69739.94360567401,167142.32066798923,220537.06568562554,0.02539126245188636,0.033084936198096375,63868.230296832495,83220.60899729092,201969.07786216267,263166.6726977407
2025-08-28,2527566.074693072,7668.597661768552,2519897.477031303,0.0091117734315706,0.2274705276130216,0.013236278048651188,0.019768205708511972,33354.063660080945,49813.851690315125,105474.81038810794,157525.2303672244,0.022166027742548406,0.03132983016390324,55856.1173842536,78947.959985839,176632.5521879678,249655.37017908582,0.02949300399737824,0.03591173137458066,74319.34636306757,90493.8812866317,235018.40872224467,286166.7791746448,0.01258435249268243,0.017925226864192564,31711.278096383045,45169.733950292575,100279.86629957896,142839.2405867594,0.02181079155239108,0.027965285713733763,54960.958604925945,70469.65291449726,173801.81157779638,222844.60913133423,0.024026146524567988,0.031949869757909775,60543.42601004329,80510.39619443557,191455.1235416171,254596.22729696892,0.012770684921039385,0.01776946797234357,32180.816712488853,44777.23751169711,101764.67777587673,141598.05786729333,0.019883171866368978,0.026234985624271026,50103.55462144297,66109.47408455306,158441.35147441528,209056.51302306258,0.024026146524567988,0.03130618362744669,60543.42601004329,78888.3731382816,191455.1235416171,249466.9400222152
2025-08-29,2512702.3971195654,-14863.677573506257,2527566.074693072,0.00873780176123813,-0.7855436477673976,0.012693025623861046,0.018956865417425098,32082.460952081048,47914.729911606,101453.64955199025,151519.6799924733,0.02125627439082488,0.030043969732273967,53726.63802461612,75938.11864440118,169898.54718119654,240137.41614440578,0.0282825318482567,0.03443781740299851,71485.96800607999,87043.85895429371,226058.47964113826,275256.8506260104,0.01206785684481711,0.017189527378045986,30502.305555212308,43447.66624075679,96456.75944087774,137393.5843395971,0.02091561804864044,0.02681751522885164,52865.60661098169,67783.04170001022,167175.7267771572,214348.798506204,0.02304004889879585,0.03063856123493096,58235.24595586587,77440.98795481777,184156.0173206456,244889.9061908888,0.01224654168952934,0.017040161249734335,30953.943306768735,43070.13348212801,97884.9634131133,136199.72093100354,0.019067113055181887,0.025158231305395705,48193.38810061511,63589.09194679939,152400.87455839978,201086.36489375672,0.02304004889879585,0.030021293713225764,58235.24595586587,75880.80350794585,184156.0173206456,239956.16976880358
2025-09-02,2501986.9630529154,-10715.434066649992,2512702.3971195654,0.00886157016978531,-0.591267877097865,0.01287281862260851,0.019225383876400222,32345.562210713782,48307.66815177468,102285.64878452674,152762.25981118457,0.02155736330596431,0.030469533783944135,54167.23845447388,76560.87057803202,171291.84807759634,242106.7306719532,0.02868314564703527,0.03492561902293405,72072.20882423515,87757.68663981107,227912.33588386915,277514.1719691316,0.012238794510499121,0.01743301201015298,30752.44830438492,43803.971066925566,97247.7802684394,138520.3191316008,0.021211881666240995,0.027197377495330254,53299.14591018031,68338.91562788204,168546.69841781806,216106.62621018314,0.02336640445857787,0.03107254750148199,58712.820495133914,78076.06459158535,185666.24061723816,246898.1948518338,0.012420010373820588,0.017281530154282253,31207.78983854886,43423.34224455907,98687.69662967282,137316.66510981502,0.01933719313972876,0.025514590299982175,48588.611555760464,64110.572208288824,153650.68086138048,202735.43027488352,0.02336640445857787,0.030446536565712605,58712.820495133914,76503.08541265456,185666.24061723816,241923.99793439094
2025-09-03,2502213.442450374,226.47939745849,2501986.9630529154,0.008767094012440054,-0.09985307273780329,0.012735577206655703,0.019020415641953153,31864.248138006435,47588.831968014536,100763.60004487963,150489.1002059592,0.021327533060463644,0.030144687914323464,53361.209671360084,75421.61616693609,168742.96126330286,238504.0918984963,0.028377345057592793,0.03455326534125337,70999.74738015125,86451.81941472409,224520.91501785073,273384.657216093,0.012108312637226523,0.017247152850419795,30294.840362909625,43152.15158153126,95800.69689799643,136459.08493447592,0.020985734715814344,0.026907417176064465,52506.03466905447,67322.00698393938,166038.66045797738,212890.87872301115,0.023117287421537586,0.030741272701348115,57839.151749834185,76914.26352642746,182903.45746158948,243224.25729792516,0.012287596497743905,0.01709728599317527,30743.406244609912,42777.186658511746,97219.18676481098,135273.34173506455,0.019131032869406275,0.02524257073667726,47865.59482899131,63156.58289710753,151364.30121839032,199718.6511880955,0.023117287421537586,0.030121935877111383,57839.151749834185,75364.69086644857,182903.45746158948,238324.0782924662
2025-09-04,2527766.79557434,25553.353123965677,2502213.442450374,0.008434071280651705,1.090169741690253,0.011430559175659617,0.017624221089957013,28601.698824059957,44099.56292400782,90446.51323418901,139455.06265777966,0.0205173953669447,0.028999625901313154,51338.902491238056,72563.25375629781,162347.86444560488,229465.1563026698,0.02729941650355075,0.03324074116849738,68308.96694623627,83175.42938882769,216011.9201632632,263023.8022312023,0.011648371937825459,0.016592010570701112,29146.712845488575,41516.75188728702,92169.99889863127,131287.49701592117,0.02018858041431724,0.025885324614877504,50516.13729669494,64770.60721353804,159746.05245133708,204822.64422691223,0.022239164956130805,0.029573549097708523,55647.13750210178,73999.3320932524,175971.6997752145,234006.43474587306,0.011820845605488704,0.016447836485786082,29578.278775184266,41155.99755395965,93534.73019699774,130146.69164683107,0.018404330404591576,0.0242837182534986,46051.56293766717,60763.04624658171,145627.828693623,192149.62370934346,0.022239164956130805,0.02897773811234289,55647.13750210178,72508.48583651091,175971.6997752145,229291.9649334338
2025-09-05,2522729.336616548,-5037.45895779226,2527766.79557434,0.008994217211906512,-0.3291865046403431,0.012189715815573418,0.018794727646822603,30812.75888609387,47508.68847750123,97438.49907364936,150235.66423630103,0.021880051094209582,0.03092562604003583,55307.66664141299,78172.77063635174,174898.1986561802,247204.00621680176,0.02911249782231721,0.03544841351294895,73589.60533148372,89605.32263382111,232710.76496035885,283356.9099971126,0.01242199453711317,0.017693963222421744,31399.905325720516,44726.21271575124,99295.21914292811,141436.70329495904,0.021529398010065197,0.027604489509238363,54421.297418547074,69777.71199023294,172095.2530640505,220656.49980437692,0.023716171416019134,0.03153766614730568,59948.95062356244,79719.86529706822,189575.22730742875,252096.34910055128,0.012605922983847561,0.017540213865450054,31864.833546137274,44337.570196357294,100765.45126793387,140207.70773808804,0.01962664765216463,0.025896513014510424,49611.58824357883,65460.345719238205,156885.61718814154,207003.78889484578,0.023716171416019134,0.030902284581120425,59948.95062356244,78113.76887154511,189575.22730742875,247017.42625404327
2025-09-08,2526523.57144492,3794.234828372486,2522729.336616548,0.008689223369839589,0.06179526755633825,0.011776362638448223,0.018157398565196967,29708.575506648383,45806.2020370616,93946.76464009967,144851.9293989592,0.021138098716296193,0.029876938279661393,53325.701751896995,75371.42868638373,168630.67536282568,238345.38514992542,0.028125293226986856,0.03424635806134399,70952.50232466243,86394.29215362709,224371.51303432503,273202.74004347523,0.012000764790182764,0.01709396105464517,30274.681398028988,43123.437031534115,95736.94865370227,136368.28155449816,0.020799336275756034,0.02666842146514294,52471.095805002515,67277.20919137055,165928.17406871423,212749.21566434586,0.022911956210974492,0.030468224111220826,57800.66409269907,76863.08279998442,182781.7488032389,243062.40963006314,0.012178456224588761,0.016945425337281394,30722.948792470474,42748.72161980513,97154.49462092647,135183.3273790668,0.01896110816903949,0.025018362441275886,47833.743832795604,63114.55688471227,151263.57952466654,199585.753267952,0.022911956210974492,0.029854388329452787,57800.66409269907,75314.54126545324,182781.7488032389,238165.49132957234
2025-09-09,2520262.586688531,-6260.9847563887015,2526523.57144492,0.008368603213601262,-0.4119104627874027,0.011341831372723819,0.0174874160227914,28655.404306540222,44182.36878524604,90616.34488166492,139716.91778290432,0.02035813251856624,0.02877452115773572,51435.301678756936,72699.50596205986,162652.7054427542,229896.02360909982,0.027087509350928924,0.03298271547732046,68437.23086685661,83331.60810371132,216417.52629404652,263517.6826922726,0.011557953399769763,0.01646321786497236,29201.441702180255,41594.70799768577,92343.06673951392,131534.01588230874,0.020031869936988238,0.02568439411392277,50610.991575919645,64892.227147107034,160046.00801950073,205207.24022586862,0.022066537159418455,0.029343989371353126,55751.62627343595,74138.28082695286,176302.122282543,234445.82922236272,0.011729088269447638,0.016320162907266962,29633.81798431756,41233.27627503103,93710.36059730338,130391.06842008147,0.018261469869406105,0.024095219953928708,46138.03407428571,60877.14117275085,145901.27443720118,192510.4235455067,0.022066537159418455,0.028752803269064875,55751.62627343595,72644.63520441095,176302.122282543,229722.50703799014
2025-09-10,2535745.946198698,15483.359510167036,2520262.586688531,0.008238711880501327,0.6261680868987373,0.011165791768599274,0.01721598915241693,28140.727245155515,43388.81335367198,88988.79310824694,137207.47516953238,0.020042148488165094,0.02832790410383884,50511.476991578595,71393.75687220553,159731.3152725781,225766.88243246826,0.02666707685937159,0.03247078191167571,67208.03610502172,81834.896812519,212530.47115870006,258784.66601241336,0.011378559307746972,0.016207687848670427,28676.957313731244,40847.629301730405,90684.50147481453,129171.54561170137,0.01972094991554774,0.02528573974996639,49701.97224611331,63726.7038685833,157171.43650019294,201521.53199978682,0.021724036522767685,0.02888853344870637,54750.27648018661,72806.69003507488,173135.57620133637,230234.96940872105,0.011547037947251784,0.0160668532852995,29101.567725531408,40492.68922075404,92027.23749432509,128049.12652293144,0.01797802870184707,0.02372123158797712,45309.353119677755,59783.73248135291,143280.75516703745,189052.76166726503,0.021724036522767685,0.028306523304338024,54750.27648018661,71339.87164315014,173135.57620133637,225596.48237641333
2025-09-11,2566832.0905358936,31086.14433719544,2535745.946198698,0.008290376107238998,1.3532195910120728,0.011235811452016511,0.017323949083530528,28491.163341703777,43929.13366071519,90096.96934767812,138916.11800583042,0.02016783101218359,0.02850554586165871,51140.49573276493,72282.82236288214,161720.44718565888,228578.35437206156,0.026834303717802478,0.032674403286396266,68044.97687148229,82853.98567794076,215177.1102473625,262007.3079652629,0.01144991323740857,0.016309324812318695,29034.07107608559,41356.304278074975,91813.79434764637,130780.11712568247,0.019844618231990567,0.02544430436669534,50320.91023563086,64520.291651693544,159128.6902774738,204031.0769176989,0.021860266016510022,0.02906969086310085,55432.08093419045,73713.35076335732,175291.63119483602,233102.0823751206,0.011524586667215717,0.0157675422278738,29223.423923007816,39982.481285847774,92412.5806253578,126435.70736833672,0.017806403149238415,0.022754904288466146,45152.51460206104,57700.656305617405,142784.78822652416,182465.49641230766,0.02016783101218359,0.026844225900371534,51140.49573276493,68070.13700570921,161720.44718565888,215256.67357775517
2025-09-12,2551025.342543432,-15806.747992461547,2566832.0905358936,0.00927511057858796,-0.770131249657194,0.012570406011691187,0.01938169527281991,32266.121541874254,49749.557395261974,102034.43533214666,157321.91395430153,0.022563374730965723,0.03189144696813367,57916.3943302295,81859.98949142912,183147.71994798735,258864.0160303646,0.030021693957250625,0.03655548308671764,77060.64746171843,93831.78707202894,243687.16394630334,296722.16407155327,0.012809938900054416,0.018246553490411307,32880.96224646374,46835.83904086746,103978.73235683219,148107.9274941772,0.022201770596494003,0.02846658988007531,56988.21723379703,73068.95641230162,180212.566251259,231064.32851443847,0.024456837899481547,0.03252260135763894,62776.596353423694,83480.05683249385,198517.02822983952,263987.118790982,0.012893482072256093,0.01764041773549763,33095.40354181617,45279.990333933834,104656.85527454274,143187.90188563912,0.01992145544179737,0.025457741693578943,51135.0311181864,65345.748331652016,161703.16655705578,206641.40013616832,0.022563374730965723,0.030032794700970637,57916.3943302295,77089.14120692777,183147.71994798735,243777.26908023335
2025-09-15,2563160.237544497,12134.895001065452,2551025.342543432,0.009297562059998463,0.4065210285853305,0.012600834138073367,0.019428610915219507,32145.047223411584,49562.8788151409,101651.56471965204,156731.5844507527,0.022617991997685966,0.03196864391610452,57699.07078354144,81552.82079672953,182460.48255126714,257892.663329213,0.030094364951098292,0.03664396987531379,76771.48765800257,93479.69580332357,242772.760358794,295608.75371818594,0.012840946843587532,0.018290721390408257,32757.580820244886,46660.0938003327,103588.56602902059,147552.1722461532,0.02225551255844734,0.02853549656405473,56774.376547892774,72794.77489696465,179536.3426273889,230197.29043365727,0.02451603851351277,0.032601326088046785,62541.035546741885,83166.80905112968,197772.11955325838,262996.54232987674,0.012924692241731612,0.0176831184135657,32971.217453231824,45110.08320820251,104264.14438090877,142650.60837763554,0.01996967763631807,0.025519365111385545,50943.15373267022,65100.547124763216,161096.3969873464,205866.00583737754,0.022617991997685966,0.03010549256545658,57699.07078354144,76799.87448423261,182460.48255126714,242862.52738522433
2025-09-16,2556662.863108198,-6497.374436299317,2563160.237544497,0.008977291309460813,-0.3903251904660498,0.012166776416193329,0.018759358506946537,31185.397529080878,48083.241806847465,98616.88592968264,152052.561394268,0.021838875792168037,0.03086742818722737,55976.53806315819,79118.1645647614,177013.35581069012,250193.6043166705,0.02905771203201643,0.03538170438475704,74479.57207448283,90688.97781556302,235525.08691003773,286783.7285696607,0.01239861802054007,0.017660665572573567,31779.644710750967,45267.115764191585,100496.06051689599,143147.18892135893,0.021488882589784864,0.02755254158698025,55079.44940339878,70621.57903903893,174176.51238274254,223325.0417209683,0.02367154078343427,0.03147831651764945,60673.95209751163,80683.96924287923,191867.88327208743,255145.11347046963,0.012479478662299133,0.017073992540609734,31986.903492490128,43763.37877622221,101151.47033226345,138391.9550375345,0.01928178724060937,0.0246403060457159,49422.31036392276,63157.05269730627,156287.06797774113,199720.13682676872,0.021838875792168037,0.029068456336279094,55976.53806315819,74507.11144794896,177013.35581069012,235612.17405552472
2025-09-17,2557350.455382191,687.592273992952,2556662.863108198,0.008709986753386467,-0.08002673907274596,0.011804502913342979,0.018200786681093643,30180.134215996528,46533.27538690643,95437.96421212915,147151.13721047732,0.021188609381336942,0.029948330888908872,54172.13072617013,76567.78539574945,171307.31879908885,242128.59724554518,0.02819250018275086,0.034328191642694836,72078.71823541021,87765.6127305391,227932.9204494089,277539.23646877334,0.012029441286526422,0.017134808027338383,30755.22580120261,43807.92734998429,97256.56348457717,138532.8299971347,0.02084903744906377,0.026732147144631464,53303.95977757342,68345.08785582312,168561.9212031343,216126.14450871467,0.022966705607366928,0.03054102963091887,58718.123314293836,78083.11625845736,185683.00960380348,246920.4941804501,0.012107894251269754,0.0165656035578801,30955.803582662622,42352.663421405094,97890.84612201429,133930.8813861398,0.018707659767076307,0.023906625268069207,47829.17898214736,61121.18100511661,151249.1441994396,193282.14525558817,0.021188609381336942,0.02820292456852339,54172.13072617013,72105.36987538556,171307.31879908885,228017.2003351098
2025-09-18,2588130.029749444,30779.57436725311,2557350.455382191,0.008386757645334317,1.3113455778953065,0.01136643577779936,0.017525352353654513,29067.959712427626,44818.467822351726,91920.95962528436,141728.43955759823,0.020402296439066152,0.028836943173295077,52175.82208928828,73746.16975605654,164994.4365938762,233205.86514256257,0.02714627164695112,0.033054266540409535,69422.5301582591,84531.34358944064,219533.31623182836,267311.5794169057,0.011583026649225411,0.016498932351273997,29621.85847610066,42193.55216185052,93672.54131164248,133427.72740456913,0.02007532607966512,0.02574011256151128,51339.64429177757,65826.48858076973,162350.2102248793,208161.63428629705,0.02211440720800607,0.02940764676294171,56554.28934390153,75205.6588409276,178840.36577891847,237821.17487090995,0.01165856821093955,0.015950851157679576,29815.044723350595,40791.91647182542,94283.44986557271,128995.36617430806,0.018013415292145948,0.023019446288269886,46066.61580035796,58868.791447952884,145675.43002503167,186159.46407697277,0.020402296439066152,0.027156309181972822,52175.82208928828,69448.19965301777,164994.4365938762,219614.4903016515
2025-09-19,2584152.635700772,-3977.394048672635,2588130.029749444,0.00929572026840179,-0.26936072878410616,0.01259833798797759,0.019424762223262653,32606.136871617993,50273.81043076865,103109.65821351008,158979.74761675976,0.02261351150835703,0.031962311118394565,58526.70821286348,82722.61722571152,185077.7019047314,261591.88444352752,0.030088403436873766,0.036636710923413335,77872.70048218938,94820.57173213555,246255.10107181087,299848.9757129256,0.012838403128596739,0.018287098107580294,33227.45667115044,47329.38776920279,105074.44393539181,149668.66561199652,0.022251103874133614,0.028529843852361132,57588.750131719404,73838.94561835841,182111.6180185551,233499.24817932266,0.024511182032488338,0.03259486795977167,63438.12628293809,84359.75658240306,200608.96954747563,266768.9736577756,0.012922131937276876,0.017679615493263922,33444.15771525064,45757.14377253989,105759.71280608507,144696.79354501556,0.0199657217622705,0.025514309877345563,51673.88405855427,66034.3515818909,163407.16917249712,208818.9548111181,0.02261351150835703,0.03009952884691801,58526.70821286348,77901.49449001816,185077.7019047314,246346.15571951453
2025-09-22,2589980.487748608,5827.852047836408,2584152.635700772,0.008900599870915625,0.14456905150755484,0.012062837761018779,0.01859910056939176,31172.21399416748,48062.91475805744,98575.19593174395,151988.28162198217,0.02165231007396014,0.030603733115934093,55952.87414663448,79084.71759382408,176938.5239361151,250087.8357076751,0.02880947705113543,0.03507944463692107,74448.08605485252,90650.6393174189,235425.5193735532,286662.49159345514,0.012062837761018779,0.01717977857751962,31172.21399416748,44395.17009185298,98575.19593174395,140389.85460084208,0.021305306802642646,0.027317165015468665,55056.16472846258,70591.72397459627,174102.8797753675,223230.6317176384,0.02346931892689838,0.031209402733580176,60648.30236304647,80649.86033262809,191786.77168979897,255037.25162556974,0.012372868646213647,0.016928132391427632,31973.381123292438,43744.87793679933,101108.70884623704,138333.45024633314,0.019117066285230973,0.024429808196008363,49401.41722784599,63130.353239379336,156220.99808027467,199635.70572742776,0.02165231007396014,0.028820129568675166,55952.87414663448,74475.61378612969,176938.5239361151,235512.5697032061
2025-09-23,2594046.597929958,4066.1101813497953,2589980.487748608,0.008547070255783834,0.0705236368133866,0.011583704842687568,0.01786034891653062,30001.569518399858,46257.9551981963,94873.29305802447,146280.49832832592,0.020792285698280184,0.029388160441397138,53851.61425424012,76114.7621140441,170293.7567201886,240696.01184227222,0.02766517178163135,0.03368609781295561,71652.25510463859,87246.3360439461,226584.32561808435,275897.13940331404,0.011583704842687568,0.01649740204148339,30001.569518399858,42727.94938598604,94873.29305802447,135117.63980810888,0.02045906531067137,0.026232134009191464,52988.57995221326,67940.71523581256,167564.60262693005,214847.4060060715,0.02253712341109456,0.029969773012335263,58370.70988471726,77621.12732420315,184584.391876611,245459.556894413,0.011850617646156237,0.01623485225746608,30692.868471313992,42047.95056831859,97059.37229332264,132967.2947380582,0.0183577411628478,0.02345946228511081,47546.19141091525,60759.54957151137,150354.25892482698,192138.56625188366,0.020792285698280184,0.027675401183821495,53851.61425424012,71678.7490567124,170293.7567201886,226668.10685085694
2025-09-24,2593292.644667526,-753.9532624320127,2594046.597929958,0.008258808195740866,-0.15215594684624503,0.011193027976702618,0.017257983331869453,29035.236143500264,44768.012949167874,91817.47861430437,141568.8872392823,0.020091036389567378,0.028397003072124578,52117.08459524424,73663.14921065132,164808.69232864646,232943.33112649267,0.026732124647285044,0.03254998641340318,69344.37699672935,84436.18151835488,219286.1742350513,267010.65052541584,0.011193027976702618,0.015941003772191414,29035.236143500264,41351.70660284176,91817.47861430437,130765.57800000378,0.019769054331878158,0.02534741810508436,51281.84813390103,65752.3837018023,162167.44272598275,207927.2940830289,0.021777026977169912,0.028958999934658763,56490.62274315652,75120.99525995544,178639.03430968366,237553.44512017182,0.01145093876751933,0.015687308851810376,29704.26875298778,40693.61015771522,93933.1454892109,128684.4943133439,0.017738600319614755,0.02266825866522361,46014.75581113592,58802.51927151959,145511.43433965824,185949.89305394702,0.020091036389567378,0.026742009048385917,52117.08459524424,69370.01759377764,164808.69232864646,219367.25692229046
2025-09-25,2568278.9294928624,-25013.715174663343,2593292.644667526,0.00804844678103201,-1.32426785363382,0.01090792858412086,0.01681840249857366,28287.450965759286,43615.03949460902,89452.77425212905,137922.86504116366,0.019579294412068005,0.027673698498611846,50774.840186595946,71765.99876719686,160564.14282069204,226944.01466117808,0.026051226456444827,0.03172090054188377,67558.45395406643,82261.57805749732,213638.58969445838,260133.95058142112,0.010723728088691261,0.015519285759397398,27809.765175817593,40246.04961033875,87942.19915001655,127269.18359280254,0.01926551361048754,0.024701789994414327,49961.114741819445,64058.97030263655,157990.91702516473,202572.25072141722,0.02122234086574855,0.028221380649838698,55035.74046977276,73186.29886158914,174038.2925983872,231435.39792040983,0.011159270088239179,0.015287734917553931,28939.253039688992,39645.570515319516,91513.95338936837,125370.3019652251,0.01728677761472212,0.022090871849985323,44829.67323826211,57288.09548285983,141763.87419400454,181160.86453904072,0.019579294412068005,0.026060859090396023,50774.840186595946,67583.43419284082,160564.14282069204,213717.58414548033
2025-09-26,2597096.4406838687,28817.511191006284,2568278.9294928624,0.009000252777491266,1.1324274256184423,0.012197895719119334,0.018807339840712006,31327.598559565373,48302.494632712296,99066.56507163668,152745.89970742914,0.021894733693068998,0.03094637866806521,56231.78321076655,79478.93227729927,177820.51183883843,251334.45199453903,0.029132033751437306,0.03547220115556332,74819.18845709134,91102.50681056564,236599.04820978784,288091.4220723894,0.011991911749080219,0.017354590091827254,30798.574269500623,44571.42806282554,97393.64337747848,140947.23124487518,0.021543845303323577,0.02762301349002972,55330.60395277971,70943.60351554042,174970.73280349953,224343.3725290364,0.023732086142629373,0.03155882948458534,60950.616793024565,81051.87680471862,192742.77385806525,256308.53933428135,0.01247896076584002,0.017095656142938686,32049.45199687504,43906.41345776465,101349.2660703568,138844.27041560542,0.019331104804898355,0.024703329242805765,49647.669154238676,63445.03998262291,156999.7150458797,200630.83258553807,0.021894733693068998,0.029142805536706257,56231.78321076655,74846.85340623061,177820.51183883843,236686.53246042065
2025-09-29,2604746.156868357,7649.716184488498,2597096.4406838687,0.009568030303670434,0.20643971740383657,0.012967395335098287,0.019993793727371274,33677.57626972436,51925.810525123394,106497.8470863661,164203.83060973382,0.0232759546476284,0.03289861920605325,60449.89896887487,85440.88684345485,191159.36506870858,270187.80773003167,0.030969817029849807,0.03770995148526567,80431.6015768536,97936.38078074485,254347.05683804795,309702.0290606933,0.012748416944587575,0.018449397812654155,33108.86827114231,47914.86539200486,104699.434487291,151520.108419112,0.022902930597160996,0.02936560079871135,59481.11953511649,76265.29731287662,188095.81550770387,241172.04593860928,0.025229215778236003,0.03354970624958912,65522.70649890202,87131.82268679724,207200.99099524735,275535.0163722113,0.01326619126348061,0.018174129114000397,34453.57811181693,47199.9660344995,108951.78037586494,149259.39815160405,0.02055060020528141,0.026261729380293836,53371.89064705353,68204.2438997641,168776.73747412706,215680.7568128995,0.0232759546476284,0.030981268349098937,60449.89896887487,80461.34175731665,191159.36506870858,254441.10354633562
2025-09-30,2617377.2199789155,12631.063110558316,2604746.156868357,0.009092689109605933,0.4257917962070533,0.012323173171616271,0.019000499027980303,32098.737959190727,49491.47682171265,101505.12196794759,156505.79152204306,0.022119601696807312,0.03126421082311996,57615.94751121764,81435.33298904382,182197.62368415747,257521.13425962633,0.029431231831046598,0.03583651538627629,76660.88800382029,93345.02572795692,242423.01354315103,295182.88954736077,0.012115073660698965,0.017532828936124383,31556.69155788269,45668.56879040031,99791.02074231653,144416.69485774578,0.021765109537642133,0.027906713305145808,56692.585421992175,72689.90423240559,179277.6963771534,229865.66027391516,0.023975824518727012,0.03188295176375986,62450.936772904315,83046.99607627271,197487.20221354326,262617.6604360883,0.012607124873039532,0.0172712356280948,32838.3600622092,44987.18462664778,103844.01242128966,142261.96893871864,0.019529643275768623,0.02495704268871439,50869.763267568276,65006.76103022834,160864.3159590852,205569.42816579549,0.022119601696807312,0.029442114247021724,57615.94751121764,76689.23393500895,182197.62368415747,242512.65124810557
2025-10-01,2640735.074130788,23357.85415187245,2617377.2199789155,0.008825147117424626,0.8972794643065549,0.011960577875484745,0.01844143104477889,31305.344069077586,48268.18152041624,98996.19019352873,152637.3921189645,0.021468757679940085,0.030344297126878302,56191.83729272257,79422.47205616292,177694.19175459302,251155.9090985514,0.028565251448179493,0.03478206685034741,74766.03842343473,91037.7894378831,236430.97304571833,287886.7677705306,0.011758601455003244,0.017016945469132284,30776.695587136423,44539.76542453026,97324.45690900426,140847.10519113205,0.02112469604768861,0.02708559013873251,55291.298214198796,70893.20661880403,174846.43714446868,224184.0035483451,0.02327036326533905,0.030944832322011295,60907.318711332606,80994.29919569961,192605.85330160262,256126.46294755462,0.012236174622398257,0.01676304924542263,32026.684716349308,43875.223232353936,101277.26960776749,138745.63826257354,0.018955005827418006,0.024222710211335544,49612.40045725148,63399.969913300316,156888.18563329385,200488.30851217697,0.021468757679940085,0.02857581366149349,56191.83729272257,74793.68371995534,177694.19175459302,236518.3951493142
2025-10-02,2652167.003196884,11431.929066095969,2640735.074130788,0.009071659299885517,0.3696997661329998,0.012294671813676182,0.018956554175766097,32466.971083301883,50059.23749660598,102669.57735005832,158301.20842058037,0.02206844290217924,0.031191902136795846,58276.91120323736,82369.55000149187,184287.77440161386,260475.38784784003,0.02936316250658344,0.03575363175410415,77540.33311853699,94415.8694006191,245204.06318276387,298569.1945709531,0.012087053600762662,0.017492278549770826,31918.706386432797,46192.473492845456,100935.81214729021,146073.4269943452,0.021714770621772118,0.027842169927091737,57342.95640761845,73523.79466638059,181334.35001582105,232502.65336430242,0.02392037260329902,0.031809212037169105,63167.36691980891,83999.70190701571,199752.75326217082,265630.380801359,0.012577966784161131,0.017231290261601227,33215.07804818633,45503.27256633864,105035.29929252878,143893.98230108537,0.01948447460486761,0.02489932138618206,51453.33549008452,65752.5113065458,162709.73336144313,207927.69760465858,0.02206844290217924,0.02937401975342164,58276.91120323736,77569.00423107113,184287.77440161386,245294.72920142274
2025-10-03,2653675.998251673,1508.9950547888875,2652167.003196884,0.00877318220541088,-0.045266581121611305,0.011890150678219564,0.01833284278796022,31534.66529181298,48621.760717024066,99721.36757318737,153755.5077134977,0.021342343684905396,0.030165621495828045,56603.459691993485,80004.26596216176,178995.85607223233,252995.70297031364,0.02839705133112713,0.03457726040128937,75313.72252850352,91704.6690972459,238162.9022560067,289995.6264193543,0.01168936355087726,0.016916744978162538,31002.14429800903,44866.03283257927,98037.38833091046,141878.85332684647,0.021000307982897273,0.026926102677541003,55696.32388921226,71412.5210460655,176127.24078835838,225826.2199602772,0.02313334091732361,0.030762620573300786,61353.48345463002,81587.60721637396,194016.7501020868,258002.66764693183,0.012164124635108832,0.016664343765782463,32261.28998000998,44196.62266553795,102019.15659199955,139761.99251012213,0.018843393499947906,0.02408008018057025,49975.82646881648,63864.39408924368,158037.43959078993,201956.94670860478,0.021342343684905396,0.02840755135120194,56603.459691993485,75341.57033527884,178995.85607223233,238250.96475325697
2025-10-06,2666531.6621362343,12855.663884561509,2653675.998251673,0.008432764838796705,0.4585495019882298,0.011428788576332647,0.01762149108930519,30328.30193410685,46761.72795709491,95906.51167706755,147873.5676695924,0.020514217212151954,0.02899513384477295,54438.085838808984,76943.69074996872,172148.34271039427,243317.31434953047,0.027295187810295676,0.033235592161083446,72432.58475995327,88196.49320554858,229051.94465465285,278901.80016909854,0.011235792399131302,0.01626034076332725,29816.152610913316,43149.67600703481,94286.95331366228,136451.2564805497,0.020185453193124932,0.025881314965162456,53565.65265242822,68680.62432624344,169389.4667351129,217187.2039932966,0.022235720098368505,0.029568968140178467,59006.39672888283,78466.46104666,186594.6101827787,248132.7368403253,0.011692131784795466,0.01601773323287887,31027.12948570722,42505.874226488835,98116.39843180357,134415.37649235255,0.018112231392158704,0.023145723946879783,48063.99372015204,61421.25209999386,151991.69359971007,194231.05337538075,0.020514217212151954,0.027305280408171838,54438.085838808984,72459.36724469725,172148.34271039427,229136.63830784254
2025-10-07,2642107.9418151714,-24423.720321062952,2666531.6621362343,0.008318674127272,-1.2222501452934753,0.01127416329678729,0.017383081920433842,30062.91339497754,46352.53832634478,95067.2794285142,146579.5964414987,0.020236671035678624,0.02860284548925227,53961.72405287231,76270.39312428175,170641.95447656882,241188.16030917616,0.026925898797971998,0.03278593271603909,71798.7616762683,87424.72765998647,227047.62007661685,276461.2632254798,0.011083778252660253,0.016040347216396217,29555.24564681559,42772.09372417932,93461.89304971369,135257.2364626004,0.019912355014618053,0.02553115488172395,53096.92511417626,68079.632863021,167907.22011219297,215286.70211519639,0.021934882926244893,0.02916891611944102,58490.059828083504,77779.83838268546,184961.80953626044,245961.44532907326,0.01148899588818064,0.01579589759964162,30635.771301986686,42120.261081306126,96878.81519030005,133195.960657874,0.017867182774494852,0.02283257491873367,47643.40858136566,60883.78394890099,150661.68661112708,192531.42984812777,0.020236671035678624,0.02693585484850042,53961.72405287231,71825.30980023218,170641.95447656882,227131.5726159472
2025-10-08,2656040.8306543925,13932.888839221094,2642107.9418151714,0.009088851236136695,0.4724036087771948,0.012317971764331576,0.018992479232049452,32545.411025595495,50180.180213757565,102917.6262272383,158683.66287318888,0.022110265379302236,0.03125101471756655,58417.70775429547,82568.55417506538,184733.01218965367,261104.69430021182,0.029418809395565765,0.03582138938669871,77727.66994277108,94643.97738545036,245796.47423696623,299290.535355491,0.012109960088771037,0.017525428619430003,31995.821725606715,46304.074139110904,101179.6722616162,146426.3392248908,0.021755922845405912,0.02789493434368387,57481.49653136508,73701.42756585992,181772.452354182,233064.37791403683,0.023965704720313768,0.03186949449790374,63319.978772738345,84202.64451454637,200235.35431536648,266272.1416754495,0.012552694441764815,0.017258346850458028,33165.573675765976,45598.41527619601,104878.75272154323,144194.8499669952,0.019521400136815092,0.024946508734363694,51577.64633683093,65911.36884762386,163102.83877502588,208430.049257959,0.022110265379302236,0.02942968721825336,58417.70775429547,77756.41032448364,184733.01218965367,245887.35930400057
2025-10-09,2627512.5097671994,-28528.320887193084,2656040.8306543925,0.008854896597144234,-1.3286385109146275,0.012000896859883203,0.0185035969182275,31874.872064321873,49146.30892878303,100797.19584973021,155414.27480522433,0.021541128640186577,0.030446587438866357,57214.11720671428,80867.37939171819,180926.92468904785,255725.10728679123,0.028661544615572163,0.03489931683820625,76126.23276858222,92694.01048422014,240732.2852368656,293124.19858566293,0.011798239578975807,0.01707430941642831,31336.606051602434,45350.06296526037,99095.04926247963,143409.49100227223,0.021195907179728864,0.027176895383144238,56297.19491212045,72182.94378805395,178027.36180074347,228262.5105861529,0.02334880741939324,0.031049147031935242,62015.38585299467,82467.80227381164,196109.8692696472,260786.08881365764,0.012229577579115618,0.0168141025557608,32482.25739178658,44658.94291891106,102717.91690188592,141223.97751920728,0.019018902956150788,0.024304364717101602,50514.982805790016,64553.385051737845,159742.40163053956,204135.727437358,0.021541128640186577,0.028672142433998075,57214.11720671428,76154.3810070373,180926.92468904785,240821.2977825052
2025-10-10,2558396.352123562,-69116.15764363762,2627512.5097671994,0.009767094559201158,-2.828157792719799,0.013237183872198098,0.020409767500159937,34780.86621828912,53626.919428110254,109986.75624340076,169583.2092911627,0.023760214253486837,0.033583079741021406,62430.260185785584,88239.96213604315,197421.81710400918,279039.26099691296,0.0316141485563297,0.03849451248478869,83066.57081739494,101144.81311117193,262679.5612026427,319847.98294336477,0.01301364960457362,0.01883324020487121,34193.52713374416,49484.57423774968,108129.42697740048,156483.96363497953,0.0233794293836507,0.029976556374276937,61429.74317676106,78763.77687315433,194257.90451775244,249072.93203646282,0.02575411326466975,0.03424771274474905,67669.25478088114,89986.29366774167,213988.97267382272,284561.6461868508,0.013489422414354479,0.018546227817407293,35443.626143250454,48730.44559923009,112082.58714816085,154099.19948849583,0.020978158417445995,0.026808108461684504,55120.373673717426,70438.64034627195,174305.92628852988,222746.53877965087,0.023760214253486837,0.031625838121933494,62430.260185785584,83097.28529725265,197421.81710400918,262776.68891614035
2025-10-13,2600285.2714643613,41888.91934079956,2558396.352123562,0.014593490918330643,1.0466710562846893,0.021199331276852727,0.03199714466370855,54236.291806158944,81861.37818600185,171510.21394898975,258868.40746818876,0.039303261778119214,0.051445435891560774,100553.32155969761,131617.81551837563,317977.5224239592,416212.0776939223,0.04723623663630093,0.057516522948281544,120849.01549835764,147150.06249771462,382158.1419637986,465329.3553289038,0.019778320098397365,0.028934017384364408,50600.78199087195,74024.68452843762,160013.7224767848,234086.60618529015,0.035501291486852396,0.045663614423375506,90826.37463563842,116825.62456554075,287218.21546436334,369435.06269882777,0.039303261778119214,0.051445435891560774,100553.32155969761,131617.81551837563,317977.5224239592,416212.0776939223,0.02023405398812061,0.028214717126715572,51766.72991187898,72184.4293731873,163700.77354030512,228267.2084188324,0.03184505082776703,0.041050145330676684,81472.26187094858,105022.5420681453,257637.91363788876,332110.4385961897,0.038480472955342876,0.04820419515750629,98448.30163693859,123325.43704801636,311320.864948009,389989.27450744394
2025-10-14,2624709.702445972,24424.4309816109,2600285.2714643613,0.014569630679818327,0.5753889560195721,0.021164670543283352,0.03194482959340345,55034.18108909533,83065.66989116586,174033.36140370724,262676.71222375496,0.039239001265978145,0.051361323023871176,102032.5970588944,133554.0917818956,322655.40228830365,422335.12086596584,0.0471590057750304,0.05742248390281769,122626.8681337143,149314.8391433962,387780.2056356585,472174.9801547969,0.019745982706503837,0.028886710502154113,51345.188002311916,75113.68785980623,162367.74097685647,237530.33709192608,0.035443247165098814,0.04558895478658446,92162.55357627742,118544.28767301026,291443.58427833347,374869.95264893415,0.039239001265978145,0.051361323023871176,102032.5970588944,133554.0917818956,322655.40228830365,422335.12086596584,0.02012224837897776,0.028044506292049715,52323.58608860349,72923.71665670649,165461.7073878878,230605.04007995166,0.031792984429642034,0.040983028678188496,82670.82914829395,106567.56585189508,261428.11616324686,336996.2327919705,0.03841755769620993,0.04812538169195587,99896.609443087,125139.72119719347,315900.8163684396,395726.54474158434
2025-10-15,2636460.4785726685,11750.776126696264,2624709.702445972,0.013579011569285144,0.25782822033453834,0.01972564112866976,0.029772835026527725,51774.08165738683,78145.0489634506,163724.02180088783,247116.342589884,0.03657106098756346,0.04786916119438895,95988.41860280118,125642.65183486287,303542.031782529,397316.9510617005,0.04395256812529634,0.0535182112978017,115362.73200588286,140469.76845089375,364808.9902381951,444204.41070128634,0.018403412791371,0.02692264373253369,48303.61611162977,70664.1242202774,152749.44613515623,223459.58139714654,0.033033388003072636,0.04248926812785668,86703.05399632711,111521.99430501382,274179.130720958,352663.51120817044,0.03657106098756346,0.04786916119438895,95988.41860280118,125642.65183486287,303542.031782529,397316.9510617005,0.018754095388063424,0.02613770271624906,49224.05612564732,68603.88191898733,155660.133029009,216944.52319324305,0.029631314127284026,0.038196508394432796,77773.59768610678,100254.74618242677,245941.71051369864,317033.3441785393,0.0358054690530439,0.04485323815905269,93978.96202415331,117726.7293821855,297187.5721347925,372284.60632997355
2025-10-16,2607147.934228157,-29312.54434451135,2636460.4785726685,0.012398873532850718,-0.9796332208021876,0.018011305790621004,0.027185308321213762,47486.095884459326,71672.99098669278,150164.22018403935,226649.8982346682,0.03339270740240197,0.0437089012513537,88038.55333897378,115236.79071102949,278402.35045737907,364410.7288949876,0.04013269528853079,0.048866998175829575,105808.26502681097,128835.90939705736,334595.11275545956,407414.9181137919,0.016803990968620165,0.024582824243609833,44303.05807105912,64811.64456997538,140098.57081525266,204952.41574240642,0.030162489966362668,0.03879656920039091,79522.21273165983,102285.62140104026,251471.31680848537,323455.53551295033,0.03339270740240197,0.0437089012513537,88038.55333897378,115236.79071102949,278402.35045737907,364410.7288949876,0.017124196098748785,0.023866101649921607,45147.26624167944,62922.03377761627,142768.19145373694,198976.94174731613,0.027056086858883846,0.03487688883410938,71332.3037082766,91951.53902670178,225572.55046502914,290776.29768223997,0.03269365228153073,0.040955089008897966,86195.52214045293,107976.47356838537,272574.1740713032,341451.59018906654
2025-10-17,2614260.5490891137,7112.614860956557,2607147.934228157,0.012386921450537129,0.1419617763919632,0.01799394351905541,0.027159102630679492,46912.87267432345,70807.79831906654,148351.52923233667,223913.91879009226,0.033360517995316745,0.043666767392643996,86975.80557627132,113845.72240215325,275041.64694899117,360011.78465806006,0.040094008767833256,0.04881989209130762,104531.01213398209,127280.68081509421,330556.08446608135,402496.8535125945,0.01650429966246291,0.024383248466210806,43029.15077087265,63570.73586845338,136070.1222187476,201028.31787727485,0.030133414376398333,0.03875917065871376,78562.26904266796,101050.89171526219,248435.70832576675,319550.9774112676,0.033360517995316745,0.043666767392643996,86975.80557627132,113845.72240215325,275041.64694899117,360011.78465806006,0.017107688970033907,0.023843095559032097,44602.27595764173,62162.47733233508,141044.78085351567,196575.01336876652,0.02703000573333932,0.03484326872780837,70471.22360985084,90841.55608546214,222849.57610616178,287266.22342398984,0.03266213673923849,0.04091560972929262,85155.02232718324,106673.04738341074,269283.8247563911,337329.7946826428
2025-10-20,2641810.420416612,27549.871327498466,2614260.5490891137,0.011356565509823738,0.838037320425788,0.016497190134790108,0.024899982569919616,43127.953340203894,65095.042105547414,136382.563376511,205848.59743809263,0.030585558289710466,0.040034524032223746,79958.61840865557,104660.67677900258,252851.35273161967,330966.1200763433,0.036758950877467736,0.04475900690348039,96097.47510486856,117011.70596417609,303886.8987227128,370023.50374870514,0.015131456274988676,0.02235502660241901,39557.569189969814,58441.864120541664,125092.01734000653,184809.40132698487,0.027626888227776154,0.035535145875413135,72223.88398796966,92898.12996821929,228391.9748657492,293769.6810699185,0.030585558289710466,0.040034524032223746,79958.61840865557,104660.67677900258,252851.35273161967,330966.1200763433,0.015684655084452347,0.021859804129249066,41003.77501335375,57147.22354591114,129665.32170729895,180715.38835988322,0.024781624075630858,0.0319449724020483,64785.62216327873,83512.48109241537,204870.12566704577,264089.6533037793,0.029945269052618247,0.03751221028732238,78284.73551611902,98066.6914632817,247558.0702548133,310114.10762096086
2025-10-21,2654592.02349756,12781.603080947418,2641810.420416612,0.01119378299097272,0.3448874246454956,0.01626072303020798,0.02454307168180192,42957.747544711834,64838.14251801618,135844.32539179528,205036.20961153615,0.03014715160640847,0.03946067794668586,79643.0592596893,104247.63019625872,251853.46708438187,329659.95209512353,0.0362320561390031,0.04411744111682456,95718.22346113807,116549.91566454341,302687.5997221618,368563.1946004943,0.014914565299966692,0.02203459455488004,39401.45402543602,58211.22150473723,124598.33784278779,184080.0453355437,0.02723089047213051,0.0350257928893951,71938.85020649782,92531.50463855805,227490.61890620747,292610.3099802789,0.03014715160640847,0.03946067794668586,79643.0592596893,104247.63019625872,251853.46708438187,329659.95209512353,0.015459834679044746,0.021546470492008925,40841.952353018525,56921.690268988226,129153.59352361187,180002.1895166453,0.02442640971220728,0.031487080175059995,64529.94371107473,83182.89651496682,204061.59940945465,263047.41535737773,0.02951604013478741,0.03697451849371124,77975.78239751633,97679.6682465731,246581.07470981666,308890.23274879676
2025-10-22,2628252.332175204,-26339.691322356,2654592.02349756,0.010480762906245056,-1.0436075780329201,0.015224949679761379,0.02297973039993606,40416.02997804629,61001.80902179466,127806.7087122713,192904.65789947915,0.02822684239458667,0.03694711698560169,74930.75066919254,98079.52204120946,236951.8389008344,310154.68147090886,0.03392415149595941,0.04130725428110921,90054.78196509667,109653.90772721794,284778.22519955947,346756.10275594617,0.013964539323723033,0.02063103791195329,37070.15470057318,54766.98867754696,117226.1220686084,173188.42480970133,0.025496340870149972,0.03279472464072612,67682.38310227495,87056.61444407045,214030.4880712819,275297.18702637585,0.02822684239458667,0.03694711698560169,74930.75066919254,98079.52204120946,236951.8389008344,310154.68147090886,0.014475076207166395,0.020174006310044356,38425.42183906323,53553.75623263319,121511.85306421583,169351.84695255905,0.022870499548803512,0.029481420373333123,60711.84567565835,78261.14336442857,191987.71328772462,247483.46532056728,0.027635931376675565,0.03461932058337017,73362.1229944489,91900.17227951935,231991.40264787074,290613.8617651494
2025-10-23,2639838.830222853,11586.498047649397,2628252.332175204,0.010762409023976209,0.3189635621433225,0.015634084778829584,0.023597257187971125,41090.31978138371,62019.54623722321,129939.00029384455,196123.02555975082,0.02898537310913106,0.037939984790497164,76180.87447304216,99715.85350831594,240905.0774781928,315329.2159139702,0.034835784136791996,0.042417290631180216,91557.23090067554,111483.34302595284,289529.3859040843,352541.28513185895,0.014339803827043402,0.021185449054028024,37688.62285136174,55680.70588442813,119181.89008537272,176077.8523207331,0.026181495709226527,0.033676006562638416,68811.57715760972,88509.0427866019,217601.31320646196,279890.16872695845,0.02898537310913106,0.037939984790497164,76180.87447304216,99715.85350831594,240905.0774781928,315329.2159139702,0.014864060201373704,0.02071613579118376,39066.50088985307,54447.23220683694,123539.1230249305,172177.26606568074,0.023485091011859544,0.030273664952055704,61724.74522326677,79566.83051373114,195190.7828991214,251612.41062397574,0.028378582732474036,0.03554963427599138,74586.07625045186,93433.40919384992,235861.88268641927,295462.3826070825
2025-10-24,2655199.155896816,15360.325673962943,2639838.830222853,0.01011024865972145,0.4783127051950283,0.01468671970457557,0.022167354662538684,38770.5729647377,58518.243601491224,122603.31675831816,185050.9344532869,0.02722897159690465,0.03564096844149306,71880.09652854406,94086.41243860066,227304.82346296156,297527.3601799752,0.032724870342200216,0.03984696686378726,86388.38344334836,105189.57039362895,273184.0550609604,332638.628538482,0.01347086717295856,0.01990169277407286,35560.918239950355,52537.261372163106,112453.49732526926,166137.40796361855,0.024594998323703883,0.03163537080371035,64926.83160417949,83512.28025613293,205316.66912741112,264089.01820369,0.02722897159690465,0.03564096844149306,71880.09652854406,94086.41243860066,227304.82346296156,297527.3601799752,0.01396335563851635,0.01946081807993234,36861.00841476668,51373.423235308335,116564.74344129532,162457.0286233907,0.022061985322907398,0.02843919793649482,58240.08552721762,75074.89901315265,184171.32138901603,237407.67598868976,0.02665895037036869,0.03339546392371197,70375.33236068318,88158.64241912129,222546.34135111325,278782.1054727597
2025-10-27,2665186.213325561,9987.057428745087,2655199.155896816,0.009692878797100436,0.28766771882115577,0.014080424608207395,0.02125224504638905,37386.33153438103,56428.94310808449,118225.96100682174,178443.98617760802,0.026104909022658856,0.03416964299710822,69313.73240172697,90727.2072432173,219189.26751687037,286904.62063469284,0.03137392684924454,0.03820200998433291,83304.02408728255,101433.94466396248,263430.4543733422,320762.2971936042,0.01291476472972562,0.019080113893215813,34291.27240897344,50661.50230368174,108438.52467764504,160205.73696550165,0.02357967106351252,0.03032940387740597,62608.722704163025,80530.60757414195,197986.16513905156,254660.1412914956,0.026104909022658856,0.03416964299710822,69313.73240172697,90727.2072432173,219189.26751687037,286904.62063469284,0.013386922355743213,0.018657439326166092,35544.9449390256,49539.217150032266,112402.98531259575,156656.7596957773,0.021151225549010565,0.027265174968781412,56160.71622391602,72394.4695624874,177595.7782939455,228931.41381719362,0.025558419332192647,0.03201683708087933,67862.69343689478,85011.07879163667,214600.6794143477,268828.63532960654
2025-10-28,2637960.302607651,-27225.91071791016,2665186.213325561,0.009226652712434991,-1.2175444659074175,0.013403158197172183,0.020230015097398805,35721.91244212478,53916.757332955254,112962.60569422209,170499.75722272406,0.024849266630037305,0.03252608805306793,66227.92283362635,86688.08145244987,209431.0808561319,274131.7833799391,0.029864845452304035,0.03636449876458324,79595.3743625793,96918.16076186164,251702.6741995235,306482.1346418427,0.012293566392228967,0.01816236314221438,32764.6436611711,48406.07984804208,103610.90069309887,153073.46491979025,0.02244549225577491,0.02887056388610948,59821.416511396936,76945.42884019381,189171.92903361836,243322.81067342064,0.024849266630037305,0.03252608805306793,66227.92283362635,86688.08145244987,209431.0808561319,274131.7833799391,0.012743013303924107,0.017760019161423737,33962.50337384274,47333.758217424336,107398.86570249611,149682.48618277244,0.02013385462340476,0.025953723949996788,53660.47176339947,69171.50725598886,169689.31109149428,218739.51211578856,0.024329063015568697,0.03047683179369312,64841.48333222249,81226.43192239304,205046.77419366752,256860.53108337123
2025-10-29,2630439.373279505,-7520.929328145925,2637960.302607651,0.009919127437341463,-0.38522023127301225,0.014409086194543974,0.021748309388517514,38010.59737805895,57371.17681573847,120200.06293829059,181423.59078197984,0.026714242977371988,0.0349672218617,70471.11248852251,92242.143163639,222849.22470966764,291695.26865242905,0.032106248839155985,0.03909371130386401,84695.00990333647,103127.65850119723,267829.13774506055,326118.2906238097,0.013216217788233614,0.019525476918416888,34863.857875977366,51507.433000265715,110249.19890848863,162880.80470935983,0.024130061574641815,0.031037344885461983,63654.14453338337,81875.28370619132,201292.0792350474,258912.38058403693,0.026714242977371988,0.0349672218617,70471.11248852251,92242.143163639,222849.22470966764,291695.26865242905,0.013699396393993351,0.01909293639223766,36138.463857040864,50366.40826293589,114279.85692792274,159272.56767280225,0.02164493192046818,0.027901591547565604,57098.47115884024,73603.29088205124,180561.219775369,232754.04247118562,0.02615499726756809,0.03276416571316702,68995.8445066562,86430.5684993933,218184.0177278501,273317.4559212843
2025-10-30,2625769.2004322438,-4670.172847261652,2630439.373279505,0.009466022206928736,-0.2897679087727902,0.013750879879375837,0.020754847735885228,36170.85585194713,54594.36867089349,114382.28940978312,172642.55241896297,0.02549393773419145,0.033369920968186625,67060.25759595327,87777.55399794344,212063.1544808199,277576.9980719202,0.03063963704594636,0.03730791258518421,80595.70766865065,98136.20219893851,254866.0058660353,310333.9198674703,0.012612501640422191,0.018633554138522766,33176.42091051888,49014.43447010555,104913.05468967694,154997.25115060175,0.023027801604829208,0.029619560569798854,60573.23602141172,77912.45834203603,191549.39107461687,246380.82646382003,0.02549393773419145,0.033369920968186625,67060.25759595327,87777.55399794344,212063.1544808199,277576.9980719202,0.013073608672358905,0.018220772041299637,34389.33500262126,47928.63618898494,108748.6258268357,151563.65550276483,0.020656192545251507,0.02662704828285784,54334.86217307216,70040.8361974437,171821.920818234,221488.57160668902,0.024960238339605166,0.03126750031104126,65656.39369493809,82247.2639221921,207623.74702872275,260088.68531112082
2025-10-31,2624458.9325458305,-1310.2678864127956,2625769.2004322438,0.009045898088801983,-0.1619590418288046,0.013140583795497953,0.019833699241693932,34504.14020591756,52078.716599476276,109111.67175649069,164687.362072764,0.024362457385421955,0.031888886135154317,63970.19024948402,83732.85504977901,202291.5035426644,264786.53694603324,0.02927977857400765,0.0356521005100205,76881.9407751052,93614.18744992651,243122.0437835036,296034.0536477177,0.012052729434819706,0.01780655359606852,31647.685731092708,46755.89999840273,100078.76958346406,147855.13804601572,0.022005774122731678,0.028304975468299697,57782.08392313772,74322.33280365157,182722.99314811287,235027.8526765869,0.024362457385421955,0.031888886135154317,63970.19024948402,83732.85504977901,202291.5035426644,264786.53694603324,0.012259758064677818,0.01723025077136567,32191.295130981827,45242.66179117588,101797.81344459097,143069.858668789,0.01973942259825327,0.025445277848179806,51831.16789280965,66813.42687019137,163904.54432786856,211282.6071908999,0.02385244481330385,0.0298797758046917,62631.01494578306,78457.39502378003,198056.65939672166,248104.06755870537
2025-11-03,2624604.705202515,145.77265668427572,2624458.9325458305,0.008665509004677545,-0.10505956975377144,0.011167746437393704,0.018675510094342818,29309.29189402478,49013.10928694783,92684.11899182873,154993.06055350645,0.023337991626368876,0.030547926501116884,61249.60059150359,80171.77857660971,193688.24364474777,253525.42436877877,0.028048534528828696,0.034152893938490886,73612.22698900463,89632.86756916276,232782.3009225732,283444.01473079424,0.011545900077921886,0.01705777016435972,30301.740593783692,44767.417277167624,95822.5173439395,141567.0035590231,0.021080409257704356,0.02711472287106121,55324.66837810402,71161.47664246132,174951.9628683023,225032.34785104936,0.023337991626368876,0.030547926501116884,61249.60059150359,80171.77857660971,193688.24364474777,253525.42436877877,0.011744222946325891,0.01650570145124148,30822.230817294698,43318.53561164538,97468.4519500844,136985.23743591458,0.018909360087092566,0.02437527840302324,49626.83898929569,63971.91713810581,156933.8442806229,202296.9644439747,0.02284942559425105,0.028623301274400423,59967.37910437349,75120.67870855064,189633.50328060836,237552.44409673612
2025-11-04,2604147.830281114,-20456.87492140057,2624604.705202515,0.008355565400243577,-1.0520820060711535,0.0107683040523772,0.018007533763101442,28262.541482920504,47262.65784372919,89374.00355102161,149457.64705940665,0.02250324998095347,0.02945530350082581,59062.13578235888,77308.52816143553,186770.87254638496,244471.03154540563,0.027045308534110656,0.032931330260761976,70983.24403228055,86431.72435097385,224468.72684956124,273321.1110449159,0.011132932082082995,0.01644765634813796,29219.545925335056,43168.596240876905,92400.31731995105,136511.08751335373,0.020326415692554375,0.026144896986009507,53348.80626658045,68620.0196465156,168703.7382534582,216995.55516849158,0.02250324998095347,0.02945530350082581,59062.13578235888,77308.52816143553,186770.87254638496,244471.03154540563,0.01132416143703711,0.01591533375342392,29721.447390120473,41771.459854104825,93987.46910964776,132092.954329256,0.018233019525935725,0.023503435601494052,47854.468837820226,61687.22766810559,151329.11774506277,195072.14197257106,0.02203215873501576,0.027599517309373295,57825.707481691046,72437.8229914994,182860.9429527831,229068.50939724996
2025-11-05,2633636.447087944,29488.61680682981,2604147.830281114,0.00887063219135573,1.1604742770108234,0.011432100641632095,0.019117582238209307,29770.880081461553,49785.01030585353,94143.78900515765,157434.02590145316,0.0238904304052664,0.031271033248445594,62214.21250435646,81434.39338458817,196738.61434749467,257518.16296944683,0.028712477614122454,0.03496133467003519,74771.53628081206,91044.48382470403,236448.35879728146,287907.93728042295,0.011819205640904145,0.017461548427338717,30778.958725406836,45472.45345040272,97331.61358059866,143796.52369925505,0.02157940830335609,0.027756561493374764,56195.96931193503,72282.18938903621,177707.25834663995,228576.3527330091,0.0238904304052664,0.031271033248445594,62214.21250435646,81434.39338458817,196738.61434749467,257518.16296944683,0.012022223053937466,0.01689641157319852,31307.646081066843,44000.75353788163,99003.4697946158,139142.59994341788,0.019356967746032853,0.024952271027403085,50408.405556652964,64979.40245659805,159405.37477651128,205482.91275959034,0.023390299418180945,0.029300849790879435,60911.797479481516,76303.74440831153,192620.016410065,241293.62632960145
2025-11-06,2611928.2871144023,-21708.15997354174,2633636.447087944,0.009495266415071474,-0.973406262232243,0.012237103166332058,0.020463765450756725,32228.080905627394,53894.11853577196,101914.14027796463,170428.16706013825,0.0255726983799177,0.03347301357595445,67349.19050373808,88155.74854750319,212976.8405603953,278772.9542471904,0.030734294749425416,0.03742317117397282,80942.95882763041,98559.02756938574,255964.11044854458,311671.01109058794,0.012651466541952124,0.018691120402762783,33319.36339399879,49225.61592962516,105365.07851187445,155665.06556228234,0.02309894340108534,0.02971106686203696,60834.219230319904,78248.14856972737,192374.69244582625,247442.37217158522,0.0255726983799177,0.03347301357595445,67349.19050373808,88155.74854750319,212976.8405603953,278772.9542471904,0.012868779624274317,0.018086188885450445,33891.68704803154,47632.446237639175,107174.92481740816,150627.02063645775,0.020720007522759976,0.026709309545845446,54568.966995877054,70342.6110964925,172562.2252695276,222442.8676283506,0.02503735018123612,0.031364097727274866,65939.27797580739,82601.63090457924,208518.30567052856,261209.29210302496
2025-11-07,2633199.923279908,21271.63616550574,2611928.2871144023,0.009763156244562941,0.731844746508726,0.012582348400893863,0.02104110940275529,32864.19170662334,54957.86884132537,103925.69925334593,173792.0408873871,0.026294180591070727,0.03441738727832839,68678.51407231213,89895.7474008373,217180.53078443234,284275.3137498074,0.031601401012699454,0.038478990621957226,82540.59321751542,100504.36406509989,261016.27398879465,317822.70523249503,0.013008402205111716,0.01921845274277516,33977.013689692656,50197.220353425815,107444.7513501503,158737.54852618795,0.02375063359477257,0.03054930481005779,62034.951723076105,79792.59338507001,196171.7419835075,252326.3355085061,0.026294180591070727,0.03441738727832839,68678.51407231213,89895.7474008373,217180.53078443234,284275.3137498074,0.013008402205111716,0.018500394167140718,33977.013689692656,48321.70284792114,107444.7513501503,152806.64141727576,0.021304580829046963,0.02746285895323377,55646.037312502966,71731.01814498431,175968.22067022423,226833.39622101656,0.025743728620531234,0.0322489726138791,67240.77299976216,84232.0038005685,212633.99430960105,266364.98388975585
2025-11-10,2665405.824231484,32205.900951575957,2633199.923279908,0.009665420660656876,1.157795527811124,0.012456390858367004,0.02083047412641676,32800.16745259654,54850.80287156472,103723.23678512803,173453.46856304872,0.0260309586340493,0.03407284670580177,68544.71827808107,89720.61733164528,216757.43133331096,283721.50384437776,0.03128505030572947,0.038093790741678,82379.7920648549,100308.56685842738,260507.776096007,317203.5400999112,0.012878179585156252,0.01902606345251544,33910.82149561832,50099.42882348232,107235.4332535515,158428.30455569393,0.023512874207912732,0.03024348627466376,61914.098560365936,79637.14573816156,195789.57072690842,251834.7668873618,0.0260309586340493,0.03407284670580177,68544.71827808107,89720.61733164528,216757.43133331096,283721.50384437776,0.012878179585156252,0.01831519311318598,33910.82149561832,48227.56510049802,107235.4332535515,152508.95172162107,0.021091308031291577,0.027187937760917606,55537.63068986989,71591.27562618715,175625.40882925733,226391.49157564866,0.02548601704800077,0.03192613929135152,67109.77813550606,84067.90753261048,212219.7521767672,265846.06592747517
2025-11-11,2659440.913810235,-5964.910421248991,2665405.824231484,0.010219833700576518,-0.31373742962974366,0.013170895251365161,0.022025319843831125,35105.780913331495,58706.415792308755,111014.22672499367,185645.98716857412,0.027524106569872808,0.03602728109454731,73362.91395810703,96027.32486063123,231993.90389457686,303665.06417250575,0.033079575391910206,0.04027886835688456,88170.49291270194,107359.53031189332,278819.5800238718,339500.6443114702,0.013616877976370642,0.020117407331561487,36294.50586606773,53621.054669981146,114773.3050871162,169564.66329754874,0.0248615836458702,0.031978266761927596,66266.20984932064,85235.05847606988,209552.1550305365,269536.92128202127,0.027524106569872808,0.03602728109454731,73362.91395810703,96027.32486063123,231993.90389457686,303665.06417250575,0.013616877976370642,0.019365761137806917,36294.50586606773,51617.612527386285,114773.3050871162,163229.22296658115,0.02230111530322,0.02874745055941715,59441.522616060465,76623.6221528771,187970.5990551615,242305.1685752262,0.02694790688012585,0.033757437540941945,71827.10794913513,89977.27063275721,227137.25886205264,284533.1128448925
2025-11-12,2675444.099472308,16003.185662072618,2659440.913810235,0.009665602782162646,0.5207673290077061,0.012456625568964631,0.02083086662638619,33127.65968611924,55398.45897633561,104758.85815907549,175185.30922862055,0.026031449124587634,0.034073488726295835,69229.10084769798,90616.42999496293,218921.63904421913,286554.3122172832,0.031285639796934224,0.038094508527149934,83202.3104906966,101310.0945685954,263108.80773912306,320370.64880381513,0.012878422243343617,0.019026421952724228,34249.403019271806,50599.644984492035,108306.12204194668,160010.12694691017,0.023513317251232426,0.030244056140110227,62532.27791732753,80432.28029858279,197744.42549740532,254349.20314460964,0.026031449124587634,0.034073488726295835,69229.10084769798,90616.42999496293,218921.63904421913,286554.3122172832,0.012878422243343617,0.018315538218760304,34249.403019271806,48709.091697426185,108306.12204194668,154031.67252186392,0.021091705446045904,0.027188450051932933,56092.144405248626,72306.07645119645,177378.93516365648,228651.89025604547,0.025486497270431212,0.031926740862329675,67779.83359069764,84907.2808938966,214338.65357379348,268500.3975564107
2025-11-13,2631521.0526636657,-43923.04680864187,2675444.099472308,0.009363888138995425,-1.8709424723386274,0.012067788325875803,0.020180624977449137,32286.693070145222,53992.134019579775,102099.48821643347,170738.1192349343,0.025218869758275905,0.033009874720608706,67471.6762901399,88316.07454557267,213364.17462642194,279279.94956922974,0.0303090493182721,0.03690537720177511,81090.16715918627,98738.27367328905,256429.62406681431,312237.8370406336,0.012476418492591733,0.01843250657676764,33379.96023855174,49315.14095929749,105556.70255968095,155948.16856364108,0.02277934211444888,0.02929997900266748,60944.8564499633,78390.45593734924,192724.5580538877,247892.3875810932,0.025218869758275905,0.033009874720608706,67471.6762901399,88316.07454557267,213364.17462642194,279279.94956922974,0.012476418492591733,0.01774381328834139,33379.96023855174,47472.5805644313,105556.70255968095,150121.4809894447,0.02043332163637956,0.026339754560242828,54668.20980467154,70470.54091975049,172876.05858671077,222847.41725050862,0.024690928737062412,0.030930138224722133,66059.19960006488,82751.85580919572,208897.53114388912,261684.34496289457
2025-11-14,2620192.0284151854,-11329.024248480331,2631521.0526636657,0.011429560310912086,-0.4619910571761831,0.01660322651624399,0.025040834831355756,43691.740119639675,65895.4840349863,138165.41371421906,208379.81706981926,0.03078214824832095,0.04029184761441689,81003.87116167056,106028.84524805435,256156.73216170844,335292.6486613725,0.036995220575837026,0.045046697297464855,97353.70179325115,118541.33229124622,307859.43631549244,374860.60691120446,0.015490296576620351,0.022691114527289325,40763.04155338036,59712.1455869642,128904.05566477007,188826.38403037877,0.027804461210482245,0.03576354951580753,73168.0250333543,94112.53346882695,231377.61100161704,297609.9621303204,0.03078214824832095,0.04029184761441689,81003.87116167056,106028.84524805435,256156.73216170844,335292.6486613725,0.015490296576620351,0.02178467454249382,40763.04155338036,57326.8296839987,128904.05566477007,181283.3528379866,0.024940909003673767,0.03215030005187722,65632.52711573629,84604.19143596865,207548.27427848827,267541.9445345726,0.03013774352530474,0.03775332159213885,79308.1065666175,99348.66057769513,250794.25366586767,314168.0499124963
2025-11-17,2588181.073417272,-32010.954997913446,2620192.0284151854,0.010771549053013075,-1.2308540367912455,0.015647362102570485,0.023599208838928853,40999.09344688106,61834.45887666656,129650.51729422777,195537.72793428303,0.029009989080450462,0.037972205510028535,76011.74213300788,99494.47017871994,240370.2340576904,314629.1403564551,0.03486536859858145,0.04245331372481757,91353.96086976024,111235.83420157597,288886.5896263391,351758.5935058375,0.014598504656516532,0.02138476429096596,38250.88552778658,56032.188924726725,120959.92078617748,177189.33928699742,0.026203730473811093,0.03370460607759296,68658.80570221989,88312.54016538308,217118.20744597132,279268.7728777136,0.029009989080450462,0.037972205510028535,76011.74213300788,99494.47017871994,240370.2340576904,314629.1403564551,0.014598504656516532,0.02053050896580569,38250.88552778658,53793.875931510556,120959.92078617748,170111.1721120853,0.023505035841432893,0.030299375011587703,61587.707539335686,79390.18087132437,194757.43169262493,251053.79540611606,0.028402683384068123,0.03557982497853843,74420.48458853574,93225.97378117387,235338.23587323172,294806.4142356492
2025-11-18,2596096.296722796,7915.223305523861,2588181.073417272,0.011396868574189097,0.18317441139078497,0.016555736648282665,0.024969211045544074,42849.2442495659,64624.839446238664,135501.20784550064,204361.6860728088,0.030694102701604564,0.04017660166982568,79441.89567781889,103984.32003606758,251217.3319833936,328827.29225785576,0.036889403905888705,0.044917851153936234,95476.45699886633,116255.53221519192,301923.0670395419,367632.27239508677,0.015445989999318298,0.022626211598226597,39977.01897642808,58560.73262166444,126418.4340292859,185185.29653258313,0.02772493268087207,0.03566125576930758,71757.14602640108,92297.78723641437,226916.01983672834,291871.2306606874,0.030694102701604564,0.04017660166982568,79441.89567781889,103984.32003606758,251217.3319833936,328827.29225785576,0.015445989999318298,0.021722364285111543,39977.01897642808,56221.41211260101,126418.4340292859,177787.7155467981,0.024869571033655648,0.03205834120864354,64366.95305331397,82972.79196136419,203546.17769360164,262383.0064212205,0.030051541156188792,0.037645336541416455,77778.83004746803,97432.9475389177,245958.25669314124,308110.0333666771
2025-11-19,2609896.4838090045,13800.187086208723,2596096.296722796,0.010560223946249168,0.41057176217123925,0.015340379286020599,0.023136220154303652,39825.10185476116,60063.855462751024,125938.02990924151,189938.58831344004,0.028440847259763945,0.037227235557798395,73835.17824673186,96645.4883688276,233487.33470419043,305619.8688248065,0.03418135112763124,0.04162042970681562,88738.07907942502,108050.64342987548,280614.4450791208,341686.1358851145,0.014312099187818528,0.020965220400419857,37155.58769982502,54427.7310415072,117496.28493358368,172115.59796621127,0.02568964414205533,0.03304336140027421,66692.79002131631,85783.74816252485,210901.11997870918,271272.0304198626,0.028440847259763945,0.037227235557798395,73835.17824673186,96645.4883688276,233487.33470419043,305619.8688248065,0.014312099187818528,0.020127724558682492,37155.58769982502,52253.51118825209,117496.28493358368,165240.11109596805,0.023043894720110997,0.029704936957442432,59824.169744950144,77116.87682960041,189180.6355225769,243864.9768202019,0.02784545618592055,0.034881790714828935,72289.48568482521,90556.487697827,228599.42564618462,286364.758030151
2025-11-20,2568638.507376024,-41257.97643298097,2609896.4838090045,0.010007999291702555,-1.688699290275065,0.014538186482633542,0.021926360283219884,37943.16178198488,57225.53060590498,119986.81285932544,180963.0170263352,0.026953593094229455,0.03528051573440558,70346.08784264812,92078.49396219339,222453.8620650486,291177.7644385932,0.032393909411009586,0.03944397705449365,84544.75026862134,102944.69702196603,267353.97505897586,325539.7156253655,0.013563678124964349,0.01986888838586749,35399.79584586157,51855.74193546912,111943.98357788945,163982.2542739906,0.02434625834512715,0.031315428458018144,63541.214048852984,81730.02662155399,200934.961686665,258453.0373503071,0.026953593094229455,0.03528051573440558,70346.08784264812,92078.49396219339,222453.8620650486,291177.7644385932,0.013563678124964349,0.019075187624067985,35399.79584586157,49784.26510805207,111943.98357788945,157431.66937909322,0.0218388628130233,0.028151579885362633,56997.17126609673,73472.70935647623,180240.88138756878,232341.10743002908,0.026389336741746785,0.033057720986240886,68873.43717233671,86277.22976472923,217796.9317490908,272832.5562662176
2025-11-21,2619183.684573377,50545.17719735345,2568638.507376024,0.011679951503655759,1.58568865503808,0.01699657435323335,0.02570343416339021,43658.05537719492,66022.83076388853,138058.8932056975,208782.52278572234,0.031456503044607474,0.04117453456890876,80800.3850277699,105762.49501698429,255513.25250632034,334450.375275879,0.03780568722143101,0.0460335503310594,97109.14399478138,118243.55001159149,307086.0766527715,373918.9366606583,0.016370137127136287,0.023292999928548174,42048.96459578819,59831.29656877582,132970.5013744721,189203.1725183488,0.02841358282292442,0.03654703353237648,72984.22297148162,93876.11766162503,230796.3778474642,296862.3497046951,0.031456503044607474,0.04117453456890876,80800.3850277699,105762.49501698429,255513.25250632034,334450.375275879,0.016131286398119362,0.02233085524577335,41435.443415720474,57359.894686933316,131030.37705270383,181387.91355810015,0.025487297822111434,0.0328546274063924,65467.6546348365,84391.66110155119,207026.90171536233,266869.86460593616,0.0307979811322317,0.0385803962097395,79108.88028569058,99099.09133416088,250164.24484837407,313378.8426690028
2025-11-24,2644383.546414126,25199.861840749625,2619183.684573377,0.01316273416548488,0.654069196796692,0.01915430812067029,0.02896651333927654,50168.65131895097,75868.6191372102,158647.20530669557,239917.63940542302,0.03544994062880634,0.04640168692040205,92849.90611406445,121534.54131859892,293617.1838532374,384325.96495061624,0.042605160704940505,0.051877560066199896,111590.74179700692,135876.85892086613,352880.90986629284,429680.35549930553,0.018448344001221802,0.02625007183293304,48319.601615397274,68753.75986369737,152799.99673660676,217418.47886955156,0.03202071834545559,0.04118671954872113,83868.1430587367,107875.58386310974,265214.35519444884,341132.54892793245,0.03544994062880634,0.04640168692040205,92849.90611406445,121534.54131859892,293617.1838532374,384325.96495061624,0.01817917091002378,0.025165781826751433,47614.58784660524,65913.80517016054,150570.54744544456,208437.75358628973,0.028722938252268463,0.03702555841272463,75230.6512433501,96976.73850682689,237900.20778676457,306667.3737361293,0.03470781863694395,0.04347821984953752,90906.15230101538,113877.44406420302,287470.49459336523,360112.09736130346
2025-11-25,2684066.0192613164,39682.47284718976,2644383.546414126,0.01248051486398361,1.1160520936248124,0.018161547912757786,0.02746519041891651,48026.098477908505,72628.49764291372,151871.85832173668,229671.47558777785,0.0336125842384097,0.04399670585481724,88884.56471250941,116344.16505890076,281077.6733241592,367912.55405670445,0.04039695209029793,0.04918876666302101,106825.03543286359,130073.96523209644,337810.4230960401,411329.9944229771,0.017492173634173668,0.024889541000579024,46256.016149227835,65817.49269973095,146274.36651709097,208133.1868126546,0.03036109718859233,0.03905202817773407,80286.38585659374,103268.54076730082,253887.84440996492,326563.79946662294,0.0336125842384097,0.04399670585481724,88884.56471250941,116344.16505890076,281077.6733241592,367912.55405670445,0.016914638132444232,0.02380558880494877,44728.79077098449,62951.10734850685,141444.85582142984,199068.8804510447,0.027234239732252058,0.035106538376275156,72017.7754470652,92835.15245377812,227740.2024312771,293570.5286829083,0.032908926135626286,0.041224760925019505,87023.82280320796,109014.07949497757,275193.49075303617,344732.7882307874
2025-11-26,2704276.145719697,20210.12645838084,2684066.0192613164,0.012757767394465562,0.5122780905745573,0.018565003633227488,0.028075324986825093,49829.69539940878,75356.0257768554,157575.33257454546,238296.6768732224,0.034359282122086776,0.0449740852469383,92222.58159010597,120713.41395866878,291633.40952544776,381729.3322441561,0.04129436356032589,0.05028148680936407,110836.79801929348,134958.8301429502,350496.73030100664,426777.29360351036,0.017880759318062385,0.025442457951534228,47993.138484201394,68289.2368341979,151767.6296699574,215949.52807073167,0.031035563836441734,0.03991956239012259,83301.50228200863,107146.7409151101,263422.47972486116,338827.74515570194,0.034359282122086776,0.0449740852469383,92222.58159010597,120713.41395866878,291633.40952544776,381729.3322441561,0.017290393962673647,0.024334425940893512,46408.558894853355,65315.20576618336,146756.7490338033,206544.81606370257,0.027839243769650315,0.03588642419888435,74722.36820405073,96321.53174502248,236292.87568654565,304595.428030484,0.0336399923733563,0.042140562028542806,90291.96041753548,113108.05057338548,285528.24932118005,357679.06151341216
2025-11-28,2710070.1026267093,5793.956907012034,2704276.145719697,0.011942234159375458,0.09833066510115528,0.017378246028677213,0.026280625341913548,46995.57618979984,71070.06820673335,148613.06071174503,224743.2889967959,0.032162883987680066,0.04209914168490372,86977.3199454332,113847.70461375885,275046.4358047611,360018.05296153814,0.0386546441749459,0.04706727053351553,104532.83216358903,127282.89694792163,330561.83990504825,402503.8615399266,0.016737741653478463,0.023816062877827223,45263.47548672076,64405.210725468554,143135.67735323613,203667.15907558613,0.029051632557889135,0.03736772641030054,78563.63692051328,101052.65115115566,248440.03393531885,319556.54123608803,0.032162883987680066,0.04209914168490372,86977.3199454332,113847.70461375885,275046.4358047611,360018.05296153814,0.01618511507739794,0.022778861201545264,43769.02061953545,61600.33097399877,138409.7961126061,194797.35049805458,0.026059635486168513,0.03359240435059741,70472.45061139602,90843.13776269114,222853.4562257371,287271.2251265567,0.03148957443890242,0.03944674987340338,85156.50499398852,106674.90470881623,269288.513360507,337335.6680612803
2025-12-01,2690688.545611996,-19381.55701471353,2710070.1026267093,0.010980321100968048,-0.7416280300798299,0.01597847764663809,0.024163795579397702,43302.79455564307,65485.579965709156,136935.45984617103,207083.58658873205,0.029572254990550263,0.0387081753385722,80142.88411714377,104901.86871229703,253434.05206510698,331728.83593881316,0.035541122324364724,0.04327613551258318,96318.93302505954,117281.36100987367,304587.2101564001,370876.22787566634,0.015389564080516472,0.021897746625080754,41706.797507065596,59344.428443526274,131888.4740337598,187663.5603224241,0.02671160603081349,0.034357862132196035,72390.32489725095,93112.21495463484,228918.30723490752,294446.6772398378,0.029572254990550263,0.0387081753385722,80142.88411714377,104901.86871229703,253434.05206510698,331728.83593881316,0.014881450006272761,0.02094408859928352,40329.77274573386,56759.948339683186,127533.93939350176,179490.71662689143,0.023960605829158876,0.030886631546538493,64934.921498426724,83704.93672512093,205342.25161926227,264698.2514516577,0.028953178614450046,0.03626942615754167,78465.14373903208,98292.6874689808,248128.57114784193,310828.7697410704
2025-12-02,2694337.512648288,3648.967036292423,2690688.545611996,0.010720237622229638,0.036313604191851354,0.015600006196389227,0.02359144401007433,41974.75798410066,63477.22817235374,132735.83946409583,200732.62057884512,0.028871796881779335,0.03779132083084887,77685.01316103981,101684.67408311309,245661.58164904272,321555.17323453113,0.034699283670705204,0.042251082805383644,93364.96511370788,113684.50454414974,295245.9434214785,359501.96902727534,0.015025041829707658,0.021379069432818934,40427.707948535506,57524.41723872946,127843.63769746546,181908.179548239,0.026078906189406177,0.033544050566651884,70170.21416592499,90256.59263311981,221897.70066613535,285416.40656663274,0.028871796881779335,0.03779132083084887,77685.01316103981,101684.67408311309,245661.58164904272,321555.17323453113,0.014528963111698982,0.020448000063090638,39092.91462426768,55019.19955043135,123622.65058719143,173985.98561867521,0.023393067078750378,0.03015504068455295,62943.45763552672,81137.82256239036,199044.68993458097,256580.32368375294,0.02826738415130663,0.03541033666096331,76058.72675033483,95278.18724991853,240518.81246343497,301296.0830417571
2025-12-03,2714858.155630715,20520.64298242703,2694337.512648288,0.009979234262931956,0.6635195563561441,0.014521703885942415,0.02196075821017203,39126.37152746507,59169.69465186538,123728.45060475093,187111.00355657833,0.026876122976753597,0.035179112344920625,72413.3463308158,94784.40205258812,228991.1073999747,299734.59714331734,0.03230080271615077,0.03933060702900414,87029.26444677672,105969.9299134743,275210.69874092826,335106.3420149887,0.013986482157642668,0.019901307201548323,37684.303547322605,53620.83854386918,119168.23124670229,169563.9798467731,0.02427628223888036,0.031225421537123838,65408.49790385272,84131.82459572853,206839.83170652375,266048.1894282769,0.026876122976753597,0.035179112344920625,72413.3463308158,94784.40205258812,228991.1073999747,299734.59714331734,0.01329630395534674,0.01893206352942377,35824.73052646453,51009.36895916701,113287.74502539098,161305.78791886024,0.021776093472336534,0.028070666509797986,58672.14552145184,75631.84978238872,185537.6150566354,239168.90896405856,0.02631348841197694,0.032962706361684704,70897.41891702551,88812.65626869746,224197.32400490885,280850.2788587152
2025-12-04,2714876.1801553774,18.02452466217801,2714858.155630715,0.009767842739685305,-0.09820979187385652,0.014214088589647698,0.021495560379618677,38589.23433246255,58357.39740646024,122029.87365254897,184542.29412401732,0.026306802282867914,0.03443390825920425,71419.23672620868,93483.1766677405,225847.45680556676,295619.7611779697,0.03161657026821437,0.03849746124737241,85834.50364573338,104515.1466385064,271432.533350544,330505.9133641711,0.01369020453851225,0.01947973501142932,37166.963443632616,52884.71746530407,117532.25819409425,167236.1606048476,0.02376203433708446,0.030563969039984838,64510.552714410835,82976.84061664752,204000.279693896,262395.8093933767,0.026306802282867914,0.03443390825920425,71419.23672620868,93483.1766677405,225847.45680556676,295619.7611779697,0.013014646478168182,0.01853102296436228,35332.91913390545,50309.098826979,111732.5008456851,159091.33932375893,0.02131480742090294,0.027476041632206273,57866.678762336436,74593.55570964426,182990.50551827654,235885.53481313353,0.025756086085227014,0.032264452715709935,69924.12036560534,87593.41259220669,221119.4837390786,276994.69181824685
2025-12-05,2722548.5439267573,7672.363771379925,2714876.1801553774,0.009223620566908165,0.20123581530686044,0.013422140727416449,0.020297920236690335,36439.45014755629,55106.34015728439,115231.65915043661,174261.5484130201,0.02484110044073708,0.032515399037726274,67440.51187540435,88275.28233577014,213265.6240939115,279150.95327546226,0.029855030998420278,0.036352548336220876,81052.71251541162,98692.66756595304,256311.1820835362,312093.6178662377,0.012927445241677722,0.018394407985230232,35096.413156893825,49938.540087161426,110984.60327808493,157919.52969905364,0.02243811601641033,0.028861076181968814,60916.706700515264,78354.24826007684,192635.54073006887,247777.88885212812,0.02484110044073708,0.032515399037726274,67440.51187540435,88275.28233577014,213265.6240939115,279150.95327546226,0.012289526369968813,0.0174985540917345,33364.54240721971,47506.40769081041,105507.94709609143,150228.45175550107,0.02012723805517175,0.025945194804007213,54642.95916830263,70437.99136289024,172796.20906341635,222744.4865140011,0.024321067780254904,0.030466816223358433,66028.68759255846,82713.63364996722,208801.04370418467,261563.47588264287
2025-12-08,2710418.384483424,-12130.15944333328,2722548.5439267573,0.008817308714277416,-0.6159855673008392,0.012830878887701019,0.019403771836276958,34932.69063301098,52827.71075954285,110466.86719834383,167055.8895727391,0.023746819353581982,0.031083055640010473,64651.86845398637,84625.1278735049,204447.1593001859,267608.151363277,0.028539880091320163,0.03475117378322472,77701.20898646796,94611.75758326416,245712.79734598217,299188.6473948225,0.012357975347743291,0.01758411164527248,33645.18778888126,47873.59755608213,106395.42571694916,151389.60806349004,0.02144968935444635,0.02758971020942602,58397.82051962918,75114.32535803401,184670.12323174594,237532.35303833015,0.023746819353581982,0.031083055640010473,64651.86845398637,84625.1278735049,204447.1593001859,267608.151363277,0.011748157588467614,0.01672772121978395,31984.929336304587,45542.03305013551,101145.22750226023,144016.55371309354,0.019240608415193157,0.0248022769995278,52383.49042504904,67525.40313113251,165651.1415327768,213534.07381544428,0.02324969477265233,0.029124715423170938,63298.422650026136,79293.4515676352,200167.1878700738,250747.91048997617
2025-12-09,2711776.6656780983,1358.2811946743168,2710418.384483424,0.008753190416288794,-0.05311538909479557,0.012737574440432956,0.019262670184399096,34524.155937075644,52209.89540203602,109174.96705598384,165102.1858695863,0.023574135636936167,0.030857023787377712,63895.770628657636,83635.44456375089,202056.16803824695,264478.4979422004,0.028332341873531362,0.034498467862598484,76792.50028948895,93505.2815312975,242839.20813392472,295689.6628941771,0.012268109792213903,0.017456242320643852,33251.71032367768,47313.72010987069,105151.14071895622,149619.1201229035,0.021293710062084185,0.027389081500831157,57714.86322613265,74235.87003396761,182510.42263967282,234754.43339157902,0.023574135636936167,0.030857023787377712,63895.770628657636,83635.44456375089,202056.16803824695,264478.4979422004,0.011662726546696906,0.016606079452596643,31610.86844537017,45009.423042510374,99962.34310331565,142332.29298439846,0.019100693266044515,0.024621918135050592,51770.870184665786,66735.69957448695,163713.86623244584,211036.8119001085,0.023080626079938465,0.0289129243605179,62558.1532524528,78366.12173592637,197826.25049162135,247815.43607955563
2025-12-10,2743672.085225129,31895.419547031168,2711776.6656780983,0.008417747040510522,1.2743608157785173,0.01224943985563348,0.018524478187440584,33217.74516813416,50234.24769256429,105043.73346635679,158854.63925356104,0.02267071788146347,0.029674508186386478,61477.92374512385,80470.63886531656,194410.2648527403,254470.5035832679,0.02724657817483749,0.033176403338847985,73886.63491409845,89966.99642541292,233650.05497387054,284500.6229485317,0.011797966225422457,0.016787276997834964,31993.44951255893,45523.346043003534,101172.17066529003,143957.46020790466,0.020477683716675636,0.026339465815445395,55530.904870017344,71426.74878475077,175604.1399193913,225871.21202047632,0.02267071788146347,0.029674508186386478,61477.92374512385,80470.63886531656,194410.2648527403,254470.5035832679,0.011215782726495907,0.015969694422099043,30414.697885027083,43306.244691857864,96179.7196625916,136946.3701348476,0.01836870861540283,0.023678346826240947,49811.83540188964,64210.38840523326,157518.85430338004,203051.0768046039,0.022196120801391907,0.027804911340137836,60190.92245778683,75400.70976343412,190340.4094331865,238437.98004574754
2025-12-11,2773372.8888064246,29700.80358129507,2743672.085225129,0.009263590756840466,1.0580229484487833,0.013480305036136786,0.020385880460249608,36985.53662796823,55932.17115152325,116958.53622796327,176873.0553171763,0.02494874835356492,0.03265630321584536,68451.18441898246,89598.18753996253,216461.6513002141,283334.3468492004,0.029984406578300794,0.03651008064698558,82267.37932092462,100171.68910045254,260152.29578715804,316770.6946236934,0.012983465807343997,0.01847411941476363,35622.372705084665,50686.92573740257,112647.83340748108,160286.13292200182,0.022535350692576065,0.028986144498501974,61829.61262597973,79528.47551884182,195522.4027440005,251491.12148048135,0.02494874835356492,0.03265630321584536,68451.18441898246,89598.18753996253,216461.6513002141,283334.3468492004,0.01234278253978005,0.0175743833743371,33864.54790839864,48218.34507921331,107089.10332243085,152479.79545428616,0.020214458634340425,0.026057627265492815,55461.84587297791,71493.58453553385,175385.75619581988,226082.56522207824,0.024426462152397754,0.030598842949983458,67018.20234834185,83953.19124205735,211930.16411080546,265483.3011646016
2025-12-12,2744120.547657032,-29252.341149392538,2773372.8888064246,0.009687275949377221,-1.19430123066373,0.014096848424614127,0.021318261425098926,39095.81723843838,59123.488272857176,123631.82945913951,186964.8861564834,0.02608981940551373,0.03414989166105245,72356.79781310754,94710.38368843947,228812.2852857102,299500.5305239278,0.031355791542046825,0.03817992778882181,86961.30216977846,105887.17662610543,274995.78315064247,334844.6531430366,0.013577285456200669,0.019319062919571563,37654.8753878127,53578.96533828526,119075.17123530425,169431.56514419543,0.023566041128681204,0.03031187234368744,65357.41956278161,84066.124966944,206678.30780963608,265840.42895989027,0.02608981940551373,0.03414989166105245,72356.79781310754,94710.38368843947,228812.2852857102,299500.5305239278,0.012907299511014391,0.018378176007142307,35796.754531551735,50969.53508392118,113199.27716165726,161179.8221450524,0.021138999346827378,0.02724941467437408,58626.327684987766,75572.78789375302,185392.7263359478,238982.13887305855,0.02554364560659864,0.031998330147439,70842.05420662,88743.3013179846,224022.2454180318,280630.95924745384
2025-12-15,2755257.588768892,11137.04111185996,2744120.547657032,0.01030581589464406,0.29928340038069784,0.014996942929876602,0.022679448648831577,41153.419245914236,62235.14104679124,130138.53832089803,196804.7962096961,0.02775567423936366,0.036330388245363526,76164.91599431277,99694.96488845955,240854.6123374166,315263.1602980466,0.033357882706329486,0.04061774524836346,91538.0513607719,111459.98933553294,289468.73487351474,352467.4342783616,0.014444205470334313,0.020552599796535058,39636.64102572449,56398.81140944359,125342.06443976205,178348.701380133,0.025070750797948717,0.032247308472313996,68797.16240984,88490.50178551153,217555.72977161285,279831.5369334132,0.02775567423936366,0.036330388245363526,76164.91599431277,99694.96488845955,240854.6123374166,315263.1602980466,0.01360031842356036,0.01935023288008871,37320.91324077048,53099.37164820013,118019.09019837077,167914.9567320815,0.02248874055037211,0.028989310549057436,61711.81503520402,79550.16274007926,195149.89405426878,251559.70249571165,0.027174626827530697,0.03404144789090532,74570.45185233901,93413.83662942941,235812.4740013134,295400.4887238633
2025-12-16,2741559.4525767965,-13698.136192095466,2755257.588768892,0.009727235756637117,-0.6116816994836173,0.01415499762455054,0.021406198800075618,39000.66462404851,58979.5916906039,123330.93047234783,186509.8452090493,0.026197439355677,0.03429075923784628,72180.69359104188,94479.87461472295,228255.39483841066,298771.59682964796,0.03148513351527535,0.03833741917893092,86749.65305136419,105629.46512656349,274326.4898716867,334029.69782526663,0.013633291469942565,0.01939875364323238,37563.229782457456,53448.5631881742,118785.36238483676,169019.1973380613,0.023663250547128853,0.030436908172425052,65198.350644916405,83861.52222073603,206175.2877242438,265193.4182663477,0.026197439355677,0.03429075923784628,72180.69359104188,94479.87461472295,228255.39483841066,298771.59682964796,0.01283678119459323,0.018263888962762702,35368.6388017688,50321.71866508434,111845.456353398,159131.2467558744,0.021226197269543782,0.02736181793035885,58483.64110761604,75388.85649513395,184941.5117599193,238400.49672020192,0.025649012601457535,0.0321303225787491,70669.63661459481,88527.31511469094,223477.01311855053,279947.9509018737
2025-12-17,2709346.1761715338,-32213.27640526276,2741559.4525767965,0.009500971435781968,-1.3457041186833436,0.013825739549147172,0.0209082712125506,37904.08694982929,57321.26857980742,119863.24739052498,181265.76708243668,0.025588063169856515,0.03349312509545751,70151.19645645232,91823.39370178865,221837.56138832236,290371.0665840121,0.03075276077032501,0.037445656058258,84310.52198271742,102659.49232445682,266613.28018308233,324637.81918185705,0.013316168752590715,0.018947521049684158,36507.06831577284,51945.75543665943,115445.48657320933,164266.90195791825,0.023112821890085348,0.02972891809910281,63365.175328487385,81503.59642947672,200378.27837392822,257737.00221231353,0.025588063169856515,0.03349312509545751,70151.19645645232,91823.39370178865,221837.56138832236,290371.0665840121,0.012538186028234796,0.017839054350368973,34374.182423873426,48906.82807928528,108700.70916556749,154656.96986481946,0.020732456680779526,0.026725357243451923,56839.262588330064,73269.15577427737,179741.5303035205,231697.41448439436,0.025052393319056152,0.031382942151357174,68682.62571353019,86038.20170472405,217193.53293560282,272076.6831719099
2025-12-18,2733933.6211001067,24587.44492857298,2709346.1761715338,0.010416249462264495,0.7745762639796314,0.01515764499636772,0.02292247379614248,41067.307510674465,62104.91672797081,129866.22910427097,196392.9907554796,0.02805309446880483,0.036719692151816585,76005.54422883516,99486.35752172014,240350.63456378513,314603.48588246,0.033715334268940696,0.041052990993322463,91346.51197989954,111226.76416816263,288863.03416833957,351729.91154179745,0.014598984592903408,0.02077283436530762,39553.703082769985,56280.799355890835,125079.7916355767,177975.51449955252,0.025339400314090297,0.032592859504581614,68653.20734746031,88305.33926923423,217100.5038937814,279246.00164468895,0.02805309446880483,0.036719692151816585,76005.54422883516,99486.35752172014,240350.63456378513,314603.48588246,0.013746054743677263,0.019557583299801232,37242.820857226565,52988.263528472715,117772.14039846054,167563.60200720417,0.022729722135494217,0.02929994999958875,61582.685753242724,79383.70749340291,194741.551410649,251033.32478772922,0.027465820753368033,0.03440622430220445,74414.41643355043,93218.37224967772,235319.04668228328,294782.37608241587
2025-12-19,2752308.8906142525,18375.269514145795,2733933.6211001067,0.010279321455024287,0.5576982942430028,0.01493232442092389,0.021210389850269146,40823.98377553801,57987.79792829128,129096.77189246022,183373.51795099376,0.02500629830820612,0.03348171349187163,68365.55968406342,91536.7822074689,216190.88211382178,289464.7214583773,0.027684319283796957,0.037719421083704394,75687.09126724253,103122.39346917167,239343.5978775263,326101.6411306552,0.013931396625355941,0.020385055529632403,38087.51362294117,55731.38868045467,120443.29346118569,176238.12539436272,0.02500629830820612,0.03216440631532282,68365.55968406342,87935.35182818567,216190.88211382178,278075.9986253182,0.027684319283796957,0.036236989208589546,75687.09126724253,99069.5231248047,239343.5978775263,313285.3397811046,0.013565354397522406,0.01930048683553376,37086.77846952469,52766.24986326575,117278.69104179156,166861.5331534681,0.022430925954737207,0.028914784131565348,61324.66262006306,79051.10048413835,193925.6106207883,249981.52907271648,0.027104765642639358,0.033953933317102,74102.63008245078,92827.79986421624,234333.09166945543,293547.27775319235
2025-12-22,2782231.715251941,29922.824637688696,2752308.8906142525,0.009906010834429475,0.9940719922322672,0.014390032274415179,0.020440099337154422,39605.81376509893,56257.46713068861,125244.58008216164,177901.73152503348,0.024098153078867795,0.03226576949236581,66325.56096635105,88805.36423634853,209739.8397420278,280827.21942772093,0.026678917277662816,0.036349577699114816,73428.62121527355,100045.26587134728,232201.6884860255,316370.9092705675,0.013425454833116133,0.01964473840228863,36950.99869772562,54068.38815841023,116849.31770272861,170979.2559946532,0.024098153078867795,0.030996302512443112,66325.56096635105,85311.39898116607,209739.8397420278,269778.33115585294,0.026678917277662816,0.034920982798133916,73428.62121527355,96113.33142429136,232201.6884860255,303937.04080739606,0.013072706036355294,0.01859955762051895,35980.12504824728,51191.72780044638,113779.14565013711,161882.45720877216,0.02161630964710278,0.027864695752118498,59494.76122399162,76692.24985281694,188138.95431568066,242522.1884176147,0.026120411088946034,0.032720839870836946,71891.43966660528,90057.85848486984,227340.69361504877,284787.95400930924
2025-12-23,2782846.933143451,615.2178915096447,2782231.715251941,0.010160444458310113,-0.07330757575893314,0.014759636963985426,0.020965098616254438,41064.73006680512,58329.76228352768,129858.07851110259,184454.9041921317,0.024717108632134138,0.033094508406188404,68768.72354565111,92076.59088836933,217465.79818670775,291171.7463907537,0.027364159169441793,0.03728320829321554,76133.43150242316,103730.52455972845,240755.0496320723,328024.7204927767,0.013770284571598073,0.020149309017587106,38312.122463144646,56060.046589142774,121153.56897883746,177277.43295684474,0.024717108632134138,0.03179243545707215,68768.72354565111,88453.92223376647,217465.79818670775,279715.8622341108,0.027364159169441793,0.035817920258763535,76133.43150242316,99653.75371829691,240755.0496320723,315132.8391352919,0.013408475502626803,0.019077283006354136,37305.485796586996,53077.42182111537,117970.30433627585,167845.5452842468,0.02217151961914549,0.02858039409295837,61686.30505971721,79517.278879828,195069.22442867543,251455.71459905896,0.026791307876936,0.03356126716330665,74539.62646829047,93375.2219057953,235714.9955779706,295278.3782459616
2025-12-24,2793563.5731520746,10716.640008623712,2782846.933143451,0.009533284401698573,0.30185083181468886,0.013848588752277721,0.019671014239435403,38538.50273764095,54741.42164803396,121869.44626357991,173107.57476343552,0.023191428991582164,0.03105172830432185,64538.19704443854,86412.20688048574,204087.69874117294,273259.3913840084,0.02567508860916744,0.034981877960691694,71449.84159420796,97349.21179850936,225944.2378959333,307845.2377054262,0.012920304781155242,0.018905579785464997,35955.23053551653,52611.33472528009,113700.42228866789,166371.64847339413,0.023191428991582164,0.029830026656661034,64538.19704443854,83012.39819707655,204087.69874117294,262508.252335617,0.02567508860916744,0.03360703578521857,71449.84159420796,93523.23646693771,225944.2378959333,295746.4413860419,0.012580828612787842,0.017899725278505547,35010.52032150002,49812.19559539946,110712.98628355059,157519.99333526948,0.020802968119596244,0.02681625063930663,57891.47603189939,74625.52085000055,183068.92136984863,235986.61746238638,0.02513759693606728,0.03148967607293075,69954.08454013104,87630.94848523605,221214.2387787866,277113.3907342281
2025-12-26,2796260.508027696,2696.9348756209947,2793563.5731520746,0.009105715657590772,-0.00010899360854933082,0.013227478183141463,0.018788767313896972,36951.80121708778,52487.615952532935,116851.85549177941,165980.41536219235,0.022151291117773503,0.02965905523237511,61881.03996489916,82854.45631126854,195685.0302689873,262008.79623852152,0.024523558356957378,0.033412937289675905,68508.11931006527,93341.16448445321,216641.6952343694,295170.67922328855,0.012340827839526993,0.01805766267055538,34474.887115043624,50445.22865273152,109019.16536072917,159521.81963061873,0.022151291117773503,0.028492147023906317,61881.03996489916,79594.62404687797,195685.0302689873,251700.3014929431,0.024523558356957378,0.032099756921146125,68508.11931006527,89672.71164195001,216641.6952343694,283570.0127520595,0.012016577210737279,0.01709692083727419,33569.07236988502,47761.335264073845,106154.727627863,151034.60352539294,0.019869952951075142,0.025613539157680686,55507.97676436908,71553.04997040103,175531.63488310983,226270.6114383109,0.024010173238319697,0.03007736100043952,67073.94534364069,84023.02006737268,212106.43893954987,265704.1192989321
2025-12-29,2784044.505146095,-12216.002881600522,2796260.508027696,0.008691685212435435,-0.6148635380630043,0.012626034113681295,0.017934455364411937,35305.68056509748,50149.40926849056,111646.36492804869,158586.35660038877,0.021144087591204806,0.0283104789861456,59124.377109564455,79163.4743523069,186967.69690494638,250336.8864456126,0.023408489518314285,0.031893674683615994,65456.2347926425,89183.02297367813,206990.7890035096,282021.48121594574,0.011779699133544905,0.01723659353166541,32939.10748357969,48198.00578552162,104162.60374120914,152415.47696022133,0.021144087591204806,0.027196629267879607,59124.377109564455,76048.86037324194,186967.69690494638,240487.61223956733,0.023408489518314285,0.030640203696863183,65456.2347926425,85677.99155546274,206990.7890035096,270937.59866393486,0.011470191951314254,0.016319535949449224,32073.64477295719,45633.67388478314,101425.77034569884,144306.3474772589,0.018966480256022204,0.024448909663609263,53035.219716201915,68365.52055668729,167712.0905106669,216190.75838219433,0.02291844765760367,0.028709764687048306,64085.950090257,80279.9811891613,202657.56830108547,253867.59107322255
2025-12-30,2776455.5149336816,-7588.990212413482,2784044.505146095,0.00864931265305861,-0.4272646803202059,0.012564481334548159,0.017847023668918372,34980.075219459475,49686.9081786645,110616.71041750623,157123.79973622828,0.021041008719268065,0.028172463466426757,58579.10470760933,78433.39211013452,185243.39416953735,248028.16368110522,0.023294371532239795,0.031738190840006106,64852.56706516382,88360.53581139713,205081.82403473917,279420.54843688925,0.011722272295276174,0.017152563960296473,32635.327771489934,47753.50144283034,103201.96794405533,151009.83080748087,0.021041008719268065,0.027064043841654783,58579.10470760933,75347.50254439202,185243.39416953735,238269.72404561102,0.023294371532239795,0.03049083060997253,64852.56706516382,84887.82941703439,205081.82403473917,268438.88658567204,0.011414273981709777,0.016239977096462827,31777.846759011143,45212.818999105766,100490.37489427508,142975.48747410864,0.018874017368656258,0.02432971955822697,52546.104345239415,67735.02204782728,166165.3718998272,214196.94703285684,0.02280671865908828,0.028569802622251464,63494.91976324764,79539.60200358769,200788.56630150176,251526.30651462942
2025-12-31,2749179.12771068,-27276.38722300157,2776455.5149336816,0.008471014013950427,-1.2795030735955253,0.01230547463506691,0.017479121598552763,34165.60291440806,48530.00355849825,108041.12284241628,153465.34610093097,0.020607265210322037,0.027591710740993414,57215.15514089962,76607.15745328607,180930.20692513487,242253.1026235281,0.022814176757270013,0.031083933506329105,63342.546876394146,86303.15860947929,200306.72092538959,272914.5504727247,0.011480627059251066,0.01679897761950725,31875.450313554476,46641.614056928396,100799.02443436049,147493.73416642012,0.020607265210322037,0.0265061402972587,57215.15514089962,73593.11940792981,180930.20692513487,232721.87744580046,0.022814176757270013,0.029862286606407832,63342.546876394146,82911.31033689124,200306.72092538959,262188.5844536388,0.011178977883744452,0.01590520300150356,31037.93479664394,44160.08858966431,98150.56782518994,139646.461618152,0.018484944647352144,0.02382818191458755,51322.626509384696,66157.8870875996,162296.3952717927,209209.60838105832,0.022336576456747994,0.02798085906899287,62016.5108880758,77687.61047468738,196113.42694295116,245669.7950759669
2026-01-02,2794008.289106149,44829.161395469215,2749179.12771068,0.009321608494613621,1.6315770494362252,0.013541096343317117,0.019234241391069364,37226.89943336683,52878.374969676726,117721.79243547084,167216.10387261552,0.022676489274949488,0.030362259441502476,62341.73100444622,83471.28992671514,197141.8632515867,263959.39540068916,0.025105002011324654,0.03420514452477897,69018.14753066839,94036.0693878496,218254.54608243806,297368.16147524037,0.012420085212100203,0.018405341812112393,34145.03902949395,50599.58154824006,107976.09412854613,160009.92634386767,0.022676489274949488,0.029167684311163407,62341.73100444622,80187.1889119047,197141.8632515867,253574.1561278178,0.025105002011324654,0.03286082918059812,69018.14753066839,90340.3057025664,218254.54608243806,285681.1305360078,0.012301485398394941,0.017502281918458096,33818.986897105075,48116.908137533035,106945.02675424253,152159.02367969483,0.020341061502608053,0.026220825816180477,55921.2217184493,72085.74704518072,176838.430169575,227955.14749752375,0.02457944473907315,0.03079048307021688,67573.29644737799,84648.5533887693,213685.52577947872,267682.22934687557
2026-01-05,2819364.8657956324,25356.57668948313,2794008.289106149,0.01083289436430503,0.7448120363042923,0.01573647577548382,0.022352634235539664,43967.84375801991,62453.44533745571,139038.53008176008,197495.13499118324,0.02635296397727611,0.03528480619857363,73630.39979502521,98586.04099831876,232839.76838107465,311756.43505342735,0.029175204575636705,0.0397507273092224,81515.7634206966,111063.86159996556,257775.47761683963,351214.7683896038,0.01443371829830592,0.021389347525671263,40327.92856808984,59762.01428529761,127528.10759173668,188984.08270106022,0.02635296397727611,0.03389655800035047,73630.39979502521,94707.26402514658,232839.76838107465,299490.66528238944,0.029175204575636705,0.03818846194222695,81515.7634206966,106698.8792147968,257775.47761683963,337411.4821059562,0.014295890234164657,0.02033987710023445,39942.8358144077,56829.78521745539,126310.33737967492,179711.5602253264,0.02363889994338561,0.030471933719986063,66047.28238717027,85138.83539873424,208859.84560778103,269232.6371941701,0.028564440197795405,0.03578245650611906,79809.28268631725,99976.48008267692,252379.1117130041,316153.38950771815
2026-01-06,2864462.0022826293,45097.1364869969,2819364.8657956324,0.010597511114866079,1.4062715189296424,0.015394544738571289,0.021866943569412767,43402.8385608469,61650.89242193809,137251.82676886086,194957.23983533887,0.025780351886295308,0.034518117993230214,72684.21833606914,97319.1691035013,229847.67989095236,307750.23436215095,0.028541269246341164,0.038887001046697664,80468.25173834767,109636.64448721737,254462.95482498218,346701.51159775024,0.014120094311928235,0.0209245876974428,39809.69780477122,58994.04738542976,125889.3180260822,186555.55812985933,0.025780351886295308,0.033160034436231854,72684.21833606914,93490.23603808536,229847.67989095236,295642.0848671061,0.028541269246341164,0.03735868146429151,80468.25173834767,105327.75395287402,254462.95482498218,333075.6033208852,0.013985261053838837,0.019897920758370935,39429.553654173214,56099.4986885366,124687.19667100246,177402.1914494046,0.023125260569205924,0.029809822327177445,65198.54716118829,84044.76572485428,206175.90916326025,265772.8851057918,0.02794377590198945,0.035004955073715996,78783.6999957357,98691.74046358943,249135.93448192268,312090.6861111446
2026-01-07,2842748.444375027,-21713.557907602284,2864462.0022826293,0.011613453441415986,-0.7383798863659256,0.01687036009071951,0.02396324271773647,48324.505444691364,68641.79821643204,152815.50400643272,217064.42505360878,0.02825181432598996,0.037827236211844105,80926.24863234228,108354.68078019694,255911.26817128787,342647.58640589286,0.03127741013513339,0.04261494715477117,89592.95286189919,122068.89685412425,283317.7933437025,386015.7455231953,0.015473733040010453,0.02293054683983208,44323.92032657522,65683.680114261,140164.54305981196,207710.0342629736,0.02825181432598996,0.03633895844664052,80926.24863234228,104091.56567292917,255911.26817128787,329166.4327394537,0.03127741013513339,0.04094011349604729,89592.95286189919,117271.3994785657,283317.7933437025,370844.7267477501,0.015325973839930063,0.02180545731951759,43900.66971245726,62460.90393415377,138826.1070981342,197518.72114489772,0.02534218969247854,0.03266757448434465,72591.73942874328,93575.02581714281,229555.23590827902,295910.2136912301,0.03062263741907078,0.03836074447680316,87717.38129660644,109882.89493307589,277386.7152827302,347480.2238814951
2026-01-08,2852957.327202002,10208.88282697508,2842748.444375027,0.011263525968654632,0.23250549320155336,0.016362035628844394,0.023241201078211707,46513.15133070617,66068.88821049353,147087.49935712325,208928.16922020572,0.027400552809517968,0.036687455591382645,77892.87887427298,104293.2073104809,246318.91075031497,329804.07958524325,0.030334983738168977,0.04133090698231498,86234.7278318216,117493.37152858484,272698.15335326985,371546.6640027074,0.01500749064930479,0.02223962158274335,42662.52069728396,63221.64965783294,134910.7361274922,199924.410351957,0.027400552809517968,0.03524402144481255,77892.87887427298,100189.88713576096,246318.91075031497,316828.2418642082,0.030334983738168977,0.03970653809812602,86234.7278318216,112875.69940996548,272698.15335326985,356944.302620015,0.014864183613580351,0.02114843237765034,42255.13484441031,60119.67324253596,133622.4689458812,190115.09963149414,0.024578598703970077,0.0316832607452648,69870.77323062898,90067.54019632986,220950.78528590887,284818.5702691715,0.02969994012016671,0.037204888603636195,84429.45857463537,105764.13920113296,266989.39071068104,334455.5746426815
2026-01-09,2877511.4029060733,24554.075704071205,2852957.327202002,0.01047239502032955,0.7260776953747284,0.015212794014841827,0.021608778557911365,43401.45215185775,61648.923118678744,137247.44255868663,194951.01235163573,0.025475984482588036,0.03411059097417328,72681.89659728404,97316.06045495813,229840.33790825948,307740.40395230957,0.02820430596293319,0.038427894219965904,80465.68135559736,109633.14238379519,254454.82656103282,346690.43697433465,0.013953389975820707,0.020677548306390063,39808.426170824656,58992.162949288875,125885.29676646108,186549.599019549,0.025475984482588036,0.03276854119235706,72681.89659728404,93487.2496964557,229840.33790825948,295632.641225685,0.02820430596293319,0.03691761824943066,80465.68135559736,105324.38948755956,254454.82656103282,333064.96394738293,0.013820148583074305,0.01966300237916845,39428.294163102204,56097.70671243902,124683.21381052541,177396.52472342367,0.022852239644179487,0.029457882281257387,65196.46453583794,84042.08109816728,206169.32332364033,265764.39557079365,0.027613866730905264,0.034591680369799316,78781.18342231576,98688.58797124862,249127.9763780166,312080.71705504134
2026-01-12,2882196.238859229,4684.8359531555325,2877511.4029060733,0.01026268990587061,0.06439102121790752,0.014908164490847585,0.021176072250327672,42898.41331881334,60934.389369080745,135656.6940947531,192691.45823784563,0.024965839073490665,0.033427541359389364,71839.48661708739,96188.13143275728,227176.4036471807,304173.57920314826,0.027639527113519073,0.03765839250233872,79533.05444008272,108362.45384059224,251505.60130082912,342672.16698113206,0.013673979465016882,0.02026348947592156,39347.031833689565,58308.4220296315,124426.23976161059,184387.4203839735,0.024965839073490665,0.03211236553549386,71839.48661708739,92403.69800267158,227176.4036471807,292206.1499107938,0.027639527113519073,0.03617835914532702,79533.05444008272,104103.64097910972,251505.60130082912,329204.6182104281,0.01354340617268708,0.019269259385657853,38971.30569609557,55447.513607785346,123238.08939035574,175340.43359378184,0.022394633574037665,0.028868001116202302,64440.81347319657,83068.00239097737,203779.74484936704,262684.08823580126,0.02706091116799754,0.033898997150994654,77868.08045894123,97544.75084906761,246240.4912755038,308463.58647669706
2026-01-13,2884144.777721795,1948.538862565998,2882196.238859229,0.00961406737572481,-0.030175051558391414,0.013965938674753122,0.019837702126360393,40252.57592051209,57176.15045620565,127289.82159766703,180806.86328208522,0.023387948105763265,0.03131485388155007,67408.6560650657,90255.55407782995,213164.88717653102,285413.1223664407,0.02589265371357848,0.035278306769443483,74627.70914736034,101679.00308421208,235993.53746624102,321537.2399613956,0.01280975661125147,0.01898279640870372,36920.23232565113,54712.144412196336,116752.02589163302,173014.9920145947,0.023387948105763265,0.03008279980042433,67408.6560650657,86704.53243913817,213164.88717653102,274183.8059676312,0.02589265371357848,0.033891814481053176,74627.70914736034,97682.86022540621,235993.53746624102,308900.32667215244,0.012687435812178042,0.01805140364886788,36567.67977862744,52027.687702896765,115637.15684814454,164525.99453308756,0.020979247936966903,0.027043485702019136,60466.30949802124,77944.63277600288,191211.25971841966,246482.57095758198,0.02535060745319887,0.0317565127240896,73065.42545440652,91528.50153265629,231053.16264516782,289438.53566540626
2026-01-14,2873767.5278117694,-10377.249910025392,2884144.777721795,0.009093890050043242,-0.5025857023902435,0.013210299635982796,0.01876436631161323,38100.41670725991,54119.149104898075,120484.0965964741,171139.77620174072,0.022122523200425737,0.029620536969714863,63804.559758537136,85429.91701451848,201767.73394130036,270153.1180850503,0.024491709572336415,0.033369543854359425,70637.63626053296,96242.59564250914,223375.81911378325,304345.8101569253,0.012116673790394892,0.017955715997891357,34946.24143592597,51786.884525574045,110509.71859967925,163764.50802494236,0.022122523200425737,0.02845514422681037,63804.559758537136,82068.75562107562,201767.73394130036,259524.19249834554,0.024491709572336415,0.03205806891528311,70637.63626053296,92460.11204585918,223375.81911378325,292384.54677928577,0.012000971262616077,0.01707471703872659,34612.53859466349,49245.95597832065,109454.4575596202,155729.38644387884,0.019844147811268097,0.02558027481324341,57233.39527820827,73777.21601530434,180987.88730386444,233304.0420346137,0.023978991187776764,0.030038299483406524,69158.88220926329,86634.80458671022,218699.58821256968,273963.3071376068
2026-01-15,2898655.427774354,24887.899962584488,2873767.5278117694,0.00888199286462396,0.8620982524881202,0.012902485785583668,0.018327136876714976,37078.74467866327,52667.93083406511,117253.28596442404,166550.62108385746,0.021607045184445024,0.02893034736109291,62093.624823019774,83139.09281462373,196357.28261671218,262908.8958943501,0.023921027026591327,0.032591998449416855,68743.47070092589,93661.8268104257,217385.94167997746,296184.702533169,0.011834342570345002,0.01753732896426727,34009.149391657935,50398.206502064095,107546.37336256892,159373.12253403006,0.021607045184445024,0.027792109492589867,62093.624823019774,79868.06178919399,196357.28261671218,252564.98755691593,0.023921027026591327,0.031311082253277715,68743.47070092589,89980.77144011286,217385.94167997746,284544.18336978584,0.01171426075860746,0.016651364702117283,33664.06218040578,47852.15117469574,106455.11178361643,151321.78865074043,0.019381758333815384,0.024984227554551045,55698.667731613794,71798.86185372884,176134.6526688237,227047.93686556237,0.02342025551867116,0.029338375569626075,67304.36980261156,84311.67103073753,212835.10505850983,266616.91379196686
2026-01-16,2908974.787043899,10319.359269544948,2898655.427774354,0.009075606832438642,0.28513700776404316,0.013183740398787544,0.018726640652890755,38215.12066531354,54282.07857248165,120846.82236055998,171655.0044172634,0.022078045985129486,0.029560985037593163,63996.64782944736,85687.10972957588,202375.16975672462,270966.4328622344,0.024442469120433484,0.033302454563824996,70850.29578415156,96532.34067964013,224048.3075745444,305262.06441498926,0.012092313282148732,0.017919616126326022,35051.44952964834,51942.79254820776,110842.41580412639,164257.53248195798,0.022078045985129486,0.028397935310603313,63996.64782944736,82315.82932566527,202375.16975672462,260305.50815478445,0.024442469120433484,0.031993616338142204,70850.29578415156,92738.46965268615,224048.3075745444,293264.7908208926,0.011969613869115261,0.01701433918753337,34695.78621007413,49318.706635937495,109717.70963409556,155959.44422322317,0.019804251257580435,0.0255288458067102,57405.7004007926,73999.32746243507,181532.76394374543,234006.4201019429,0.023930781553460494,0.029977907641971772,69367.08984082064,86895.62469971976,219357.99855452008,274788.09275429946
2026-01-20,2864408.418607832,-44566.3684360669,2908974.787043899,0.008732618323539956,-1.8785667074796124,0.012685495868744094,0.018018916897024763,36901.78764332611,52416.57494328432,116693.69868476772,165755.76396568966,0.02124366474631579,0.028443805947884176,61797.285131445955,82742.31434996435,195420.1742302271,261654.1722195218,0.023518730775196357,0.03204387654866837,68415.39484831961,93214.82895922355,216348.47474043997,294771.1712141692,0.011635316347579508,0.01724239172373983,33846.8418943885,50157.68279269356,107033.11198987594,158612.51978114678,0.02124366474631579,0.02732471060311916,61797.285131445955,79486.89420774473,195420.1742302271,251359.62982931852,0.023518730775196357,0.03078450239516331,68415.39484831961,89551.34129922258,216348.47474043997,283186.20602864557,0.011517254033695008,0.016371327327767686,33503.40159999842,47623.778426918965,105947.05841932454,150599.61061225465,0.019055802064694097,0.024564050733630195,55432.8477530942,71456.20425179742,175294.05608912473,225964.35838588775,0.023026381083790074,0.02884497206732,66983.16200960989,83909.2964768194,211819.35683042867,265344.4937290913
2026-01-21,2918525.490322819,54117.07171498705,2864408.418607832,0.010757277371753334,1.6501145104747832,0.015653906151077188,0.022446273912954263,44839.18056324242,64295.295962643555,141793.93899539774,203319.5780765819,0.026169012042200387,0.0350385072097921,74958.73840032853,100364.5950271797,237040.34387776456,317380.7167262968,0.028971552518033385,0.039473254793587945,82986.35893279375,113067.52334060527,262425.9089518883,357550.9031505629,0.014579162479796985,0.021421617130288402,41760.67574338192,61360.260448191846,132058.8519768322,194038.18083743047,0.026169012042200387,0.03365994941841079,74958.73840032853,96415.84248400966,237040.34387776456,304893.6647734971,0.028971552518033385,0.03792189452772679,82986.35893279375,108623.79393477889,262425.9089518883,343498.5969226848,0.01419610044678164,0.020290306142717623,40663.42963116373,58119.72373133057,128589.055108458,183790.70397074465,0.02347389302456628,0.030259230087175577,67238.81679706731,86674.79340229712,212627.80825352034,274089.76287579385,0.028365051466673164,0.035532683762463387,81249.09221538305,101780.11850492994,256932.1892216664,321856.99499743024
2026-01-22,2911455.872101223,-7069.618221595883,2918525.490322819,0.012370879029682303,-0.27412772309505296,0.018002006701572305,0.025813235974876756,52539.31543550098,75336.58718039581,166143.90348222447,238235.20663389322,0.030094388302232176,0.04029431603308559,87831.23937573747,117599.98845768376,277746.7661427959,371883.81633579265,0.0333173124682814,0.0453942798985123,97237.42570772955,132484.3629986569,307491.73904783564,418952.34143229097,0.016766050475303034,0.024634879717317804,48932.14568421092,71897.5244060286,154737.03116128477,227359.9352505951,0.030094388302232176,0.03870897328480015,87831.23937573747,112973.12523591425,277746.7661427959,357252.39013293624,0.0333173124682814,0.04361021414309931,97237.42570772955,127277.52161507205,307491.73904783564,402486.8632449404,0.016325528779382068,0.023333871024454896,47646.471885625346,68100.49737277665,150671.3736297538,215352.68148828702,0.02699499891349194,0.03479814287606859,78785.59244026303,101559.26699970159,249141.91891697457,321158.60121623205,0.03261983569247065,0.040862619530442144,95201.8219586177,119258.59670095846,301054.59478706424,377128.79613047134
2026-01-23,2893484.8750121472,-17970.997089075856,2911455.872101223,0.011405470190049553,-0.627556589329316,0.01659715128595256,0.023798801420155218,48321.87357163895,69289.16014368183,152807.18129307468,219111.56321419432,0.027745857658564452,0.03714979503405554,80780.84020651216,108159.98889925786,255451.44635468503,342031.91662018304,0.030717268615899528,0.04185176372180109,89431.97208667129,121849.56324563072,282808.7274344827,385322.1517529321,0.0154576476289289,0.022712402698075715,45004.258958116596,66126.1582048402,142315.9627156848,209109.27284392618,0.027745857658564452,0.03568817056798515,80780.84020651216,103904.5337647104,255451.44635468503,328574.9859143548,0.030717268615899528,0.04020692435819335,89431.97208667129,117060.68602179173,282808.7274344827,370178.39229069685,0.015051503727687819,0.021512923192388206,43821.78891193015,62633.926554541235,138576.6641048111,198065.86671205278,0.0248883409699108,0.032082536761518884,72461.30646370424,93406.89004622752,229142.7706567865,295378.52169898944,0.03007422210678128,0.03767374879534033,87559.77055166477,109685.45715425997,276888.30634499865,346855.8708042723
2026-01-26,2900083.720826418,6598.845814270899,2893484.8750121472,0.010933080793427146,0.12000771489175427,0.015909733919462748,0.022813107603427543,46034.574461433185,66009.38180254221,145574.10641474798,208739.99343570438,0.026596685485940193,0.03561113253541572,76957.10717902305,103040.27337327837,243359.7408234082,325841.9545859609,0.029445027161091944,0.040118356060153494,85198.7407349414,116081.85647040606,269422.0745005829,367083.0614672373,0.014817425988351384,0.021771705118089093,42873.997983906644,62996.099462415346,135579.4860266121,199211.15800774132,0.026596685485940193,0.03421004532805633,76957.10717902305,98986.24873021095,243359.7408234082,313022.00302341674,0.029445027161091944,0.038541642311848597,85198.7407349414,111519.65908746212,269422.0745005829,352656.12660187506,0.014428103670898798,0.020621905405563207,41747.49974685291,59669.171384928384,132017.18581735803,188690.48767131736,0.023857520830293407,0.030753748914077735,69031.37567774122,88985.50733280517,218296.37715641188,281396.8819172793,0.02882861421879565,0.03611338528858536,83415.15920964534,104493.53411800793,263781.89448805014,330437.56857341883
2026-01-27,2919951.960143465,19868.239317046944,2900083.720826418,0.010163966374632247,0.5767060911367152,0.014764753099066476,0.020769774328881607,42819.02010462409,60234.08441642799,135405.63070715347,190476.89953076656,0.02472567632704991,0.033105979960391274,71706.5314025006,96010.11354513637,226755.96234229,303610.63721401425,0.027373644411865565,0.03729613177706196,79385.86053854237,108161.90461645425,251040.13331427507,342037.9746498764,0.013775057767317229,0.020240121052768744,39948.8207844402,58698.0455726907,126329.26351670548,185619.51821006526,0.02472567632704991,0.03180345567354163,71706.5314025006,92232.68406486265,226755.96234229,291665.35635568324,0.027373644411865565,0.035830335829608075,79385.86053854237,103910.97365118991,251040.13331427507,328595.350623503,0.01341312328441641,0.019171206824795527,38899.18048257381,55598.10482118583,123010.00943890099,175816.6448237358,0.02217920493617602,0.02859030091906839,64321.55117627701,82914.26626891881,203402.60435211795,262197.9319314546,0.026800594551833958,0.03357290051016455,77723.96796824285,97364.22223045316,245784.7675656171,307892.70485903154
2026-01-28,2911162.56626523,-8789.393878235016,2919951.960143465,0.009829068850801127,-0.4049816401731315,0.014278261992091113,0.020085420825840306,41691.83909124838,58648.463910718776,131841.17136958952,185462.72722805743,0.02391097786468134,0.03201515475455338,69818.90668492329,93482.71387985452,220786.76886711366,295618.2977141765,0.026471696747551392,0.036067243199489396,77296.08280633608,105314.61747732012,244431.67587700178,333034.0621377078,0.013321176618278885,0.019573219355855206,38897.195777960726,57152.86022444742,123003.73325184101,180733.21310249603,0.02391097786468134,0.03075554798064283,69818.90668492329,89804.72261136441,220786.76886711366,283987.46809153585,0.026471696747551392,0.03464974448317052,77296.08280633608,101175.58932210397,244431.67587700178,319945.30586765986,0.012971167692551798,0.018539525308168058,37875.18652921621,54134.5232637147,119771.85623605076,171188.39356071042,0.021448411411297098,0.0276482650414921,62628.330942380424,80731.6057024709,198048.17183272168,255295.7531824459,0.025917528589021212,0.032466690509633196,75677.93840558678,94801.17659297469,239314.6539875857,299787.64289764134
2026-01-29,2917618.4331406136,6455.866875383537,2911162.56626523,0.00940639179065221,0.13280679015956703,0.013664257360069312,0.019221692353144946,39778.874522447935,55957.47123874219,125791.84624897823,176953.06121778904,0.022882739891935264,0.030638414831649658,66615.37578698601,89193.4063476039,210656.31467490745,282054.31632734835,0.025333340802725885,0.03451625230150686,73749.47342333515,100482.42162791286,233216.31225579436,317753.31715356885,0.012748329296095394,0.018731516958551474,37112.45902921528,54530.49097909739,117359.90010200175,172440.55342121303,0.022882739891935264,0.029432974621858433,66615.37578698601,85684.1739329888,210656.31467490745,270957.14905827225,0.025333340802725885,0.03315970993815215,73749.47342333515,96533.30628016166,233216.31225579436,305265.11791194713,0.012413371719178437,0.017742274604895775,36137.34307000773,51650.6456701708,114276.31268812605,163333.68293605375,0.020526070585548114,0.026459313416130004,59754.7283211655,77027.36274611705,188961.04245945244,243581.90843373205,0.024803003402900446,0.03107053330433922,72205.5750374729,90451.37346948947,228334.07688061215,286032.3576541134
2026-01-30,2877111.4913032628,-40506.94183735084,2917618.4331406136,0.008943331259289934,-1.671276454142716,0.01299158941101444,0.018275441413058133,37904.50074137014,53320.76474051975,119864.55591427058,168615.0631620394,0.0217562618619733,0.029130138229122794,63476.47064472743,84990.62825722274,200730.2250661555,268763.9650614909,0.024086223893886337,0.03281707641269754,70274.41081755466,95747.7070634704,222227.1994098482,302780.8350591586,0.011916069676666302,0.017694089191672327,34766.544539229515,51624.60078325728,109941.46711765447,163251.32177200553,0.0217562618619733,0.027984039772949148,63476.47064472743,81646.75027529651,200730.2250661555,258189.69442091664,0.024086223893886337,0.031527314302767395,70274.41081755466,91984.67335717187,222227.1994098482,290881.07763527014,0.01180228272435339,0.016868852862641427,34434.55762971047,49216.87605797943,108891.63233021405,155637.42766142433,0.019515607342716883,0.02515676680711781,56939.095717045086,73397.84655466686,180057.23037620072,232104.37046428968,0.023581994094470277,0.02954098425069311,68803.26066023957,86189.32018293878,217575.0141326175,272554.56175960694
2026-02-02,2899019.7638131287,21908.27250986593,2877111.4913032628,0.010528124173624042,0.6287819014445879,0.015320444203990622,0.02159469234924638,44078.626071171886,62130.33750917541,139388.85451578235,196473.37832398692,0.025611555671585604,0.0342921114716025,73687.30113287219,98662.227976,233019.70621058185,311997.3594309445,0.028354395993678002,0.03863238937161094,81578.75854237417,111149.69139756387,257974.68568282019,351486.18604112574,0.014268594889798371,0.020922195952197343,41052.338322189906,60195.49039736558,129818.89237393539,190354.8545264694,0.025611555671585604,0.03294291993301769,73687.30113287219,94780.45349636851,233019.70621058185,299722.1107121941,0.028354395993678002,0.03711407642377342,81578.75854237417,106781.33576794602,257974.68568282019,337672.2326219144,0.014027643344551624,0.019922554991610344,40359.09386251321,57319.4119024833,127626.66090606428,181259.89575321245,0.022973848499057547,0.029614643254673348,66098.32351609868,85204.63041886735,209021.2518295411,269440.6993164874,0.02776081472218261,0.03477576099837572,79870.95904513239,100053.7415872426,252574.14948464572,316397.71183759725
2026-02-03,2887324.4837070494,-11695.2801060793,2899019.7638131287,0.010190785777553326,-0.4914552559510209,0.014829552000438081,0.02090276292662563,42991.164337764516,60597.522842588056,135949.99856994025,191626.19274665928,0.024790919348471784,0.03319333587863506,71869.365154317,96228.13673905046,227270.88787798042,304300.08708952734,0.027445874560199434,0.03739454414371669,79566.13278515411,108407.52253141718,251610.20421248375,342814.6866953008,0.013811405666444964,0.020251814419039386,40039.53799306459,58710.410253870876,126616.13651893122,185658.61876513643,0.024790919348471784,0.031887374653647674,71869.365154317,92442.12933703842,227270.88787798042,292327.6804609126,0.027445874560199434,0.03592488043729295,79566.13278515411,104146.9384003359,251610.20421248375,329341.53667831456,0.013578174604587646,0.01928420359722448,39363.3965352051,55905.28735775,124477.98949162848,176788.04129670656,0.02223772864746427,0.028665741428385415,64467.61485131232,83102.55094524611,203864.4982486442,262793.3403571564,0.026871312607887752,0.03366148847994165,77900.4663298675,97585.3203827188,246342.90439163902,308591.8786066457
2026-02-04,2908684.46125086,21359.977543810848,2887324.4837070494,0.00977053903929032,0.6555091420882906,0.014218012223808413,0.020040776605615127,41052.014803448146,57864.22496589601,129817.86931784569,182982.74593261039,0.023768593570838,0.031824511978343635,68627.64216036252,91887.69261709985,217019.65967374403,290574.3976074738,0.0263140639702737,0.03585247118209646,75977.24116720479,103517.71784546853,240261.13242427705,327351.7665743387,0.013241852119854349,0.01941667185601395,38233.52383528356,56062.232041974676,120905.01829383246,177284.34396551244,0.023768593570838,0.03057240586885754,68627.64216036252,88272.45599098146,217019.65967374403,279142.0155884771,0.0263140639702737,0.03444341333987688,75977.24116720479,99449.31063866852,240261.13242427705,314486.333351807,0.01301823902025692,0.01848896328517869,37587.880257938275,53383.63637165715,118863.31403276228,168813.8807166436,0.021320691126073217,0.02748362607456213,61559.75349786682,79354.1464661327,194669.0332517765,250939.844611581,0.025763195753819055,0.032273358943362425,74386.70587853924,93183.6594486362,235231.41821322052,294672.6045671604
2026-02-05,2909712.875303645,1028.4140527849086,2908684.46125086,0.009583565321094965,-0.06390447963364773,0.01394592952702554,0.01965726669869944,40564.30851295874,57176.78619717105,128275.60661070744,180808.87367153776,0.0233137463716873,0.03121550286324617,67812.33180487045,90796.04812845586,214441.4219504675,287122.31462818896,0.025810505429484137,0.035166381109025605,75074.61607977145,102287.90629024856,237406.7812747791,323462.7609670497,0.012988449690706281,0.019045105116727714,37779.301791095895,55396.20131591515,119468.6420707418,175178.16987950867,0.0233137463716873,0.02998735765642105,67812.33180487045,87223.7612492039,214441.4219504675,275825.7516342179,0.025810505429484137,0.03378428767305349,75074.61607977145,98267.83258903965,237406.7812747791,310750.17170948634,0.012769115758563257,0.01813514962176608,37141.32859084643,52749.4279072904,117451.19367180679,166808.33745788693,0.02091268816141528,0.026957686232759414,60828.411098093435,78411.40305650354,192356.3255190392,247958.62818803973,0.02527017889125748,0.03165576047760448,73502.97667403011,92076.61861028725,232436.82109216292,291171.8340551554
2026-02-06,3002454.8395698764,92741.96426623128,2909712.875303645,0.009072395137623238,3.3519140674032624,0.013202078661907325,0.018608783353695348,38414.25826332326,54146.2165179835,121476.55073804571,171225.37087745933,0.02207023295982618,0.029550523934094918,64218.04100415711,85983.53996300451,203075.276447223,271903.82756720425,0.024433819368102964,0.03329066942122929,71095.39880821276,96866.28944242821,224823.39139197284,306318.1031271949,0.01229566908255438,0.01802927337242613,35776.86663998144,52460.00886411748,113136.38612643666,165893.11408323387,0.02207023295982618,0.02838788578958625,64218.04100415711,82600.5967846085,203075.276447223,261206.02192854352,0.024433819368102964,0.031982294369967905,71095.39880821276,93059.2937100469,224823.39139197284,294279.3255703291,0.012088034028916242,0.017167853271310752,35172.708251046184,49953.5237048567,111225.86954990338,157966.91205855992,0.01979724288753298,0.025519811605115256,57604.292525368226,74255.32440272724,182160.7673827763,234815.9535073003,0.023922312878201325,0.029967298997026263,69607.0617887446,87196.23572972133,220116.8564845071,275738.7082988736
2026-02-09,2997654.613928277,-4800.225641599391,3002454.8395698764,0.015175507290941161,-0.1690871555210716,0.02208327987815575,0.031127141529412053,66304.0505437448,93457.83672695971,209671.8178131593,295539.6292493286,0.036917150996396676,0.049429526008329366,110842.07867226309,148409.91958135358,350513.4291919236,469313.37323950016,0.04087075114580227,0.05568571351429571,122712.5845745701,167193.84003589881,388051.2648216859,528713.3452632885,0.020567117390588762,0.03015778803317224,61751.841145374994,90547.3966309205,195276.4677282859,286336.00955236546,0.036917150996396676,0.04748476683822339,110842.07867226309,142570.867999271,350513.4291919236,450848.6708649096,0.04087075114580227,0.05349717842201751,122712.5845745701,160622.86225651964,388051.2648216859,507934.0890260949,0.02021980367436035,0.02871688000097817,60709.047397236005,86221.13533628431,191978.86435438273,272655.1701082863,0.03311509245605858,0.04268730376070557,99426.56960749699,128166.70176451982,314414.4198969641,405298.69776740426,0.04001514792866775,0.05012667079868007,120143.67455453299,150503.06533102298,379927.6580543399,475932.48128315614
2026-02-10,2987666.8535774453,-9987.760350831784,2997654.613928277,0.01368284064665827,-0.31450766601460367,0.01991116301652283,0.02806546820264548,59686.78968515773,84130.58024971758,188746.20162854277,266044.25446068496,0.03328597090878468,0.04456762562498007,99779.84427380079,133598.3485865496,315531.57248212,422475.07317063364,0.03685069397126927,0.05020845298307776,110465.65280943426,150507.600742924,349323.06609519036,475946.82351489033,0.018544130645604735,0.0271914605556492,55588.89879108579,81510.60719409058,175787.53280041163,257759.17219663266,0.03328597090878468,0.042814153447046886,99779.84427380079,128342.04462197334,315531.57248212,405853.1805683996,0.03685069397126927,0.048235182742870523,110465.65280943426,144592.41810283944,349323.06609519036,457241.3735963351,0.018230978792263472,0.025892280593291673,54650.177693057165,77616.11438560637,172819.036042987,245443.7045906766,0.02985788378528095,0.038488570022426366,89503.62309108172,115375.43951122796,283035.3078050585,364849.17489846435,0.0360792480978382,0.04519619908161244,108153.12452754768,135482.59470901647,342010.2095708729,428433.5825899695
2026-02-11,3008394.9295128286,20728.075935383327,2987666.8535774453,0.012526233271944973,0.4748424473571217,0.018228076983532057,0.0256931006266269,54459.42140815667,76762.42510780308,172215.81170470943,242744.10205875398,0.030472315439005082,0.04080033447525068,91041.12678887173,121897.80692657956,287897.3214010061,385474.7116674409,0.03373571328040796,0.04596434399337347,100791.07234966729,137326.14699543346,318729.3564357677,434263.40680065827,0.016976599544700512,0.02489297264513111,50720.42374615967,74371.90925886828,160392.06292675453,235184.62719338902,0.030472315439005082,0.039195082897463665,91041.12678887173,117101.8499959724,287897.3214010061,370308.56420665217,0.03373571328040796,0.044157873832993466,100791.07234966729,131929.0159752894,318729.3564357677,417196.17994665494,0.016689918345540847,0.02370361206636111,49863.91582988651,70818.49608072547,157683.54707736653,223947.7480828001,0.027334003732068266,0.03523514004544424,81664.89692586254,105270.85999493302,258247.0791686085,332895.68882868986,0.03302947754933284,0.04137577476207831,98681.07526512211,123617.03079774756,312056.9597922901,390911.3749080637
2026-02-12,2983666.79025215,-24728.139260678552,3008394.9295128286,0.011704447147064572,-0.7877020386317338,0.0170322202225161,0.0240074994453518,51239.644955763295,72224.03960167839,162033.98455856967,228392.46695950392,0.028473172881374516,0.038123620092377436,85658.54892346926,114690.90538058167,270876.11566312704,362684.4879094988,0.03152247483235229,0.042948843697878894,94832.05345134439,129207.08360913787,299885.28409708,408588.6740326847,0.015594972800141254,0.023161338240810913,46915.83709783543,69678.45252438713,148360.90356258387,220342.61381297247,0.028473172881374516,0.03662368137640039,85658.54892346926,110178.49735285634,270876.11566312704,348415.00080985855,0.03152247483235229,0.041260887386042305,94832.05345134439,124129.0443993695,299885.28409708,392530.50408217503,0.015594972800141254,0.02214853169361163,46915.83709783543,66631.53044321541,148360.90356258387,210707.40018340937,0.025540750763136853,0.03292353139430918,76836.66509177182,99046.98490829617,242978.8695015496,313214.06768253964,0.030862571842500523,0.03866130850015686,92846.80464270397,116308.48446020311,293607.3761396405,367799.72209654143
2026-02-13,3006395.149807421,22728.35955527145,2983666.79025215,0.011418563228912557,0.5800019335031277,0.016616204174012512,0.0234211105352023,49577.21657405029,69880.78969470787,156776.92442544876,220982.4601264994,0.02777770883055102,0.037192441562609695,82879.42734700897,110969.85273875232,262087.76158699472,350917.48626793135,0.030752530852795657,0.04189980792863904,91755.30502169103,125015.06543462402,290155.75127202907,395332.3486083997,0.015214061863335784,0.02259561702025862,45393.691126476726,67417.79210860189,143547.45536184096,213193.77788290783,0.02777770883055102,0.03572913920815606,82879.42734700897,106603.84609967124,262087.76158699472,337110.9610090184,0.030752530852795657,0.04025308035302843,91755.30502169103,120101.77905468222,290155.75127202907,379795.1728511002,0.015214061863335784,0.021607548514968128,45393.691126476726,64469.72492287256,143547.45536184096,203871.17088080052,0.024916911823205302,0.03211936627346735,74343.76232253881,95833.48647408948,235095.61876543215,303052.09337306174,0.030108746151143978,0.03771699680255732,89834.46598730053,112534.95078783682,284081.5249047966,355866.76086452435
2026-02-17,3001812.719334192,-4582.430473229848,3006395.149807421,0.010886670412312238,-0.22884199852052134,0.015842197894751126,0.02233012209815158,47627.90691306912,67133.17077049043,150612.6660317776,212293.7261837907,0.02648378388637112,0.035459965059008176,79620.71942453407,106606.6669657428,251782.82232273862,337119.88137077884,0.029320034493580817,0.03994805564532672,88147.60949368765,120099.64073634721,278747.2162991346,379788.41089479905,0.014505369354988407,0.021543081238060036,43608.87207500235,64767.01494601094,137903.3619479206,204811.28447956193,0.02648378388637112,0.03406482539676414,79620.71942453407,102412.32585186837,251782.82232273862,323856.210167248,0.029320034493580817,0.03837803496801897,88147.60949368765,115379.53818699183,278747.2162991346,364862.1360492687,0.014505369354988407,0.020601038360489706,43608.87207500235,61934.86180797288,137903.3619479206,195855.2298809684,0.023756246847679425,0.030623200788185114,71420.66530049125,92065.44232117852,225851.97435410644,291136.4915257833,0.028706238193392696,0.035960085774362396,86302.29527383235,108110.22745870195,272911.82036569517,341874.5571283753
2026-02-18,3008400.899531758,6588.180197566282,3001812.719334192,0.01016362405884381,0.12066483453336209,0.014790026479166574,0.020847050346726705,44396.88960445172,62578.940891404505,140395.29217711944,197891.98677788596,0.024724843582324615,0.03310486497248061,74219.3499489704,99374.60474623326,234702.19229584825,314250.09257707605,0.02737272248529439,0.037294875667558604,82167.78651916175,111952.23214486468,259837.35569502972,354024.04271768994,0.013541984406182055,0.020112281393689157,40650.50103550258,60373.30210240452,128548.17129922139,190917.14450903048,0.024724843582324615,0.031802384553803256,74219.3499489704,95464.80245876386,234702.19229584825,301886.21214773634,0.02737272248529439,0.03582912908716055,82167.78651916175,107552.33541650522,259837.35569502972,340110.34758655087,0.013541984406182055,0.019232804998031226,40650.50103550258,57733.27867156436,128548.17129922139,182568.65739136355,0.022178457954953847,0.028589338016295984,66575.57718439905,85819.83849466185,210530.4604430408,271386.1580709275,0.026799691925210013,0.03357176979667292,80447.65609533327,100776.16558621224,254397.82568318097,318682.2171107084
2026-02-19,3011234.783524953,2833.883993194904,3008400.899531758,0.009544176687118863,-0.0025555107402206257,0.01388861149399796,0.01957647496232327,41782.51131179057,58893.88488631426,132127.90210700795,186238.81649651975,0.023217926434985377,0.031087206558534402,69848.8307722722,93522.78017462447,220881.39714003803,295744.99846305314,0.025704423766028224,0.03502184662030891,77329.2115796648,105359.75487580059,244536.43825680797,333176.79912456067,0.012716634452289334,0.01888648833241663,38256.73452528378,56818.12848823824,120978.41694029725,179674.69841093235,0.023217926434985377,0.029864109051641434,69848.8307722722,89843.21253467261,220881.39714003803,284109.1839161549,0.025704423766028224,0.03364543361439037,77329.2115796648,101218.95275066803,244536.43825680797,320082.4330690763,0.012595202879860984,0.017858070202855392,37891.419673558776,53724.234462171444,119823.18994575954,169890.94644937295,0.020826736619181493,0.026846889634594896,62655.17317945661,80766.20692634511,198133.05443937666,255405.17185971778,0.02516631798005072,0.03152565470580545,75710.37364908685,94841.8079752727,239417.2232335081,299916.1306101841
2026-02-20,3035230.519874002,23995.736349049024,3011234.783524953,0.009037713886163982,0.7713473589584566,0.013151610775212253,0.018537647133871325,39602.587825700706,55821.20785422498,125234.37876606958,176522.15856103133,0.02198586457778009,0.02943756047342497,66204.60016248055,88643.40603969655,209357.3280941921,280315.0626405672,0.024340415650478158,0.03316340842124741,73294.70625217498,99862.80897830454,231778.21218985657,315793.92991375475,0.012041824826005056,0.017884274721477605,36260.76177318073,53853.7501194294,114666.59689601698,170300.5109189618,0.02198586457778009,0.028279366772223074,66204.60016248055,85155.8128805779,209357.3280941921,269286.32470573025,0.024340415650478158,0.03186003492508449,73294.70625217498,95938.04537073424,231778.21218985657,303382.7376360933,0.011926837033518397,0.016910429714724687,35914.506532764164,50921.27416133292,113571.64168453144,161027.20770769243,0.01972156351638928,0.02542225644023939,59386.25804604808,76552.3828685401,187795.83714001253,242079.89017784092,0.023830864508081806,0.029852742320833823,71760.3281282062,89893.61606010223,226926.08252617903,284268.5738586147
2026-02-23,3002003.83393127,-33226.6859427318,3035230.519874002,0.00909813592876531,-1.3160170621039682,0.013216467439840979,0.018243905208824036,40115.025338326355,55374.45789151099,126854.84846447792,175109.41113425983,0.022132852064093343,0.029634366607742574,67178.30807679241,89947.13396495525,212436.46287914965,284437.8123335505,0.024503144593869333,0.033385123879567186,74372.69230419786,101331.54690903667,235187.10340014164,320438.4870607509,0.012122330987386033,0.018003840844362875,36794.06898492843,54645.807205764315,116353.06237773343,172805.21534865675,0.022132852064093343,0.028468429750468684,67178.30807679241,86408.24683151157,212436.46287914965,273246.8686096042,0.024503144593869333,0.032073036621284495,74372.69230419786,97349.05961795924,235187.10340014164,307844.75646827224,0.012006574438841839,0.017023485153024643,36442.721175911814,51670.20169108234,115242.00305033107,163395.5245041041,0.019853412916133645,0.025592218078879625,60259.68480670955,77678.28138428663,190557.85507304553,245640.2939018029,0.023990186824396575,0.030052324172062515,72815.74722688764,91215.73152019134,230263.61076405444,288449.4700422178
2026-02-24,3033641.715191425,31637.88126015477,3002003.83393127,0.009975086070821123,0.9541608601389364,0.014490374874241934,0.020002396771249195,43500.160927575635,60047.27179510454,137559.58711500184,189886.14615171793,0.024266191015464775,0.032490760731755254,72847.1984633338,97537.38828407283,230363.06830645277,308440.30400189257,0.02686495104528426,0.03660304558990049,80648.68603631922,109882.48319444233,255033.53817458582,347478.9218496124,0.0132907769157245,0.019739193108786218,39898.96325693017,59257.13339128593,126171.60017126928,187387.50912888124,0.024266191015464775,0.03121244167876347,72847.1984633338,93699.8695860041,230363.06830645277,296305.0043525114,0.02686495104528426,0.035164489006851755,80648.68603631922,105563.93081680297,255033.53817458582,333822.4601415364,0.013163862837496806,0.018664342999084094,39517.96670751078,56030.42924105871,124966.78329443911,177183.77467864507,0.021767041533403475,0.028058998027598474,65344.74213661842,84233.21965512056,206638.21826809182,266368.8287594438,0.026302550357797324,0.032949004344588154,78960.35701627786,98913.0373666717,249694.57303149506,312790.48836402607
2026-02-25,3040358.689617144,6716.97442571912,3033641.715191425,0.01015845268050431,0.12263456571655951,0.014756743594758594,0.020370090007722694,44766.672949443535,61795.55478963158,141564.6497880894,195414.70240896303,0.024712263274374528,0.03308802080541386,74968.1527459356,100377.20018842527,237070.11465256292,317420.5777461065,0.027358794903623328,0.03727589957093353,82996.78149699829,113081.7239096701,262458.867993834,357595.80929287826,0.013535094076076719,0.020102048014753154,41060.62600822667,60982.41141833614,129845.10033834394,192843.31729140147,0.024712263274374528,0.031786203104974195,74968.1527459356,96427.95170679691,237070.11465256292,304931.95749819925,0.027358794903623328,0.03581089878062701,82996.78149699829,108637.43639940782,262458.867993834,343541.7381838105,0.01340584700502265,0.019007439517089823,40668.536701910736,57661.76141802164,128605.20508419015,182342.4999781688,0.022167173279683712,0.028574791405510093,67247.26156912521,86685.67921064883,212654.51296754426,274124.1868243573,0.02678605590861545,0.03355468806262411,81259.29658982558,101792.90144701225,256964.45828700202,321897.41820960835
2026-02-26,3052292.2552396776,11933.565622533672,3040358.689617144,0.009540466880983173,0.3093592812471422,0.013859022428400553,0.019130882939908198,42136.39926978651,58164.74618639826,133246.9940907811,183933.07747461117,0.023208901664303713,0.03107512301131885,70563.38585153558,94479.52027838492,223141.0187041525,298770.47631976206,0.025694432497831113,0.03500823368482642,78120.29111956197,106437.58749180961,247038.05141324105,336585.2051275669,0.012711691516920157,0.0188791471847625,38648.101763200735,57399.3791957537,122216.02881368385,181512.77453826557,0.023208901664303713,0.029852500920460646,70563.38585153558,90762.31058032632,223141.0187041525,287015.62713343004,0.025694432497831113,0.03363235568843064,78120.29111956197,102254.42486961468,247038.05141324105,323356.8834185485,0.012590307144748805,0.017851128799675,38279.049732485844,54273.83456556674,121048.98382151437,171628.9345783661,0.020818641300137313,0.02683645429175123,63296.13698289484,81592.44700443915,200159.95995596593,258017.97240061034,0.0251565358727076,0.03151340073449988,76484.89244125196,95812.04176252401,241866.4667073524,302984.2792407495
2026-02-27,3032715.3799340287,-19576.875305648893,3052292.2552396776,0.009115318822065666,-0.8118664167829589,0.013241428283645084,0.01827836095657714,40416.70899848151,55790.89958623571,127808.8559634244,176426.31540225048,0.02217465254261197,0.029690334573426024,67683.52021844534,90623.57827394309,214034.08394834452,286576.9170602107,0.02454942164692462,0.03344817558883305,74932.00956352131,102093.60730169195,236955.8198742468,322848.33361614385,0.012145225426591903,0.01803784320249947,37070.777507726474,55056.769108216795,117228.09155775586,174104.79099196254,0.02217465254261197,0.028522195708095714,67683.52021844534,87058.07706225092,214034.08394834452,275301.8122311733,0.02454942164692462,0.032133610300376224,74932.00956352131,98081.16985272827,236955.8198742468,310159.89230846294,0.012029250258273502,0.01705563599483167,36716.7873996681,52058.78565521179,116108.67654712228,164624.33489297034,0.019890908407348203,0.025640551974527248,60712.86568143071,78262.45821191995,191990.93882919181,247487.6232334158,0.024035495096737938,0.03010908149946665,73363.35553462445,91901.71627320231,231995.30028213316,290618.7443018805
2026-03-02,3029879.279997616,-2836.099936413113,3032715.3799340287,0.009212395018617873,-0.2064113672990896,0.013382446663779348,0.01847302159275561,40585.15181839046,56023.41669820335,128341.51892983825,177161.5990710326,0.022410807851134206,0.03000653028868434,67965.60164688098,91001.26590494926,214926.10374783495,287771.2702182635,0.024810867738669744,0.03380439150745941,75244.30018057275,102519.09803398342,237943.3695160288,324193.8534534778,0.01227456948067245,0.018229942376020963,37225.275646104186,55286.226619069865,117716.65756928531,174830.39935249102,0.022410807851134206,0.02882595099419246,67965.60164688098,87420.90492131207,214926.10374783495,276449.17466436914,0.024810867738669744,0.032475826379741446,75244.30018057275,98489.93813790914,237943.3695160288,311452.53112487576,0.012157359201607555,0.01723727487159253,36869.81023009772,52275.74861122903,116592.5772252856,165310.43200186774,0.020102742329106308,0.025913618370971975,60965.89584033152,78588.6289833877,192791.0904480327,248519.06577742813,0.024291467980603755,0.03042973677995703,73669.10854595201,92284.73073991986,232962.1761993835,291829.9423935027
2026-03-03,2979340.1788535407,-50539.10114407493,3029879.279997616,0.008810125720622536,-2.0189104210695397,0.012798087502668797,0.01766637691317419,38776.66014793262,53526.98936185472,122622.56612174881,169267.2026750637,0.021432215430426584,0.028696262345319943,64937.0254570947,86946.21069346069,205348.90492075591,274948.05971222377,0.023727474079613727,0.03232828580276662,71891.38208050214,97950.80331164369,227340.51151180128,309747.63710795774,0.011738586987715271,0.01743391201613333,35566.50149052813,52822.64878698384,112471.15311384248,167039.88220999934,0.021432215430426584,0.027567234336141305,64937.0254570947,83525.39212191338,205348.90492075591,264130.48156393063,0.023727474079613727,0.031057733923524015,71891.38208050214,94101.18449856447,227340.51151180128,297574.07353519346,0.011626494823601155,0.01648459042331011,35226.87576502868,49946.31896283443,111397.16226927709,157944.12866381565,0.01922493411222375,0.02478207190020699,58249.2295259461,75086.68616584831,184200.23725191972,237444.95023833623,0.0232307544797079,0.029100989062569988,70386.38165677877,88172.48378811806,222581.28229331694,278825.8757247243
2026-03-04,3004263.096112438,24922.91725889733,2979340.1788535407,0.01116556943995834,0.6595736591019543,0.01624804958505547,0.022768062886798605,48408.46695676036,67833.80455330321,153081.01362036247,214509.32474313886,0.027162255934716124,0.03636839246617368,80925.60045460278,108353.81291478567,255909.21845330243,342644.8419744908,0.03007116673154788,0.04097146073190247,89592.2352683045,122067.91914487713,283315.52411350893,386012.653735085,0.01513251405713973,0.022345493632324222,45084.9071375024,66574.8269950995,142570.99465168975,210528.08813617792,0.027162255934716124,0.03493751156436844,80925.60045460278,104090.73195288311,255909.21845330243,329163.7962851772,0.03007116673154788,0.03936121864403468,89592.2352683045,117270.46019481162,283315.52411350893,370841.75647171796,0.014876973643125813,0.02106040136098377,44323.56531470987,62746.099957560735,140163.42041372106,198420.59015848642,0.024364843773590345,0.03140771805561125,72591.15800614723,93574.27632918641,229553.39728859242,295907.843602209,0.029441645955022015,0.036881325471781516,87716.67872537792,109882.01482745318,277384.4935574296,347477.4407431458
2026-03-05,2954643.8517159186,-49619.24439651938,3004263.096112438,0.010769136139258038,-1.6361692452736263,0.01567116293708082,0.02195968330801383,47080.29648503692,65972.66616458226,148880.96980873612,208623.8883940048,0.026197860627108233,0.03507713348076693,78705.26587911832,105380.93763367811,248887.90402714847,333243.7848865776,0.029003490609214692,0.03951676990759628,87134.11649570735,118718.77351095802,275542.27003288444,375421.72531629214,0.014595234473879353,0.02155211736575085,43847.92430898378,64748.23084500929,138659.31148705343,204751.88393659808,0.026197860627108233,0.03369705597433368,78705.26587911832,101234.82171132583,248887.90402714847,320132.6151288545,0.029003490609214692,0.037963699430119936,87134.11649570735,114052.94118981411,275542.27003288444,360667.0680010472,0.014211750155239827,0.020269084419877677,42695.83652255722,60893.66231462609,135016.0900174839,192562.66798337922,0.023499770524066252,0.030292587707517075,70599.49335256309,91006.90333544282,223255.20064801627,287789.097338774,0.028396320954200322,0.03557185481114004,85310.01910806836,106867.21066937769,269773.96761398215,337943.79290428094
2026-03-06,2902112.989597285,-52530.86211863346,2954643.8517159186,0.01234725926208825,-1.5311064140985275,0.018211943514656274,0.02525221899990991,53809.806933376756,74611.31361026772,170161.55036339088,235941.6902255666,0.030036928969239075,0.040217381938282844,88748.42750339,118828.04027605824,280647.1696690432,375767.2571665674,0.03325369959360442,0.045307608422804735,98252.83905105144,133867.84666239237,310702.75797925936,423327.30091532954,0.017305408091927765,0.02479849471615081,51131.317620249276,73270.71994488468,161691.42344548812,231702.36082616253,0.030036928969239075,0.03863506609109163,88748.42750339,114152.86048668205,280647.1696690432,360983.0405613524,0.03325369959360442,0.04352694899109876,98252.83905105144,128606.63222050236,310702.75797925936,406689.88002038555,0.016451453872970884,0.02330887477124979,48608.18703756146,68869.42353328948,153712.5839701668,217784.23950799578,0.026943457256750448,0.03473170264611684,79608.32032762836,102619.81168297461,251743.61293558744,324512.3379757567,0.0325575545129228,0.04078460037155477,96195.97826851321,120503.96873250508,304198.3930765622,381067.0082844297
2026-03-09,2937273.772696677,35160.78309939196,2902112.989597285,0.01370035065521331,0.808507567162836,0.020207724400008276,0.028019518160056364,58645.09947146603,81315.8076145566,185452.08793696944,257143.16183806214,0.033328567153996236,0.04462465906753221,96723.2676622779,129505.8027362355,305865.82854690804,409533.3068549705,0.03689785201274319,0.050272705024300195,107081.73561442035,145897.0702732143,338622.18034553825,461367.0460090018,0.019727429713741335,0.02753709526316245,57251.23002361618,79915.76185900162,181044.28572084266,252715.82842205706,0.033328567153996236,0.042868942961336656,96723.2676622779,124410.51621840023,305865.82854690804,393420.5961274629,0.03689785201274319,0.04829690957900728,107081.73561442035,140163.08864664257,338622.18034553825,443234.60400747805,0.01825430907892418,0.025607980030565736,52976.06749406952,74317.2514840527,167525.0347600683,235011.7841331352,0.02989609308801396,0.0385378240631455,86761.84008893493,111841.11980446939,274365.02866834024,353672.67464588885,0.03612541891566519,0.04525403691317176,104840.04748979541,131332.3283574308,331533.340067972,415309.28802260157
2026-03-10,2932159.257401281,-5114.515295395628,2937273.772696677,0.013219326778882596,-0.2049045658470616,0.01923666125040349,0.026701728114361698,56503.340565060644,78430.28567599211,178679.25159377707,248018.3402738139,0.03215839005645871,0.04305787241916034,94457.99568498577,126472.7593649193,298702.40957891167,399941.9815595355,0.03560235613456339,0.04850761360051116,104573.8669202597,142480.14120488605,330691.60319935833,450561.76754984737,0.01903479308350044,0.0265702586733753,55910.39849287395,78044.12393507168,176804.20412512714,246797.18962728948,0.03215839005645871,0.041363800090441175,94457.99568498577,121496.80514472131,298702.40957891167,384206.63269098283,0.03560235613456339,0.04660118899161867,104573.8669202597,136880.45020156263,330691.60319935833,432853.9897861919,0.017445203308098806,0.024684370112628647,51241.33813623993,72504.75292736184,162039.33886536557,229280.16043822427,0.028846431298600695,0.03718474821985302,84729.86608927637,109221.78569050373,267939.362683177,345389.61289277836,0.03485704342089113,0.04366515259893679,102384.67943393279,128256.50750965517,323768.78451742657,405582.68846900057
2026-03-11,2921507.107797039,-10652.149604242297,2932159.257401281,0.012069585281134675,-0.38157239750995225,0.017563566388035787,0.024379364397345008,51499.17377766111,71484.17900723437,162854.68675422695,226052.8223300547,0.02936143706731413,0.0393129447421982,86092.40950753025,115271.81486154147,272248.1032957307,364521.48498371796,0.032505866657436794,0.044288698579640226,95312.37783945493,129861.51753854705,301404.20317923604,410658.17582771153,0.01737925556065879,0.02425932941701733,50958.74507892836,71132.21732845459,161145.7011533105,224939.82177601403,0.02936143706731413,0.03776621314338869,86092.40950753025,110736.55148537707,272248.1032957307,350179.7229262935,0.032505866657436794,0.04254808388844136,95312.37783945493,124757.75805817964,301404.20317923604,394518.6712400731,0.015927919219773552,0.02253746466585546,46703.19579139881,66083.43565834237,147688.47270961033,208974.17228955054,0.02633753355511522,0.03395063132216279,77225.84283074796,99548.65792589753,244209.5575713487,314800.4970588096,0.03182537698430522,0.039867407162407324,93317.07374481623,116897.58697983877,295094.4976155176,369662.62783393415
2026-03-12,2869994.127090762,-51512.9807062773,2921507.107797039,0.011233426360447784,-1.669621437830971,0.01634679444663467,0.02269040636385076,47757.27616554036,66290.18347079316,151021.7675287801,209627.96627815237,0.02732733009875113,0.036589415417952055,79836.98912061739,106896.2372136855,252466.72715123434,338035.58289689745,0.030253919324767616,0.04122045807755252,88387.0403460268,120425.86126021956,279504.3631346418,380820.01076972904,0.01617525233822363,0.022578687188686018,47256.11467653102,65963.79510647216,149436.95574794913,208595.83564512117,0.02732733009875113,0.0351498385716985,79836.98912061739,102690.50322513569,252466.72715123434,324735.88426029554,0.030253919324767616,0.03960043000698921,88387.0403460268,115692.93773723813,279504.3631346418,365853.1924457194,0.014824461939894106,0.020976110096409224,43309.77092666731,61281.85474059278,136957.52106841002,193790.24021986025,0.024512917123147012,0.031598593320712146,71614.66160811375,92315.51498284859,226465.44454385623,291927.2907172014,0.029620572738773738,0.03710546568993534,86536.71379334669,108403.88175126527,273653.1168130851,342803.17353756086
2026-03-13,2861474.360107523,-8519.76698323898,2869994.127090762,0.012924808912392071,-0.3047563760483267,0.01906381690493477,0.026220607868850256,54713.04255709638,75252.99059235005,173017.83219814772,237970.8510110498,0.03144192237337456,0.0420985714704335,90238.1325560286,120822.65287905485,285358.0306772422,382074.7760417139,0.03480915916272231,0.047426896018962966,99902.0823659806,136114.91304056795,315918.1232702419,430433.1487239497,0.018775309304482773,0.026045349532154892,53885.0274381781,74750.00019531067,170399.41848531077,236380.25571521293,0.03144192237337456,0.04044224195390746,90238.1325560286,116068.99689409802,285358.0306772422,367042.3959163592,0.03480915916272231,0.045562945290762574,99902.0823659806,130765.38539744627,315918.1232702419,413516.45696565276,0.01705653570461673,0.024196702108389048,48952.15730076391,69444.39294604122,154800.31344925414,219602.45243722075,0.02820375186839695,0.03635629659785415,80944.60222422435,104342.35771861127,255969.30732488038,329959.5068228621,0.03408045152387501,0.04269232184904068,97810.69572212269,122526.71297861538,309304.5780075955,387463.4872261385
2026-03-16,2887645.706972641,26171.346865118016,2861474.360107523,0.01188573745536118,0.6847363380680603,0.017531208713800237,0.024112639742807033,50165.10423623296,68997.70037855198,158635.98844625763,218189.88651008627,0.028914194163711767,0.03871411725581358,82737.2252426318,110779.45390170677,261638.07904909388,350315.39227902016,0.032010726785547915,0.04361407880186448,91597.87394525246,124800.56823124424,289657.9104959911,394654.04889398324,0.01726589526769111,0.023951471048480943,49405.91661279993,68536.52029208587,156235.22638479903,216731.50702533996,0.028914194163711767,0.03719094597286188,82737.2252426318,106420.9383294884,261638.07904909388,336532.555853498,0.032010726785547915,0.04189997771647993,91597.87394525246,119895.71192478387,289657.9104959911,379143.5313697276,0.01568530000383178,0.022251442980341093,44883.083791559075,63671.93356364056,141932.77319351275,201348.33308802577,0.02593635172760762,0.03343348432772768,74216.20546327966,95669.05817284946,234692.24855899572,302532.125429351,0.031340602551157816,0.039260133925149404,89680.33063045851,112341.86660120255,283594.106109213,355256.175054599
2026-03-17,2899967.458030734,12321.751058093272,2887645.706972641,0.011421153434632353,0.28824082619702873,0.016845957212740046,0.02317013641357136,48645.15602521359,66907.1449446198,153829.4901739382,211578.9697640189,0.027784009971846407,0.037200878357409296,80230.37711768733,107422.95668438438,253710.72922614697,339701.2161122642,0.030759506807626073,0.04190931255019075,88822.55778163715,121019.24646773294,280881.59019188624,382696.45955532294,0.0165910142117135,0.0230152674040824,47908.970962776555,66459.9381142259,151501.4685972439,210164.77759478957,0.027784009971846407,0.0357372440650356,80230.37711768733,103196.49940343355,253710.72922614697,326335.98467105743,0.030759506807626073,0.04026221142818032,88822.55778163715,116263.00198380969,280881.59019188624,367655.89387751336,0.015072200499532102,0.02138168921994971,43523.17506710477,61742.74308381098,137632.36421430283,195247.6971314512,0.024922564016588152,0.032126652283499424,71967.5349892516,92770.3895458499,227581.32815389652,293365.7303859593,0.030115576068790628,0.0377255525883329,86963.11394805126,108938.02997487009,275001.5124965997,344492.29853228497
2026-03-18,2866070.894491331,-33896.563539403025,2899967.458030734,0.010631157503147469,-1.1968016711645066,0.015680730098315814,0.02156746873176201,45473.607003278936,62544.95747420522,143800.17155374534,197784.5217768605,0.025862202777527717,0.03462771070685463,74999.54644782245,100419.23419598085,237169.39025470967,317553.5009491669,0.028631885865347012,0.03901046467151808,83031.53727155649,113129.07807006004,262568.77540328127,357745.5562963954,0.015443421387444305,0.021423311940448705,44785.41946424433,62126.90747054251,141623.93147304998,196462.53158944458,0.025862202777527717,0.03326531532548713,74999.54644782245,96468.33192504373,237169.39025470967,305059.65096027387,0.028631885865347012,0.03747729277675949,83031.53727155649,108682.92946769283,262568.77540328127,343685.5998973407,0.014029663321365028,0.019902727608172875,40685.567079085966,57717.26238975121,128659.05986547562,182518.00946118686,0.02319868172326617,0.029904466517284727,67275.42206668424,86721.97974989538,212743.5642798744,274238.97920866875,0.02803249551962944,0.03511609346247698,81293.32477431773,101835.52829434906,257072.06485463763,322032.21613666497
2026-03-19,2886105.9471205454,20035.05262921425,2866070.894491331,0.011193849412207548,0.5360236400419239,0.016510688637813034,0.022709003898621856,47320.80415284466,65085.61511673027,149641.52183374375,205818.7866819535,0.027231052053730945,0.036460505737711,78046.12571757665,104498.39429328768,246803.5198193855,330452.9377971305,0.030147330492405977,0.04107523257970103,86404.38647089578,117724.52858114321,273234.6610774687,372277.6467860031,0.01626081951745485,0.022557217095234696,46604.66153955391,64650.58337737445,147376.88004623982,204443.09553112442,0.027231052053730945,0.03502600072408481,78046.12571757665,100387.00122573176,246803.5198193855,317451.57134742726,0.030147330492405977,0.039460912096924296,86404.38647089578,113097.77163107561,273234.6610774687,357646.5566437755,0.014772233265929564,0.020956150416557552,42338.267810117344,60061.81276947798,133885.3584661601,189932.12875013612,0.024426554652688687,0.03148726701187361,70008.23734277286,90244.739529808,221385.48497681634,285378.9237628261,0.02951621527592018,0.03697473789167327,84595.56551785524,105972.22010277053,267514.6669864241,335113.5842294377
2026-03-20,2853003.8941673846,-33102.05295316083,2886105.9471205454,0.0106483992981217,-1.1740422074978645,0.015706161377395386,0.02160244722529633,45329.64575773584,62346.951409285466,143344.92612303438,197158.3716211869,0.02590414654496227,0.03468387052654103,74762.11139849773,100101.32499580907,236418.55470248914,316548.18378750165,0.028678321552681133,0.03907373251733042,82768.67438662834,112770.93179446476,261737.52997458554,356612.99833000795,0.015468467795155238,0.02145805663800745,44643.63689644016,61930.22487660279,141175.57562628153,195840.56661648504,0.02590414654496227,0.033319265588798094,74762.11139849773,96162.93056951913,236418.55470248914,304093.88707631326,0.028678321552681133,0.037538074097895495,82768.67438662834,108338.8588973879,261737.52997458554,342597.553219344,0.01405241687181077,0.019935006195781653,40556.763905150154,57534.539937530346,128251.74846597962,181940.19033251764,0.02323630574622196,0.02995296609791385,67062.4402032825,86447.43358908924,212070.05649121804,273370.7880176665,0.028077959105341763,0.03517304534975706,81035.96475693434,101513.13536227448,256258.22102104558,321012.7201697693
2026-03-23,2890764.5183393634,37760.6241719788,2853003.8941673846,0.01116417768739509,1.0912252147992196,0.016466923477885913,0.022648808760235402,46980.19680736484,64617.13959120397,148564.42683424367,204337.33699324605,0.027158870246281323,0.03636385926222844,77484.36257382733,103746.23208209245,245027.06877960105,328074.392039845,0.030067418456674516,0.040966353770201996,85782.46194445269,116877.16683622502,271267.9630411869,369598.053669967,0.016217716689805515,0.02249742430067961,46269.20887051852,64185.23913857488,146316.08556490534,202971.54784048046,0.027158870246281323,0.034933156715156774,77484.36257382733,99664.4321439018,245027.06877960105,315166.607282028,0.030067418456674516,0.03935631239386669,85782.46194445269,112283.71251976976,271267.9630411869,355072.2757020365,0.014733076258881202,0.02090060159636256,42033.52393965311,59629.497744863445,132921.6737325178,188565.02860564244,0.024361806773645342,0.031403803183884846,69504.32959416353,89595.17277528958,219791.9887606033,283324.81332622445,0.029437976147902497,0.03687672833237564,83986.66058637241,105209.44953642042,265589.1405244296,332701.4919076348
2026-03-24,2910879.784564621,20115.266225257423,2890764.5183393634,0.011478567866981999,0.5199623918866954,0.016930642273341987,0.023286613285829743,48942.49995647351,67316.11543896663,154769.77424514806,212872.24802195994,0.02792368090526486,0.037387888130636086,80720.78598237004,108079.58042368422,255261.53822328168,341777.64269418834,0.030914135640241154,0.0421199917433217,89365.48642393947,121758.97764434131,282598.48130850436,385035.6949296417,0.01667441766728586,0.023130965745843036,48201.81495656098,66866.17505300626,152427.52261670286,211449.4115910299,0.02792368090526486,0.03591689611099384,80720.78598237004,103827.28888654207,255261.53822328168,328330.7161617606,0.030914135640241154,0.04046461060156686,89365.48642393947,116973.66057542831,282598.48130850436,369903.19366579567,0.015147968839471978,0.02148917552212279,43789.210846055896,62120.14612771932,138473.64321488547,196441.15034608208,0.02504785038752256,0.032288153791618424,72407.43716092309,93337.44934349513,228972.42096403285,295158.9309160324,0.030266967845003802,0.03791519991242609,87494.67672405542,109603.91461258508,276682.46158813476,346598.0106463804
2026-03-25,2913211.9862516937,2332.2016870728694,2910879.784564621,0.01087048933840948,-0.015183873507809082,0.016033739440108285,0.02205300211530942,46672.28800718767,64193.63804641501,147590.73371407416,202998.10751911314,0.026444420513727324,0.03540726021046606,76976.52908793483,103066.27797346491,243421.15829207777,325924.1883521924,0.02927645554547236,0.03988868005883542,85220.24261102028,116111.15241622993,269490.06940295885,367175.7033822497,0.015791088363715455,0.021905600022680594,45965.95989421294,63764.56827477924,145357.12810166526,201641.26976561578,0.026444420513727324,0.03401419417194024,76976.52908793483,99011.23020335658,243421.15829207777,313101.0013778632,0.02927645554547236,0.038320992934363036,85220.24261102028,111547.80365708104,269490.06940295885,352745.12754563603,0.014345503348174556,0.020350783835707233,41758.035695605395,59238.68526740464,132050.50341272668,187329.1710388594,0.023720937467369748,0.030577684918196783,69048.7973446881,89007.96488716551,218351.46930460088,281467.898939735,0.028663571542884736,0.03590663758649346,83436.21095760491,104519.90548221201,263848.46596033016,330520.9621493096
2026-03-26,2852305.743687683,-60906.2425640109,2913211.9862516937,0.010099406818805905,-2.187701232733894,0.014896409203974238,0.020488704142465473,43396.3978451278,59687.938490595145,137231.45943742685,188749.83447031336,0.024568623595631563,0.032895697155169386,71573.60874450006,95832.1392485452,226335.62399036472,303047.8330718198,0.027199772297433054,0.0370592339349383,79238.70268019874,107961.40450056776,250574.77930631678,341403.93761254736,0.01467097023253315,0.020351757805179452,42739.64633135737,59288.984779340244,135154.62879714885,187488.23206177074,0.024568623595631563,0.03160144625159478,71573.60874450006,92061.71200303457,226335.62399036472,291124.69522405136,0.027199772297433054,0.03560274844088535,79238.70268019874,103718.353501491,250574.77930631678,327986.2322272118,0.013327925710008137,0.01890723026719411,38827.072930267816,55080.7698412107,122781.98533711434,174180.6879737368,0.02203832690033022,0.028408700836950518,64202.318082975136,82760.56779204277,203025.55620481665,261711.89467162755,0.02663036233968628,0.033359651915585584,77579.89076619977,97183.7378176682,245329.15544825667,307321.96303247305
2026-03-27,2822009.606106568,-30296.137581114657,2852305.743687683,0.013106976941443825,-0.8884107813708318,0.02010174927112148,0.027190203597915328,57336.33490418949,77554.77389437139,181313.41098345094,245249.72892558048,0.03188507886931813,0.04269192753802769,90945.99359689087,121770.43012581473,287596.4838332645,385071.9108559586,0.03529977499778832,0.04809535187238246,100685.7509770745,137182.64839027665,318396.3010120793,433809.62436730554,0.01907317064301492,0.0267361632798028,54402.51417540675,76259.71208715324,172035.85523388235,241154.38390407723,0.03188507886931813,0.041012252973576295,90945.99359689087,116979.48471810391,287596.4838332645,369921.6112220683,0.03529977499778832,0.04620512979017541,100685.7509770745,131791.15708835216,318396.3010120793,416760.2318682376,0.017463699594316894,0.024796582622316,49811.81065890633,70727.43503745811,157518.77605919665,223659.7877799641,0.028601268143071196,0.03686871847888499,81579.56140123351,105160.85747972786,257977.22454545536,332547.8303322942,0.034560796628037106,0.04329404649964084,98577.95872857214,123487.85749840717,311730.8766723642,390502.8930692693
2026-03-30,2794555.603227041,-27454.00287952693,2822009.606106568,0.012844500264945949,-0.8363188364885903,0.019699197228491862,0.026645700139523245,55591.32381139192,75194.42175516972,175795.20138795118,237785.6400856524,0.03124655714391335,0.041836990865480574,88178.08441788128,118064.39011297892,278843.5864711075,373352.38331567775,0.03459287151699821,0.04713220772626418,97621.41572377924,133007.54296052773,308706.02209731727,420606.78173796285,0.01869121663004754,0.02620075230659831,52746.79287981299,73938.77469643926,166800.00476936114,233814.93544277293,0.03124655714391335,0.040190952996908405,88178.08441788128,113419.25543585308,278843.5864711075,358663.1776977292,0.03459287151699821,0.04527983870599484,97621.41572377924,127780.13979127344,308706.02209731727,404076.28147513664,0.01711397640113878,0.02430001315215612,48295.805802694755,68574.87054390051,152724.747769692,216852.78116991525,0.028028507098372898,0.036130395772107755,79096.71627643445,101960.32394132022,250125.77887364532,322426.8546231681,0.033868691722644104,0.04242705196015716,95577.77338756368,119729.54819034602,302243.4575921285,378618.07550438464
2026-03-31,2865374.3283643336,70818.72513729241,2794555.603227041,0.012509231528734401,1.9233766117033098,0.019185006343448014,0.025950190775439204,53613.566975028974,72519.25103631431,169540.98512707534,229326.00748427934,0.030430955640662047,0.040744956550012194,85040.99759716565,113864.04663007891,268923.2468999498,360069.7309546692,0.033689924101668677,0.04590195700468726,94148.36617061195,128275.57114653551,297723.27508267853,405642.9729820288,0.0182033361793838,0.0255168570259389,50870.23511752252,71308.27577858085,160865.80807965444,225496.56747973218,0.030430955640662047,0.03914188376568379,85040.99759716565,109384.1705982532,268923.2468999498,345903.11905890296,0.033689924101668677,0.04409793874992945,94148.36617061195,123234.14182437821,297723.27508267853,389700.573661253,0.01666726527021039,0.023665731200239192,46577.59955133791,66135.20173009344,147291.30252546462,209137.87098180363,0.027296903535841657,0.03518731570830828,76282.71472683434,98332.91027517177,241227.1246376657,310955.9654225174,0.03298464693796854,0.04131961579693922,92177.42992096566,115469.96384852506,291490.6274108061,365148.0870986412
2026-04-01,2898441.8935064767,33067.56514214305,2865374.3283643336,0.015096101767097863,0.6960989278268357,0.02315240608488529,0.03131660965118204,66340.3100354965,89733.80934590375,209786.48039389474,283763.22065636,0.03672398277753781,0.04917088704946173,105227.95748605074,140892.99745442992,332760.01918328623,445542.7783243041,0.040656895797023335,0.055394339185423684,116497.22548777444,158725.51743861948,368396.5736315875,501934.15789481293,0.021967729579026717,0.03079366382780768,62945.768388192984,88235.3738084815,199051.99717611566,279024.7514311672,0.03672398277753781,0.047236303790954004,105227.95748605074,135349.69224941844,332760.01918328623,428013.3081110012,0.040656895797023335,0.05321725555714731,116497.22548777444,152487.35789945407,368396.5736315875,482207.3653435439,0.02011400397541192,0.028559730929189946,57634.15063176346,81834.31982949373,182255.1870056049,258782.84143188226,0.0329418184288264,0.04246394333844146,94390.64085559828,121675.09312308782,298489.4149066352,384770.4287820478,0.039805769505790276,0.049864384044308055,114058.43006267928,142880.1259402604,360684.4253410882,451826.63034293003
2026-04-02,2887714.129255754,-10727.764250722714,2898441.8935064767,0.014242359961829138,-0.3281774296087377,0.02184304971777963,0.029545536610539977,63310.8103839573,85636.02107811841,200206.36132434444,270804.8763610423,0.03464710227972038,0.046390086911523715,100422.6127361453,134458.9713477668,317564.18483125285,425196.6013022632,0.03835759415280515,0.05226157922742538,111177.25782660952,151477.15065357756,351573.35874386743,479012.80953776836,0.02072537116108536,0.029052165356693114,60071.28403176078,84206.01316691685,189962.0795112666,266282.79428958555,0.03464710227972038,0.04456491167298316,100422.6127361453,129168.8069733902,317564.18483125285,408467.63268255343,0.03835759415280515,0.05020761793468312,111177.25782660952,145523.86319505266,351573.35874386743,460186.8616031145,0.018976480770409594,0.02694456983544203,55002.22685627523,78097.27001355609,173932.31324711244,246965.2522840063,0.031078833668379373,0.04006244630272299,90080.19350575034,116118.67272016597,284858.58354687906,367199.48467138427,0.03755460228114607,0.04704436402129886,108849.83254564766,136355.35553270142,344213.3937721706,431193.49464537855
2026-04-06,2908152.0496602906,20437.92040453665,2887714.129255754,0.013007191616631912,0.467947098110735,0.018927963816428663,0.023790939584709733,54658.548550742715,68701.43238703632,172845.50701924245,217253.00485909331,0.0269263440819186,0.031199903289797427,77755.58425455839,90096.40156136111,245884.74704153018,284909.83791905176,0.03164233311903241,0.03333668289373684,91374.01243044718,96266.81021476247,288949.99822875095,304422.38335781253,0.018927963816428663,0.02653261697396749,54658.548550742715,76618.61292185697,172845.50701924245,242289.32799587664,0.03164233311903241,0.04070002071723528,91374.01243044718,117530.02488616222,288949.99822875095,371662.5720965445,0.035031032668441264,0.04585336340615815,101159.60799907774,132411.40538186164,319894.768486874,418721.6291905602,0.017330745905283804,0.02460780262657422,50046.23982122934,71060.29933469523,158260.1061621027,224712.3971109847,0.028383522522212982,0.03658803155426076,81963.49902544335,105655.77568089416,259191.34191739224,334112.89910345315,0.03429768024866952,0.042964442616785996,99041.89585477897,124069.02800009098,313197.97468229075,392340.7155634929
2026-04-07,2898429.3555338387,-9722.694126451854,2908152.0496602906,0.012103196407796526,-0.3565003077340365,0.017427652945186244,0.021213204694902024,50682.26463331158,61691.22471334262,160271.39321666316,195084.78173943082,0.0236175733196509,0.02708964477923496,68683.49425754495,78780.80598930134,217196.2795129376,249126.7828300269,0.02505497270837914,0.028825680509026987,72863.67023605543,83829.46185517951,230415.15662535376,265092.0344885715,0.017612477037470015,0.024688609494930912,51219.76119611323,71798.23030594585,161971.1065896281,227045.93973611688,0.02944320217831475,0.03787138369763175,85625.30876342837,110135.7421237391,270771.0010476093,348279.7969039657,0.03259638830967484,0.042666570895532545,94795.25347430362,124080.87560181908,299768.9123517893,392378.1809697642,0.01612626520524651,0.022897569062709025,46897.63121000307,66589.61240195531,148303.33149020807,210574.84369797455,0.026410877763359507,0.034045176324583266,76806.84830084135,99008.54930938283,242884.58052969223,313092.52364674077,0.03191400362324638,0.039978429077461006,92810.7750498099,116263.35046381678,293493.4405629267,367656.9958680548
2026-04-08,3001597.066719133,103167.7111852942,2898429.3555338387,0.01124118800928679,3.02544329248781,0.016186428503402732,0.01970236739290365,46915.21953551214,57105.92002510464,148358.95065904516,180584.7751587505,0.02193549315933522,0.0251602783106132,63578.47730112891,72925.28924888263,201052.79843688235,230610.01305305885,0.023270518736770242,0.026772670886252188,67447.9546251551,77598.6952227595,213289.16013517848,245388.62036114713,0.016358089137503425,0.02293024847895595,47412.76575657914,66461.70532109108,149932.32995882654,210170.36599358026,0.0273462117055849,0.035174125080105395,79261.06277011035,101949.71668739652,250645.48811912362,322393.31154104945,0.030274823035734137,0.03962779161703813,87749.43582036391,114858.35451780108,277488.0805871158,363214.00857534225,0.01497772761441941,0.021266768721007776,43411.885396823025,61640.22675831777,137280.43537616337,194923.51204554146,0.02452985413315844,0.03162042612374946,71098.04930650949,91649.57131156452,224831.77300352493,289821.3919225693,0.029641038843827672,0.03713110342373552,85912.45711346892,107621.88016671805,271679.0438600967,340330.2673965309
2026-04-09,3029384.0149492687,27786.94823013572,3001597.066719133,0.017385815992844583,0.4744594027833441,0.025034210557550247,0.030472022515187595,75142.61297717197,91464.73339858647,237621.80634438948,289236.88311960665,0.033925813487457136,0.03891332203284028,101831.62225001174,116802.11327007039,322019.8641399174,369360.71345440025,0.03599058715869644,0.04140707630553185,108029.24084504253,124287.35878009972,341618.45496922743,393031.13811164163,0.025299703866195577,0.035464319286892344,75939.51691363535,106449.59674472683,240141.83785996787,336623.1817197823,0.042294124466372686,0.05440091081536953,126949.91993771816,163289.61433026235,401450.8957792105,516367.0995340991,0.046823565452367266,0.06128902858731975,140545.47671515692,183964.96842976403,444443.8212540559,581748.309919024,0.02316481283651836,0.0328915526935736,69531.43426119123,98727.1880848683,219877.7012436313,312202.7813320209,0.037938297085511406,0.04890469848459758,113875.48124819007,146792.1995201517,360105.8903920747,464197.69322955527,0.04584334384851576,0.05742760740261875,137603.2464243015,172374.5379283984,435139.6721342131,545096.1504728213
2026-04-10,3011935.5325815245,-17448.482367744204,3029384.0149492687,0.01585967144645309,-0.42512446060921555,0.022836682185494204,0.027797157498888555,69181.07996721286,84208.26458816018,218769.78368663945,266289.91390868695,0.030947771199589438,0.03549747119058836,93752.6833703436,107535.47179589057,296472.0162028771,340057.0201358116,0.03283129694555498,0.037772321186087816,99458.606156917,114426.86600866403,314515.72836150386,361849.5221022788,0.023078870222459486,0.032351225400850246,69914.76053500744,98004.28509335648,221089.88535587591,309916.7613514941,0.038581503360448,0.04962554373488416,116878.18955285267,150334.8289236239,369601.2877839113,475400.471050411,0.042713345426620655,0.055909015548491627,129395.12586041106,169369.87799415065,409183.3158430537,535594.5814863467,0.021131382090835663,0.030004298866298212,64015.07111976281,90894.54336532427,202433.42931611594,287433.78391537094,0.03460803492121248,0.044611794492291065,104841.02777912715,135146.25711314837,331536.4400150263,427369.98972428107,0.04181916866849792,0.05238655382849319,126686.32108281489,158698.9887663167,400617.3230091039,501850.26686703594
2026-04-13,3041165.431848369,29229.89926684461,3011935.5325815245,0.01448013248142872,0.6002683003889134,0.020850254344719935,0.025379247265621255,62799.62192422428,76440.65662949716,198589.84147799484,241726.5807880608,0.028255807725148057,0.03240975623806969,85104.67128916497,97616.0964157478,269124.6007936997,308689.20096836187,0.0299754967127697,0.03448673049453049,90284.26365597175,103871.8089790392,285503.9100240314,328471.50105569296,0.02107137587756599,0.029537183750779353,63465.625726022205,88964.09327136195,200695.9304220076,281329.16470916395,0.03522552670010804,0.0453089113586123,106097.01552195463,136467.52006359102,335508.22199561493,431548.19003567396,0.03899796427629129,0.051045821143380105,117459.35430210667,153746.7224915478,371439.09208735457,486189.8258591289,0.019293288213698915,0.0273944024668648,58110.14031117609,82510.17418378906,183760.39853528215,260920.0805579979,0.0315976867662755,0.04073127849234966,95170.19551872619,122679.98497858156,300954.58320272464,387948.17584756087,0.03818156666281316,0.04782975752323837,115000.41732135713,144060.14619900013,363663.2506053684,455558.1820456888
2026-04-14,3047548.246617577,6382.814769207966,3041165.431848369,0.013539714838379393,0.08350760077302147,0.019496126744507136,0.023730982518975322,59290.94671032958,72169.84370050568,187494.43623230912,228221.08447195275,0.026420723678961425,0.030304892445400747,80349.79153687516,92162.19132083554,254088.35077624663,291442.43872604234,0.028028726819330555,0.03224697682862041,85239.99510166937,98068.39121281574,269552.53226287116,310119.4827009402,0.019702887456344593,0.02761888025729626,59919.74023983402,83993.58390484877,189482.85596351943,265611.0339797816,0.032937791637119296,0.0423663070914452,100169.2733282315,128842.94860157555,316763.0552811668,407437.17803298513,0.03646522683791027,0.04773063111533704,110896.78732396213,145156.74538826916,350686.43313900934,459025.93316407304,0.018040278363694567,0.025615262708739345,54863.47094058998,77900.25147753271,173493.52851472475,246342.2249689005,0.02954556313048265,0.03808597031113737,89852.94525691752,115825.73634863424,284139.96148628264,366273.1385278387,0.03570185047409561,0.044723435955026675,108575.23351483888,136011.36741991158,343345.0353915401,430105.70872093976
2026-04-15,3027603.979699743,-19944.26691783406,3047548.246617577,0.012291864824295996,-0.6127475338065971,0.017699320657886715,0.02154388277396617,53939.53363726492,65656.02217313522,170571.78222102372,207622.5721736253,0.02398573144992038,0.02751192664691902,73097.67382404492,83843.92381388946,231155.14094405217,265137.76721752225,0.02544553747053422,0.029275024245418346,77546.50310256841,89217.04880881174,245223.57438543002,282129.0803542573,0.017887025846010558,0.025073463272564555,54511.574254212755,76412.58903293432,172380.73348470678,241637.82325447554,0.029902172035903615,0.03846173468857108,91128.31195807521,117213.99211202524,288173.0251138762,370663.18871501007,0.03310451102030247,0.04333167076643416,100887.59451505505,132055.35726725656,319034.58632308454,417595.7061917995,0.016377646478243486,0.02325450354110564,49911.66780849347,70869.22149265872,157834.55209254415,224108.15591975945,0.02682257879820054,0.034575883196568485,81743.10298621785,105371.67221095643,258494.38844615986,333214.4850472928,0.032411489107649294,0.04060162535173795,98775.5768002813,123735.41215051274,312355.7998857756,391285.7296152935
2026-04-16,3025567.6128373505,-2036.366862392519,3027603.979699743,0.011671053802414701,-0.14041263624588735,0.016805401508815963,0.020455790765847068,50880.10048854327,61932.03353058384,160897.00512204264,195846.28608256427,0.02277431181060229,0.02612241353888049,68951.59707270235,79088.32318967702,218044.0950559381,250099.23760289242,0.02416038909433526,0.027796464403019593,73148.0901731037,84156.68624816436,231314.571438388,266126.8088763696,0.016983626487767543,0.023807106818206508,51419.69514409898,72078.4913479389,162603.3532468527,227932.20296822704,0.028391937564288948,0.03651919227074828,85959.54316102785,110565.65185433757,271827.94301639794,349639.2908409263,0.03143253971170393,0.0411431681109899,95165.28232322502,124565.21951028857,300939.04631435126,393909.8108913559,0.015550479600678084,0.022080015185346906,47080.693925252635,66849.54184698705,148882.22662505155,211396.81277521836,0.025467881785889705,0.03282959899262229,77106.66024948227,99395.02456200992,243832.669157131,314314.6657043313,0.03077451945648274,0.03855100594736311,93173.05757979432,116717.17902766501,294639.07851416565,369092.1277970584
2026-04-17,3084707.1755384747,59139.56270112423,3025567.6128373505,0.01076952657587819,1.7077893305705076,0.015507273056187227,0.018875689034850873,46918.303122225356,57109.67341383391,148368.70181642158,180596.644416079,0.02101511658192105,0.024104595145885487,63582.656110261494,72930.08239394754,201066.01299164843,230625.17030861956,0.02229412672068803,0.025649334427867702,67452.38776260547,77603.79553579056,213303.17894670228,245404.74896710512,0.015671731097406025,0.021968133633348458,47415.88204540762,66466.07363554201,149942.18452937147,210184.179816781,0.02619881043441183,0.033698277666071405,79266.27234522166,101956.41751486587,250661.9622421171,322414.50141806045,0.029004542135047377,0.03796507580964587,87755.20330897564,114865.90378857931,277506.31898750796,363237.8814656748,0.014349287233386333,0.020374450701717207,43414.73872063416,61644.27817246681,137289.45837830854,194936.32374199704,0.02350062251171495,0.030293685969755315,71102.72235296111,91655.59514355693,224846.5504739238,289840.4409519075,0.02839735046700755,0.035573144473986296,85918.10386336964,107628.9538072769,271696.9004511604,340352.6362120462
2026-04-20,3086711.712289395,2004.536750920117,3084707.1755384747,0.012535023806264556,-0.025234699658090942,0.018049450508338703,0.02197006616256096,55677.269497598965,67771.22073870683,176066.98551143156,214311.4173443526,0.02446021974966199,0.028056170516428197,75452.61537703026,86545.07051015705,238602.12000805995,273679.54307196685,0.025948903808793018,0.0298541458998113,80044.76977634148,92091.29807672046,253123.78727704575,291218.25460392033,0.018240868900529374,0.0255694691993245,56267.73918551957,78874.3251138663,177934.21461454945,249422.51626843718,0.03049369999482872,0.03922258882952552,94064.13518276569,120990.20120563259,297456.91331151844,382604.61037184927,0.03375938799082959,0.04418886250269022,104137.82637709944,136309.70124093155,329312.72193079494,431049.1230984239,0.01670163082900035,0.023714526612304953,51519.64046141198,73152.3704054752,162919.40809103005,231328.10672159673,0.02735318591498646,0.03525986700853845,84376.56886579667,108766.36476977088,266822.1387659676,343949.44548917154,0.03305265664472823,0.04140481103819973,101957.76712260261,127721.71771134934,322418.7692524563,403891.5346369321
2026-04-21,3067466.7326364145,-19244.979652980343,3086711.712289395,0.011455936431386921,-0.6302617073530654,0.01649564937735935,0.0200787557520137,50917.31413491437,61977.33054793875,161014.68500461537,195989.52782861798,0.022354542510708387,0.0256409330298778,69002.02819067476,79146.1682973518,218203.57225367954,250282.15989464245,0.02371507203274256,0.027284128289462504,73201.59060125312,84218.23835069033,231483.75464713437,266321.4537151239,0.016670589366834174,0.023368301349804797,51457.30344937409,72131.20947275055,162722.281150461,228098.91231660484,0.027868625867623554,0.03584608144748088,86022.41387100483,110646.51944361882,272026.7576580371,349895.01661194203,0.03085318454618245,0.040384829548797775,95234.88610012752,124656.32636708493,301159.1527831134,394197.9160692912,0.015263857814286621,0.02167304295307577,47115.12869007851,66898.43552421012,148991.11891259358,211551.42815842436,0.02499846541028416,0.032224493648516345,77163.05597118543,99467.72196747061,244011.00808800195,314544.5550855719,0.03020729272338756,0.03784044534244522,93241.20424583458,116802.54583677233,294854.5771937998,369362.08135041833
2026-04-22,3079483.41800001,12016.685363595374,3067466.7326364145,0.01097948156434695,0.2681248691396152,0.015809591761912524,0.01924367596962742,48495.39678622939,59029.3358504669,153355.90987809462,186667.15005450792,0.021424812266177914,0.02457452109483425,65719.89887948135,75381.52592887585,207824.56805510877,238377.31543428756,0.02272875707194666,0.026149375509162416,69719.70619237101,80212.33945357312,220473.0693656379,253653.689123877,0.01597725595949339,0.02239640865650506,49009.70113456287,68700.23848435949,154982.28302935706,217249.22940732999,0.02670956370698116,0.0343552351886652,81930.69811439766,105383.54103313042,259087.6163291593,333252.01755850605,0.029569993946378173,0.0387052157775144,90704.97271477521,118726.9617770395,286834.30888211605,375447.6188871971,0.014629030675625335,0.020771656422135566,44874.06492819832,63716.36505665438,141904.25304338694,201488.83780579132,0.023958773842109288,0.030884270007377,73492.74171542977,94736.47080938955,232404.45531122832,299583.0252437264,0.02895096490380165,0.03626665305908622,88806.12172013595,111246.75176281363,280829.61480177986,351793.1178658428
2026-04-23,3128415.015379372,48931.59737936175,3079483.41800001,0.010258391252264507,1.4425939296410508,0.014771278305062923,0.01797982501006917,45487.906603104566,55368.572977049866,143845.3908588233,175090.80140072742,0.020017712625563424,0.022960560637621658,61644.21409671201,70706.66575153964,194936.1211166691,223594.10953108646,0.02123601932889359,0.024431984643650775,65395.96938765551,75237.89157895344,206800.21305963825,237923.1037382951,0.014927930960081411,0.020925498284918152,45970.31585661967,64439.72498179309,145370.90286427262,203776.30273731853,0.02495538182542539,0.03209891487712107,76849.6845212563,98848.07609988816,243020.04055255651,312585.06280130026,0.02762794995840796,0.03616320539563475,85079.81377025138,111363.9913575857,269045.994416952,352163.86201727774,0.013537733350813175,0.01917462408409472,41689.22537113488,59047.93691335331,131832.90606086465,186725.97178012898,0.02123601932889359,0.02871225515242303,65395.96938765551,88418.91363527207,206800.21305963825,279605.1553251782,0.027049576373275718,0.03388479814004499,83298.72190542742,104347.67399454612,263413.68740211154,329976.31836348615
2026-04-24,3130135.0768924467,1720.0615130751394,3128415.015379372,0.01135985772828822,-0.036643878834406125,0.016357303585337903,0.01991035914611045,51172.434147489934,62287.86651428794,161821.44532104494,196971.52877768283,0.022167059325404644,0.025425887528664846,69347.76124040122,79542.72832402222,219296.8761532114,251536.19280789807,0.023516178351859738,0.027055301630294952,73568.36546029734,84640.21186583274,232643.5985902013,267655.85113524145,0.016530776387262455,0.023172315966963678,51715.129065790636,72492.62121216435,163537.59733747417,229241.7965862757,0.027634897141339064,0.035545447358135876,86453.42716542962,111200.91124356931,273389.7413702322,351648.157415906,0.030594424908730166,0.04004612986491337,95712.05827136812,125280.91397722729,302668.10368028155,396173.03551566234,0.014991310142786016,0.021233446476380154,46899.039750900854,66427.03278496189,148307.78568762259,210060.72180715753,0.023516178351859738,0.03179515438327971,73568.36546029734,99468.43838895751,232643.5985902013,314546.8206092352,0.029953950054600196,0.037523084912335074,93708.38712073502,117387.7822631042,296331.9391623106,371212.7614273244
2026-04-27,3121707.1716715684,-8427.90522087831,3130135.0768924467,0.010496861478755077,-0.34887319355542723,0.015114656715609123,0.0183977904431448,47310.9171607161,57587.56920340417,149610.25641940933,182107.88359532558,0.02048305152191206,0.02349431002979808,64114.71805053216,73540.363931657,202748.5405791922,232555.0499817314,0.021729679417945225,0.024999939283741092,68016.8317557382,78253.18687221942,215088.1075766021,247458.30468300098,0.015274950974189414,0.02141193989088935,47812.65984212273,67022.26411678539,151196.90609197452,211943.00855041525,0.025535503543316993,0.03284509771540567,79929.57534704788,102809.59246295124,252759.51050671475,325112.4774966061,0.028270199149536962,0.037003868182737785,88489.54198870066,115827.1057794919,279828.5017893999,366277.46904844703,0.013852436334833669,0.019620364243127568,43359.99687208231,61414.390338819925,137116.3494535567,194209.354581311,0.021729679417945225,0.029379710489315345,68016.8317557382,91962.46235155092,215088.1075766021,290810.84026838513,0.027678380485498002,0.03467249625842784,86637.06962923269,108529.59674192709,273970.46983097494,343200.71924407897
2026-04-28,3100608.048853944,-21099.122817624822,3121707.1716715684,0.009912357664793902,-0.7816225759410609,0.014273017096484113,0.017373333875413476,44556.17983148536,54234.46095472285,140899.01210355107,171504.4242883943,0.019342479955796587,0.02218606052621104,60381.55839592377,69258.3842558125,190943.25320158218,219014.2413115133,0.02051969103030681,0.023607850811418266,64056.46664979352,73696.79718575685,202564.3334759629,233049.7353664788,0.014424385581804854,0.02021964440753345,45028.70791767618,63119.80895564609,142393.27711431443,199602.36177453565,0.02411359288528876,0.031016161997482965,75275.57584477443,96823.37534526973,238042.27185024068,306182.3968364443,0.026696010592529722,0.034943356845334485,83337.12772172019,109082.92766635945,263535.1372569947,344950.5052650918,0.013081081784070853,0.018527830274319243,40835.306818556295,57838.460642855985,129132.57849844208,182901.27198943152,0.02051969103030681,0.027743740264421363,64056.46664979352,86607.83295243743,202564.3334759629,273878.0153410877,0.026137146566122624,0.03274180427553152,81592.5178824959,102210.32522039357,258018.1965367058,323217.4280829953
2026-04-29,3084178.024083094,-16430.024770849384,3100608.048853944,0.0098554020261567,-0.6371120054113849,0.014191005446834173,0.017273508045919244,44000.7457097842,53558.37807912057,139142.57518880023,169366.46251445482,0.019231339565592295,0.02205858114251184,59628.84624731878,68395.01423677005,188562.9683895113,216284.0255878362,0.020401786476537512,0.02347220193097161,63257.94336015176,72778.09823149566,200039.1811160046,230144.55418699858,0.014341504180573854,0.020103463898396002,44467.38329495978,62332.96197321133,140618.2127997959,197114.13314001128,0.023975038050095803,0.030837945535327253,74337.19594970661,95616.38213695523,235074.85407131657,302365.5491778164,0.02654261738540571,0.034742575026058285,82298.25310283956,107723.10776370835,260249.92725799256,340650.37716508587,0.01300591890231534,0.01842137079802496,40326.256831260594,57117.4505672792,127522.82109570788,180621.23793467876,0.020401786476537512,0.027584326883833096,63257.94336015176,85528.18595823113,200039.1811160046,270463.8717704412,0.025986964548365635,0.03255367240663512,80575.3914439446,100936.1786837674,254801.76032250837,319188.22295444144
2026-04-30,3184557.666191854,100379.64210875984,3084178.024083094,0.00963466094832587,3.2240141236294613,0.01387315561894045,0.016886616392605063,42787.28168462103,52081.33117919387,135305.26501060877,164695.63009979567,0.018800596444959298,0.02156451352721886,57984.38639519821,66508.79872069102,183362.72973610662,210319.2883990765,0.019944827711734944,0.022946472068348638,61513.39932265642,70771.00488343742,194522.44847905313,223797.56773056145,0.01399585406444206,0.019586692816758983,43165.70553382626,60408.84754991425,136501.94629502538,191029.54908361117,0.023438045675135622,0.030147237909449603,72287.1053987091,92979.44864712923,228591.89852057485,294026.83331158984,0.025948116424962333,0.033964411594722216,80028.61044421842,104752.2918413553,253072.68698206975,331255.83234135626,0.012714612616782004,0.018008769340034196,39214.1288174087,55542.25063931487,124005.96352225661,175640.01839217832,0.019944827711734944,0.026966493736954384,61513.39932265642,83169.46737008911,194522.44847905313,263004.9486725358,0.025404909087945744,0.031824535968028096,78353.26231287114,98152.53445923426,247774.77101330544,310385.56700934353
2026-05-01,3175184.6073869863,-9373.05880486779,3184557.666191854,0.01564985351190005,-0.2500701582435594,0.022534560826651288,0.02742941077774404,71762.608434779,87350.54037139025,226933.29348871254,276226.66242008354,0.030538342955502444,0.03502785199877773,97251.11417174131,111548.21461294129,307535.02577178204,352746.4271021722,0.03239695031125856,0.03727260652041538,103169.95647495502,118696.76483354128,326252.04856129433,375352.1277673673,0.022733863397705608,0.031815221626260326,72397.29896532178,101317.40793150019,228940.36117456842,320393.7756879496,0.03807108349617958,0.04896901505945226,121239.56080798886,155944.65231344305,383393.15467172896,493140.29023352615,0.0421482627295722,0.05516935872742287,134223.57319212754,175690.00427430295,424452.2069734403,555580.5756315154,0.020652706512497444,0.0292521556921112,65769.73485198416,93155.1766619504,207982.1632376272,294582.5340871246,0.03239695031125856,0.04380244193089505,103169.95647495502,139491.40224895536,326252.04856129433,441110.5451174328,0.0412659156188131,0.05169349795027043,131413.6879363174,164620.92518980658,415566.5696013554,520577.0741239754
2026-05-04,3160450.1308524464,-14734.476534539834,3175184.6073869863,0.014129943555721496,-0.3975421245769389,0.0203460097751993,0.024765473092863897,64602.33705995797,78634.94895911802,204290.52727937288,248665.54240189967,0.027572466535766674,0.031625955555721036,87547.67133205912,100418.24727443038,276850.0452531342,317550.38002919545,0.029250566398433965,0.03365270006569822,92875.94818565852,106853.535245616,293699.5361144639,337900.5474172261,0.02052595612916142,0.028725335061442925,65173.6999532139,91208.24172912729,206097.3353925653,288425.7852432566,0.03437362915231953,0.044213156260101576,109142.61818447354,140384.9332010701,345139.2632570478,443936.1380859742,0.03805483373296247,0.049811324063262254,120831.12230557349,158160.1494392353,382101.5587199882,500146.30730058625,0.018646920693064083,0.02641119346570331,59207.41555978295,83860.4149550209,187230.28754100733,265189.91678471287,0.029250566398433965,0.03954835945369636,92875.94818565852,125573.3421847843,293699.5361144639,397097.77470362297,0.03725817995840159,0.04667303803704709,118301.59950317103,148195.51195521923,374102.5052710644,468635.3567932058
2026-05-05,3194825.1769505483,34375.046098101884,3160450.1308524464,0.012977801476589765,0.7591399613902445,0.018687015603567187,0.02274612011049905,59059.38090953563,71887.97827961219,186762.16087359938,227329.7477482873,0.02532423399357474,0.029047205396896675,80035.97863873126,91802.24409751999,253095.9872589735,290304.1856629119,0.0268655031989121,0.03090869109855764,84907.08310041857,97685.37682691433,268499.7720785138,308908.2848648811,0.018852289303985543,0.026383098722639907,59581.72019764929,83382.4678102603,188413.94273542947,263678.5152060952,0.03157083631718323,0.04060805779827065,99778.0537697629,128339.74158220817,315525.9104112006,405845.89771719975,0.03495187899820318,0.04574975635464157,110463.6705534101,144589.8234574945,349316.79765124846,457233.16860732477,0.017126468619636508,0.024257650018630988,54127.34998997052,76665.09317555516,171165.70967739893,242436.31146378536,0.0268655031989121,0.03632362406055459,84907.08310041857,114799.00241521483,268499.7720785138,363026.3207472497,0.034220183610245265,0.0428673631685425,108151.18376879439,135480.16353531947,342004.07235282357,428425.89454369945
2026-05-06,3260408.62885391,65583.45190336183,3194825.1769505483,0.012489461684637888,1.5496447051632596,0.017983844628998893,0.021890209686648707,57455.23959909256,69935.39303563206,181689.42064383204,221155.13105167454,0.024371312099826323,0.027954192357215673,77862.08149184467,89308.75754415123,246221.52087587025,282419.08883926366,0.025854585111861297,0.029745632485910344,82600.87945498528,95032.09557030449,261206.91581076122,300517.8728209603,0.0181428992695385,0.02539033296300792,57963.39136919931,81117.67500137512,183296.33763441563,256516.61150164754,0.030382861939035225,0.039080023135962934,97067.9322706423,124853.84183058431,306955.75373818947,394822.5148070531,0.03363667985995939,0.044028245470045614,107463.3116856237,140662.54712466066,339828.8298311594,444814.03039469634,0.016482019239079226,0.023344862457139293,52657.17003199363,74582.75433051625,166516.59243986133,235851.37785321803,0.025854585111861297,0.034956807728168324,82600.87945498528,111680.88943577166,261206.91581076122,353165.9817304755,0.032932517330642605,0.04125431343519486,105213.63550829726,131800.3192205698,332714.729112987,416789.205074269
2026-05-07,3173602.171402237,-86806.45745167322,3260408.62885391,0.01390086500209316,-2.010752306592854,0.02001615463649824,0.024363968392320523,65260.84329331307,79436.49277944576,206372.90683019333,251200.2465185681,0.027125454081040945,0.031113226815705303,88440.06454740641,101441.83318141443,279672.0403821128,320787.2428761143,0.028776348124529425,0.03310711318303748,93822.65373211977,107942.71749841845,296693.2819147958,341344.8441231151,0.02019318365039217,0.028259631983266077,65838.03021777033,92137.94796647665,208198.1321471458,291365.7745081457,0.0338163543678791,0.04349636034032549,110255.13357741464,141815.90857733623,348657.3458307389,448461.27955059166,0.037437878241545534,0.049003769098465245,122062.78126471711,159772.31161500068,385996.4063314343,505244.41173357755,0.018344611656574004,0.025983007891227212,59810.9301380679,84715.22313213644,189138.7682095038,267893.0575869346,0.028776348124529425,0.038907190510147564,93822.65373211977,126853.33966374809,296693.2819147958,401145.482136422,0.036654140038352594,0.045916361833437086,119507.4744642644,149706.10232731662,377915.8167214864,473412.2629805548
2026-05-08,3183661.7155164075,10059.544114170596,3173602.171402237,0.017012720705561073,0.1292448062090579,0.024756778513365958,0.030440222317396147,78568.16604694244,96605.15564445524,248454.35629064587,305492.32555155,0.03319777396750368,0.03807825181991651,105356.52754899034,120845.22265888822,333166.5934210866,382146.1479522759,0.03521823810927578,0.04051849074612292,111768.67693655864,128589.57021383713,353443.5901830562,406635.92521787045,0.024756778513365958,0.034900686589580655,78568.16604694244,110760.8947441221,248454.35629064587,350256.7030695986,0.04138650307404458,0.05323348079899881,131344.29602253324,168941.89025500193,415347.1331025994,534241.1654200107,0.04581874338297006,0.0599737812766658,145410.46349111566,190332.9224868294,459828.2602526848,601885.5487746604,0.02266770171422956,0.03206624540853008,71938.26738097714,101765.50605722806,227488.77585008365,321810.7863805022,0.03521823810927578,0.04761697674839132,111768.67693655864,151117.34080430452,353443.5901830562,477874.9908895037,0.044859557090952115,0.05619522523023738,142366.38779198824,178341.2888131191,450202.0476734727,563964.6734993635
2026-05-11,3199836.107871495,16174.39235508768,3183661.7155164075,0.015208297382328186,0.2696973826339697,0.022130995763460105,0.02721163542265276,70457.60393838375,86632.64191168973,222806.50692334256,273956.4681587033,0.0296767123652406,0.034039551198132185,94480.61299960887,108370.4159628541,298773.9318076773,342697.34542248823,0.03148287964737063,0.03622097061457798,100230.83862754457,115315.3174444767,316957.7418518261,364659.05222989374,0.022130995763460105,0.031199008652876784,70457.60393838375,99327.08941022895,222806.50692334256,314099.8358915142,0.03699691879141748,0.04758736834038512,117785.67394830538,151502.08272746167,372471.0054146028,479091.65167803376,0.04095906158178533,0.0536127710895821,130399.79626140888,170684.92678064742,412360.36260796146,539753.1308859169,0.02026349310085522,0.028665197327799076,64512.10720782362,91260.29130023715,204005.19543368812,288590.38043919863,0.03148287964737063,0.04256656859124396,100230.83862754457,135517.55478484658,316957.7418518261,428544.1360567648,0.040101609641761814,0.050234980727627034,127669.95934706072,159931.18492225074,403727.8603178153,505746.8132438915
2026-05-12,3190947.7729480737,-8888.334923421498,3199836.107871495,0.013772655273658478,-0.27210069139135634,0.020041860561400403,0.024642894907102166,64130.66909329469,78853.22492622808,202798.98220537652,249355.7916164435,0.026875272016768394,0.030826264935263498,85996.46580812389,98638.9956106691,271944.70267846406,311923.89224106574,0.028510939620969948,0.03280176139451105,91230.33406852368,104960.2605119417,288495.64735459065,331913.48702236655,0.020041860561400403,0.02825386565331481,64130.66909329469,90407.73950442698,202798.98220537652,285894.3749411717,0.033504461143284515,0.04309518699274671,107208.78454105927,137897.53541486492,339023.94432799687,436070.2956347053,0.037092583168052154,0.04855180010751079,118690.18695535974,155357.80308617218,375331.3266901425,491284.5100322404,0.018350647551285067,0.02595924259121338,58719.064637425596,83065.32177636017,185685.98632891406,262675.6113880818,0.028510939620969948,0.03854834375286221,91230.33406852368,123348.38223905108,288495.64735459065,390061.8335724613,0.0363160734979167,0.04549286845511227,116205.48327474893,145569.72313331638,367474.0037488088,460331.88346138253
2026-05-13,3203673.6319103227,12725.85896224901,3190947.7729480737,0.012570023573856932,0.23979622070556314,0.01829180028941772,0.022491071166414963,58368.1793967284,71767.83344968846,184576.38977097452,226949.8164366348,0.024528516549072038,0.028134507778708965,78269.21525598138,89775.74493946163,247508.99088290005,283895.83264703397,0.02602135724937849,0.02993750339352743,83032.7919639905,95529.00978120175,262572.74308913574,302089.2535291009,0.01829180028941772,0.025786731044812806,58368.1793967284,82284.11199905637,184576.38977097452,260205.2091614089,0.030578843224657867,0.039332104496557496,97575.49168705031,125506.69124865106,308560.7975419046,396887.00593725947,0.033853649537676375,0.044312244790723265,108025.22759841301,141398.0588292883,341605.76396906615,447139.9226270327,0.016748264421920737,0.02369247504184026,53442.83705787343,75601.45047038801,169001.08972413195,239072.77789883423,0.02602135724937849,0.03518229274447708,83032.7919639905,112264.85868019631,262572.74308913574,355012.65462634497,0.03314494488595981,0.0415204198145324,105763.78806834009,132489.49113905124,334454.4642632949,418968.5580360982
2026-05-14,3220151.985480979,16478.353570656385,3203673.6319103227,0.01155014106115846,0.36055495491875506,0.01680767520951337,0.020666233683835352,53846.30588243079,66207.86792380025,170276.9701746041,209367.66166281217,0.022538368722868893,0.025851783938273074,72205.57758372741,82820.67854088824,228334.0849325759,261901.9815498376,0.023910086171851173,0.027508491545975167,76600.11260546323,88128.22901946868,242230.82485863866,278685.9298584685,0.01680767520951337,0.02369449661917809,53846.30588243079,75909.43404024914,170276.9701746041,240046.70746150496,0.028097795573463407,0.03614085148673044,90016.16679351131,115783.49294282531,284656.11330511153,366139.5531493597,0.031106896920099162,0.04071692269009766,99656.34543347411,130443.731594797,315141.0348582983,412499.2983312268,0.015389375800781438,0.02177016035120013,49302.5374645223,69744.48867959944,155908.31281367343,220551.43847136374,0.023910086171851173,0.03232773921751653,76600.11260546323,103567.52571043094,242230.82485863866,327509.27287301,0.030455693789895807,0.0381516154650472,97570.10313622416,122225.32448015381,308543.7574480064,386510.41311042174
2026-05-15,3178887.872646114,-41264.11283486523,3220151.985480979,0.010785926899901155,-1.2852938819976731,0.015695596721042062,0.019298853981941422,50542.20694457234,62145.24296745617,159828.49191642823,196520.51352172275,0.0210471193555709,0.02414130271775966,67774.92318149678,77738.66387869112,214323.1254964753,245831.24011492348,0.02232807722904624,0.025688394398854043,71899.80222108588,82720.53422728831,227367.1383342647,261585.29742414763,0.015695596721042062,0.022126752141915142,50542.20694457234,71251.50484203355,159828.49191642823,225317.0420153418,0.026238707172407994,0.033749594933255384,84492.62499768361,108678.82513350112,267189.14047915925,343672.6208530164,0.029048711568661845,0.03802289075076215,93541.26623349072,122439.4871447931,295803.45651403046,387187.6549204527,0.014371138979465242,0.020329739429487098,46277.25171834809,65464.850788173826,146341.51928292093,207018.03517369842,0.02232807722904624,0.030188776932931122,71899.80222108588,97212.44997982054,227367.1383342647,307412.75886142254,0.028440595241582482,0.035627316873467235,91583.03923544272,114725.37516745551,289610.9990245647,362793.4909464807
2026-05-18,3159526.726311831,-19361.14633428305,3178887.872646114,0.01152711868824033,-0.6137787767400755,0.016774173231960777,0.020625040616481183,53323.215860745186,65564.69148856556,168622.81428477072,207333.75919012277,0.022493444013555245,0.025800254748519078,71504.1363887351,82016.11693124761,226115.93311172992,259357.73434544192,0.023862427280289738,0.027453660116000998,75855.98069321284,87272.10720250387,239877.67313631088,275978.6349622979,0.016774173231960777,0.023647267452505095,53323.215860745186,75172.01172598761,168622.81428477072,237714.7733510061,0.028041789510468644,0.03606881356476044,89141.70460212378,114658.71402175061,281890.82105262484,362582.6898946169,0.03104489295171226,0.04063576349270895,98688.23371179492,129176.53576268816,312079.596788285,408492.0732602905,0.015358700855186676,0.021726766876831387,48823.587888152426,69066.95573656858,154393.7412679719,218408.8911815891,0.023862427280289738,0.032263301799486326,75855.98069321284,102561.41882190862,239877.67313631088,324327.6835356944,0.030394987835206715,0.03807556957833339,96622.25821856478,121037.96637665732,305546.408639588,382755.6571051149
2026-05-19,3140532.665873201,-18994.060438629705,3159526.726311831,0.011019444483479149,-0.6348558574375397,0.016035409687802114,0.019716678225468312,50664.30547597043,62295.37180745765,160214.6013746078,196995.26259860644,0.021502793911759074,0.024663966993847767,67938.65205457811,77926.46289393488,214840.88165414493,246425.11274543044,0.022811484792332942,0.026244553534892114,72073.49586823181,82920.36831361326,227916.40587434746,262217.2282910732,0.016035409687802114,0.022605800974765708,50664.30547597043,71423.63234945829,160214.6013746078,225861.35698677154,0.026806780695617895,0.03448028075457522,84696.74005418479,108941.36857481586,267834.60896243696,344502.85611230973,0.02967762227745129,0.03884609432437893,93767.24075899473,122735.27323070556,296518.050707799,388123.0126521223,0.014682277157842753,0.020769882559549247,46389.047083321886,65622.99904925382,146695.04726808792,207518.14388670615,0.022811484792332942,0.030842370296392328,72073.49586823181,97447.2932542577,227916.40587434746,308155.398501816,0.02905634010412137,0.036398655769314545,91804.28312777776,115002.52570497361,290310.6336427445,363669.9178997779
2026-05-20,3179352.499527538,38819.8336543371,3140532.665873201,0.010613834199266864,1.0664570413741692,0.015445168764978721,0.01899093497491296,48506.05703634012,59641.651644188016,153389.6205488716,188603.46260996046,0.020711306249837202,0.023756120987892083,65044.53383051752,74606.87397691103,205688.87624831195,235927.65087218335,0.02197182605601513,0.02527852835691952,69003.23745779946,79388.04405010777,218207.39629209318,251047.03818411904,0.015445168764978721,0.02177371317106854,48506.05703634012,68381.05747109432,153389.6205488716,216239.89041953164,0.02582006072501798,0.03321111001756116,81088.74414174866,104300.57588005954,256425.12409056132,329827.3810482092,0.02858523065782391,0.03741622411784799,89772.85064241609,117506.87407573432,283886.6800761449,371589.36280591355,0.014141843144149544,0.02000537233576575,44412.92034985662,62827.52531342839,140445.9858451892,198678.07974231796,0.02197182605601513,0.029707105937063168,69003.23745779946,93296.13660390259,218207.39629209318,295028.28856253857,0.027986817009243867,0.03505887234069696,87893.51303134608,110103.53381463727,277943.6927327441,348177.9452876212
2026-05-21,3189858.492979776,10505.99345223792,3179352.499527538,0.010925203646185717,0.21354839393801858,0.01573143581959535,0.019118251924389748,50015.77979418752,60783.66204240571,158163.7830990602,192214.81657992429,0.020925108307133348,0.024321772131996086,66528.29539916887,77327.48702080098,210380.94230987452,244530.98472283926,0.022616395699597013,0.026020104044427454,71905.49419781764,82727.08283161704,227385.13794512575,261606.00592932163,0.01589827115621939,0.022412470937598725,50546.20813869268,71257.14549604281,159841.144803209,225334.87932950404,0.026577522908468643,0.03418539742054731,84499.31389029018,108687.42873635935,267210.2926148203,343699.82783413195,0.029423812389257894,0.038513873543177334,93548.67146541642,122449.18011598838,295826.8739135175,387218.3067867242,0.014556710928546551,0.020592253721196035,46280.915275574305,65470.03333938986,146353.10446809413,207034.42383963158,0.022616395699597013,0.030578599213811553,71905.49419781764,97220.14584248258,227385.13794512575,307437.09531599446,0.02880784356473588,0.03608736604856697,91590.28944354132,114734.45744787663,289633.9261956665,362822.2116389598
2026-05-22,3220789.3677756903,30930.87479591416,3189858.492979776,0.010188309833715008,0.8523476108222422,0.014670366562475633,0.01782874538477869,46796.39337443942,56871.174884810294,147983.18934444137,179842.4458457646,0.01951373115242105,0.022681293476145337,62246.041046274324,72350.11662664899,196839.2650345573,228791.15751902893,0.021090942939982718,0.024265074638007478,67277.12346205572,77402.15441683632,212748.94456444876,244767.10376126476,0.01482594902627083,0.02090077269462252,47292.67941793525,66670.50728978145,149552.58361284155,210830.65579456897,0.024784896169754565,0.03187962732674697,79060.31154471352,101691.49998125398,250010.6570037998,321576.75861973263,0.02743920633603224,0.03591615216174064,87527.18537161693,114567.44300828232,276785.2629580808,362294.0656077052,0.013574875663909105,0.01920332726788694,43301.932427664935,61255.89657893928,136932.73355812556,193708.15330516436,0.021090942939982718,0.02851610397029759,67277.12346205572,90962.33643634808,212748.94456444876,287648.16442938376,0.02686478397875833,0.033653310115995066,85694.85933670928,107349.29709038908,270990.9392717474,339468.2840237158
2026-05-26,3268968.041752665,48178.67397697456,3220789.3677756903,0.010191776458129973,1.3620726295991705,0.014675358229565857,0.01783481170638137,47266.23775408519,57442.17192019453,149468.96772995082,181648.09701478254,0.01952037079903017,0.022689010902000133,62871.00272455543,73076.52507850876,198815.56738824697,231088.26273850258,0.021098119240951542,0.024273330953485116,67952.59813132044,78179.28625548542,214884.9830210742,247224.6104136304,0.014830993631088345,0.020907884289194864,47767.50660055832,67339.89142132322,151054.1190048912,212947.4342798147,0.024793329357161185,0.031890474532636326,79854.09158530564,102712.5013080365,252520.8098932518,324805.4483064193,0.02744854266601869,0.03592837281580472,88405.9743796504,115717.721166625,279564.2378061866,365931.56453081185,0.01357949458463047,0.019209861297990256,43736.69177794538,61870.917025012735,138307.56333906672,195653.01872232923,0.021098119240951542,0.028525806720199838,67952.59813132044,91875.61499164398,214884.9830210742,290536.2048023068,0.026873924858606266,0.03366476082650511,86555.25145500188,108427.10373871922,273711.7380464091,342876.6079097112
2026-05-27,3257641.810996117,-11326.230756547302,3268968.041752665,0.011118071622014449,-0.3990553331717164,0.016009150568140493,0.019455755797951692,52333.40158285779,63600.2439316482,165492.7467060917,201121.63056631063,0.02129450950219508,0.024751136298704637,69611.07102747417,80910.6735575298,220129.5348105759,255862.01546015288,0.023015654020117734,0.026479449696959416,75237.43745180112,86560.47482255762,237921.66766214644,273728.25578494143,0.016178931130749644,0.02280812927432584,52888.40881613789,74559.04568993457,167247.83368112522,235776.4045487536,0.027046708949470977,0.0347888889999197,88414.82719040642,113723.76634881832,279592.23285187,359626.1257550767,0.029943245373801095,0.03919377783349138,97883.5121933141,128123.20717323732,309534.84390773636,405161.15579305345,0.014813687682704621,0.020955778871076906,48425.4716152665,68503.77141958615,153134.7870720752,216627.9459974384,0.023015654020117734,0.031118418216279753,75237.43745180112,101725.11465891248,237921.66766214644,321683.0575639459,0.029316402549653394,0.03672443401253188,95834.38303397328,120051.0011384213,303054.9285443533,379634.59898087836
2026-05-28,3265962.520542521,8320.709546403028,3257641.810996117,0.010458554469967634,0.15155240501809789,0.015059497629362642,0.018301652362480346,49058.449130008645,59620.22794633184,155136.4377263332,188535.71492883167,0.020031332330956733,0.02328291415761659,65254.90573128296,75847.39464168524,206354.13061042965,239850.52165737608,0.021650379617514755,0.024908705070946526,70529.18186595419,81143.6390968864,223032.8562046597,256598.71718084937,0.01521920691370235,0.02145516511166168,49578.72477227795,69893.24292957426,156781.6937670112,221021.84071291424,0.02544231485443076,0.03272523355892852,82881.94863832124,106607.08911617882,262095.73461018628,337121.2163276719,0.028167030524378297,0.036868827103409975,91758.09632781862,120105.4326944552,290164.57815703907,379806.7266745326,0.01393494886504281,0.019712694991979595,45395.07205685635,64216.8994132865,143551.82224713068,203071.6664199158,0.021650379617514755,0.029272492838576164,70529.18186595419,95359.29658303013,223032.8562046597,301552.57327388704,0.027577371629981896,0.034545963235052955,89837.19885920717,112538.37423564319,284090.1670045751,355877.5867570432
2026-05-29,3244178.714161057,-21783.806381463077,3265962.520542521,0.009788946655100777,-0.7823344724788518,0.014095314928058477,0.017129891056261205,46034.77027028248,55945.58217072563,145574.72561669777,176915.46468360006,0.018748828452479036,0.02179222810558301,61232.971029877765,71172.60023194746,193635.65635352003,225067.5237295823,0.020264216412231296,0.023313927932135,66182.17131051005,76142.41483298231,209286.40183666258,240783.45741761342,0.014244798842801675,0.020081500493928726,46522.979133257744,65585.42796942734,147118.57759758065,207399.3337003025,0.023813373407144622,0.03063000403200619,77773.58503541829,100036.44517259853,245941.67050870904,316343.01577196724,0.0263636394520387,0.034508304449508774,86102.65835545457,112702.82897956637,272280.5129985642,356397.6383198602,0.01304276527632631,0.01845059183454802,42597.182556715146,60258.94141346171,134704.1187852145,190555.50425718515,0.020264216412231296,0.0273983246615465,66182.17131051005,89481.90147026672,209286.40183666258,282966.61800881254,0.025811733404360014,0.032334161688221584,84300.15388887523,105602.16020689358,266580.49339154665,333943.35208778176
2026-06-01,3205194.950204011,-38983.76395704644,3244178.714161057,0.009750563585833651,-1.3389222965884329,0.014040046320690624,0.017062723686970434,45548.419419419784,55354.52499088115,144036.74918601077,175046.37776789576,0.018675313128867176,0.02170677942245777,60586.05333296342,70420.67175532674,191589.9229726002,222689.71710592014,0.020184759158085423,0.023222512569253066,65482.96601112819,75337.98096650839,207075.32053855597,238239.61417258007,0.014188944099697664,0.0200027596802739,46031.470424660285,64892.52717922362,145564.2905886047,205208.18901072827,0.023719999687461097,0.030509901879258207,76951.91808596821,98979.5742478319,243343.33147036436,313000.89645689627,0.026260265980420708,0.03437299523937161,85192.9959218886,111512.13949752873,269403.9078066042,352632.34757061506,0.012991623781671702,0.01837824591528245,42147.14933488791,59622.31420197671,133280.98878149662,188542.31224845085,0.020184759158085423,0.027290894124805412,65482.96601112819,88536.53781011677,207075.32053855597,279977.1156255853,0.0257105239907151,0.03220737742720748,83409.53466060512,104486.48828829781,263764.1081022717,330415.2877035292
2026-06-02,3240911.167104515,35716.21690050373,3205194.950204011,0.010642978702845895,0.9504540553321803,0.01532505405074023,0.018624380346261214,49119.785855036105,59694.769836515276,155330.40148163543,188771.4370829055,0.020384561174318836,0.02369348079902188,65336.492538051476,75942.22500978062,206612.1307468382,240150.40161190968,0.022032158444019796,0.025347940611373403,70617.36298686691,81245.0912456452,223311.7093933706,256919.53704444543,0.015487579619331504,0.021833501561345715,49640.7119867639,69980.62894969668,156977.71455059617,221298.17957215838,0.025890959971989733,0.033302304330247647,82985.57415815568,106740.37766946692,262423.4272765821,337542.711742091,0.02866372277872701,0.037518965243933396,91872.81950442349,120255.59793673512,290527.3646955202,380281.59086552815,0.014180675199596312,0.02006030504289998,45451.828540229355,64297.18842305507,143731.30200657086,203325.562561864,0.022032158444019796,0.029788678612785315,70617.36298686691,95478.52226294971,223311.7093933706,301929.59797801514,0.028063665947448302,0.035155140419812124,89949.52037897357,112679.07854729473,284445.3588372885,356322.53285846824
2026-06-03,3267484.221516604,26573.054412088823,3240911.167104515,0.010746868046398262,0.6699520157614061,0.015474646552020929,0.01880617857232788,50151.954817440004,60949.15414561907,158594.40633296446,192738.14856085015,0.020583541059380223,0.023924760052265414,66709.42807789966,77538.02202368298,210953.73413335133,245196.75485913648,0.02224722102581176,0.025595369548708006,72101.26705959569,82952.31899657463,228004.2260923937,262318.26522202906,0.015638758581987617,0.022046624993045456,50683.827328015235,71451.15313692651,160276.33489121418,225948.38535817256,0.026143689486022432,0.033627378224713435,84729.375204563,108983.34560892096,267937.81036941416,344635.5991495004,0.02894351807160425,0.03788519924465671,93803.37093355355,122782.56529998747,296632.3043516643,388272.5633063156,0.014319097071775899,0.020256119765502945,46406.92160277207,65648.28475022498,146751.57146163148,207598.10429400895,0.02224722102581176,0.03007945494080213,72101.26705959569,97484.84141806269,228004.2260923937,308274.1362213968,0.0283376039035746,0.03549830040938618,91839.65694007941,115046.83821001045,290422.495459141,363810.046344522
2026-06-04,3297604.863449953,30120.64193334989,3267484.221516604,0.010425388840380634,0.7875132084670555,0.015011741725659507,0.018243615104575624,49050.629226074874,59610.72449762284,155111.70901881877,188505.66238528467,0.01996781000097028,0.023209080578714767,65244.50411641183,75835.30458685795,206321.237816093,239812.28954708553,0.021581723048112705,0.02482971586758701,70517.9395328495,81130.70482208101,222997.30482583458,256557.8154125818,0.015170944548137664,0.02138712759645204,49570.821936543165,69882.10196496938,156756.7028061151,220986.60988943148,0.025361633495193117,0.03262145698277928,82868.73727743051,106590.09597411395,262053.9566187811,337067.4792941441,0.028077708687061317,0.036751910576701616,91743.47011131253,120086.28791996173,290118.32599932904,379746.1855818429,0.013890759072495576,0.01965018310832083,45387.836094267914,64206.66325635041,143528.94012428747,203039.29684951084,0.021581723048112705,0.02917966541607144,70517.9395328495,95344.09633614717,222997.30482583458,301504.50587274,0.027489919688598465,0.03443641285467583,89822.87883325412,112520.43564828482,284044.8831064107,355820.85996298486
2026-06-05,3225711.9606235777,-71892.9028263758,3297604.863449953,0.010305104020846495,-2.2327435103176083,0.01483854102571342,0.01803312607782542,48931.64505289423,59466.12425744328,154735.44802605602,188048.39627610985,0.01973742776206944,0.02294130159111951,65086.23778019231,75651.34770074785,205820.7557167093,239230.56679570544,0.021332719993951015,0.02454323850564455,70346.88120266893,80933.90266102563,222456.37088971885,255935.4723352035,0.014995907016677253,0.021140369722699785,49450.575910038184,69712.58601270494,156376.45148277437,220450.55338054348,0.025069019036896432,0.03224508099084353,82667.71909798913,106331.53589774325,261418.28132064594,336249.84054082556,0.027753757017338083,0.036327878725330214,91520.92411938233,119794.98956346899,289414.57378068817,378825.0192966622,0.013730491913753674,0.019423465547452293,45277.73691235437,64050.91445433129,143180.77594091944,202546.77589228778,0.021332719993951015,0.028842999720203683,70346.88120266893,95112.81615382929,222456.37088971885,300773.13371895655,0.027172749741330552,0.034039096479330296,89604.99170032008,112247.49009768176,283355.8634934953,354957.7303458704
2026-06-08,3262695.3277166057,36983.36709302804,3225711.9606235777,0.013485611193095983,0.7737146956013587,0.0196241562536035,0.024299690546126348,63301.87554439479,78383.80243409144,200178.1068807987,247871.3473563792,0.027916726211365008,0.030922165402772882,90051.31764145385,99745.99878810508,284767.2700462962,315424.54365880694,0.028530255363588844,0.032424884998476816,92030.38596597352,104593.33936143068,291025.63359687163,330753.1804650623,0.019890988282993512,0.02802125403920401,64162.598813075616,90388.49430593211,202899.9528449352,285833.51627990586,0.03280617478872732,0.04219701463010428,105823.2703983054,136115.41479493547,334642.5639065189,430434.735410577,0.036319514633364795,0.047539903233262494,117156.29275688788,153350.0344664223,370480.7273332531,484935.3881792183,0.018276828785671613,0.02569615968046213,58955.78521621022,82888.40962336003,186434.5625269068,262116.16603883714,0.028530255363588844,0.03782162599207935,92030.38596597352,122001.67133288193,291025.63359687163,385803.15975917754,0.035559188662006594,0.04454472459044852,114703.70017710498,143688.450894093,362724.9486087109,454382.7782865915
2026-06-09,3288064.153688724,25368.82597211795,3262695.3277166057,0.012963415167985876,0.5229648177198575,0.01886426066970755,0.02335874677777203,61548.33514788295,76212.47397315213,194632.92525870653,241005.00387146304,0.026835721928138656,0.029724783123993254,87556.78455084005,96982.9110160422,276878.8637812974,306686.8929241281,0.0274254937229841,0.031169313721920555,89481.03023030132,101695.97424864328,282963.8629061333,321590.9074955435,0.01912076030680741,0.02693620218146069,62385.21531540967,87884.62100388164,197279.37271671425,277915.5736729396,0.03153583903394068,0.04056304246556238,102891.83467166121,132344.84913036064,325372.55019593256,418511.15984329407,0.03491313372085701,0.04569904128439969,113910.91826698525,149102.04847973914,360217.9520849536,471502.07699282176,0.017569105034271913,0.02470114119345417,57322.63690748127,80592.2979611511,181270.09411447146,254855.22342418175,0.0274254937229841,0.03635707963422675,89481.03023030132,118622.07385201217,282963.8629061333,375115.93414506176,0.03418224944067218,0.042819843323467804,111526.26554092467,139708.1027450355,352677.0180420726,441795.8122551344
2026-06-10,3228419.4372004657,-59644.71648825798,3288064.153688724,0.012129727202871969,-1.5888441674674723,0.017651084443588868,0.021856526427932118,58037.89803269724,71865.66107183385,183531.94839192883,227259.17454069253,0.025109894426919424,0.0278131577046907,82562.94376806203,91451.44684968484,261086.9526354807,289194.8673628343,0.02566173750921846,0.029164789343576338,84377.43922543059,95895.69839049625,266824.8910847943,303248.82472651114,0.017891088376606492,0.025203912711937525,58827.0463615968,82872.08192082134,186027.4545229671,262064.53330985716,0.029507743109242264,0.03795439961229195,97023.35237375494,124796.50083995439,306814.77972616995,394641.18667337217,0.03266784117793421,0.042760098093709065,107413.95755556191,140597.94575013831,339672.7583682279,444609.74291122815,0.01643922133965208,0.023112590347036926,54053.214401464735,75995.67981898415,170931.27236204364,240319.44056088253,0.02566173750921846,0.034018925733810386,84377.43922543059,111856.41025234081,266824.8910847943,353721.0272876066,0.031983960671090356,0.04006606373805438,105165.31457560215,131739.78795650427,332561.9249070068,416597.7884101728
2026-06-11,3335134.688772228,106715.25157176238,3228419.4372004657,0.013640319044673263,2.31332190626141,0.020398826816591706,0.024620730630972136,65855.96899077077,79486.04532710733,208254.85952825594,251356.94543304274,0.028236988798902938,0.031276906593741625,91160.84348639008,100974.97318273888,288275.8988391175,319310.9019318764,0.028857556399415212,0.03279686549116097,93164.29598998076,105882.03803091326,294611.37193443073,334828.4034782558,0.020398826816591706,0.028353901687476833,65855.96899077077,91538.2873283213,208254.85952825594,289469.4810684247,0.0331825294638963,0.04268110166056387,107127.12309671997,137792.49820209347,338765.7081668656,435738.13880327175,0.03673617458290672,0.04808528424626211,118599.78007184576,155239.46630394194,375045.4350220808,490910.2962694175,0.018838767695437464,0.02604127211949115,60819.44380085453,84072.1490799918,192327.96843530852,265859.47887800366,0.028857556399415212,0.03825551826560045,93164.29598998076,123504.85874884193,294611.37193443073,390556.6557437141,0.0359671261001367,0.04505574470973077,116116.9690019215,145458.84197843686,367194.0970412406,459981.24646237335
2026-06-12,3379574.4421862224,44439.75341399433,3335134.688772228,0.017889518275545586,0.6859209239445566,0.026753420058573715,0.03229052114818855,89226.25928064394,107693.23719985686,282158.20642357186,340555.9181483216,0.037033307322941016,0.04102021296413715,123511.06789270315,136807.9351975181,390576.2907806352,432624.6772088748,0.037847192642941,0.043013665784735214,126225.4850561176,143456.36884992552,399160.0315368783,453648.8704229945,0.026753420058573715,0.03718664063207694,89226.25928064394,124022.45513094662,282158.20642357186,392193.4392198277,0.04351947086641052,0.05597701532320472,145143.29692357808,186690.88557835462,458983.4053846168,590368.4168214819,0.048180138926529434,0.06306469581034026,160687.25264373346,210329.25463393438,508137.7093091107,665119.5032087573,0.024707375089433554,0.03415358628887935,82402.42372927668,113906.81037801706,260579.3437028204,360204.9617994391,0.037847192642941,0.05017278488219704,126225.4850561176,167332.9952929222,399160.0315368783,529153.3928238684,0.04717151831859229,0.05909140143740327,157323.36706639174,197077.78274204873,497500.1690965204,623214.6696806981
2026-06-15,3422586.6430441765,43012.2008579541,3379574.4421862224,0.016694621143129636,0.6996780336269274,0.024293882510509724,0.03002601302930352,82102.98443399352,101475.14623458468,259632.43350876993,320892.5879999466,0.03455973637248392,0.038280344059509294,116797.20177314024,129371.2724216128,369345.18193738005,409107.88464642374,0.0353192597348278,0.04014064790302198,119364.06751676097,135658.30774584907,377462.32413508336,428989.23600094556,0.02496647507671762,0.03470282806814717,84376.06108075418,117280.79081069287,266820.5330086716,370874.424747535,0.04061266867411127,0.052238134596475874,137253.53708000347,176542.66458973376,434033.79408718727,558276.9242987143,0.04496203607121616,0.058852406635205294,151952.54797493716,198896.08932549067,480516.1478668077,628964.6599688537,0.0230570918795024,0.03187236095403684,77923.1584271058,107715.01649239699,246414.66310379806,340624.7903185756,0.0353192597348278,0.04682158694284218,119364.06751676097,158237.03857462958,377462.32413508336,500389.4520957532,0.044020784402652155,0.05514450107706701,148771.5178921931,186364.94646716627,470456.8474998226,589337.7068515959
2026-06-16,3386523.34689568,-36063.296148497146,3422586.6430441765,0.015663212820136264,-0.7379518460511824,0.0227929851613372,0.0281709796338631,78010.9665682968,96417.61861632938,246692.3368270673,304899.2813970533,0.032424605576197134,0.03591535086011129,110976.02195106803,122923.40013406209,350936.99503021815,388717.92215588334,0.033137204919678094,0.037660723502068366,113414.95494590802,128897.08922555909,358649.5783544482,407608.38571871584,0.02342402436944114,0.03255885694151728,80170.75293319052,111435.50888082321,253522.180999507,352390.0202833223,0.03810358241630847,0.049010816867098926,130412.81223019032,167743.767174017,412401.52271526447,530452.36756688,0.04218424208445864,0.05521645338347659,144379.22350521016,188983.0958265584,456567.1930829835,597617.0220817857,0.021632604539259376,0.029903258565931984,74039.46335032597,102346.49335125517,234133.34092359128,323648.0295212458,0.033137204919678094,0.043928908273792,113414.95494590802,150350.4947013933,358649.5783544482,475450.01058948034,0.041301141768756426,0.051737625479796545,141356.73616021968,177076.5059099737,447009.24887377844,559965.0787797838
2026-06-17,3348867.6619953867,-37655.68490029266,3386523.34689568,0.014826383003255254,-0.819316039191544,0.02157523693702574,0.02666590427039376,73065.0436020437,90304.70737777368,231051.9551219714,285568.5587487763,0.030692274089780414,0.03399652125416697,103940.10277436272,115130.01294047163,328687.46499897266,364073.0679365499,0.03136680178187271,0.03564864483636024,106224.40655176096,120724.96802352607,335911.06780327734,381765.8694053385,0.022172561962029044,0.030819352881584064,75087.89874490244,104370.45806970108,237448.7847499903,330048.3679353563,0.03606784337208393,0.04639234303449182,122144.59365173883,157108.75280349972,386255.11981523817,496821.4992074234,0.039930487890847764,0.05226643443753523,135225.52949529118,177001.50048170544,427620.67100739956,559727.8907895798,0.02047685132929372,0.028305633693102305,69345.33509756502,95857.68935036795,219289.20401592014,303128.62958802894,0.03136680178187271,0.04158194276367131,106224.40655176096,140818.21997845275,335911.06780327734,445306.3111825377,0.039094568487769474,0.048973467950093795,132394.66892064345,165849.79259143994,418668.70385313965,524463.0940554697
2026-06-18,3371386.745451286,22519.083455899265,3348867.6619953867,0.01424859849580712,0.40256187600092497,0.0207344494270849,0.025626733330242964,69436.9271756434,85820.53853223,219578.8435982758,271388.37178409053,0.02949619541951179,0.03267167599126797,98778.85499229949,109413.11919034837,312366.1664391605,345994.66254497884,0.03014443675098261,0.03425941627714606,100949.72942443095,114730.25128937281,319231.0741589205,362808.91059788805,0.02130849668128718,0.029618321947697725,71359.33546169865,99187.84057321314,225658.03237499087,313659.4924050147,0.034662278635702815,0.04458443229431577,116079.38401417872,149307.36353885688,367075.2428741439,472151.34021756594,0.03837439580330951,0.050229610212035924,128510.7731543147,168212.31731372036,406386.74703685567,531934.0532063326,0.019678867933290326,0.027202562457333896,65901.92444647396,91097.78173677524,208400.18343918902,288076.48007709935,0.03014443675098261,0.03996149343943833,100949.72942443095,133825.75310437582,319231.0741589205,423194.18939717684,0.03757105219976829,0.04706497070896901,125820.48173894467,157614.35842002643,397879.2985946883,498420.3645534215
2026-06-22,3430656.202605242,59269.45715395594,3371386.745451286,0.013083412997591057,1.2581932338393882,0.019038880575661162,0.023531095780217528,64187.429621013995,79332.42441937006,202978.47475416266,250871.15346837035,0.02708413088099064,0.029999935112427035,91311.0798642397,101141.38360243513,288750.98798053595,319837.1378845011,0.02767936198840354,0.031457837228145234,93317.83413025184,106056.53547153286,295096.90216539375,335380.21283648367,0.019565984859571724,0.027196270457854194,65964.50201726065,91689.145747318,208598.07109331535,289946.5372766663,0.03182775533761632,0.040938520454578034,107303.6724827061,138019.58523895073,339324.006346086,436456.2510668393,0.03523631246788693,0.04612206142979378,118795.23681281389,155495.30657729675,375663.52350757364,491719.3342504188,0.01806961972941074,0.024978060777471896,60919.67645108042,84210.7030322454,192644.93190593732,266297.62494594324,0.02767936198840354,0.03669362448682578,93317.83413025184,123708.39923745119,295096.90216539375,391200.30728378287,0.034498662645892464,0.043216211733818455,116308.33398015724,145698.56342801187,367799.24623685406,460739.3122470276
2026-06-23,3350149.29790039,-80506.90470485203,3430656.202605242,0.013683593185986023,-1.8060008705455326,0.01991225810588462,0.024610546341100322,68312.11177882958,84430.32345459957,216021.864997118,266992.1257012706,0.02832657112022025,0.0313761331053306,97178.72691212212,107640.72565157009,307306.11715780746,340389.86205227353,0.028949107481870053,0.03290091409788577,99314.4351425633,112871.72502129407,314059.81958356936,356931.73449950654,0.02046354243734696,0.02844385491689716,70203.37878995993,97581.08729665684,222002.57641582892,308578.49241315835,0.033287801596053365,0.04281650817258126,114199.00301659315,146888.71933616392,361128.9560528739,464502.9156874943,0.036852720713901485,0.048237835618317425,126429.0149000248,165487.42996423272,399803.64941544365,523317.20281457243,0.018898534002423438,0.026123888492757215,64834.37289556004,89622.08009384524,205024.2890186558,283409.90173858806,0.028949107481870053,0.03837688453995199,99314.4351425633,131657.89698365153,314059.81958356936,416338.82641615113,0.03608123241190064,0.04519868481671323,123782.30377152824,155061.14841605662,391434.0139408799,490346.4055961493
2026-06-24,3363211.187022928,13061.889122538269,3350149.29790039,0.016009721672690522,0.18272520172441767,0.023942221491555418,0.029114108239251035,80210.01652011,97536.60927672281,253646.34336328052,308437.84056435246,0.033141917726759784,0.036709886895503835,111030.37240337678,122983.6018089749,351108.86625137413,388908.29656756483,0.03387028152314552,0.03849387147987586,113470.49986445451,128960.21651177395,358825.2268095036,407808.0117256601,0.024553595569949436,0.03341969600133878,82258.21095959622,111960.97109492958,260123.3028829489,354051.6777042535,0.03894652752424367,0.05009505687011624,130476.68184100314,167825.91960170004,412603.4961587015,530712.1563536705,0.04311746143660619,0.0564379773532861,144449.93315909337,189075.65020502955,456790.7966418166,597909.7047251759,0.022438563984379524,0.03070544951762174,75172.53937816204,102867.84014317633,237716.4419336896,325296.67283453856,0.03387028152314552,0.04490072393988218,113470.49986445451,150424.12878241553,358825.2268095036,475682.861998924,0.042214824766479246,0.05288218920658439,141425.96555240842,177163.22904187426,447228.17143412394,560239.3214024128
2026-06-25,3423362.4639324853,60151.27690955717,3363211.187022928,0.014389878214895077,1.1647825935925753,0.021519777701396264,0.02616837946737953,72375.55710758247,88009.78657095192,228871.60738354884,278311.38194950833,0.029788660268195565,0.032995626814048,100185.55546042074,110971.26122383995,316814.54390404874,350921.9402888586,0.03044332913380165,0.03459911008697422,102387.34511302273,116364.11410554954,323777.2141348619,367975.63848126354,0.022069293721205696,0.030038333287105944,74223.69553285386,101025.25855071792,234715.93423868332,319469.91822766984,0.035005966963368274,0.045026502163299065,117732.45970375522,151433.63578811949,372302.7271978591,478875.2034508451,0.0387548910401468,0.05072765394754734,130340.88309807637,170607.813247819,412174.06282766524,539509.276483757,0.02016825836536164,0.027598710841169213,67830.11215715302,92820.29304843127,214497.64836128062,293523.5391173365,0.03044332913380165,0.04035772529123206,102387.34511302273,135731.55318226982,323777.2141348619,429220.85840824817,0.03794358201048506,0.04753163596328176,127612.27949338529,159858.92980921056,403545.4606050957,505518.32251409156
2026-06-26,3389324.4354675305,-34038.02846495481,3423362.4639324853,0.01469146355548021,-0.7459135473132809,0.02197079260162482,0.026716820497690794,75213.98669524796,91461.36044741668,237847.50985858435,289226.2169114736,0.03041297571537283,0.03368715437265057,104114.63948049757,115323.33979603104,329239.39852566225,364684.421132996,0.031081365234472694,0.03532424370128944,106402.77907146994,120927.6899537978,336475.131237541,382406.93243666296,0.022531825464976375,0.030667881420850703,77134.60554067824,104987.27410447274,243921.0399271869,331998.9115025484,0.03573962754836415,0.04597017470781162,122349.69942399723,157372.5705551408,386903.7212168225,497655.76418979384,0.03956712216810619,0.05179081213168124,135452.60083612567,177298.72222817675,428338.73363578494,560667.7884785623,0.020590947909865955,0.02817712898234077,70490.27817142417,96460.52569952955,222909.83192054942,305034.96550772013,0.031081365234472694,0.041203548872601845,106402.77907146994,141054.68259127284,336475.131237541,446054.07162052375,0.03873880959565024,0.04852781149767349,132616.98666717662,166128.2883379267,419371.73429646046,525343.7749330368
2026-06-29,3454403.998925757,65079.56345822662,3389324.4354675305,0.013979418724193058,1.2914257603740227,0.020905943667262977,0.025421947875098255,70857.02571796208,86163.22913025238,224069.58949388782,272472.05460656644,0.028938963131097995,0.032054453582750664,98083.53487732439,108642.94279357656,310167.37117290904,343559.15093107836,0.029574958103489542,0.03361219880857699,100239.12817808556,113922.64675170262,316983.9557123147,360255.040810163,0.021439785192663544,0.029181514431627326,72666.38784466949,98905.61992706289,229791.2949263294,312767.0323604555,0.0340074504257896,0.04374215806600777,115262.28271607937,148256.36519320327,364491.3416930697,468827.7916282316,0.03764943951366445,0.04928068916488045,127606.1653253197,167028.24398320928,403526.1259080114,528189.6845652562,0.019592975313388057,0.026811480217898705,66406.94999317823,90872.80505357838,209997.21444334625,287365.04133776715,0.029574958103489542,0.03920655423046629,100239.12817808556,132883.73228380227,316983.9557123147,420215.2580008636,0.036861272409607904,0.04617583497606231,124934.81130030917,156504.88581248425,395078.56275231973,494911.90411202214
2026-06-30,3496907.407153104,42503.40822734684,3454403.998925757,0.014651077122113604,0.768756074217648,0.021910395490876377,0.026643376685457736,75687.35780172823,92036.98696713049,239344.44073357608,291046.50779536506,0.03032937127306722,0.033594549302349445,104769.90141058738,116049.14545214442,331311.51868874405,366979.6201449472,0.03099592340757472,0.035227138316990564,107072.44176952259,121688.76747292298,338592.79062744096,384813.6708730489,0.02246988609015964,0.03058357624970006,77620.06436525371,105648.0280984147,245456.19552307352,334088.39909645804,0.0356413802851777,0.045843803948991214,123119.72658435149,158363.01968736367,389338.76090373367,500787.8393541554,0.0394583532264064,0.0516484405990385,136305.09317632334,178414.57974359803,431034.5511186567,564196.43977151,0.020534343954611487,0.02809967082183755,70933.91987212686,97067.61525545304,224312.75015980066,306954.75124813855,0.03099592340757472,0.04109028143844003,107072.44176952259,141942.43251793203,338592.79062744096,448861.3833814142,0.03863231766266288,0.048394409864944594,133451.63262167282,167173.8429631167,422011.11655251373,528650.1089667608
2026-07-01,3413031.2984389737,-83876.10871413024,3496907.407153104,0.01398824144120132,-1.804664066920628,0.02091913786570613,0.02543799222260125,73152.28815384474,88954.30342631736,231327.84661910322,281298.2065008829,0.02895722714387675,0.03207468384971632,101260.74209003753,112162.19953616703,320214.58256339765,354688.0179085692,0.02959362350661011,0.0336334122026361,103486.16124476511,117612.92825923176,327251.97584090347,371924.7355811549,0.02145331631017313,0.02919993152383855,75020.26071304291,102109.45683407444,237234.89451286313,322898.4542383211,0.03402891327179191,0.04376976469898452,118995.9588774997,153058.81438522742,376298.26240863244,484014.46942226327,0.037673200898662086,0.04931179128600952,131739.69527369842,172438.7682080346,416597.4953214064,545299.2644512212,0.019605340868777046,0.026828401529664387,68558.06170378793,93816.43603116107,216799.62695033388,296673.61981795647,0.02959362350661011,0.03923129834462934,103486.16124476511,137188.21777356762,327251.97584090347,433827.23630366754,0.036884536365102104,0.04620497755578267,128981.80842453358,161574.52826215935,407876.2913490202,510943.52117567096
2026-07-02,3362570.770126927,-50460.52831204655,3413031.2984389737,0.016342948487783088,-0.9705094319251978,0.02506465482620134,0.029995696569300623,85546.45140639464,102376.25120950157,270521.6321891216,323742.13213159284,0.033831734571545195,0.03747396755491115,115468.76897316362,127899.82414159836,365144.30857097905,404454.7566224409,0.034575258553289585,0.03929508404659413,118006.43959399719,134115.35172581577,373169.12768410664,424109.9806481719,0.02515302768542144,0.034233645905260054,85848.07074084539,116840.50493432979,271475.43627233006,369482.1185566244,0.03975716168710714,0.051137736848818484,135692.43717519552,174534.6963963535,429097.1627329221,551927.1713384592,0.04401490953989868,0.057612679064420934,150224.26385763436,196633.87683378847,475050.83361223724,621810.9159437899,0.023532563196501363,0.031479233596190224,80317.37472215225,107439.60951466889,253985.83980723456,339753.8769854515,0.034575258553289585,0.04583528892106857,118006.43959399719,156437.27566060016,373169.12768410664,494698.1020391185,0.043093485363722504,0.05398288063924632,147079.41430520674,184245.261201643,465105.94612800487,582634.6734898436
2026-07-06,3370409.6761317234,7838.90600479627,3362570.770126927,0.01599819050370612,0.08517050813840006,0.024535910586694874,0.029362930952499786,82503.735757268,98734.93334613099,260899.72046564374,312227.273998684,0.033118046914912616,0.036683446216656035,111361.77651977741,123350.68399565079,352156.8580851557,390069.11236593575,0.03384588609967861,0.03846614586752774,113809.18728782456,129345.13773358746,359896.25048220676,409025.23950632574,0.024622419201601003,0.03351147984332057,82794.62709711552,112684.72258484745,261819.59965117997,356340.38087233435,0.03891847588165929,0.050058975383013446,130866.12941755731,168326.8474054244,413835.0375298455,532296.2291567454,0.04308640563537686,0.05639732731156122,144881.08817935036,189640.0043311368,458154.2285304447,599694.3491705887,0.02303613875669759,0.030815172449389,77460.64683985937,103618.19815473603,244952.07304387967,327669.5132116222,0.03384588609967861,0.04486838372523898,113809.18728782456,150873.1156173273,359896.25048220676,477102.6830366752,0.04218441909872429,0.05284410025835199,141848.0946161544,177692.0269023912,448563.06074211566,561911.5270634703
2026-07-07,3325606.8252520785,-44802.850879644975,3370409.6761317234,0.014341095132614633,-1.0004869338224505,0.021994476675821776,0.026321513427699433,74130.39700964322,88714.28354714926,234420.8984030076,280539.19699899334,0.029687673821806922,0.03288376844014611,100059.62311086051,110831.77133834343,316416.3108483419,350480.83454013354,0.030340123296486943,0.0344818157493157,102258.64513350911,116217.84545208489,323370.22906478186,367513.0963860293,0.022072024713262143,0.03004035489866337,74391.76566539725,101248.30282488605,235247.41866416682,320175.24615310016,0.03488729334145305,0.04487385795554204,117584.47105207921,151243.2850587194,371834.7459907056,478273.26159166644,0.038623508202144455,0.05055568228250187,130177.04577066065,170393.36074838543,411655.9637072768,538831.1181356309,0.020650051474345146,0.02762333149628627,69599.13330175105,93101.94376207744,220091.78440720844,294414.1968770703,0.030340123296486943,0.040220908689720045,102258.64513350911,135560.93983064295,323370.22906478186,428681.33161787206,0.03781494958875155,0.04737049910906428,127451.87199636156,159657.98856037945,403038.20756073407,504882.89049190667
2026-07-08,3309298.994977668,-16307.830274410546,3325606.8252520785,0.014219318025814155,-0.41364257485937295,0.021807711041091353,0.026098004851667078,72523.87268137852,86791.70306016589,229340.62240921913,274459.46367513016,0.02943558156579545,0.032604536614103,97891.17096047361,108429.86949804223,309559.0630560293,342885.3540086317,0.030082490779524313,0.03418901413825677,100042.53665696878,113699.21876682653,316362.27873690857,359548.49948493287,0.02188460058100763,0.029785267858727406,72779.57706011458,99054.09008294521,230149.2306537034,313236.5362176039,0.03459104862597384,0.04449281253730379,115036.22740316513,147965.60104871873,363776.49202707864,467908.31466975017,0.03829553749698923,0.050126389772846426,127355.90087668429,166700.66395382406,402734.7202329573,527153.785556414,0.020474701997853097,0.0273887685595857,68090.80870906262,91084.27565700775,215322.04324346725,288033.77010277414,0.030082490779524313,0.039879373692020936,100042.53665696878,132623.117336963,316362.27873690857,419391.12117656786,0.03749384474200582,0.04696825351513628,124689.78597895632,156197.94446010716,394303.72465243004,493941.2703304182
2026-07-09,3340400.4763029986,31101.48132533068,3309298.994977668,0.013070370048130253,0.6417861847149732,0.020045606455408017,0.023989236355071712,66336.90529659961,79387.55576012055,209775.7136641424,251045.49407560079,0.02705713051416467,0.029970027959181102,89540.13481750473,99179.78340477063,283150.7680218601,313634.0134012447,0.02765176823136258,0.03142647668168932,91507.96881740358,103999.60769840358,289373.60551866004,328875.63609093707,0.020116283174060192,0.027378561488637713,66570.79569060357,90603.84601828306,210515.34003202908,286514.5181889523,0.031796026017109826,0.04089770854614194,105222.55694270533,135342.7457886371,332742.94116571225,427991.3414732552,0.035201185132016054,0.046076082011704045,116491.24657940355,152479.5318938408,368377.666663214,482182.6173408246,0.018820307081626655,0.025175703897085018,62282.02331039817,83313.93160447881,196953.0509445584,263461.78469363967,0.02765176823136258,0.036657044346016694,91507.96881740358,121309.12001312485,289373.60551866004,383613.1201921896,0.03446427067848773,0.04317312917839997,114052.57631895776,142872.79300012006,360665.91417808924,451803.4415501409
2026-07-10,3347519.733528068,7119.257225069217,3340400.4763029986,0.012382048305328276,0.09393063745374003,0.01898994952143446,0.022725896991640786,63434.036426369574,75913.59713528976,200596.03628541573,240059.8723239491,0.025632227381189136,0.028391723611199876,85621.90455283095,94839.72707391516,270760.23598848656,299909.55022230814,0.026195549835825217,0.02977147172620525,87503.62714860949,99448.63833445727,276710.76531575114,314484.20733921893,0.019056904209112834,0.02593673091384339,63657.69189698113,86639.06829834517,201303.2969837051,273976.79017765936,0.030121559574179637,0.03874392239323078,100618.07194857881,129420.21681619452,318182.28113220545,409262.66041199997,0.03334739361658528,0.043649588426978046,111393.64952030504,145807.10597190732,352257.6493626868,461082.5539087661,0.017829177792800837,0.02384988187988918,59556.593991162765,79668.15679135207,188334.48669397237,251932.83244808443,0.026195549835825217,0.034726583268227314,87503.62714860949,116000.69528956227,276710.76531575114,366826.4072781821,0.032649287111040134,0.04089951309799357,109061.69421667182,136620.75303309844,344883.35920149623,432032.75523194857
2026-07-13,3308236.3455995936,-39283.38792847423,3347519.733528068,0.011339712418041194,-1.1261669441382545,0.01739135247223352,0.020812803340166077,58217.89559354385,69671.26989124482,184101.15065747887,220319.90033264537,0.023474475302397862,0.026001673783244125,78581.2693089941,87041.11609416912,248495.79244350718,275248.1769407134,0.023990376587603588,0.02726527302366726,80308.25904177276,91271.03948675664,253957.0134948133,288624.3691893165,0.017452670832862574,0.023753345357289422,58423.160015777205,79514.79232083366,184750.25375433476,251447.8514091005,0.027585890050768676,0.03548241187987316,92344.31131188374,118778.07396104615,292018.3527052041,375609.24980484374,0.03054016945973093,0.03997511297987682,102233.81993174051,133817.47955015165,323291.7248838198,423168.02612148353,0.016328295919624727,0.02184216981335906,54659.2928058296,73117.09447329052,172847.8605604772,231216.5544293075,0.023990376587603588,0.03180325724891594,80308.25904177276,106462.03123121567,253957.0134948133,336662.50301862165,0.029900830408966676,0.03745654233714928,100093.61984289208,125386.51462333676,316523.81795456406,396506.9740797537
2026-07-14,3324463.2901292373,16226.944529643748,3308236.3455995936,0.011712499380013364,0.3352902032597621,0.01796308385427425,0.021497013083877102,59426.126885763304,71117.20000591224,187921.91348118082,224892.3328324228,0.024246186083876683,0.02685646485893539,80212.11404485191,88847.53316064832,253652.9763189135,280960.5692749875,0.024779047347051816,0.028161604246464744,81974.94504285,93165.24271854652,259227.5374025352,294614.36575302447,0.018026418023111602,0.024534223842208644,59635.65128502937,81165.01102587074,188584.4878082401,256666.30115443125,0.028492761386320654,0.03664887713406238,94260.78880472266,121243.14736031904,298078.78666702413,383404.49634603976,0.03154416114587767,0.04128927337238849,104355.54039424304,136594.6748539331,330001.1941035137,431950.2887885562,0.01686507988782971,0.022560219427619814,55793.670256358964,74634.53787515392,176435.07703048494,236015.13179959005,0.024779047347051816,0.032848772268483845,81974.94504285,108671.50232692227,259227.5374025352,343649.46410536236,0.030883804166825804,0.03868790607099783,102170.9234350733,127988.73699921818,323092.8286975063,404735.92376579373
2026-07-15,3314101.664687785,-10361.625441452488,3324463.2901292373,0.010901714191751274,-0.3749488961373408,0.01671960867002721,0.020008905444782912,55583.72524883199,66518.87162684782,175771.1726233185,210351.1417251891,0.022567769896961062,0.02499735492772263,75025.72256253073,83102.78880754508,237252.1663974817,262794.09254379064,0.023063744411581204,0.026212147443103417,76674.57162922506,87141.32193005226,242466.28496607865,275565.05561694514,0.016778558599059024,0.022835868550876562,55779.70212385397,75917.00669560587,176390.90591711013,240070.65430036775,0.0265203805856748,0.0341118979819063,88166.031697332,113403.75259748111,278805.4724221702,358614.15341827634,0.02936055047462563,0.03843106777524987,97608.07223087946,127762.67401928689,308663.8262678117,404021.04985456594,0.015697612848707135,0.020998512471453817,52186.137658187916,69808.78385866918,165027.05728695943,220754.7576797925,0.023063744411581204,0.030574851293655086,76674.57162922506,101644.97072691676,242466.28496607865,321429.6201981977,0.028745905998107116,0.03600977733096418,95564.70923221296,119713.1828225184,302202.1451055139,378566.3236673029
2026-07-16,3314650.365350546,548.7006627609953,3314101.664687785,0.010261953044369205,-0.07799541344024995,0.015738427560490393,0.01883469374925897,52158.74897778932,62420.08990830377,164940.44667479346,197389.65586273072,0.021243392637643552,0.02353039879689899,70402.76290403074,77982.13382357039,222633.0843455475,246601.1596825376,0.02171026115856724,0.024673901876526707,71950.01264641425,81771.81928334021,227525.9176405882,258585.19735103266,0.01579391804511079,0.02149575806837748,52342.65008524412,71239.12759813569,165521.993038578,225277.90173346916,0.02496404652535443,0.032110059866502665,82733.38814702042,106416.00285680091,261625.94508736208,336516.948518476,0.027637542594486173,0.03617576153784958,91593.62592026619,119890.15153393563,289644.4770614772,379125.9478699664,0.014776407006157422,0.019766226227679533,48970.515057210556,65507.28324574809,154858.3657723562,207152.21838635157,0.02171026115856724,0.02878058283269458,71950.01264641425,95381.77747651779,227525.9176405882,301623.6641011437,0.02705896819361017,0.03389656320178973,89676.17153517729,112336.65653424605,283580.95389511867,355239.6993762545
2026-07-17,3285571.577735971,-29078.787614574656,3314650.365350546,0.00961525718760792,-1.0168684341092595,0.014746610910063263,0.017647754152249527,48879.85924072354,58496.13474837051,154571.68690911497,184981.02012097134,0.019904659752887726,0.02204754155285372,65976.98772208761,73079.89166324792,208637.55435876112,231098.90881421432,0.020342106784858167,0.023118982452836716,67426.97168642994,76631.34363382807,213222.80625680325,242329.5860419409,0.014746610910063263,0.02011707306531219,48879.85924072354,66681.06358572067,154571.68690911497,210864.03773339168,0.023390842537171982,0.03008652276920341,77532.4647616942,99726.3036890676,245179.18125369766,315362.26228710596,0.025895858120815265,0.03389600884354658,85835.71558122622,112353.418097187,271436.3658270786,355292.7040922922,0.013845215726350916,0.0185205825816817,45892.04936570619,61389.255820876206,145123.40248851714,194129.8722567185,0.020342106784858167,0.026966865347084836,67426.97168642994,89385.73007507372,213222.80625680325,282662.4973542465,0.025353744778205355,0.03176044282721127,84038.79939208287,105274.76342091097,265754.01790495566,332908.03254545806
2026-07-20,3259645.617243641,-25925.960492329672,3285571.577735971,0.009937123563363216,-0.8944325692357058,0.015240247025633083,0.01823850472276215,50072.92246509523,59923.9127375106,158344.48409071405,189496.0505597092,0.020570959215325514,0.022785573012176208,67587.35892463937,74863.63107123395,213729.99523716903,236739.58809565048,0.021023049588396257,0.02389287991060155,69072.73420496866,78501.76714453123,218427.16430312066,248244.38452489118,0.015240247025633083,0.020790482967096353,50072.92246509523,68308.6199240956,158344.48409071405,216010.8227829002,0.024173840388025655,0.031093655480669845,79424.88290362299,102160.43069520315,251163.53286761642,323059.6477406209,0.026762710232806845,0.03503066237451011,87930.8000840938,115095.7486469553,278061.60474666173,363964.71472662175,0.01430867804674876,0.0191405506882161,47012.185905372375,62887.64932341751,148665.5852442418,198868.2085559463,0.021023049588396257,0.027869568940487796,69072.73420496866,91567.46359461991,218427.16430312066,289561.74452354794,0.02620244989179326,0.0328236092538309,86090.0246315269,107844.3176430982,272240.5616556231,341033.67645887204
2026-07-21,3295012.141003307,35366.52375966543,3259645.617243641,0.01003402633100645,0.9792113555430886,0.01538886368587018,0.01841635916666037,50162.242068006555,60030.80444318923,158626.93747561562,189834.07181263398,0.020771558802150664,0.02300776860762571,67707.92061274899,74997.17210440298,214111.24477015025,237161.88192155672,0.021228057775768243,0.024125873510363237,69195.94549137774,78641.79785022998,218816.79260161275,248687.20049725997,0.01538886368587018,0.02099322325982843,50162.242068006555,68430.46819071702,158626.93747561562,216396.14083436734,0.024409573799533388,0.03139686810080178,79566.56025443423,102342.66349995519,251611.55598903864,323635.91846803814,0.027023689244958234,0.035372267076798504,88087.65020908223,115301.05534885779,278557.60839290725,364613.9515235308,0.014448210427040168,0.01932720151569922,47096.04579551536,62999.82771423362,148930.77350142517,199222.94777517774,0.021228057775768243,0.028141341586378404,69195.94549137774,91730.80076539458,218816.79260161275,290078.2620097638,0.02645796547407999,0.03314369167611887,86243.59119876841,108036.68931133543,272726.1817805596,341642.009087788
2026-07-22,3298112.8018964664,3100.660893159453,3295012.141003307,0.010250732735313772,-0.0024742565420293994,0.015721219333117716,0.018814100097746693,51801.60857399878,61992.68824412686,163811.06955434315,196038.0931281853,0.021220165340680715,0.023504670912006392,69920.70243164053,77448.17602534834,221108.67528285773,244912.63686574734,0.021686523392586435,0.02464692369766923,71457.35787472453,81211.91282220223,225968.00646189842,256814.61765719208,0.015721219333117716,0.02144661711961931,51801.60857399878,70666.86379259499,163811.06955434315,223468.24468548485,0.024936751105459447,0.0320749510725009,82166.89764966651,105687.3532059775,259834.54484288214,334212.75600558764,0.02760732400275202,0.03613620734938123,90966.46776967992,119069.24194602408,287661.2288524857,376530.00381909567,0.014760250641708947,0.019744614048577247,48635.20506868284,65058.74300948649,153798.02248640367,205733.80961753486,0.021686523392586435,0.028749114453061372,71457.35787472453,94728.68116593087,225968.00646189842,299558.3922282363,0.02702938220890134,0.033859501064261256,89062.1425421487,111567.46709505524,281639.22372776864,352807.30879626394
2026-07-23,3303147.4313961896,5034.629499723204,3298112.8018964664,0.009600681828576024,0.05826850177869692,0.014724257150374455,0.017621002673026773,48562.26100606557,58116.05449816146,153567.35310674718,183779.10083666403,0.0198744871265455,0.022014120623217257,65548.30042318623,72605.05304992586,207281.92609024735,229597.3372751206,0.020311271051183084,0.023083937371553138,66988.86307669603,76133.42936329567,211837.38518751427,240755.04286755723,0.014724257150374455,0.020086578450672476,48562.26100606557,66247.80153446058,153567.35310674718,209493.9428276932,0.023355385354760134,0.03004091589017498,77028.69543175964,99078.32927808109,243586.1227557676,313313.1872828825,0.02585660369192319,0.03384462732675473,85277.99564989531,111623.39866178475,269672.70054760017,352984.1799402309,0.013824228353247085,0.018492508019000656,45593.86450818432,60990.37743663913,144180.45917497523,192868.5080531215,0.020311271051183084,0.02692598742393317,66988.86307669603,88804.94382657723,211837.38518751427,280825.889975293,0.025315312115850603,0.031712298524028695,83492.7549732916,104590.73773966146,264027.27383795235,330744.9534146613
2026-07-24,3299575.9274482504,-3571.503947939258,3303147.4313961896,0.009085388061139404,-0.22539099214475988,0.01393396766102395,0.016675237255994783,46025.94948866883,55080.76711006121,145546.8318560557,174180.6793370838,0.018807771290090453,0.02083256504671876,62124.84142714928,68813.03372346312,196455.99818657723,217605.91927212072,0.01922111187621303,0.021844961925032914,63490.16632249186,72157.12987162004,200773.5346019908,228180.8798148925,0.013587017797291705,0.018829779728476027,44879.92293745841,62197.53854387163,141922.77769520317,196685.88665474698,0.022101840583224525,0.028428541164848747,73005.63795160616,93903.66272701097,230864.09796070497,296949.45484961296,0.0244688119738528,0.03202809743501489,80824.0934207482,105793.52777497632,255588.22502779416,334548.5094732106,0.013082245769380395,0.017499966624898843,43212.58651002252,57804.96980655366,136650.1969587377,182795.36466597233,0.01922111187621303,0.02548079907696266,63490.16632249186,84166.83602099161,200773.5346019908,266158.90527623706,0.023956572935974526,0.0300102163102548,79132.09235851973,99128.16892086218,250237.64786772788,313470.79407183995
