Date,Portfolio_Dollar_Value,Daily_PnL,Portfolio_Dollar_Value_Prior,GJR_GARCH_Vol_Daily,GJR_GARCH_Standardized_Residuals,GJR_VaR_pct_250d_95.0%,GJR_ES_pct_250d_95.0%,GJR_VaR_1d_$_250d_95.0%,GJR_ES_1d_$_250d_95.0%,GJR_VaR_10d_$_250d_95.0%,GJR_ES_10d_$_250d_95.0%,GJR_VaR_pct_250d_99.0%,GJR_ES_pct_250d_99.0%,GJR_VaR_1d_$_250d_99.0%,GJR_ES_1d_$_250d_99.0%,GJR_VaR_10d_$_250d_99.0%,GJR_ES_10d_$_250d_99.0%,GJR_VaR_pct_250d_99.5%,GJR_ES_pct_250d_99.5%,GJR_VaR_1d_$_250d_99.5%,GJR_ES_1d_$_250d_99.5%,GJR_VaR_10d_$_250d_99.5%,GJR_ES_10d_$_250d_99.5%,GJR_VaR_pct_500d_95.0%,GJR_ES_pct_500d_95.0%,GJR_VaR_1d_$_500d_95.0%,GJR_ES_1d_$_500d_95.0%,GJR_VaR_10d_$_500d_95.0%,GJR_ES_10d_$_500d_95.0%,GJR_VaR_pct_500d_99.0%,GJR_ES_pct_500d_99.0%,GJR_VaR_1d_$_500d_99.0%,GJR_ES_1d_$_500d_99.0%,GJR_VaR_10d_$_500d_99.0%,GJR_ES_10d_$_500d_99.0%,GJR_VaR_pct_500d_99.5%,GJR_ES_pct_500d_99.5%,GJR_VaR_1d_$_500d_99.5%,GJR_ES_1d_$_500d_99.5%,GJR_VaR_10d_$_500d_99.5%,GJR_ES_10d_$_500d_99.5%,GJR_VaR_pct_750d_95.0%,GJR_ES_pct_750d_95.0%,GJR_VaR_1d_$_750d_95.0%,GJR_ES_1d_$_750d_95.0%,GJR_VaR_10d_$_750d_95.0%,GJR_ES_10d_$_750d_95.0%,GJR_VaR_pct_750d_99.0%,GJR_ES_pct_750d_99.0%,GJR_VaR_1d_$_750d_99.0%,GJR_ES_1d_$_750d_99.0%,GJR_VaR_10d_$_750d_99.0%,GJR_ES_10d_$_750d_99.0%,GJR_VaR_pct_750d_99.5%,GJR_ES_pct_750d_99.5%,GJR_VaR_1d_$_750d_99.5%,GJR_ES_1d_$_750d_99.5%,GJR_VaR_10d_$_750d_99.5%,GJR_ES_10d_$_750d_99.5%
2023-07-20,1691239.8538011103,-3368.1557940475177,1694608.009595158,0.007878616419870865,-0.3103005294491848,0.012387998693159314,0.0164481960799703,20992.80180828212,27873.24482050935,66385.06818267291,88142.93941230071,0.018288355826954383,0.022155712070712503,30991.594266683176,37545.24713331353,98004.02620253465,118728.49625517828,0.020344193025478713,0.024089390192591566,34475.43244972618,40822.073566628715,109020.88986041312,129090.7312815001,0.013987276095905117,0.01699545553706042,23702.950104539705,28800.635079820968,74955.30959567166,91075.6049115796,0.018910989403142824,0.022897889958351896,32046.714111934987,38802.94772625166,101340.60811797476,122705.69474340705,0.020344193025478713,0.025551384237547003,34475.43244972618,43299.580385190624,109020.88986041312,136925.29574675325,0.013194725576802286,0.016897534681663617,22359.887646859246,28634.697613959135,70708.1731895379,90550.86457029977,0.018924307675975662,0.022670215557292275,32069.28336375149,38417.12886263625,101411.9783588008,121485.62837012448,0.021935114020415744,0.025375886123722706,37171.41991037957,43002.17987583513,117546.35077933142,135984.83275989568
2023-07-21,1695157.2472222454,3917.393421134912,1691239.8538011103,0.007831374968775997,0.23730414083841667,0.012313718260753675,0.016349570051071245,20825.45107106511,27651.044462884744,65855.85868495885,87440.280185303,0.018178695904277405,0.022022862858048626,30744.535003444962,37245.94336032806,97222.75621365878,117782.01462026221,0.020222205972339063,0.023944946334934242,34200.600672194654,40496.64753876962,108151.79547002082,128061.64382356395,0.013903406138996368,0.016893548052446236,23513.994565853678,28571.041738401203,74357.77971691976,90349.56701708447,0.01879759606941091,0.022760590527716475,31791.243628242835,38493.61779652215,100532.73951456265,121727.50761700196,0.020222205972339063,0.025398174028477827,34200.600672194654,42954.404130737996,108151.79547002082,135833.75258847713,0.013115607880264278,0.016796214346246046,22181.63875393085,28406.427095357274,70144.50069748069,89829.00980885005,0.018810834483737993,0.022534281298980267,31813.632962153926,38110.87460960048,100603.54080501576,120517.16738741793,0.02180358754913809,0.025223728229567675,36875.09621894401,42659.374443292974,116609.29298972612,134900.7867987833
2023-07-24,1700416.4269768822,5259.179754636716,1695157.2472222454,0.007712909153613295,0.34260504258947994,0.012127447691759066,0.016102248839740898,20557.930844994073,27295.843817262776,65009.88545041122,86317.03711877526,0.017903705364623587,0.021689721307414523,30349.59590097347,36767.48826449449,95973.84911278622,116269.00675931398,0.019916303097754114,0.023582729278809993,33761.26553403274,39976.434446255,106762.4957772844,126416.58558257787,0.013693088238453836,0.016637998043794802,23211.93776426871,28204.022963208303,73402.59224116571,89188.9517434296,0.018513243379067186,0.022416289313536224,31382.85868361499,37999.1352856715,99241.31292741693,120163.81661959499,0.019916303097754114,0.025013973884579207,33761.26553403274,42402.61911227243,106762.4957772844,134088.85515136787,0.012917207064943249,0.01654213671210022,21896.697170008938,28041.52293205786,69243.43629219144,88675.08152514588,0.018526281534876322,0.022193403482015445,31404.960407925264,37621.308753065896,99311.20471645451,118969.0242161174,0.02147376299306991,0.024842166940768188,36401.40496283532,42111.37932634807,115111.3497127165,133167.87408258705
2023-07-25,1700910.0434856254,493.61650874326006,1700416.4269768822,0.007609559089347366,-0.02167528637578356,0.01196494448144473,0.015886484798019546,20345.38814411501,27013.639717470953,64337.76641558951,85424.62939839566,0.01766380248709971,0.021399087248801088,30035.819911939456,36387.359480172905,94981.60231236673,115066.93399666688,0.019649432172128296,0.023266729629651775,33412.21724625499,39563.12926428963,105658.70817452481,125109.59983881695,0.01350960603721719,0.016415055165454658,22971.95602767017,27912.429453070825,72643.70335667173,88266.85210047176,0.018265172922785327,0.022115919518557854,31058.40007947752,37606.27284705443,98215.28473190358,118921.47650643696,0.019649432172128296,0.02467879609925466,33412.21724625499,41964.23028518562,105658.70817452481,132702.54795700384,0.012744121377855544,0.01632047833933299,21670.313338292824,27751.609464322206,68527.54775853225,87758.29464274348,0.01827803637223997,0.021896020272844437,31080.273300237783,37232.35255736351,98284.4539292697,117739.03672766367,0.02118602269415489,0.024509291303482804,36025.06101144599,41676.0015460038,113921.24564269854,131791.08865407066
2023-07-26,1701734.299346568,824.2558609426487,1700910.0434856254,0.007519910944847032,0.003895100120712639,0.011823985582352585,0.0156993262691149,20111.535831052744,26703.141727095244,63598.260470214,84442.74853990338,0.0174557053951137,0.021146984801953494,29690.58462267511,35969.11883908058,93889.87246962432,113744.3409607661,0.019417942395383875,0.022992624505373392,33028.17324413376,39108.385947283314,104444.25440609518,123671.57520633702,0.013350449494775398,0.016221669553992134,22707.913630711068,27591.60066649021,71808.72798343064,87252.30239592896,0.01804999109131789,0.021855372077440934,30701.411132048663,37174.021870634584,97086.38655852228,117554.5789001185,0.019417942395383875,0.024388055433097345,33028.17324413376,41481.88842723945,104444.25440609518,131177.24907505655,0.01259398300303023,0.01612820693657494,21421.232177341375,27432.629161834848,67739.88396768669,86749.59035815396,0.018062702996594748,0.02163806346268573,30723.032939405908,36804.39946526151,97154.76071690056,116385.73022490952,0.020936430358833937,0.02422054757174001,35610.984672078,41196.97262349396,112611.82128511084,130276.26619384326
2023-07-27,1700690.982191282,-1043.317155286204,1701734.299346568,0.007441585981516817,-0.14358059184856417,0.011700830767894395,0.015535807157870627,19911.70504857553,26437.815908582368,62966.34005097234,83603.71463135422,0.017273892406236196,0.020926724639126357,29395.57519091436,35611.72509138225,92956.97073402832,112614.16269653583,0.019215691379750658,0.022753140755571437,32700.001106579875,38719.8000416162,103406.48298681882,122442.7586777896,0.013211395525281689,0.01605270988381919,22482.28490760562,27317.447006754777,71095.22731286197,86385.3524022942,0.01786198821459407,0.021627733581574597,30396.357999298896,36804.65605289509,96121.72385166332,116386.54162625106,0.019215691379750658,0.0241340373255024,32700.001106579875,41069.71909851775,103406.48298681882,129873.85521463332,0.012462808144161772,0.015960220742834846,21208.388085095834,27160.05506322462,67066.8118496798,85887.6353753783,0.017874567716771747,0.021412688383155958,30417.764969623353,36438.7062628363,96189.41863569223,115229.30678040485,0.020718363263073324,0.0239682741719208,35257.14939109376,40787.63425450009,111492.89588067497,128981.82461412418
2023-07-28,1716809.8557799358,16118.87358865398,1700690.982191282,0.007389133088019968,1.215029716558218,0.011618356086876475,0.015426301194993438,19759.233424838014,26235.37133089194,62484.18244141759,82963.52866590155,0.017152135345186198,0.02077922016071808,29170.48190688252,35339.03234430052,92245.16327048051,111751.83251434933,0.019080247320391024,0.02259276256848402,32449.60455576839,38423.30756300952,102614.65956800446,121505.16713628374,0.013118273451015055,0.01593956047131987,22310.129360060615,27108.266753666325,70550.82367078635,85723.86636100421,0.017736085891112335,0.021475287959236804,30163.601334384777,36522.828572235056,95385.6826499501,115495.32488013832,0.019080247320391024,0.023963925726627134,32449.60455576839,40755.232381176436,102614.65956800446,128879.36089396519,0.012374962576042148,0.015847723250917205,21045.98725802948,26952.080021097998,66553.255342255,85229.96054578871,0.01774857672519028,0.021261758532176267,30184.84438326119,36159.681001200726,95452.85906884585,114346.95142891204,0.020572327444315572,0.023799330974117853,34987.17176723372,40475.307569867895,110639.15167199702,127994.16091663735
2023-07-31,1723940.2214177102,7130.365637774346,1716809.8557799358,0.007328061483034412,0.5034721453925967,0.011522329713407893,0.015298801938755073,19781.649213524674,26265.1339500799,62555.06738921647,83057.64633166774,0.017010371971596633,0.0206074787249574,29203.57425131988,35379.12257778221,92349.81045201737,111878.60896407942,0.01892254799172866,0.022406032101637788,32486.416888668595,38466.896741013385,102731.07038595346,121643.00822011047,0.013009850175273572,0.015807819097987987,22335.43900312999,27139.01962581207,70630.85978965147,85821.11548157672,0.017589496133067775,0.02129779348355549,30197.820319453826,36564.26175893376,95493.89258198759,115626.3481208252,0.01892254799172866,0.023765862518339204,32486.416888668595,40801.46700259571,102731.07038595346,129025.5676044057,0.012272682806933591,0.015716740917432154,21069.862799804556,26982.655707787315,66628.75643463474,85326.64935675064,0.017601883729692062,0.02108602888934704,30219.087467427828,36200.70221649145,95561.14520892127,114476.67190161886,0.020402295988616155,0.023602628150815305,35026.86283379566,40521.22463162868,110764.66584509412,128139.36341526404
2023-08-01,1722855.0245183846,-1085.1968993255869,1723940.2214177102,0.0072751326627740085,-0.1491207700386317,0.011439106705550496,0.015188302383055304,19720.336146787537,26183.725373203495,62361.17844799721,82800.20980766538,0.016887510158451143,0.02045863587750333,29113.058001754092,35269.4652645674,92063.57293813325,111531.84209222613,0.018785874992485706,0.022244198737029423,32385.725494071234,38347.66889597406,102412.65623824701,121265.97666927258,0.012915883165971585,0.01569364303414307,22266.21048495033,27054.90244713111,70411.93999316538,85555.11360659753,0.01746245144581268,0.021143964659132534,30104.222411990322,36450.93111611318,95197.91001017725,115267.96516082116,0.018785874992485706,0.023594207426678348,32385.725494071234,40675.003175323254,102412.65623824701,128625.65386860263,0.012184040179697861,0.015603222689313575,21004.55692515061,26899.023177845083,66422.2411261388,85062.18007565096,0.01747474956981495,0.020933729589501678,30125.42364260582,36088.498423624,95264.95418812071,114121.85235404795,0.020254935126568112,0.023432152061612192,34918.29734689718,40395.62941338918,110421.35163120976,127742.1964624013
2023-08-02,1707647.013629394,-15208.010888990711,1722855.0245183846,0.007245675551239036,-1.2865044676463022,0.011392789606233522,0.01512680473922348,19628.124816380252,26061.291549879686,62069.58061783585,82413.0400633195,0.016819132399124373,0.020375798581356044,28976.92676187138,35104.546964463836,91633.08815940112,111010.3246360557,0.018709810728012942,0.022154131672471877,32234.291420545072,38168.35706576006,101933.77965054695,120698.94287438295,0.012863586578592568,0.01563009925911169,22162.094770255462,26928.395042281652,70082.69719451333,85155.06206639622,0.017391745741359283,0.02105835245738636,29963.45653564706,36280.48833928716,94752.76922410293,114728.97777532719,0.018709810728012942,0.023498674158494354,32234.291420545072,40484.80884348232,101933.77965054695,128024.2065819314,0.012134706834567754,0.015540045027493607,20906.340640992636,26773.2446568593,66111.65396488129,84664.4334686086,0.01740399407008947,0.0208489686324244,29984.558630341817,35919.75036439857,94819.49990673891,113588.22413616261,0.020172922617544057,0.02333727495781514,34755.02109085634,40206.741419638885,109905.02677429587,127144.88017949072
2023-08-03,1699567.888297167,-8079.12533222721,1707647.013629394,0.008329955847137306,-0.6239601987968251,0.013097665459147088,0.017390457893805573,22366.18930682939,29696.763488004806,70728.10078808348,93909.4117574216,0.01933603420151825,0.023424938272848066,33019.12105965846,40001.525886081894,104415.6288853532,126495.93168220391,0.021509643396327965,0.025469390308512974,36730.878309972664,43492.72829929361,116153.23591798983,137536.08308062927,0.014788560083563303,0.01796906800395024,25253.640462575735,30684.825314649122,79859.0230727275,97033.93759868409,0.01999433636044984,0.024209633034629488,34143.26877542378,41341.50755264857,107970.49609364719,130733.3257714229,0.021509643396327965,0.027015137073457787,36730.878309972664,46132.318146278914,116153.23591798983,145883.19908575815,0.01395060701173949,0.017865537592200265,23822.71240191422,30508.031916204454,75334.03123318954,96474.86778431726,0.020008417592324242,0.023968915933138567,34167.31454898232,40930.44771315807,108046.53550619284,129433.4404240097,0.023191702902446987,0.026829585263151955,39603.24220234375,45815.461151536634,125236.4480867092,144881.20928981656
2023-08-04,1696153.5933705135,-3414.2949266531505,1699567.888297167,0.008476841616419534,-0.2909254295765713,0.013328622345602763,0.017697111474302002,22652.89853382652,30077.442377339015,71634.75497158064,95113.22410486088,0.01967699498338524,0.023838000495714284,33442.388811946,40514.300163727945,105754.11904268179,128117.466325113,0.02188893238359694,0.025918503251878805,37201.726588269325,44050.25583961891,117642.18890977612,139299.1399663286,0.015049333257432785,0.018285924470596692,25577.363544615364,31078.17003805351,80882.72534314229,98277.80283025089,0.020346905273357294,0.024636532124803427,34580.94682882234,41871.45887831748,109354.55562425546,132409.1790095623,0.02188893238359694,0.027491506848294392,37201.726588269325,46723.6822402628,117642.18890977612,147753.25654918913,0.014196604191133617,0.01818056846163432,24128.09260611567,30899.11034838191,76299.72823079345,97711.5663737657,0.020361234805776656,0.024391570352958816,34605.300841976605,41455.129717029995,109431.56977598862,131092.63060354628,0.023600652383609182,0.027302683121438385,40110.91093404616,46402.763497549735,126841.83757573775,146738.42237837828
2023-08-07,1719366.87056668,23213.27719616657,1696153.5933705135,0.008352580024944462,1.5729080507084123,0.013133238746406255,0.01743769041445243,22275.99009230983,29577.001256556046,70442.86582704353,93530.69032837928,0.019388550911557077,0.02348856045504591,32885.96029888468,39840.206218926665,103994.53758634727,125985.79410261314,0.021568063633565386,0.025538565226790322,36582.74863411582,43317.32917894765,115684.80875321977,136981.42236074604,0.014828725844220644,0.01801787203088754,25151.796625781048,30561.078390079972,79536.96458280583,96642.61546360452,0.020048641020553214,0.024275386449470176,34005.57450920682,41174.78395672671,107535.06859165603,130206.09946861626,0.021568063633565386,0.027088510243238103,36582.74863411582,45946.27398812227,115684.80875321977,145294.8758006146,0.013988496890070574,0.017914060430318946,23726.639265945458,30384.99797074201,75030.2213015732,96085.800287139,0.020062760497083353,0.024034015559819356,34029.52331005992,40765.38185491043,107610.80134958161,128911.45634801668,0.02325469161688249,0.026902454473820624,39443.528748698394,45630.6948262575,124731.38980021817,144296.92686703496
2023-08-08,1720374.5387761192,1007.6682094391437,1719366.87056668,0.008169628181081747,0.01599936712733374,0.012845573110474769,0.017055741650776564,22086.2528395925,29325.07714728948,69842.8639514738,92734.0363455878,0.018963871216360853,0.02297407565728307,32605.8519071039,39500.86456702493,103108.75707659322,124912.70157763964,0.021095644692528615,0.024979177877744174,36271.152597579516,42948.37089698545,114699.455567884,135814.67382816286,0.01450392288187454,0.017623215182262467,24937.564496349092,30300.772337249822,78859.50310581287,95819.45544793313,0.019609502954147647,0.02374366730423037,33715.929727640905,40824.074948650974,106619.13136952578,129097.06020715856,0.021095644692528615,0.0264951734680508,36271.152597579516,45554.92349088383,114699.455567884,144057.31686590167,0.013682097994009322,0.01752167743284904,23524.54601074646,30126.191694796475,74391.14631538671,95267.38298240506,0.019623313162851812,0.023507583313859118,33739.674542962464,40418.15995693546,106694.21906856199,127813.44429692916,0.022745329396219927,0.02631319299584383,39107.56582398697,45242.032295881094,123668.98174875841,143067.86802988112
2023-08-09,1716049.7672836524,-4324.771492466796,1720374.5387761192,0.008008956228942385,-0.3711105877070261,0.012592939421124223,0.016720306641315456,21664.572348452195,28765.189826248363,68509.39315461199,90963.51717804794,0.018590909051998474,0.022522244863685762,31983.326585760657,38746.69661956622,101140.15916002034,122527.81312537592,0.020680756971905554,0.024487912769529406,35578.64773708303,42128.38163646899,112509.56291797795,133221.6401080537,0.014218674453004064,0.017276619679560998,24461.445504094656,29722.256612835175,77353.88265302478,93990.02809656056,0.019223843160300298,0.023276700963515817,33072.21031040608,40044.643684338174,104583.5118369875,126632.2821323854,0.020680756971905554,0.025974093297812372,35578.64773708303,44685.16877735185,112509.56291797795,141306.91096547333,0.013413012382604124,0.017177078871507993,23075.404991320946,29551.009141091585,72970.83770339214,93448.49604230549,0.019237381763841686,0.023045260033362366,33095.501779229264,39646.47860087152,104657.16592851956,125373.1735838797,0.022297997351830662,0.025795691832761255,38360.906909786805,44378.25143919755,121307.83894461764,140336.35312350965
2023-08-10,1702505.59345044,-13544.17383321235,1716049.7672836524,0.007980378511116796,-1.0499686032164477,0.012548005042775255,0.01666064490868842,21533.001133528574,28590.49581835033,68093.32844093781,90411.08621950672,0.018524572598430496,0.02244188053903291,31789.08849656578,38511.383876414955,100525.92438980559,121783.68889455574,0.020606963481184886,0.024400534509334115,35362.574886310045,41872.53156633954,111826.28056900963,132412.5711469308,0.014167939094393478,0.01721497289962252,24312.88858582289,29541.75023819161,76884.1044291105,93419.21682050724,0.019155248258585996,0.02319364457351557,32871.359316407084,39801.44837284114,103948.36522564186,125863.23103178064,0.020606963481184886,0.025881412018526815,35362.574886310045,44413.79107136527,111826.28056900963,140448.73930836422,0.013365151803509435,0.017115787275072004,22935.265642123053,29371.54277026381,72527.67817011311,92880.97354708533,0.019168738553411405,0.022963029475518783,32894.509333702816,39405.70138759166,104021.57200816866,124611.76918124722,0.022218433191635408,0.025703647129151998,38127.93710791332,44108.73767432241,120571.12374465927,139484.07576573713
2023-08-11,1701395.0343090808,-1110.559141359292,1702505.59345044,0.008697685611581542,-0.12735690205782865,0.01367586797575668,0.018158167723511844,23283.241724015494,30914.382116090157,73628.0751601545,97759.85994362077,0.02018963239971921,0.024459043037779748,34372.96209023019,41641.65758226506,108696.85013174954,131682.48350477804,0.022459196580589976,0.026593748356810012,38236.90780285743,45276.005328282496,120915.71933889405,143175.30019129225,0.015441407927632858,0.018762320845337858,26289.08336754491,31942.956185299492,83133.38103949139,101012.49674450995,0.020876995612788357,0.025278378513774513,35543.20180521248,43036.58081305853,112397.47303947984,136093.6180751661,0.022459196580589976,0.028207732829636418,38236.90780285743,48023.82292101161,120915.71933889405,151864.6623789972,0.014566463028796781,0.018654220035542058,24799.484783315558,31758.91395196562,78422.85671396446,100430.50410151074,0.020891698467174962,0.025027034844189673,35568.23349704536,42608.666809711984,112476.63019935918,134740.4351819101,0.02421551138377386,0.028013989748602617,41227.043579137804,47693.97424185924,130371.35890509571,150821.5892696776
2023-08-14,1706626.8340978883,5231.799788807519,1701395.0343090808,0.008488223956148132,0.30808552827358426,0.013346519448617875,0.01772087439734933,22707.701915188023,30150.207703265078,71808.05848016181,95343.32826947175,0.019703416409179605,0.02387000914143053,33523.29483750224,40612.31502214227,106009.9663598713,128427.41652224118,0.021918323904160902,0.025953305507555993,37291.72745091739,44156.825114462285,117926.79662712397,139636.14160342613,0.015069540857335702,0.018310478026507503,25639.24198398877,31153.356390125402,81078.4021496189,98515.56295175738,0.020374226225986444,0.024669613004577783,34664.60732878318,41972.75706431536,109619.11335432014,132729.512000159,0.021918323904160902,0.02752842126580483,37291.72745091739,46836.71924400884,117926.79662712397,148110.7109409076,0.014215666782981851,0.018204980550010314,24186.464873957866,30973.863507480946,76484.31754936418,97947.9566188116,0.020388574999487975,0.02442432230856143,34689.02026076711,41555.420692150925,109696.31382375212,131409.7785136877,0.02363234232844978,0.027339343994538634,40207.94988671676,46515.02411357582,127148.70168793412,147093.4216165543
2023-08-15,1688445.0574586203,-18181.7766392678,1706626.8340978883,0.0082889845696966,-1.3470864081102545,0.01303324397898562,0.01730492211327285,22242.883909881595,29533.044440485384,70338.17488593727,93391.68667090689,0.01924092901291804,0.02330972161832785,32837.08576641852,39780.99640918996,103839.98274417834,125798.55624401993,0.02140384720923959,0.02534411792103275,36528.380000219484,43252.951730575674,115512.8800368355,136777.8429939407,0.014715821859105553,0.017880686302528162,25114.41647055381,30515.659055981112,79418.7581529971,96498.98691804397,0.01989599328189099,0.024090556822221904,33955.03602590648,41113.590721163855,107375.25187493657,130012.58946684243,0.02140384720923959,0.02688226185821691,36528.380000219484,45877.98944847914,115512.8800368355,145078.9411263662,0.01388199029865803,0.017777665109950685,23691.37715437635,30339.840324247627,74918.71271390785,95942.99927044404,0.019910005254567813,0.023851023699053425,33978.94923447539,40704.79706550925,107450.87208017698,128719.87042194731,0.023077633427004914,0.026697622693168648,39384.908474001,45562.879294782346,124546.01621510966,144082.4753268386
2023-08-16,1676235.5393730754,-12209.518085545162,1688445.0574586203,0.009535885818989908,-0.8088059342250792,0.014993818047268206,0.019908079209360083,25316.237974343865,33613.69794453875,80056.973785774,106295.84608566266,0.022135317127896702,0.026816172952889336,37374.26679987633,45277.63468226154,118187.80896642167,143180.4526609807,0.024623600316568732,0.029156600865385653,41575.59625134699,49229.318623454135,131473.57923381482,155676.77450826016,0.01692950394600177,0.020570454862401374,28584.537262852897,34732.08284209725,90392.24361257031,109832.4896626816,0.022888921869286007,0.027714468188593216,38646.687000752485,46794.35683312438,122211.5549419993,147976.74923533679,0.024623600316568732,0.03092612580958477,41575.59625134699,52217.06426953687,131473.57923381482,165124.85581913296,0.01597024018023645,0.020451936324805523,26964.8730987473,34531.97080307631,85270.41580944389,109199.67983215494,0.02290504164492577,0.02743890240689889,38673.90435625878,46329.079151017875,122297.62377728573,146505.41201543645,0.026549172034528064,0.030713711613272868,44826.81830131753,51858.41456964,141754.84609068348,163990.705885323
2023-08-17,1662251.7934525749,-13983.745920500483,1676235.5393730754,0.00984487488968817,-0.897170605213218,0.015479659215313461,0.02055315602876134,25947.554914092358,34451.93058168974,82053.37324082652,108946.57042814927,0.022852562614974547,0.027685091112951244,38306.27762096884,46406.73363431056,121135.08596499769,146750.97705316485,0.025421473059959857,0.030101355361939593,42612.376606319915,50456.961640981426,134752.16658884712,159558.92259724843,0.017478066690035515,0.02123699448466871,29297.356545370265,35598.20490467168,92646.37610541224,112571.40811213969,0.02363058623397373,0.028612493598402188,39610.42846160693,47961.278639726355,125259.17303383735,151666.87999551755,0.025421473059959857,0.031928217807705335,42612.376606319915,53519.21339811998,134752.16658884712,169242.61291865903,0.01648772012554918,0.021114635618708258,27637.30243768224,35393.102624991385,87396.82408599964,111922.81775505708,0.02364722833492122,0.02832799872334221,39638.32454266494,47484.39821938132,125347.38818777334,150158.85169568873,0.02740943862648125,0.03170892080403108,45944.675139973006,53151.61996688317,145289.81979883014,168080.18042303424
2023-08-18,1669870.8137199404,7619.0202673655,1662251.7934525749,0.010285983112792378,0.40034018309694336,0.01617323887450016,0.02147405814652483,26883.995325074793,35695.29166676578,85014.65783255517,112878.42341100794,0.023876491654339756,0.028925545814930582,39688.7410737817,48081.540407462984,125506.81925782704,152047.18109700343,0.02656050437684494,0.031450072895226,44150.24603541547,52277.94007430363,139615.3367287319,165317.36201659165,0.018261186742583247,0.02218853658207192,30354.690413431385,36882.93472763711,95989.95937572134,116634.08053065535,0.02468937530152165,0.029894501379221384,41039.95837417807,49692.18853198122,129779.74354090352,157140.49767955954,0.02656050437684494,0.033358789509413074,44150.24603541547,55450.707689428826,139615.3367287319,175350.53416680775,0.017226466834787537,0.02206069532018977,28634.725390976884,36670.43036079627,90550.95240894247,115962.08271870634,0.024706763066346022,0.029597259462657458,41068.86121744151,49198.09762308355,129871.14235647084,155578.04503626016,0.028637542477904995,0.0331296667118403,47602.806343971875,55069.847908242606,150533.29106286386,174146.14978910596
2023-08-21,1670839.288615947,968.474896006286,1669870.8137199404,0.009885951520806504,0.01260506336686865,0.015544246349081,0.020638911756281582,25956.8832996031,34464.31636875597,82082.87218593259,108985.73772589241,0.022947912357369666,0.02780060403595602,38320.04908137476,46423.417283427734,121178.63514658724,146803.73538405818,0.025527541291711833,0.030226949875249196,42627.69614906022,50475.101384454225,134800.6112366188,159616.28550279365,0.017550991953802986,0.021325603451088644,29307.88921548912,35611.00278793816,92679.68333283102,112611.87857249072,0.02372918219224839,0.028731876003774182,39624.66877627854,47978.52116212282,125304.20486279714,151721.40563889683,0.025527541291711833,0.03206143469871191,42627.69614906022,53538.45404936678,134800.6112366188,169303.4572002639,0.01655651327987244,0.021202734056547844,27647.238303025588,35405.82677209504,87428.24405100936,111963.05504118768,0.023745893730486783,0.028446194105906,39652.5748862352,47501.46929886463,125392.45173089529,150212.83518897375,0.02752380142054782,0.03184122270300106,45961.192674796235,53170.728464898224,145342.0528302027,168140.6067994266
2023-08-22,1661949.9679124192,-8889.320703527424,1670839.288615947,0.009528520730675772,-0.6076142071140241,0.014528012235575762,0.019582010956044987,24273.973628693177,32718.393255467883,76761.04452953281,103464.64406836986,0.022118220806841376,0.026795461349814993,36955.99231835328,44770.909579860985,116865.10891768282,141578.04718981287,0.024604582157754126,0.0291340816213018,41110.30254915452,48678.36821061483,130002.19135395452,153934.5163258779,0.016916428360362043,0.020554567170413516,28264.633127549943,34343.37838882241,89380.6179121063,108603.29825368263,0.0228712434979021,0.027693062782775356,38214.17221579685,46270.65731956913,120843.82309984155,146320.66596297998,0.024604582157754126,0.03090223986420693,41110.30254915452,51632.67647135086,130002.19135395452,163276.85934005433,0.015957905486684316,0.020436140171193103,26663.09545117214,34145.50590569206,84316.11109617879,107977.57052071746,0.02288735082335387,0.027417709835667877,38241.08496799618,45810.58679730577,120928.92869489516,144865.79522832454,0.026528666650926253,0.030689989727044304,44325.13851496322,51278.04060316542,140168.3953097372,162155.4022565971
2023-08-23,1677307.777129896,15357.809217476752,1661949.9679124192,0.009569403860184778,0.9136633069787835,0.014590346214009932,0.019666029652397863,24248.425422204895,32683.957349767312,76680.25400689755,103355.74817306528,0.022213121380740927,0.026910430120685305,36917.096365957055,44723.78847558234,116742.10911634927,141429.03717443006,0.0247101507289209,0.02925908449065749,41067.03421104113,48627.13453039498,129865.36485494593,153772.50120347046,0.016989010091675277,0.020642758722426855,28234.884776723495,34307.232196361125,89286.54536686097,108488.99395676215,0.02296937499558006,0.027811882807861128,38173.95203687261,46221.957740108766,120716.63572654146,146166.66437079286,0.0247101507289209,0.031034829204168113,41067.03421104113,51578.33340003461,129865.36485494593,163105.01145964602,0.01602637457387476,0.020523823599596987,26635.03270880357,34109.56797279036,84227.3689129036,107863.9247983498,0.02298555143122124,0.027535348429709373,38200.8364635674,45762.37143921277,120801.65174848483,144713.32487855005,0.0266424907108246,0.03082166838526472,44278.48658196187,51224.07078389793,140020.86894420336,161984.73470280418
2023-08-24,1658327.5788237427,-18980.198306153296,1677307.777129896,0.009246438992865496,-1.2800139947543923,0.014097925860767661,0.019002306316003834,23646.560687666282,31872.716167237773,74776.99060242291,100790.37830454354,0.021463434367391322,0.02600221017089377,36000.785388342556,43613.7093422062,113844.47938207189,137918.65872993562,0.02387618963079965,0.02827159807264499,40047.71855596844,47420.17131913802,126642.00573024966,149955.74840386747,0.016415635462460092,0.019946071036412126,27534.073027713628,33455.700072559426,87070.38402898354,105796.2129447483,0.02219416462132472,0.02687323906660232,37226.44492624915,45074.69288308302,117720.3551577662,142538.69434312408,0.02387618963079965,0.029987411868391965,40047.71855596844,50298.11914285119,126642.00573024966,159056.61851392585,0.015485488640593577,0.019831149942744944,25973.930529524267,33262.942028395184,82136.78026028004,105186.65848786998,0.022209795106511,0.026606037651094205,37252.662060612405,44626.51387079114,117803.26101607677,141121.42786479715,0.02574331364575395,0.02978144517114972,43179.46018711728,49952.64959973701,136545.44232785093,157964.1478954673
2023-08-25,1666373.791465016,8046.212641273392,1658327.5788237427,0.01041498374584439,0.4210359459879216,0.015879590921792433,0.02140377626104941,26333.56356604753,35494.47246467117,83274.03977753608,112243.37733449132,0.02417593629708278,0.029288312667703303,40091.621905338325,48569.61663406517,126780.84031116862,153590.6136448468,0.026893610297904887,0.03184450085301356,44598.41565115388,52808.613998428584,141032.57349254773,166995.50031168587,0.018490207597881416,0.02246681190434279,30662.82119774306,37257.33378921722,96964.3544713603,117818.03431907814,0.024999014643588433,0.030269420291726468,41456.55542688129,50196.61446477702,131097.13909395892,158735.6325380493,0.026893610297904887,0.033777155446569944,44598.41565115388,56013.588411263525,141032.57349254773,177130.51929880507,0.017442510853387314,0.02233736733400367,28925.39679210464,37042.67228829487,91470.1360871786,117139.21505021317,0.025016620475334077,0.02996845054526181,41485.751663213225,49697.508033823084,131189.46569987238,157157.31942139732,0.028996697365502387,0.03354515912824475,48086.02293601837,55628.86251839929,152061.3560969152,175913.90920251218
2023-08-28,1679809.5250563745,13435.733591358176,1666373.791465016,0.010001424585549621,0.7574258034121258,0.014524304568409425,0.019684533725502454,24202.92047205307,32801.7910973865,76536.35471960536,103728.37120077536,0.021110791865718837,0.026553688106613585,35178.47028210672,44248.36992759718,111244.0906920033,139925.6317209069,0.02321595593049309,0.029275136227060957,38686.46050638049,48783.319750342416,122337.32981031333,154266.40223535872,0.017755996684599207,0.02157469761089823,29588.127516555836,35951.51065758371,93565.87465181784,113688.65900178238,0.02400635140411634,0.029067479285966313,40003.55480851886,48437.28566608651,126502.34769830054,153172.14638105943,0.025825716274879253,0.0324359289612955,43035.296746270316,54050.3819229239,136089.55749944758,170922.31527843108,0.01674990198159359,0.021450393037809275,27911.597671735493,35744.372774829026,88264.2217769369,113033.63150257267,0.024023258141828742,0.02877846047467923,40031.727753141975,47955.67229371733,126591.43837170339,151649.15117277805,0.027845293762152213,0.0322131447747354,46400.66774089474,53679.1401932873,146731.79501392704,169748.34585027897
2023-08-29,1697887.0947493275,18077.569692953257,1679809.5250563745,0.009631591575838377,1.0641018862950624,0.013987224352831071,0.018956638385174293,23495.872696986116,31843.541722465066,74300.47333583937,100698.120609591,0.020330156304624175,0.025571784947978418,34150.790206392594,42955.72792830737,107994.28094677239,135837.93880395734,0.02235747554285879,0.02819259926965554,37556.30037310913,47358.19678926476,118763.44966845638,149759.76773254984,0.017099414850869632,0.02077690772778729,28723.759939381234,34901.24750235448,90832.50437234473,110367.43528870304,0.023118643746469467,0.027992621073809187,38834.917971704395,47022.27151107847,122806.79353639233,148697.47872985547,0.02487073208275855,0.03123651210543398,41778.092647742975,52471.39056424674,132113.92906440244,165929.10617928737,0.016130523551127658,0.020657199693320725,27096.207105330413,34700.16080583177,85685.73040448208,109731.5433205322,0.02313492530627455,0.027714289609702215,38862.267890947754,46554.72766654869,122893.28157502301,147218.9752751497,0.026815629566790535,0.031021966039906226,45045.14996667808,52110.994039809855,142445.2714385605,164789.4323012583
2023-08-30,1701913.2480423537,4026.1532930261455,1697887.0947493275,0.009301799668426897,0.2056888919631769,0.013508292769988186,0.018307550860861145,22935.555966258587,31084.15434312308,72528.59625564113,98296.72686448402,0.019634038640904416,0.0246961905389437,33336.38082620123,41931.343205542944,105418.89235756166,132598.54987974162,0.021591941160910795,0.02722726648796334,36660.67824769725,46228.8243952138,115931.24382931387,146188.3786408316,0.01651391985817964,0.020065493007207964,28038.771410927857,34068.94162672128,88666.380451345,107735.45301176127,0.02232704647431759,0.027034135674517873,37908.80407261231,45900.9100794663,119878.16424252198,145151.4225256939,0.024019142175970076,0.03016695378508585,40781.791527528876,51220.08151959664,128963.34828914866,161972.11954142372,0.015379087893471581,0.01971820369122347,26111.95486334102,33479.28357896688,82573.25152766838,105870.79054020904,0.02232704647431759,0.026533348513195918,37908.80407261231,45050.63002104161,119878.16424252198,142462.6008920508,0.025897445115795295,0.029959753915212356,43970.93784908784,50868.2795345047,139048.31445682273,160859.62398316458
2023-08-31,1699074.1240037736,-2839.1240385801066,1701913.2480423537,0.009008543176050671,-0.23586247466878496,0.013082418778188082,0.017730371353579473,22265.141835036356,30175.553899367544,70408.56062541586,95423.47997917682,0.019015039145295558,0.023917597312829816,32361.947033422464,40705.67572804726,102337.46214334422,128722.64899686209,0.020911215155820062,0.026368876396596946,35589.074106354215,44877.54007535966,112542.53399260087,141915.24242362104,0.01599328789601969,0.019432891112214815,27219.188549991333,33073.0948316429,86074.63187954854,104586.30893873463,0.021623144910365003,0.0261818343903651,36800.71678728979,44559.21080701326,116374.08457462996,140908.59688975147,0.023261894155641335,0.02921588459761258,39589.725838044986,49722.9010499534,125193.70558984054,157237.6191890305,0.014894233614477215,0.01909655073625007,25348.693507916523,32500.67268993696,80159.60719453965,102776.1511878322,0.021623144910365003,0.025696835473425016,36800.71678728979,43733.78472498674,116374.08457462996,138298.3704304387,0.0250809801104327,0.029015217088059223,42685.65232383219,49381.38235699287,134983.884753369,156157.6422557515
2023-09-01,1710658.3927464222,11584.268742648652,1699074.1240037736,0.008800290251752767,0.7203924736490153,0.012779988971924791,0.01732049357299814,21714.148567251003,29428.802444854806,68666.16692379507,93062.04453687294,0.018575463352599745,0.023364687759616115,31561.08912378261,39698.33638779144,99804.92706672096,125537.16230496234,0.020427804950449727,0.0257592999631243,34708.35480150532,43766.96001979586,109757.45500999817,138403.27992408306,0.015623566742621775,0.018983655722807972,26545.597977034584,32254.638217619176,83944.55145858739,101998.12187239036,0.021123276832685986,0.0255765818574392,35890.013080585144,43456.50841443932,113494.18658788533,137421.54574790067,0.022724142669307845,0.028540493107057464,38610.002799591,48492.4133245094,122095.5493121852,153346.47534374753,0.014488020806576917,0.01860590557736904,24616.221260483122,31612.812720165228,77843.32656978769,99968.49144006528,0.021123276832685986,0.025102794791378915,35890.013080585144,42651.509070208616,113494.18658788533,134875.9143051897,0.02450117632305217,0.028344464482489104,41629.314698151866,48159.34616094125,131643.4518780848,152293.22449306032
2023-09-05,1693625.9778537818,-17032.41489264043,1710658.3927464222,0.00856427825597758,-1.2215542662667225,0.012437246787637392,0.01685598113772245,21275.880599930384,28834.825601220295,67280.24192156967,91183.7248335902,0.018077294308979537,0.022738078132994676,30924.07522780298,38897.08419313124,97790.51225424775,123003.38038962752,0.019879958586552622,0.025068470045002244,34007.81800353754,42883.58867579537,107542.16314365879,135609.8144573174,0.015204563611751336,0.018474539506629008,26009.814350489276,31603.626059140257,82250.25486567916,99939.44066713448,0.020556778844554167,0.024890652194144356,35165.62625826868,42579.40307684519,111203.47432235362,134647.89513321233,0.02211471160394097,0.027775075314472385,37830.71700844831,47513.665695866155,119631.23126396803,150251.40358274622,0.014099471496545736,0.0181069201140606,24119.37924885492,30974.75485990677,76272.1741757827,97950.77532267512,0.020556778844554167,0.024429571462515606,35165.62625826868,41790.65145355081,111203.47432235362,132153.64349544694,0.023844087595587576,0.02758430391501705,40789.08856277275,47187.32100029191,128986.42354068582,149219.41104241734
2023-09-06,1689868.7574900056,-3757.2203637762,1693625.9778537818,0.009584184995620068,-0.27922047816775786,0.013918379399419905,0.018863334034465464,23572.52892048247,31947.432549704095,74542.88159891476,101026.6522516654,0.0202300915149041,0.0254459209238536,34262.20852400095,43095.87270705156,108346.61660347882,136281.11550696933,0.022247432311742112,0.028053835628328354,37678.82930371006,47512.70479857687,119150.92016842002,150248.3649587146,0.01701525173250741,0.02067464403282782,28817.47235389612,35015.11421687687,91128.84904724559,110727.51345627395,0.023004854054425747,0.02785484172280502,38961.61844331034,47175.68355074797,123207.4556072846,149182.6101957032,0.024748318632573735,0.031082766361004655,41914.395344329656,52642.58057255714,132544.9560368392,166470.4565182114,0.015778555895127406,0.0202632454115962,26722.972157005705,34318.35882470577,84505.45786540075,108524.17944500942,0.023004854054425747,0.027338851595235136,38961.61844331034,46301.78926637953,123207.4556072846,146419.11382289603,0.026683643354111882,0.030869276288682794,45192.1115683093,52281.00824005896,142910.0048283015,165327.0644086174
2023-09-07,1684470.5119774078,-5398.2455125977285,1689868.7574900056,0.00933712239443888,-0.3914244729542179,0.013559589265442023,0.01837707209611239,22913.92626406733,31054.8399893617,72460.19713160562,98204.02673846214,0.019708597091112223,0.024789972043925777,33304.94247822895,41891.79925608083,105319.47557209631,132473.50093176274,0.0216739345652928,0.027330659520332555,36626.10487377103,46185.227645006766,115821.91322131033,146050.51361159596,0.016576629945187243,0.02014168986556374,28012.329048845186,34036.81242686923,88582.76236044888,107633.85156083007,0.0224118313733029,0.02713679531044221,37873.053635878896,45857.62257351758,119765.11143509865,145014.53541266784,0.024110352652261507,0.030281510008736166,40743.33167912301,51171.77769338415,128841.72756972132,161819.36943089133,0.015371813844122081,0.01974089634153448,25976.347961134248,33359.523972407864,82144.42485025527,105492.0774117969,0.0224118313733029,0.02663410645608017,37873.053635878896,45008.144383792736,119765.11143509865,142328.2495105007,0.02599578827419943,0.030073523316474088,43929.470430894646,50820.30748015678,138917.18296664555,160707.92302738776
2023-09-08,1686533.3768595092,2062.864882101305,1684470.5119774078,0.009187444666832259,0.0836684152379588,0.013342223740733971,0.018082480435511753,22474.582455471278,30459.405077027943,71070.87002054903,96321.09621710479,0.019392660563529687,0.024392579086414966,32666.36486805294,41088.58018214283,103300.11586115301,129933.49919802748,0.02132649290853999,0.026892538347857608,35923.848428330915,45299.687839187776,113601.1833521858,143250.19086646472,0.0163109000771661,0.01981881069124442,27475.23020379632,33384.20219186381,86884.30668144862,105570.11679387519,0.022052560941819992,0.02670178185715255,37146.88862008051,44978.36415562682,117468.77602804359,142234.0761602569,0.023723854259680283,0.029796085547629792,39962.13293088105,50190.627477338596,126371.36022000428,158716.70002142107,0.015125397649904629,0.01942444204432203,25478.28632319673,32719.899835274613,80569.41565921859,103469.40829203595,0.022052560941819992,0.026207151301936182,37146.88862008051,44145.17357104183,117468.77602804359,139599.29618796115,0.025579065610422152,0.029591432963474593,43087.18174469151,49845.89623412919,136253.63227085277,157626.5641122579
2023-09-11,1688017.9939369082,1484.6170773990452,1686533.3768595092,0.008907054230715484,0.047681455698429666,0.012935034139153291,0.01753062355264093,21815.366806499234,29565.981738688355,68986.24710057133,93495.84355320045,0.018800818462700198,0.023648145118530074,31708.207849620372,39883.38604321824,100270.15732683016,126122.34069634038,0.0206756324283616,0.026071808446445015,34870.14417811066,43970.97514001718,110269.07794128983,139048.4323810955,0.015813109826237643,0.019213962969756068,26669.337513894858,32404.989850236263,84335.85023168022,102473.57548138521,0.021379541685193477,0.025886873628420504,36057.310634037996,43659.07639687541,114023.22790377011,138062.1219534237,0.022999829018335773,0.028886742664571835,38789.97930148516,48718.455652551995,122664.68498348037,154061.2839479691,0.014663787594302664,0.018831630008588663,24730.96720896985,31760.172550153904,78206.1851192821,100434.48413844468,0.021379541685193477,0.02540733863917739,36057.310634037996,42850.324632144926,114023.22790377011,135504.62431519473,0.024798421413689403,0.028688335846176825,41823.36540761475,48383.83593113231,132257.0941015591,153003.12347827185
2023-09-12,1687019.4996375716,-998.4942993365694,1688017.9939369082,0.008658672677843305,-0.12090566276820945,0.01257432859243524,0.017041765689195233,21225.69292570604,28766.80713181817,67121.53456055422,90968.63154732101,0.0182765400240521,0.0229886944342812,30851.12842750804,38805.32986218391,97559.83421729431,122713.22771864908,0.020099073045635314,0.02534477163939575,33927.596962484706,42782.43057952186,107288.48193766196,135289.9244693265,0.015372146442312707,0.01867816360942443,25948.459800057077,31529.076266405984,82056.23474149776,99703.69352300071,0.020783353133298103,0.025164993902050358,35082.67406335222,42478.962523973576,110941.15644950735,134330.27421669144,0.022358457235993993,0.028081208779339274,37741.47813102673,47401.58571102378,119349.03315547926,149896.97555052716,0.014254874137696471,0.018306492361113952,24062.48404573751,30901.688511428907,76092.25574599378,97719.7192411735,0.020783353133298103,0.024698831195292512,35082.67406335222,41692.07148686399,110941.15644950735,131841.90626905308,0.024106894197174846,0.027888334720976574,40692.87118276438,47076.0108299439,128682.15746936541,148867.4173773763
2023-09-13,1672762.857567057,-14256.642070514616,1687019.4996375716,0.008452293552395356,-1.0579242025431703,0.011436425906427742,0.015218274202571562,19293.47351030389,25673.525330569642,61011.3202686844,81186.8156106274,0.01750113700461336,0.018320689611351706,29524.759392611424,30907.36062115781,93365.48704910163,97737.65602705524,0.01784091940565984,0.018730465914720877,30097.978928810502,31598.661235431005,95178.16638279606,99923.74051603203,0.01500575193162282,0.01823297030854464,25314.996115371854,30759.376446827675,80053.04668288972,97269.68897851258,0.020287982722253267,0.02456518725423725,34226.22246075141,41441.94991014658,108232.81867958739,131050.9523946735,0.021825544280115967,0.02741189426370559,36820.118790758905,46244.40014487463,116435.43909676286,146237.6334860244,0.013915109768795399,0.017870157829936444,23475.0615195551,30147.30472070381,74234.66261436747,95334.14823257038,0.020287982722253267,0.024110135517407084,34226.22246075141,40674.26875677014,108232.81867958739,128623.33143321892,0.023532307314544428,0.027223617350998756,39699.461311100305,45926.773321806635,125540.71962481138,145233.20927916624
2023-09-14,1686436.3544103,13673.496843243018,1672762.857567057,0.00918046007877177,0.8371892637203622,0.012421675942388062,0.016529331112135455,20778.51814516102,27649.651144807765,65707.443741846,87435.87412667465,0.019008862932645698,0.01989902013577342,31797.319878312926,33286.341785100754,100551.9543044169,105260.65501575338,0.019377917645303232,0.02034409873733728,32414.66089405653,34030.852738494665,102504.15800720856,107615.0053714216,0.016298500011417014,0.01980374380011778,27263.525453154634,33126.9670696109,86214.8374779429,104756.66791336413,0.02203579588260679,0.026681482312119476,36860.66088935373,44631.79259654586,116563.6444694456,141138.12066132546,0.023705818630055307,0.029773433614376076,39654.21291257769,49803.893892366796,125397.63162500493,157493.74104522791,0.0151138988408596,0.019409674964801626,25281.968614015736,32467.783358569333,79948.60455318009,102672.14598999049,0.02203579588260679,0.026187227790805415,36860.66088935373,43805.02199110712,116563.6444694456,138523.64244566264,0.025559619590038923,0.029568936613633637,42755.18230376044,49461.81890504098,135203.75785560807,156412.0049547051
2023-09-15,1669285.0501602802,-17151.304250019835,1686436.3544103,0.008900858919968654,-1.1995925717888796,0.012043359936657646,0.0160259118833018,20310.36002642798,27026.680412576192,64226.99778155006,85465.86769720001,0.018429926794598858,0.019292973266524013,31080.898555532003,32536.371501332134,98286.4311601185,102889.04074160173,0.01878774153404858,0.01972449650248659,31684.330340283865,33264.1079742322,100194.65001247486,105190.34553234334,0.015802111001406258,0.019200598678016916,26649.254469198466,32380.587637050074,84272.34206808865,102396.40890776787,0.021364671122947678,0.025868867986797835,36030.15808175889,43626.19942037666,113937.36399428133,137958.15582510782,0.02298383146356607,0.0288666504609504,38760.76894379711,48681.7687674016,122572.31372191792,153945.26983063683,0.01437022809631697,0.018772678664494714,24234.475082797257,31658.927769466485,76636.139160237,100114.32003026821,0.021364671122947678,0.02538966653861053,36030.15808175889,42818.05667706752,113937.36399428133,135402.58408171413,0.02478117284612608,0.028668381644622334,41791.870792632384,48347.40102760005,132157.49938418478,152887.90619678138
2023-09-18,1667869.563296436,-1415.486863844097,1669285.0501602802,0.009890886425370329,-0.13178884099094812,0.01338292252291484,0.017808446996628615,22339.912494955042,29727.37433804389,70645.00621291278,94006.21176465896,0.020479856426474926,0.021438898099911355,34186.71816214353,35787.63209009166,108107.89511861908,113170.42946882188,0.020877470295096175,0.021918418936629568,34850.44904876938,36588.08905406572,110206.79647375975,115701.69664392325,0.016714770404900128,0.021252070325056067,27901.716353761276,35475.763278571016,88232.97430585402,112184.21369324687,0.023741027410106263,0.02874621848418386,39630.54213113582,47985.63276428923,125322.77804165258,151743.89449955567,0.02554028422088345,0.032077439240114365,42634.014626765245,53546.38977094765,134820.59201751166,169328.5521553364,0.015968604298228488,0.020860732008000843,26656.152426958008,34822.50807635585,84294.15532581243,110118.43936089308,0.023741027410106263,0.028213716268216796,39630.54213113582,47096.734775998186,125322.77804165258,148932.95224901428,0.027537540849975346,0.031857117318193545,45968.00525904186,53178.60968046264,145363.59611317067,168165.52939134094
2023-09-19,1663610.2968796848,-4259.266416751314,1667869.563296436,0.009550848450248488,-0.3153826424128635,0.012922832124522256,0.017196211854461217,21553.59837208009,28681.03835605323,68158.46262827043,90697.40686377954,0.019775781118099946,0.020701851976316382,32983.42341729126,34527.98881516627,104302.74302837475,109187.08768074396,0.020159725452065583,0.021164887405424604,33623.79248591267,35300.27151410378,106327.76782833907,111629.2600069286,0.016140134680792527,0.020521447138246152,26919.639381599096,34227.097076677506,85127.37423621975,108235.58445799173,0.022924836571321824,0.0277579545910004,38235.6371608527,46296.64760169414,120911.70121606841,146402.85445152535,0.02466223687942079,0.030974651581131208,41133.39425399282,51661.678605880574,130075.21373629988,163368.57214217485,0.01541962095764906,0.020143562609172733,25717.91647283071,33596.83497219535,81327.19272810893,106242.52068493709,0.022924836571321824,0.027243759225145464,38235.6371608527,45439.036801396614,120911.70121606841,143690.85097662537,0.026590829986281452,0.030761904088536844,44350.03599690902,51306.843538314795,140247.12806068888,162246.48513496725
2023-09-20,1655728.143793604,-7882.1530860806815,1663610.2968796848,0.009328351907653203,-0.5579151723679819,0.012621781858336671,0.01679560894433399,20997.726264498087,27941.347982158557,66400.64068055314,88358.30051897083,0.01931508456859246,0.02021958168231649,32132.773573412323,33637.50428530157,101612.75203045066,106371.12834522729,0.01969008453627468,0.0206718302391785,32756.627380978014,34389.86964124619,103585.55098932663,108750.31650261558,0.015764134141970747,0.020043379554921352,26225.37587997513,33344.372611834915,82931.92027476401,105444.16460273591,0.022390779633527112,0.027111305347408455,37249.53155349964,45102.646737797964,117793.36148336907,142627.09219340474,0.024087705468214673,0.0302530661721704,40072.554845127015,50329.312396205154,126720.54497261732,159155.26024215505,0.015060405504793928,0.019674298222931114,25054.645672958664,32730.365107549886,79229.74629503154,103502.50238875962,0.022390779633527112,0.026609088675563497,37249.53155349964,44267.15391125205,117793.36148336907,139985.03189278767,0.02597137007468242,0.030045274844653372,43206.238680314586,49983.628604145524,136630.12335866175,158062.1121090426
2023-09-21,1622355.9273872783,-33372.21640632581,1655728.143793604,0.009329106047056397,-2.231371132585852,0.012622802251127609,0.01679696676516139,20899.928940733244,27811.210603443527,66091.37838838733,87946.76999350742,0.019316646073399894,0.020221216310106444,31983.114547428417,33480.836946381496,101139.4886359392,105875.70271928232,0.01969167635750399,0.020673501428459723,32604.06274359448,34229.69814585804,103103.09924479699,108243.80976095388,0.015765408574456935,0.020044999937862004,26103.230675133353,33189.070539459164,82545.66322219616,104953.05632868422,0.022392589789207027,0.02711349712831862,37076.041126415366,44892.580272024206,117244.73658154739,141962.80370153786,0.02408965280982506,0.03025551194496004,39885.91613144403,50094.902632153906,126130.34153781504,158413.99148197044,0.01506162304518388,0.01967588876793488,24937.95316712128,32577.922787222244,78860.73219071291,103020.43744472328,0.022392589789207027,0.026611239855370176,37076.041126415366,44060.97876977844,117244.73658154739,139333.04884882362,0.025973469698894944,0.03004770381880277,43005.004772430744,49750.828869166304,135993.7658672923,157325.9347078247
2023-09-22,1618811.907013065,-3544.0203742133453,1622355.9273872783,0.012993474844715833,-0.20333808666029438,0.01886943049286094,0.02420167529298401,30612.932406515196,39263.731364274856,96806.59226136764,124162.82054809891,0.027426347188136625,0.028553385984931758,44495.296927254865,46323.75499963088,140706.4834556168,146488.575570446,0.028072513563584648,0.029116905383329325,45543.60877654132,47237.98403581888,144021.53659750515,149379.6216278606,0.023067923403385728,0.028163037463849027,37424.38226599855,45690.47076270545,118346.2879853689,144485.95497547995,0.03118814928959969,0.037763376374121436,50598.27886422139,61265.63749871262,160005.8068952972,193738.95679815306,0.03355179973553449,0.04213953956444516,54432.96117545529,68365.33178974834,172132.137101955,216190.1614487203,0.02139130966305149,0.027591065066976856,34704.318026428344,44762.52795433797,109744.68960635313,141551.54216266557,0.03118814928959969,0.037063838046578215,50598.27886422139,60130.73734658829,160005.8068952972,190150.08740056862,0.036175558886380854,0.04185010672424243,58689.63238586751,67895.7687058649,185592.91337732345,214705.27259851596
2023-09-25,1626515.1223988074,7703.215385742485,1618811.907013065,0.012383029011610291,0.3466103612409237,0.017982926662661426,0.023064657519575718,29110.975804459034,37337.3422238676,92056.98845214302,118071.04320459807,0.026137831255455796,0.027211920695325697,42312.23245983009,44050.981234288476,133803.02745957207,139301.43386568697,0.026753640118683322,0.027748965415260646,43309.11118006699,44920.35562151767,136955.43476647444,142050.63706874443,0.021984170374401233,0.026839911119829245,35588.236767884584,43448.76770395195,112539.88609586435,137397.06747205261,0.029722900308581168,0.03598921695740824,48115.78493049349,58259.77293472897,152155.47178716594,184233.5784379758,0.03197550420362156,0.04015978382985327,51762.32693756889,65011.13624683722,163686.85011300605,205583.26381553613,0.02038632554567425,0.02629481053134511,33001.62653358209,42566.352380794,104360.30633636669,134606.62520863998,0.029722900308581168,0.03532254360726711,48115.78493049349,57180.55417743222,152155.47178716594,180820.78907134163,0.03447599664869074,0.03988394882035996,55810.153881043094,64564.611249098394,176487.20282858217,204171.2277904799
2023-09-26,1602910.6710507895,-23604.4513480179,1626515.1223988074,0.011773382743762849,-1.2803293281787602,0.01709758397997961,0.021929129018204613,27809.478899920425,35668.05996914432,87941.29386614228,112792.30922197114,0.02485100302792161,0.025872212464220733,40420.532231693054,42081.54482296994,127820.94608839888,133073.52909905216,0.025436494141362554,0.026382817182370295,41372.84238173486,42912.05111860838,130832.41520142768,135699.8206043788,0.020901836851003216,0.025518517813860307,33997.1537240694,41506.25512544715,107508.4397309349,131254.3033404508,0.0282595705186131,0.03421738134430709,45964.61880101972,55655.08820540231,145352.88719262014,175996.84210664438,0.03040127331213282,0.038182621190044,49448.13078236331,62104.610778431714,156368.71931015188,196392.02325808696,0.01938265776193649,0.02500025383692406,31526.185962070325,40663.290929565796,99694.55357816895,128588.61649549342,0.0282595705186131,0.03358352992484269,45964.61880101972,54624.11928628952,145352.88719262014,172736.63212540606,0.032778660506823626,0.03792036620074783,53314.98700632519,61678.04907241696,168596.79236226957,195043.11670447318
2023-09-27,1610047.7916161253,7137.120565335732,1602910.6710507895,0.013103129118773073,0.3043187620425349,0.0190286730147649,0.024405917588977716,30501.263031302857,39120.505740158536,96453.4626908087,123709.90135659219,0.027657803070946906,0.028794353151103406,44332.98768024209,46154.775931908574,140193.21654974954,145954.2168395517,0.02830942256079787,0.029362628191181663,45377.47551398887,47065.67005774183,143496.17709272465,148834.7169844528,0.023262597763019015,0.02840071040855797,37287.866190705405,45523.801779300804,117914.5862502155,143958.90137261647,0.0314513516977631,0.03808206830770675,50413.707255315836,61042.153666108235,159422.1402197538,193032.23886689942,0.03383494941545326,0.04249516272724558,54234.4014724937,68115.9498035417,171504.2361890699,215401.54636489064,0.021571834777408365,0.027823911033628784,34577.724158852405,44599.24390617138,109344.36464700343,141035.1926648865,0.0314513516977631,0.037376626450245726,50413.707255315836,59911.393384978066,159422.1402197538,189456.46089087578,0.036480850942255665,0.04220328731118381,58475.545264354856,67648.0995845189,184915.91045563424,213922.07406896996
2023-09-28,1620096.618328228,10048.82671210263,1610047.7916161253,0.012425575961884323,0.4641021750782492,0.018044714346900918,0.02314390556427083,29052.852484571635,37262.79404312641,91873.18637612829,117835.30115803401,0.02622763844282927,0.027305418355356968,42227.751354183456,43963.028522196895,133535.87474647939,139023.30296908852,0.026845563168747383,0.027844308311620818,43222.63969453292,44830.66710620362,136681.98791952847,141767.01708039313,0.022059705964510772,0.026932130589129053,35517.18087186164,43362.017378544326,112315.18762324775,137122.73885600377,0.029825025463924293,0.036112872601181054,48019.71638308601,58143.45078044603,151851.67636585442,183865.7354881042,0.03208536909904117,0.040297769158323594,51658.977661099496,64881.33424041531,163360.0310048323,205172.79383038307,0.020456371087718025,0.026385157085091634,32935.73509426036,42481.363896296345,104151.93930980323,134337.8680227415,0.029825025463924293,0.035443908622644335,48019.71638308601,57066.38680413225,151851.67636585442,180459.76013723502,0.034594453006475595,0.040020986405073754,55698.722665243855,64435.70077978797,176134.82638421483,203763.57709321773
2023-09-29,1609920.2387812054,-10176.379547022516,1620096.618328228,0.011811869026931196,-0.5719958918919456,0.017153474667717314,0.022000813655270953,27790.286301747743,35643.44380337397,87880.60154170022,112714.46607087657,0.024932239046520997,0.02595678673796692,40392.63616661967,42052.5024168472,127732.73098501071,132981.6889469727,0.025519644085405024,0.026469060583689877,41344.28908370464,42882.43554196096,130742.12174494259,135606.16792795365,0.020970163348943027,0.025601935886983007,33973.690727413144,41477.60975315727,107434.24322076821,131163.71871959133,0.028351948882322665,0.034329235333628375,45932.89650726573,55616.67807380524,145252.5724917526,175875.37860557085,0.030500652737641513,0.03830743724361266,49414.00435705662,62061.749535197676,156260.80207778313,196256.48410612092,0.019446018180213576,0.025081977744945156,31504.428293713256,40635.22732556952,99625.74978958604,128499.87158751217,0.028351948882322665,0.033693311902597965,45932.89650726573,54586.420673677196,145252.5724917526,172617.4186449228,0.03288581142832178,0.038044324962916036,53278.19188600391,61635.482219000456,168480.4359752744,194908.5084948505
2023-10-02,1588721.4869629631,-21198.75181824225,1609920.2387812054,0.011658412296122331,-1.1759945142503014,0.016930621185468325,0.021714984805410266,27256.9497016233,34959.393523056344,86194.04312577654,110551.30915099621,0.024608325880272636,0.02561956291453733,39617.44187717424,41245.45284484205,125281.35140120734,130429.57411477236,0.02518809950564181,0.026125181431669673,40550.831170567624,42059.45832867595,128232.98751194558,133003.68547155484,0.020697724439849168,0.025269322193533065,33321.68547242956,40681.593219651964,105372.42156862124,128646.49341856282,0.027983607735157776,0.03388323883523718,45051.37644694479,54549.31195630565,142464.9612980094,172500.07057698126,0.030104396188742836,0.037809756980508875,48465.67670054488,60870.692986320195,153261.9267150762,192490.03258960843,0.019193380568809194,0.024756119212465306,30899.811828355843,39855.37735382813,97713.78464821633,126033.76944359145,0.027983607735157776,0.03325557715605554,45051.37644694479,53538.82671588373,142464.9612980094,169304.63567526513,0.03245856751795664,0.03755006298614266,52255.704769004624,60452.606368900095,165247.04780737756,191167.92661932547
2023-10-03,1567727.394233293,-20994.09272967046,1588721.4869629631,0.012707227597279649,-1.0826700090620907,0.018453735491806896,0.023668510529996967,29317.84609056466,37602.67124341533,92711.16973644748,118910.08723570824,0.026822142655965157,0.02792435270162236,42612.914363917684,44364.01914659971,134753.86712768514,140291.34666257454,0.027454073936600723,0.028475457724450964,43616.87716774743,45239.57153794073,137928.67627387596,143060.08643001923,0.02255973528148597,0.027542603588399047,35841.13618189321,43757.52612779278,113339.62426305351,138373.4473381533,0.030501071968600576,0.03693144629612656,48457.70841191946,58673.78227527501,153236.7287739663,185542.7909266856,0.032812651013918066,0.041211202275713184,52130.16371002869,65473.1225590025,164850.0521211441,207044.19280979998,0.020920057470448544,0.026983231787300582,33236.144811801656,42868.84012818647,105101.91824848157,135563.17545469385,0.030501071968600576,0.036247318851594115,48457.70841191946,57586.89430432525,153236.7287739663,182105.74937704543,0.035378608549427426,0.04092814566317979,56206.75558132694,65023.42443664374,177741.36752537458,205622.12248364522
2023-10-04,1577262.462180017,9535.06794672436,1567727.394233293,0.013554059461204448,0.4137864067346984,0.019683524688802745,0.0252458214528557,30858.400869703415,39578.56588156443,97582.8316987836,125158.41470877362,0.02860961713739102,0.02978528038755369,44852.080524814184,46695.200008487554,141834.73225569315,147663.1878239345,0.029283661423413185,0.030373112012635026,45908.798216937554,47616.759750324236,145176.36700659955,150577.4156080552,0.0240631554832427,0.029378090845989288,37724.46804277465,46056.83780953174,119295.24253340223,145644.5093030806,0.032533716731523055,0.03939262244686166,51003.99895623472,61756.89334063436,161288.8064785524,195292.4441724894,0.03499934344589896,0.04395758884749343,54869.42950031525,68913.51622065932,173512.37113503076,217923.67282824224,0.022314206676126297,0.02878144153008086,34982.59308674663,45121.454332231544,110624.67261297966,142686.56702912357,0.032533716731523055,0.03866290355332269,51003.99895623472,60612.8930411437,161288.8064785524,191674.79758218417,0.03773630087779898,0.043655668847415195,59160.232643155316,68440.18796566977,187081.08205781417,216426.87746156228
2023-10-05,1571037.1222317226,-6225.339948294452,1577262.462180017,0.012834798669358542,-0.34359133096727434,0.01863899721018944,0.023906124694039226,29398.590632309864,37706.23309610281,92966.50639698887,119237.57856890751,0.027091416930615515,0.0282046923417196,42730.274971928025,44486.202487930525,135124.99395658003,140677.72431330968,0.027729692329221248,0.028761330047271647,43737.00279868184,45364.16624593178,138308.54687299347,143454.08949167453,0.022786218170349256,0.02781911075258711,35939.84657513611,43878.03912128413,113651.77393443196,138754.542885231,0.03080727994518729,0.037302210427118405,48591.166219415165,58835.37626303388,153658.75941718498,186053.795984193,0.0331420655172431,0.04162493195952702,52273.73585945829,65653.44267055926,165304.0671219077,207614.415070255,0.021130079219018508,0.027254123276487106,33327.68077504794,42986.90558362976,105391.3803801573,135936.53120687976,0.03080727994518729,0.036611214854123664,48591.166219415165,57745.4948842167,153658.75941718498,182607.2884477259,0.035733783349497596,0.04133903367006264,56361.55510883588,65202.506030585624,178230.8866130207,206188.42820751495
2023-10-06,1592388.6937550616,21351.571523339026,1571037.1222317226,0.012341996132756317,1.056882078345942,0.017923337748632636,0.02298822958769235,28158.228957399017,36115.36205665032,89044.13838188926,114206.80262063806,0.026051219937465248,0.027121750233459835,40927.43360118108,42609.27643666229,129423.90896503962,134742.36299159608,0.02666498823287546,0.02765701538145713,41891.68637771941,43450.1978544029,132473.1439790421,137401.59000487434,0.021911322786074324,0.02675097336313023,34423.501494124575,42026.77220930959,108856.66975964297,132900.322886485,0.02962440936856905,0.03586996171072521,46541.0468422112,56353.04142057981,147175.71270997458,178203.9639668429,0.031869548949131576,0.040026708833166495,50068.24446786669,62883.44545766496,158329.6909645839,198854.91476519065,0.020318772637124248,0.02620767904081809,31921.546091108346,41173.23666065948,100944.79208194718,130201.20648882921,0.02962440936856905,0.03520549747491192,46541.0468422112,55309.143439721796,147175.71270997458,174902.86870248072,0.034361755666736375,0.03975178784111737,53983.5937374991,62451.534373475006,170711.11249169902,197489.09199247765
2023-10-09,1603312.417280459,10923.72352539748,1592388.6937550616,0.0117362721259636,0.5437288059933955,0.015879832586767888,0.02165108983476506,25286.86586989238,34476.950660355025,79964.09103603492,109025.69086396815,0.02477267073419016,0.025790661238946133,39447.720791241314,41068.75736136473,124744.64620270212,129870.81393471938,0.02535631633411909,0.026299656491324118,40377.11144572803,41879.27564642644,127683.63750695472,132433.897800728,0.020835952636112577,0.02543808146162372,33178.93540136164,40507.313310309844,104921.0062078957,128095.37195463407,0.028170494155131863,0.0341095254978782,44858.37639012503,54315.622752171235,141854.64152991705,171761.08042732446,0.03030544613492712,0.03806226659932046,48258.04978446098,60609.92299144882,152605.35275669442,191665.40546038444,0.0193215621176521,0.024921451093038255,30767.43706183531,39684.63695252384,97295.17888127845,125493.8408868587,0.028170494155131863,0.03347767202737047,44858.37639012503,53309.46642962482,141854.64152991705,168579.33476589876,0.0326753396203363,0.0378008382581411,52031.84137603033,60193.62745672767,164539.12960084548,190348.9633909079
2023-10-10,1617547.6861271092,14235.268846650142,1603312.417280459,0.011189183394703229,0.7493209505081087,0.015139590935136223,0.0206418198433253,24273.494138850583,33095.28607006963,76759.5282495153,104656.48379626297,0.023617887609153662,0.024588424277827387,37866.852473690364,39422.925966000956,119745.50163844277,124666.23808075675,0.02417432644978596,0.02507369261216426,38758.99777633327,40200.962712156266,122566.71279861461,127126.6063019138,0.019864680432303133,0.024252280079108908,31849.28880241977,38883.98179819882,100716.29447214297,122961.94697883804,0.02685732079472434,0.032519502973839695,43060.67592506622,52138.922921746,136169.8135095873,164877.75118067843,0.028892751550284854,0.036287986238468094,46324.10732997094,58180.978934238316,146489.68973680938,183984.40993046892,0.018420883538333044,0.023759732541071884,29534.43131428657,38094.27421436315,93396.07235094585,120464.67232840892,0.02685732079472434,0.031917103482398936,43060.67592506622,51173.088336955596,136169.8135095873,161823.51404977773,0.031152171965008628,0.03603874443300947,49946.66413675453,57781.36645264111,157945.22019959203,182720.72430718964
2023-10-11,1625909.974838914,8362.288711804664,1617547.6861271092,0.010696356748268163,0.4395166084378232,0.014472768919108326,0.019732652615400657,23410.393876956015,31918.506579191384,74030.16557284063,100935.18030131435,0.022577639725486886,0.023505429187792443,36520.40889617281,38021.15259413828,115487.67319258183,120233.44146229651,0.02310957026394006,0.02396932391894522,37380.83190782809,38771.524443121016,118208.56966063412,122606.32559715386,0.0189897422447147,0.023184090432181757,30716.81362808848,37501.371833537254,97135.09352765983,118589.75037486256,0.025674392347438322,0.031087184186222073,41529.55393431842,50285.00284863078,131327.980643253,159015.14114972844,0.027620172725672062,0.03468968492076408,44676.94648284194,56112.219576060415,141280.90978722932,177442.41842783868,0.01760953726413889,0.02271323710924675,28484.266255376966,36739.74413051848,90075.1588456666,116181.27210424092,0.025674392347438322,0.03051131732997983,41529.55393431842,49353.51074779884,131327.980643253,156069.5044886443,0.029780077157272142,0.034451420949773146,48170.69489843233,55726.81624109657,152329.1123520995,176223.6660715281
2023-10-12,1616010.2284747306,-9899.746364183258,1625909.974838914,0.010253622038355392,-0.6400219112120367,0.013873724094797148,0.018915895056065942,22557.426393893664,30755.54245466371,71332.8455563025,97257.56483074323,0.02164312482385957,0.022532511995729133,35189.772537796984,36635.83601203348,111279.83156268214,115852.68578244568,0.022153038135496336,0.022977205581663912,36018.845677490346,37358.86774915172,113901.59103098013,118139.11289232745,0.018203734614089133,0.022224473826860006,29597.63368836793,36134.99368063805,93595.93580657293,114268.88326660727,0.024611699234666988,0.029800449291658992,40016.40728338032,48452.8477579896,126542.99079243283,153221.35803663006,0.026476941488417286,0.033253838309454435,43049.123269243944,54067.74740902237,136133.28080416488,170977.2297671782,0.016880657931126836,0.0217731096733915,27446.430112062746,35401.11620122889,86793.23279474874,111948.15890817101,0.024611699234666988,0.02924841823778825,40016.40728338032,47555.29496108032,126542.99079243283,150383.0468781422,0.02854744495065286,0.03302543636275475,46415.575501431274,53696.38640561073,146778.93749203486,169802.88316223188
2023-10-13,1606473.1333650544,-9537.095109676244,1616010.2284747306,0.010287404295279239,-0.6196220601145064,0.013919433377829797,0.01897821660686411,22493.94671314552,30668.992154901396,71132.10517999803,96983.86875132397,0.02171443168505452,0.022606749090341355,35090.74370856388,36532.73776255344,110966.67490828567,115526.6604913125,0.02222602499059375,0.023052907792984773,35917.48372313448,37253.73478954822,113581.05638712956,117806.65328282591,0.01826370983429974,0.022297696038680166,29514.341902122906,36033.30486992763,93332.54405165478,113947.31501220864,0.02469278655617814,0.02989863181005601,39903.79564432719,48316.49482245046,126186.88152198016,152790.17219467627,0.026564174159621038,0.03336339859022857,42927.97715293173,53915.593378488775,135750.1831469346,170496.07647551727,0.01693627405595958,0.021844844791212913,27369.19210668189,35301.492622043006,86548.98477581689,111633.12148928548,0.02469278655617814,0.02934478199840172,39903.79564432719,47421.46786177832,126186.88152198016,149959.84843169435,0.02864149923861421,0.03313424413546719,46284.95572845177,53545.27743569384,146365.88150196552,169325.03464241265
2023-10-16,1627990.0100211345,21516.87665608013,1606473.1333650544,0.010292578271262813,1.2484497426977779,0.01354105342632267,0.018593934730396697,21753.338526848187,29870.65658792569,68790.09645753216,94459.31002255884,0.021725352802258693,0.02261811899216526,34901.195589705785,36335.40048816737,110367.27112649378,114902.6252370029,0.022237203409970582,0.023064502087118542,35723.469839291516,37052.50293739816,112967.53061649045,117170.30229225746,0.01827289543577328,0.022308910504495037,29354.9155863587,35838.66536011672,92828.39377487068,113331.81083854746,0.024705205615538704,0.029913669111836592,39688.2490756224,48055.50574853757,125505.26342303905,151964.8522766935,0.026577534419914145,0.03338017847153599,42696.09499667706,53624.35990145315,135016.90738441877,169575.11535719433,0.016944792033157866,0.021855831498750648,27221.353151726325,35110.80611009661,86081.47695125827,111030.11779246194,0.024705205615538704,0.02935954074540388,39688.2490756224,47165.313415427954,125505.26342303905,149149.81694844778,0.02865590427461169,0.03315090876519011,46034.9403294445,53256.04427791401,145575.2633909867,168410.39908898552
2023-10-17,1636508.3877345452,8518.37771341065,1627990.0100211345,0.009891852687474712,0.48157008671669965,0.013013853496785166,0.017870008698125495,21186.42348464486,29092.195639539084,66997.35368435916,91997.6003561624,0.020879509860359993,0.02173751758225127,33991.63346680384,35388.46146656383,107490.98314470563,111908.14112344432,0.02137143235791504,0.022166521443196904,34792.4783785281,36086.875466443824,110023.47711831078,114116.72011281368,0.01756146857089885,0.02144034764784421,28589.895394723455,34904.6717820705,90409.18751328482,110378.26381195117,0.023743346722463008,0.028749026764490704,38653.931268637825,46803.12837042109,122234.46332849738,148004.4872717755,0.02554277930653265,0.0320805729545875,41583.38953920972,52226.85228582264,131498.22377392236,165155.8082443708,0.01628507281599985,0.021004908571016948,26511.9358569145,34195.7813150229,83838.10248813775,108136.5553245002,0.023743346722463008,0.028216472527229523,38653.931268637825,45936.13539236546,122234.46332849738,145262.81474574734,0.02754023105194784,0.03186022950894123,44835.22102624492,51868.135357536885,141781.41784000592,164021.44571572854
2023-10-18,1609275.3411389936,-27233.04659555154,1636508.3877345452,0.009533785946885386,-1.8079019438639814,0.0125427761110492,0.01722314749113008,20526.358311208493,28185.825332423563,64910.044332146164,89131.40578213103,0.02012371028701329,0.020950659719008367,32932.6206770372,34285.93035872946,104142.09065779399,108421.63163149901,0.020597826101544734,0.021364134435005906,33708.51518427551,34962.585199575595,106595.68452468104,110561.40211835153,0.01692577594487482,0.020664246785658254,27699.174302703243,33817.21319094635,87592.48010254852,106939.41780288109,0.02288388156055662,0.027708365259117594,37449.6641177748,45344.972156958414,118426.23622044863,143393.39245290676,0.02461817801890293,0.03091931564950932,40287.85481867685,50599.71940343399,127401.38326920882,160010.3622802678,0.015695583351516773,0.020244569796671434,25685.953805143883,33130.40827833024,81226.11789812348,104767.54997082124,0.02288388156055662,0.027195088498578705,37449.6641177748,44504.99043310731,118426.23622044863,140737.1370126227,0.026543325711825414,0.03070694822836377,43438.375165772304,50252.17833744774,137364.2033807347,158911.34093130837
2023-10-19,1588274.5299681944,-21000.811170799192,1609275.3411389936,0.012029990580580442,-1.1297550069827695,0.016277250083303375,0.022130419439792697,26194.577180612752,35613.93829352141,82834.52623580812,112621.16145621793,0.02539264532975884,0.02643611262941718,40863.75797546913,42542.98417009419,129222.54895635348,134532.72843798588,0.025990897568134382,0.02695784627924635,41826.5105504681,43382.597267406716,132267.0399165423,137187.81817880206,0.021357404741437394,0.026074708995063093,34369.944801120226,41961.38621313014,108687.30862580283,132693.55421147888,0.02887550456390839,0.03496316939854978,46468.63745764424,56265.36636115162,146946.73413077195,177926.71108505919,0.031063887035895407,0.03901483399080371,49990.34740679374,62785.61028003184,158083.35882856013,198545.53276858284,0.019889729847049096,0.0255765408183893,32008.051784772357,41159.69645066883,101218.34710449826,130158.38858526178,0.02887550456390839,0.03431550281269247,46468.63745764424,55223.09249525177,146946.73413077195,174630.75172314676,0.0334930907899035,0.03874686299898195,53899.60510672124,62354.37117075253,170445.51712088208,197181.83496711796
2023-10-20,1563034.1160958337,-25240.41387236072,1588274.5299681944,0.01297641731275001,-1.2695750738823257,0.017557818384821056,0.023871469892962238,27886.635742418584,37914.447623894506,88185.28522550334,119896.0107186657,0.02739034251660277,0.02851590176304414,43503.38338622511,45291.08046931814,137569.7774239999,143222.97197301316,0.02803566061984215,0.029078681386264828,44528.325693327606,46184.92901086465,140810.92958471156,146049.56924751977,0.023037640369359735,0.02812606568243294,36590.09742922113,44671.91375162074,115708.04768381044,141264.9948937189,0.031147206211645562,0.037713801490779054,49470.31430562378,59899.870336080894,156438.8697701823,189420.02181077123,0.03350775371217742,0.04208421975571533,53219.51177749862,66841.29435158697,168294.87317905185,211370.73190476236,0.021363227648599697,0.02741061469548829,33930.67035218322,43535.581171615944,107298.20084924655,137671.59576144823,0.031147206211645562,0.037015181500903466,49470.31430562378,58790.270000034856,156438.8697701823,185911.1574563775,0.036128068452954805,0.04179516687622231,57381.29094077554,66382.19902527424,181455.5744536367,209918.9450104759
2023-10-23,1555828.825436485,-7205.290659348713,1563034.1160958337,0.014359439668227282,-0.3534717982812319,0.019429124983119047,0.026415683424661066,30368.38519450496,41288.614392732474,96033.2660759712,130566.06291344452,0.030309596353131338,0.03155511733960654,47374.93314503814,49321.72493921222,149812.69273652462,155968.98893624044,0.031023692250862375,0.03217787783284414,48491.08939535584,50295.12083629926,153342.2887121616,159047.13703609834,0.0254929846204239,0.031123732655751267,39846.40468282895,48647.45596118522,126005.3953665387,153836.76321008106,0.03446686536433331,0.04173332624207774,53872.88643933483,65230.61269452504,170361.02527589657,206277.30928299244,0.03707899925313536,0.046569542270565756,57955.74082334251,72789.78333986131,183272.14448416457,230181.50574413993,0.023640113534053857,0.030332029134278418,36950.30396210503,47409.99634728995,116847.12075579588,149923.57231769947,0.03446686536433331,0.04096024755989177,53872.88643933483,64022.26433984196,170361.02527589657,202456.17627527693,0.03997858629053664,0.04624968222877063,62487.89428538995,72289.83118215969,197604.072129652,228600.5182046871
2023-10-24,1569039.333235728,13210.507799243089,1555828.825436485,0.01375685848541723,0.5815239936243766,0.01861379894089211,0.025307172637990982,28959.88494311906,39373.62868048386,91579.19719667203,124510.3463760591,0.029037680955110806,0.030230934755220398,45177.66105378944,47034.15971206156,142864.3082890574,148735.0725222439,0.029721810450207994,0.03082756165527519,46242.04944259295,47962.40904119762,146230.19991271335,151670.45463883714,0.024423194072821706,0.029817652748004995,37998.30934772552,46391.16365220159,120161.20477447972,146701.74044657242,0.03302049384992457,0.0399820241251022,51374.23616186083,62205.18563313096,162459.599322867,196710.0688742771,0.035523011850868876,0.044615292626242094,55267.72580390366,69413.7583231913,174771.89463799604,219505.57725375477,0.022210125573464926,0.028925591950684174,34555.15358376077,45003.26974968801,109272.99022161402,142312.8345639698,0.03302049384992457,0.039241387005921474,51374.23616186083,61052.88105392135,162459.599322867,193066.1618457328,0.03830092028332263,0.04430885522814142,59589.67581753829,68936.99418603451,188439.10061447727,217997.9166736544
2023-10-25,1550791.8124016563,-18247.520834071795,1569039.333235728,0.013019025582055192,-0.9334864525066927,0.017615469756237487,0.023949852237903517,27639.364920961,37578.26018645435,87403.34623079654,118832.89269561942,0.027480279134868113,0.028609534172708256,43117.638850905154,44889.48442253094,136349.94609742556,141953.01376584606,0.028127716150197605,0.029174161691628328,44133.49299374987,45775.40720834383,139562.3589593329,144754.5476000563,0.02272432945673351,0.02810754552149292,35655.36673902216,44101.844483936125,112752.16970392046,139462.2775837713,0.031249478550642074,0.0378376353481306,49031.660989063625,59368.73813784745,155051.72618666533,187740.43432570147,0.03361777694583047,0.04222240394982938,52747.614323953276,66248.61254104986,166802.60240381508,209496.50745571274,0.021018911645279484,0.027374201892186267,32979.49911325,42951.199484776145,104290.33328937336,135823.6186081432,0.031249478550642074,0.03713672142858605,49031.660989063625,58268.976628869634,155051.72618666533,184262.68307434785,0.03624669553106265,0.04193240196068337,56872.49098805698,65793.58801336317,179846.60772966009,208057.59355698043
2023-10-26,1551493.5767942625,701.7643926062156,1550791.8124016563,0.01349963396240562,-0.00020527170840324842,0.01826575977489499,0.024833981362709624,28326.390706202674,38512.334966625414,89575.91252342593,121786.69650588109,0.028494736965321323,0.029665679411433176,44189.404782359125,46005.292740582954,139739.16755939202,145481.509483052,0.029166074667638126,0.0302511506344891,45230.50979446856,46913.23671969487,143031.43068107503,148352.680444882,0.023563217367807584,0.02914515942305329,36541.644567836505,45198.074604412024,115554.8262826826,142928.8616041559,0.032403079576952425,0.039234443774870356,50250.430504537144,60844.45417020208,158905.8137983415,192407.05816756884,0.034858805717690906,0.043781079831440604,54058.7504970951,67895.34014070137,170948.7790335801,214703.9173564734,0.021794842610227464,0.02838474379118393,33799.2634725235,44018.82826848679,106882.65580930618,139199.7572602241,0.032403079576952425,0.0385076550230264,50250.430504537144,59717.35612449686,158905.8137983415,188842.86119681576,0.03758477306401186,0.04348037217270177,58286.15833864391,67429.00516560272,184317.01641133055,213229.23668256376
2023-10-27,1535356.4283488772,-16137.148445385275,1551493.5767942625,0.012785376470291671,-0.8533732856151743,0.01729932944021298,0.02352003038472528,26839.79850933832,36491.17606790716,84874.89522950114,115395.23087281382,0.026987097615989646,0.028096086203404383,41870.30860752769,43590.8972776398,132405.54153394062,137846.52064777497,0.027622915245321233,0.028650580497111753,42856.775575448206,44451.19161269585,135525.0239890897,140567.01020469214,0.022316501746470326,0.02760310661371463,34623.90911616665,42826.04261074548,109490.41430575411,135427.83782137954,0.030688652176931387,0.03715857301473229,47613.246732982305,57651.28735519777,150566.30647179502,182309.3780832897,0.0330144473284677,0.04146464929935876,51221.70297153013,64332.13705198183,161977.24702265003,203436.07983037262,0.020641690630910745,0.026882924114365436,32025.450428032327,41708.684088885566,101273.3664453965,131894.43992930316,0.030688652176931387,0.03647023821746476,47613.246732982305,56583.34033855321,150566.30647179502,178932.2330903111,0.035596185386365733,0.04117985190150467,55227.25298532423,63890.275718523495,174643.90834795826,202038.79160668512
2023-10-30,1548056.6062427002,12700.177893823013,1535356.4283488772,0.013087652559728045,0.5946519477788479,0.017708325895280982,0.024076098704233845,27188.591998616543,36965.392915107506,85977.87708865784,116894.83621479096,0.027625135483044565,0.02876034314458764,42414.42934790114,44157.3777285622,134126.20239565786,139637.88912264898,0.02827598532257627,0.029327946975359183,43413.71583291598,45028.85191889273,137286.22372332847,142393.73248614455,0.022844115844772212,0.028255708368764756,35073.86011221746,43382.58348153414,110913.28428873609,137187.77458404517,0.03141420341835715,0.03803708825955347,48231.999159833926,58400.487974979034,152522.97344840286,184678.55846620828,0.03379498578633328,0.04244497022062257,51887.34867300574,65168.15787930952,164082.20355401345,206079.80981606644,0.02112970829216345,0.027518499077119726,32441.63345550973,42250.70445656842,102589.45273572953,133608.4588293829,0.03141420341835715,0.03733247962387183,48231.999159833926,57318.66257671509,152522.97344840286,181257.52617707546,0.036437762147319516,0.0421534395487108,55944.95234753441,64720.55438812892,176913.4730077926,204664.36329529266
2023-10-31,1559966.5908422738,11909.984599573538,1548056.6062427002,0.012411541447596723,0.5808202234455545,0.016793509746212066,0.022832321961505184,25997.303704624763,35345.72684836839,82210.69272974753,111773.00239500905,0.026198014691979816,0.027274577267168167,40556.00971436268,42222.589520916656,128249.36350530088,133519.55159645426,0.026815241480561164,0.027812858554762343,41511.511721976,43055.87942419365,131270.92615822252,136154.64564203096,0.021663983617164644,0.026796012038801907,33537.07295608536,41481.74345762622,106053.53659646584,131176.79064088722,0.029791338514740976,0.03607208361658652,46118.67839655736,55841.62734359584,145840.0664099234,176586.73065610087,0.03204912912333101,0.04025225339159006,49613.86606369789,62312.76677900613,156892.82028781794,197050.27032853343,0.020038142749203937,0.02609688714707298,31020.17925973942,40399.45855039654,98094.41988749246,127754.30525681742,0.029791338514740976,0.03540387522350866,46118.67839655736,54807.202926344835,145840.0664099234,173315.5934302953,0.03455537905557945,0.03997578326058944,53493.6828282104,61884.775366281836,169161.87816778262,195696.8426453315
2023-11-01,1563672.962455051,3706.371612777235,1559966.5908422738,0.011799173254583248,0.16254725923223415,0.015964941331800226,0.02170580695118984,24904.775102365307,33860.333671128144,78755.81393772748,107075.7767340557,0.0249054410833589,0.02592888755837408,38851.65602023049,40448.19832876946,122859.7238933212,127908.43396912765,0.025492214760632608,0.02644061079588167,39767.00335316314,41246.46948303895,125754.30631554885,130432.78900703088,0.020595112795830407,0.02547393407278539,32127.68789612365,39738.48609086386,101596.66970677387,125664.12681405066,0.028321475306311118,0.034292337180111675,44180.555281209796,53494.90032287256,139711.18297960385,169165.72822395415,0.03046786966641561,0.03826626319220984,47528.85877374508,59694.09213622477,150299.44831351194,188769.29400641652,0.019049488655070276,0.024809303030869263,29716.565874538548,38701.68387023801,93972.03240197527,122385.47031375258,0.028321475306311118,0.03365709725980194,44180.555281209796,52503.94727002007,139711.18297960385,166032.05952264305,0.03285046471270721,0.038003433712957266,51245.62744546628,59284.08692950228,162052.9028521096,187472.74370064528
2023-11-02,1605078.0250689404,41405.06261388934,1563672.962455051,0.011245928489705903,2.28346315881025,0.014795293705260127,0.01981809521840725,23135.00073849667,30989.01966038315,73159.29600332698,97995.88458254834,0.023285577343282213,0.02377338866375926,36411.02770684632,37173.805079455764,115141.77950113201,117553.89334621679,0.023737663934991556,0.024017294323997778,37117.94328699067,37555.19376576049,117377.24284784746,118759.95026875919,0.01962944019398725,0.024279501177995516,30694.024899466298,37965.19953392715,97063.02924023426,120056.50234997281,0.026993525660285428,0.032684423166904356,42209.04623632495,51107.748799527835,133476.7239701446,161616.8922902442,0.02903927894855645,0.03647201800860892,45407.935341047865,57030.30844623548,143592.4995233659,180345.6703520425,0.018156287949850167,0.023646033645300022,28390.496565729158,36974.6634804581,89778.63305089241,116924.15231649626,0.026993525660285428,0.0320789686521285,42209.04623632495,50161.01594477649,133476.7239701446,158623.06013351658,0.03131015784255988,0.03622151219223633,48958.84726861086,56638.59927423593,154821.4689851238,179106.97718814528
2023-11-03,1618831.5160411296,13753.490972189233,1605078.0250689404,0.01074741091378518,0.7515339948188646,0.014139437324905862,0.018939584493686754,22694.900137045963,30399.51087475306,71767.57570313274,96131.69411927732,0.022253357586441917,0.022719544857182788,35718.375245999116,36466.64218983215,112951.42009793426,115317.64793825992,0.02268540375978905,0.022952638492553218,36411.84306465372,36840.77566174866,115144.35788891141,116500.76185842273,0.018759292304362598,0.023203222053252905,30110.12784357729,37242.98182847125,95216.58462455837,117772.64943423156,0.02579693731366406,0.03123556463802014,41406.097196243165,50135.5184011066,130937.57615844034,158542.42982078012,0.02775200498436831,0.03485526026172909,44544.133352013276,55945.41230416004,140860.9177906328,176914.92751835447,0.017351443008433096,0.02259783532323305,27850.419876072065,36271.28889144804,88070.7606004121,114699.88656693965,0.02579693731366406,0.030656949144789974,41406.097196243165,49206.79538795843,130937.57615844034,155605.5497838174,0.029922218731649138,0.034615859046674774,48027.49574747625,55561.15467470156,151876.27687607598,175699.79820096868
2023-11-06,1615565.2159499773,-3266.300091152312,1618831.5160411296,0.010299429020650286,-0.2402965270564816,0.013550066363705437,0.018150130086040786,21935.274474015187,29382.002603529123,69365.42843883992,92914.05044414931,0.021325775926063127,0.02177253121846268,34522.8381731422,35246.059720436766,109170.79992053572,111457.82726289774,0.02173981321669326,0.021995908864662454,35193.09478803054,35607.67049408404,111290.3374403772,112601.34093407873,0.017977352975179606,0.022236047407598214,29102.30557121651,35996.41433560465,92029.57076725175,113830.65689964738,0.024721649422695422,0.029933579676997623,40020.18521397935,48457.422169052006,126554.93765796779,153235.82359454114,0.026595224450813023,0.03340239634845572,43053.187517163766,54072.85192017726,136146.13308456712,170993.37164876942,0.016628186742352315,0.021655894875430157,26918.23275313721,35057.24513241993,85122.92608645858,110860.7431092982,0.024721649422695422,0.029379082482224057,40020.18521397935,47559.78463459616,126554.93765796779,150397.2444724028,0.028674977670361798,0.03317297403998636,46419.95757455733,53701.455856744156,146792.7948239866,169818.91417430044
2023-11-07,1608016.2575450875,-7548.958404889796,1615565.2159499773,0.009960079968702337,-0.515937828693224,0.013103614219112191,0.01755211349453065,21169.743335625182,28356.58402816992,66944.60642174595,89671.39219096921,0.02062312708717565,0.02105516253591935,33318.00676615675,34015.98820920441,105360.7884779564,107567.99960251812,0.02102352253787808,0.0212711802602912,33964.87172893622,34364.97893072825,107406.35509889957,108671.60516479898,0.017385029102037784,0.021503406637735253,28086.64829553031,34740.15578835293,88817.7804539618,109858.01856027769,0.023907112201519292,0.02894731802458651,38623.498886587855,46766.28009556377,122138.22768659506,147887.96279537847,0.025718956049367553,0.032301842957494796,41550.650783904464,52185.73389320733,131394.69473939887,165025.78046998137,0.016080315652089252,0.020942369166351806,25978.798629011373,33833.7631647413,82152.17454253559,106991.75341528922,0.023907112201519292,0.028411090589910995,38623.498886587855,45899.96970426392,122138.22768659506,145148.4487981992,0.027730184860240422,0.032079979732419155,44799.92209206711,51827.29938407664,141669.79280902765,163892.311029124
2023-11-08,1611575.0982252166,3558.840680129128,1608016.2575450875,0.009867832175457048,0.17790662535393242,0.012982251790391836,0.017389550167554443,20875.67193849389,27962.679380823443,66014.67101210316,88425.75632442895,0.02043212079309095,0.02086015483653714,32855.18241141527,33543.46811205951,103897.20936037558,106073.7598553362,0.020828807880319513,0.02107417185826024,33493.06169683701,33887.61096238163,105914.36077454891,107162.0351028165,0.01722401326931279,0.02130424741252618,27696.493357227282,34257.576194104964,87584.00220856175,108331.96789013423,0.02368569045085186,0.028679215136203216,38086.97531615022,46116.644192647924,120441.59118564635,145833.63369234436,0.025480753449832017,0.03200267129020415,40973.46580182796,51460.81571951969,129569.47556479364,162733.38792387888,0.01593138375211916,0.02074840613121607,25617.924078597265,33363.774377143614,81010.98901363775,105505.51837173944,0.02368569045085186,0.028147954107187276,38086.97531615022,45262.367820990155,120441.59118564635,143132.17460664132,0.027473354757703163,0.03178286290735667,44177.601099690364,51107.360266356256,139701.8410373809,161615.66364047548
2023-11-09,1600990.2562017357,-10584.842023480916,1611575.0982252166,0.009512355512362866,-0.7406013667803134,0.012423079173196707,0.016493285554832746,20020.725038804125,26580.16828808613,63311.091530583995,84053.87238093077,0.01969607846988141,0.02010869310704368,31741.709594750708,32406.669069164655,100376.09914703247,102478.885637889,0.02007847538683212,0.020315000425624813,32357.970943746568,32739.148806371624,102324.88864378732,103530.27888331725,0.016603539121273114,0.020536787787627672,26757.850190251946,33096.5757960765,84615.75189076595,104660.5622680022,0.022832442234339646,0.02764608126084872,36796.1953365275,44553.7361234946,116359.78649189281,140891.28442036393,0.024562840270076065,0.030849813945443436,39584.86172093814,49716.79193935766,125178.32390097712,157218.3004850701,0.015357475011680543,0.020000970013038886,24749.72430044038,32233.065213362755,78265.50025060908,101929.90204296756,0.022832442234339646,0.027133958264834224,36796.1953365275,43728.411455889145,116359.78649189281,138281.37866160928,0.026483660537166963,0.030637923892484976,42680.40783154814,49375.315206448184,134967.30021258022,156138.45624112317
2023-11-10,1625185.6448334423,24195.38863170659,1600990.2562017357,0.009723787355934321,1.49576651394193,0.012699207891158243,0.01685988305708932,20331.30809522454,26992.50849510073,64293.24139152909,85357.80660596225,0.020133864691874774,0.02055565054570429,32234.121191375674,32909.39623356046,101933.24133864745,104068.64851901765,0.02052476117394601,0.020766543472619046,32859.94265035526,33247.033754652846,103912.26255763257,105136.35210920274,0.016972587237868323,0.020993260519048464,27172.946790361115,33610.00553690118,85928.40259610303,106284.16966747816,0.023339940650328312,0.02826057279461348,37367.01756150243,45244.90167885604,118164.88486185865,143076.94181556127,0.025108800373743734,0.031535515087273584,40198.94474327822,50488.05237902784,127120.22492401183,159657.24014361075,0.015698826767310586,0.020445533082362577,25133.668688263242,32733.099247712726,79479.63901096836,103511.14849911635,0.023339940650328312,0.02773706680213276,37367.01756150243,44406.773685831184,118164.88486185865,140426.548386857,0.02707231485781513,0.03131891533812334,43342.5123001875,50141.27829114255,137061.05838245616,158560.64419236584
2023-11-13,1628823.5523405562,3637.90750711388,1625185.6448334423,0.009383925253835823,0.18976772888018445,0.012255350026841532,0.01627060286335696,19917.218936032,26442.750206313634,62983.776494096615,83619.31825083842,0.019430153542394395,0.019837197298143126,31577.60661400903,32239.128282670954,99857.15995706602,101949.07515159293,0.01980738755990973,0.02004071917601749,32190.681924017797,32569.88911700192,101795.87431390755,102995.03274885639,0.016379367850651704,0.02025951209482455,26619.513502325543,32925.46822783836,84178.2928729546,104119.47262747702,0.022524171958365535,0.02727282004715924,36605.96092849563,44323.39563476892,115758.21247317828,140162.88383863444,0.02423120717226508,0.030433297807524167,39380.210053350354,49459.75872172935,124531.15850444806,156405.49008304288,0.015150127369605,0.019730928618325694,24621.769518480287,32066.421949736265,77860.87170210497,101402.92977318396,0.022524171958365535,0.02676761143619798,36605.96092849563,43502.33785258844,115758.21247317828,137566.4711563377,0.026126093647965837,0.030224268570085627,42459.75235224826,49120.04740569375,134269.52631979648,155331.2285774371
2023-11-14,1668816.5580540765,39993.00571352034,1628823.5523405562,0.00908149307595132,2.6208830591386088,0.011860375418764859,0.015746221676769027,19318.458821685188,25647.816727496796,61090.33076069783,81105.51786945599,0.01880394398791669,0.019197869232358538,30628.306844411305,31269.9415604197,96855.21050286415,98884.23763128597,0.01916902022471625,0.019394831854579464,31222.95161731029,31590.7589184239,98735.64238393851,99898.7511954969,0.015851481304515892,0.019606573351177728,25819.26608828149,31935.648455090988,81647.68835291557,100989.38767252506,0.021798246058899417,0.026393851157190413,35505.496580450075,42990.92640180279,112278.23864954207,135949.24615036394,0.023450265662220207,0.029452470670993536,38196.34501926728,47972.877903533736,120787.44855451268,151703.56008833,0.014661857707211392,0.01909502545922021,23881.57915457182,31102.42720052042,75520.18425004532,98354.51071321908,0.021798246058899417,0.025904924788080617,35505.496580450075,42194.5516164364,112278.23864954207,133430.8879574784,0.025284082316051296,0.02925017818452115,41183.308775701706,47643.37913710598,130233.05731321788,150661.5935002025
2023-11-15,1670076.8326771262,1260.274623049656,1668816.5580540765,0.008813118996457255,0.034008031099622506,0.011509880482651986,0.015280893155052381,19207.87913067308,25501.007519006613,60740.64707414192,80641.26638914048,0.018248254398505595,0.01863053845972103,30452.98909580927,31090.951067045746,96300.80710302891,98318.219992707,0.018602541990951547,0.01882168049032875,31044.230096396186,31409.93205266399,98170.47531096052,99326.92643754606,0.015383042175824358,0.01902716465360473,25671.475496259896,31752.847426756827,81180.33346538263,100411.32006436813,0.021154069581340477,0.025613866473023012,35302.26158756905,42744.84448596697,111635.55317178993,135171.0668053449,0.022757269102254174,0.028582098405216545,37977.70749393419,47698.279082556386,120096.05599247734,150835.20237124476,0.014228574046370896,0.018530733900808474,23744.87996608224,30924.395566563187,75087.90346012158,97791.52525435285,0.021154069581340477,0.02513938873732105,35302.26158756905,41953.02818419953,111635.55317178993,132667.12380330858,0.02453689325135979,0.028385784017212277,40947.57374107454,47370.66638127061,129487.59767949738,149799.20004478135
2023-11-16,1661427.5502863417,-8649.282390784472,1670076.8326771262,0.008575615178516236,-0.6585672018924157,0.011199701922737665,0.0148690899708071,18704.36271405364,24832.522683236744,59148.38835833823,78527.33172682411,0.017756484107857497,0.01812846603606949,29654.692738332375,30275.93113881379,93776.37236558594,95740.90068106705,0.0181012240411956,0.018314457000175484,30230.434914299,30586.550339054495,95597.02898666193,96723.1648388076,0.014968486188349927,0.018514403592323234,24998.522003410755,30920.476510373195,79052.26766861351,97779.13211051429,0.020583990782611222,0.024923601076400105,34376.84613007851,41624.3287445825,108709.1325441931,131627.68490849776,0.022143985848065817,0.02781184243809144,36982.157747984864,46447.913729923035,116947.85127127549,146881.19994956377,0.013845129699230227,0.01803135109972973,23122.430356094428,30113.74173352584,73119.5449638766,95228.01274800897,0.020583990782611222,0.024461909991349583,34376.84613007851,40853.26915958606,108709.1325441931,129189.38040820483,0.02387565109294212,0.02762081850590497,39874.17175540494,46128.88908629152,126093.20255983401,145872.35544596464
2023-11-17,1672546.4279114446,11118.877625102876,1661427.5502863417,0.008741331816741124,0.710976394240182,0.011416126857056839,0.015156422780422731,18967.067677878058,25181.29837118184,59979.13439665552,79630.25729322273,0.01809961341016335,0.018478783580074685,30071.196369177516,30701.16013571496,95093.47249278655,97085.59283842343,0.01845101515628403,0.01866836866503035,30655.024911401135,31016.14201898368,96939.70044922897,98081.65301124187,0.01525773974728565,0.018872179058944564,25349.629171239343,31354.758222467462,80162.56602176285,99152.45146688966,0.020981759302156264,0.025405228959282065,34859.67295807914,42208.94731428363,110235.96503610945,133476.41115118325,0.02257189997611976,0.02834928318557589,37501.57648263299,47100.28011538513,118590.39753212618,148944.16359655536,0.014112675327361008,0.018379791978278673,23447.187597123895,30536.69276124409,74146.517532162,96565.50133430764,0.020981759302156264,0.024934616077611677,34859.67295807914,41427.0581071568,110235.96503610945,131003.8603787593,0.024337028213089123,0.02815456787461327,40434.209165322245,46776.774733289254,127864.19635007408,147921.14975380932
2023-11-20,1680960.5363963854,8414.108484940836,1672546.4279114446,0.008512195589854674,0.5360446460536823,0.011116876320808657,0.014759127997223821,18593.49177990184,24685.326810844494,58797.78368010799,78061.85750788909,0.01762516887335198,0.017994399868787068,29478.913240460835,30096.469222949978,93220.50878635116,95173.3922736799,0.017967359337723445,0.01817901536650461,30051.242679310686,30405.247214194547,95030.37338508274,96149.83401734427,0.014857789145958191,0.018377483285651725,24850.342162733807,30737.19402341907,78583.68186875348,97199.54199651915,0.020431765175319864,0.024739282576172854,34173.07585990669,41377.59870186975,108064.75437102227,130847.45600633485,0.021980223547102263,0.027606164411427807,36762.94437840091,46172.591674669624,116254.63772982992,146010.55516488425,0.013742740259847399,0.017898003130405977,22985.371131322565,29935.24120250837,72686.12563926054,94663.54450644423,0.020431765175319864,0.02428100585360165,34173.07585990669,40611.10960653832,108064.75437102227,128423.6046634056,0.023699082538987563,0.027416553166139196,39637.815845362136,45855.45806367032,125345.7795456569,145007.69063153263
2023-11-21,1675861.8877869134,-5098.648609471973,1680960.5363963854,0.008310097519126994,-0.4203288657648539,0.01085293745412761,0.014408714139556253,18243.35956436677,24220.47984881066,57690.568396816176,76591.88234445236,0.017206708960400805,0.0175671736074781,28923.798723691827,29529.725570194812,91465.08255113736,93381.19148153001,0.01754077507754118,0.017747405931016747,29485.35068315197,29832.688993446303,93240.86576756195,94339.24594672634,0.014505032857644557,0.01794116178931686,24382.38781283339,30158.384944944402,77103.88028208478,95369.18697815607,0.019946670550800828,0.024151918102805904,33529.56602839615,40598.42120909418,106029.79760673776,128383.48042762466,0.0214583651468645,0.026950733916575185,36070.66498746285,45303.12014068248,114065.45807727151,143261.04475680436,0.013416457661696454,0.01747306553770732,22552.535867544666,29371.533618753692,71317.3803540826,92880.94460746933,0.019946670550800828,0.023704521868178542,33529.56602839615,39846.36579455325,106029.79760673776,126005.27239101319,0.023136414681019884,0.026765624455398162,38891.40003249639,44991.9584415303,122985.40549543513,142277.06506687542
2023-11-22,1683149.0141830137,7287.12639610027,1675861.8877869134,0.00828193011232451,0.46893302018034955,0.010816150990001442,0.01435987522861262,18126.375216692108,24065.16760900728,57320.63140757522,76100.74191817142,0.0171483861344768,0.017507628972263798,28738.32675982322,29340.368140130868,90878.5687032081,92782.3907106519,0.017481319921196413,0.0176872503911573,29296.277804143196,29641.388830284694,92642.96482612878,93734.30171437383,0.014455867470566455,0.01788034950625211,24226.037348820933,29964.996277837465,76609.45670258123,94757.63831643407,0.0198790605158444,0.024070054213640203,33314.559883513284,40338.08649360442,105349.88847797575,127560.22977266512,0.02138563116281476,0.02685938332964087,35839.36421202939,45012.6168516043,113334.02080233865,142342.39269554702,0.013370982043638365,0.01741383988554689,22407.919209216714,29183.190584211658,70860.06232616391,92285.35163688872,0.0198790605158444,0.023624174446384448,33314.559883513284,39590.8535851252,105349.88847797575,125197.27183923862,0.02305799288118285,0.026674901304361433,38642.011478436296,44703.45045645675,122196.76964222919,141364.72271089713
2023-11-24,1687907.641796913,4758.627613899298,1683149.0141830137,0.008107538627274044,0.29207868406802806,0.010588396757824397,0.014057501273231066,17821.849564710752,23660.86940991533,56357.63674136637,74822.23875513663,0.016787294881151688,0.017138973190969273,28255.518830010016,28847.445830489032,89351.79597260767,91223.63350267294,0.01711321812604083,0.017314812345878068,28804.096218344504,29143.409330728544,91086.54999261133,92159.55226770559,0.013701061853884438,0.016879777600103042,23060.928752626085,28411.181027241953,72925.05981716412,89844.04306144694,0.019161496505545182,0.02153496226544199,32251.653953579636,36246.55050754709,101988.68480088608,114621.656928181,0.019474175070945534,0.023017615000398502,32777.938572689396,38742.075996764885,103652.94289478709,122513.2014331152,0.013089431078640095,0.017047159008398167,22031.463016229576,28692.908879606457,69669.60331704865,90734.94475522643,0.019460469820469263,0.023126723392231575,32754.87059386113,38925.72167891782,103579.99554067323,123093.94007117381,0.022572463835864216,0.02611321150633722,37992.82025301658,43952.42620404402,120143.84673290708,138989.7754952477
2023-11-27,1685851.4743885435,-2056.1674083694816,1687907.641796913,0.00795451276012515,-0.21045998976892666,0.010388545894316713,0.01379217274120949,17534.906002175125,23279.913766870573,55450.241523830824,73617.55123562113,0.016470442816132774,0.016815483368081866,27800.586293129578,28382.982877494276,87913.17297434692,89754.87268244178,0.016790214417537246,0.01698800364405641,28340.331222769822,28674.18116967662,89619.99630753743,90675.7225364892,0.013442460943369103,0.016561179968530026,22689.63255086925,27953.74222605579,71750.91813304312,88397.49455956173,0.018799832534094275,0.021128500276645278,31732.38099879995,35662.95707665775,100346.59953645665,112776.17245905862,0.019106609442924253,0.022583168658905136,32250.192087540905,38118.30295535452,101984.06197456965,120540.65787924791,0.012842374402948616,0.01672540213376428,21676.741893554037,28230.934073707125,68547.87663522195,89274.05214697035,0.019093162872416712,0.0226902176826561,32227.495518425265,38298.99182059067,101912.28912109278,121112.04624122538,0.022146419507126737,0.02562033727921272,37381.11072451944,43244.76307899748,118209.45135642846,136751.94820398808
2023-11-28,1679632.43660885,-6219.037779693492,1685851.4743885435,0.007856513755682588,-0.5283474821352565,0.010097789016612329,0.013448757555051491,17023.372501720336,22672.60775287762,53832.63056291492,71697.0809946853,0.01626752818799862,0.016608317866059766,27424.636380394666,27999.157161610445,86724.31496396306,88541.10919570421,0.016583360227102845,0.016778712705090345,27957.082289177662,28286.417552218347,88408.05676655559,89449.50631157482,0.013157709104246905,0.016249537315463147,22181.943292970205,27394.306441405202,70145.4637344815,86628.4032754624,0.01856821999821858,0.020868198727711302,31303.261060767632,35180.68359294523,98989.60314288421,111251.08979542293,0.018871217438392474,0.022304945703902124,31814.069742020747,37602.82560107981,100604.92202423101,118910.5753575023,0.012684157307304933,0.016519346425836218,21383.60529789624,27849.164527931105,67620.89732739549,88066.7908410302,0.018857936528631568,0.022410675891657662,31791.680100719102,37781.07099399486,100534.11976172363,119474.23678154549,0.021873577269127534,0.02530469663313423,36875.60248931038,42659.960127924154,116610.8939571957,134902.63889620837
2023-11-29,1685407.6651291584,5775.228520308388,1679632.43660885,0.007955939146686472,0.374223798755794,0.010225578091063479,0.013618953652202125,17175.212644827025,22874.836306911253,54312.79125537797,72336.58383335402,0.016473396261428595,0.01681849868532651,27669.25070180643,28248.895926937705,87497.85336792073,89330.85251417663,0.016793225203606623,0.016991049897275467,28206.445767254943,28538.718539503345,89196.61332254125,90247.35208730459,0.013324221938448828,0.016455177711631686,22379.7953603939,27638.65023461957,70771.12690731358,87401.08619414501,0.018803203680673633,0.021132288995045045,31582.47081422235,35494.4780558699,99872.54190873519,112243.39501541415,0.019110035600096116,0.02258721822539129,32097.835658671305,37938.224384129804,101502.26864317227,119971.19943638895,0.012844677270618355,0.016728401297830736,21574.33658150302,28097.56543244609,68224.04260464045,88852.30347214355,0.01909658661837773,0.0226942864449489,32075.246312737745,38118.05963862872,101430.83485916875,120539.88844420158,0.022150390756670104,0.025624931464412193,37204.514798463955,43040.46607350544,117651.00600458645,136105.90434748132
2023-11-30,1697362.6747298143,11955.009600656109,1685407.6651291584,0.007821770779019294,0.845462968996114,0.010053134700580453,0.013389284627947213,16943.630282934224,22566.402942538243,53580.46352587533,71361.23189554668,0.016195590128729478,0.016534872770947482,27296.171744250794,27868.001310090294,86318.07411496363,88126.35797644166,0.016510025499348754,0.016704514092056484,27826.12352808025,28153.916093010044,87993.92880193391,89030.49990718068,0.013099523247954013,0.01617767881520505,22078.0368916393,27265.983879144194,69816.88284280429,86222.61170352886,0.018486107848461268,0.02077591564084247,31156.627866200917,35015.887471152666,98525.90826746677,110729.95870099592,0.018787765377152744,0.02220630905256218,31665.04377730145,37426.68349141532,100133.66054521414,118353.56509909536,0.01262806558583337,0.016446294779111793,21283.4385341173,27718.711283688674,67304.14220800599,87654.26146106588,0.018774543198064528,0.02231157168160656,31642.75901531646,37604.093933258366,100063.18994022683,118914.58617601622,0.021776848209873433,0.02519279452083145,36702.86689527488,42460.12899143319,116064.65604706132,134270.7173574769
2023-12-01,1721786.700283172,24424.025553357555,1697362.6747298143,0.007704523710768035,1.795265222463337,0.009902439851079144,0.013188581435158777,16808.0317919788,22385.805860673074,53151.663447174455,70790.13377807285,0.015952820874191104,0.016287017724939064,27077.722708502628,27644.975968974464,85627.27760933188,87421.08992257965,0.016262542909889023,0.01645411615031304,27603.43333143761,27928.60259921038,87289.72056795238,88317.99607920351,0.012903163530991765,0.01593517804833508,21901.348163440376,27047.776434417854,69258.14402481727,85532.57917578833,0.018209004106886213,0.02046448805392593,30907.283915030555,34735.658180188046,97737.41346098261,109843.79587445369,0.018506139838422773,0.021873440101700295,31411.63101506925,37127.16079656439,99332.29902840569,117406.39117245484,0.01243877294233184,0.01619976750275397,21113.108911753214,27496.880698475605,66765.51264833912,86952.77155710451,0.018493115857642555,0.021977124861103575,31389.52459621651,37303.15143711386,99262.39239392134,117962.92244346315,0.02145041680699864,0.02481515863989424,36409.13684559658,42120.324042855544,115135.80007284349,133196.15975977518
2023-12-04,1720480.5896176095,-1306.1106655623298,1721786.700283172,0.007602250511180802,-0.15969683242058064,0.009770990556442729,0.01301351046750048,16823.561588675562,22406.48924693817,53200.77297633558,70855.54038839559,0.015741056189637632,0.016070816765996532,27102.74119572818,27670.518570380646,85706.39301257646,87501.862720389,0.016046666840289228,0.016235697054175983,27628.937549484985,27954.407257706884,87370.37198692365,88399.59757429529,0.012731881324764343,0.01572364756232753,21921.58393456294,27072.767252755457,69322.13515177443,85611.60708232665,0.01796728986455018,0.020192833536429346,30935.840728915133,34767.75222405606,97827.7180355754,109945.28615240197,0.018260481287117516,0.02158308254175743,31440.653820928677,37161.46447151186,99424.07719901035,117514.8689174029,0.012273655258811262,0.015984724741218904,21132.616388481845,27522.28646711808,66827.20070620433,87033.11165172202,0.018247630192324258,0.02168539094455637,31418.52697682957,37337.61771877829,99354.10597422572,118071.91439599963,0.021165674642305787,0.02448575142828171,36442.77710164289,42159.24115565513,115242.17990302107,133319.22647617955
2023-12-05,1704848.738344042,-15631.851273567649,1720480.5896176095,0.007532908376099248,-1.2720801037223046,0.00965146723923346,0.012530929294773943,16605.162046431426,21559.22062152925,52510.13298290595,68176.24174210339,0.01559747785806031,0.01592423060109448,26835.157901783212,27397.32965377781,84860.22033990001,86637.96351241026,0.015900300953238865,0.01608760697261157,27356.15915912584,27678.415529775117,86507.77097691425,87526.8350986654,0.012615750472016768,0.015580228019438471,21705.153810564043,26805.479889260303,68637.72300566525,84766.37022390062,0.01780340546755422,0.02000864936771469,30630.413536019056,34424.49286161778,96861.8724466722,108859.80473891975,0.018093922613708475,0.02138621754462457,31130.242646928556,36794.572170866144,98442.47087800314,116354.65359138316,0.012161704007053745,0.015838923844416455,20923.975680810672,27250.561034750037,66167.42085733404,86173.84038724496,0.0180811887371455,0.02148759276545635,31108.33425947137,36968.98627057542,98373.19047377697,116906.19940251218,0.020972616932884023,0.02426241042148166,36082.980346512566,41743.0061874952,114104.40266207138,132002.97593498652
2023-12-06,1704097.472628308,-751.2657157341018,1704848.738344042,0.008604149507990546,-0.10412999644070496,0.011023984754854974,0.014312929846376908,18794.226500838457,24401.380390602455,59432.56260374599,77163.94008647291,0.017815566675963894,0.01818878632936261,30372.846370401203,31009.129425623203,96047.37355284598,98059.47724391818,0.01816145369002286,0.018375396156061964,30962.53140992922,31327.2709532342,97912.12137988093,99065.52908945428,0.014409813288203522,0.017795863769320033,24566.552004166988,30339.255894867707,77686.258590142,95941.15114247196,0.020335195218919598,0.022854042823487204,34668.431912954875,38962.68607368287,109631.20775140572,123210.83175096096,0.02066702627743572,0.024427512452985117,35234.15367440945,41645.21378635505,111420.17703952463,131693.7292095268,0.013891197705341566,0.018091348254736826,23682.39088203922,30843.012247030765,74890.29562564795,97534.16860108513,0.020652481539561066,0.024543304058682817,35209.357096394306,41842.62095923961,111341.7633748187,132317.98550229662,0.02395509445420749,0.02771272346189834,40839.812557168,47246.00163009472,129146.82689499643,149404.97548712738
2023-12-07,1716950.2089422029,12852.736313894857,1704097.472628308,0.008400763167681567,0.8402528053785945,0.010763397939989693,0.013974598391553824,18341.879226429173,23814.077800042487,58002.114923243455,75306.7262245861,0.0173944392997613,0.017758836723912878,29641.820048509748,30262.788778038717,93735.66534613357,95699.34088718616,0.017732150178121495,0.017941035435988663,30217.312302802442,30573.273142803195,95555.5316454833,96681.17865771244,0.014069191686207688,0.017375202133754798,23975.273994389725,29609.038042537537,75816.47334887454,93631.99954099214,0.019854508437361033,0.022313815096526274,33834.01764838435,38024.915910685806,106992.55816322853,120245.3421141429,0.020178495617231184,0.02385009078498054,34386.12338276505,40642.879428641034,108738.46979311146,128524.06966210854,0.013562835226147764,0.017663701906963692,23112.393230552592,30100.669776916653,73087.80478600334,95186.67559164905,0.020164294690328703,0.023963145289132123,34361.92361912155,40835.535323435,108661.94342116028,129133.30109431523,0.02338883988270423,0.027057645420811786,39856.86293182445,46108.86517687827,126038.46725370164,145809.03428455789
2023-12-08,1728196.3890027823,11246.18006057944,1716950.2089422029,0.00821200371211516,0.7395933763528689,0.010521551682138607,0.013660598635639166,18064.980359044068,23454.567681736236,57126.48382078561,74169.85540886175,0.017003598036108344,0.017359807697074636,29194.33120086545,29805.925452688756,92320.58136005352,94254.61219968175,0.01733372077988294,0.017537912527557778,29761.135514765818,30111.722578600406,94112.97397958771,95221.62761949585,0.013753066483063686,0.016984793116185865,23613.330371692202,29162.044089675408,74671.90711657774,92218.48054962588,0.019408391087262087,0.021812438792355067,33323.24113250663,37450.87134207304,105377.34099772976,118430.05379887777,0.019725098494751788,0.023314195407153248,33867.01198196961,40029.31267563112,107096.89540723733,126583.80122604323,0.013258087509526789,0.0172668104949938,22763.47611965603,29646.253887145027,71984.43200096465,93749.6863749987,0.019711216653053497,0.02342470965320839,33843.17755096523,40219.06013348658,107021.52431852935,127183.83537309329,0.022863308500082533,0.026449678463929836,39255.16230632675,45412.78096509841,124135.72280758091,143607.82273205052
2023-12-11,1749925.8252240915,21729.43622130924,1728196.3890027823,0.008046138435042934,1.4963572639823433,0.01030903837282129,0.013384683151781065,17816.042890000874,23131.361090854414,56339.274423651455,73147.78642689699,0.01666016096540621,0.017009175937209756,28792.03002062012,29395.196434598914,91048.39332510433,92955.77300139335,0.01698361592111305,0.01718368342311153,29351.023707077737,29696.779641588317,92816.08657196442,93909.46283953787,0.013475283342337541,0.016641735865484137,23287.936013017083,28760.187829467777,73642.9198053946,90947.69947537247,0.019016382233142164,0.021371873209246838,32864.04310721295,36934.79410644569,103925.22934075013,116798.07428573193,0.019326692814262116,0.02284329748546594,33400.32073297381,39477.70422729858,105621.08809634183,124839.4621527211,0.012990301907460974,0.01691805708385244,22449.79284853001,29237.725161256727,70992.4784003143,92457.80511158508,0.01931309135669421,0.0229515795751942,33376.81474311978,39664.83694376063,105546.75562974629,125431.22776147566,0.022401517549652337,0.025915450350951906,38714.22173749162,44786.98771589597,122425.11853127483,141628.89072021347
2023-12-12,1755485.9664627556,5560.141238664044,1749925.8252240915,0.007900717466466457,0.34390956590466587,0.010122719139393917,0.0131427766019827,17714.007643515604,22998.884190960456,56016.61064314131,72728.85768587397,0.0163590554395955,0.01670176252897108,28627.133590020818,29226.845576206528,90526.94502637866,92423.40084282894,0.016676664468920452,0.016873116073658875,29182.92583276091,29526.70156929939,92284.51441929053,93371.62875105409,0.013231739340291704,0.016340963343622887,23154.562384210036,28595.47376404591,73221.1553585625,90426.82786597338,0.018672691810029368,0.02098561108767476,32675.825624820776,36723.262800431105,103330.03340092822,116129.15356229576,0.018977394028127693,0.02243044174446236,33209.031905274096,39251.609279819204,105016.17970986723,124124.48715123012,0.012755523162261103,0.01661229050185442,22321.219395884775,29070.276165319934,70585.89344332356,91928.28489251653,0.018964038394957358,0.022536766810147983,33185.66053787711,39437.670258131126,104942.27295686016,124712.863626375,0.02199664626811118,0.025447070404278654,38492.499372886894,44530.48567674288,121723.97085092559,140817.76005201202
2023-12-13,1791614.124985767,36128.15852301149,1755485.9664627556,0.007773486650412964,2.562048264606186,0.00995970586594732,0.012931129216871624,17484.123877767306,22700.415870734658,55289.65434628009,71785.01798455595,0.01609561405186354,0.016432802287687703,28255.624589647174,28847.553805692827,89352.13041394559,91223.97495024775,0.016408108399368963,0.016601396405599787,28804.20403129188,29143.518413715658,91086.8909270863,92159.89721839884,0.013018659325569278,0.016077813305650553,22854.07374819635,28224.375629477712,72270.92685776195,89253.31252529821,0.018371992306852734,0.020647665016903516,32251.774670641684,36246.6861773981,101989.0665417546,114622.08595392,0.018671787690600065,0.022069228548356936,32778.06125962044,38742.22100729981,103653.33086492833,122513.65999669029,0.012550111991945006,0.01634477109161864,22031.545479395398,28693.01627638266,69669.86408847572,90735.28437365258,0.018658647132594033,0.022173841386649094,32754.99319444936,38925.867376833536,103580.38323777451,123094.40080843781,0.021642418785985627,0.025037278312933935,37992.96245910768,43952.59071677782,120144.29642805211,138990.2957301906
2023-12-14,1811501.683954922,19887.558969154958,1791614.124985767,0.007662384523404747,1.3812949214640622,0.009817357321999646,0.012746311769409205,17588.91604812701,22836.472207545856,55621.036285569135,72215.26589897834,0.015865568380328182,0.016197937371984706,28424.97641112353,29020.453391282634,89887.6678957091,91770.73144721077,0.016173596419695794,0.01636412186781297,28976.843797346213,29318.19188136219,91632.82580253661,92712.2632229616,0.012832590858880744,0.015848022050293613,22991.051042933977,28393.540158391934,72704.08709686104,89788.25773597657,0.018109411625304706,0.020352559409304735,32445.07766307737,36463.932917322345,102600.34427637765,115309.08046632686,0.01840492220014974,0.02175380532279281,32974.5185830524,38974.42488850616,104274.58346999368,123247.95314283352,0.012370740212047197,0.01611116435690523,22163.59290043318,28864.98963179864,70087.43469810634,91279.11187362873,0.018391969452840527,0.021856922987893157,32951.31225801584,39159.171953835496,104201.19862675597,123832.17466030615,0.021333095715288918,0.02467943440065091,38220.67561318497,44216.023268865814,120864.38864811721,139823.34260461963
2023-12-15,1803495.307081862,-8006.376873059897,1811501.683954922,0.0075655369826443,-0.6456554906129125,0.009549144297602888,0.012114753347731435,17298.29097543617,21945.896090114024,54701.999110714096,69399.01693814417,0.015290039230653463,0.015868206440084506,27697.93181406557,28745.28268755742,87588.5510084866,90900.56527808771,0.01596917271403145,0.01615729004480003,28928.183262834962,29268.95812430335,91478.94768131983,92556.57241288829,0.012670395283538442,0.015647713392225083,22952.44239250439,28345.85916005972,72581.9958241183,89637.47718013608,0.017880520478538022,0.02009531633817572,32390.592956862096,36402.699386212174,102428.04850709226,115115.44303884394,0.018172295992534174,0.021478851417613715,32919.14479180294,38908.97551242481,104099.47616696669,123040.98404297951,0.012214382127528777,0.015907529751778376,22126.373792487284,28816.51693290955,69969.73754451764,91125.82774080371,0.018159506959499434,0.021580665742710246,32895.97743692435,39093.41233378791,104026.21455818895,123624.22448288849,0.02106345930504062,0.024367502452866098,38156.49200099706,44141.77172714263,120661.42224514647,139588.53861299533
2023-12-18,1806600.2025322225,3104.8954503601417,1803495.307081862,0.007795685808603454,0.1622602348578841,0.009839635819096939,0.012483292456873506,17745.73702313592,22513.559362901775,56116.94775148564,71194.12582417893,0.015755172715015118,0.016350928167655324,28414.38005379396,29488.822216799006,89854.15927164664,93251.84372086049,0.01645496590493179,0.016648805893975424,29676.45378773653,30026.04329830152,93845.18684597852,94950.68594546738,0.013055837401610749,0.016123727569992963,23546.141483828836,29079.067005148743,74459.43719747587,91956.08396892129,0.018424458179869013,0.0207066296491963,33228.423862919786,37344.30939780767,105077.50246431713,118093.07534310328,0.01872510970519706,0.02213225281503668,33770.647477915925,39915.41408706798,106792.16408883515,126223.6222639053,0.01258595201251065,0.016391447721471854,22698.70538972047,29561.89904195217,71779.60896865664,93482.93293251836,0.018711931621002455,0.02223716440176058,33746.88086491462,40104.62164138305,106717.00745948327,126821.94908605094,0.021704224189385838,0.02510877859677357,39143.466469409985,45283.56436583863,123782.50955776522,143199.2039668884
2023-12-19,1818251.0370234216,11650.834491199348,1806600.2025322225,0.007681754772732003,0.7775754291641656,0.009695833217377107,0.01230085380097895,17516.494254232133,22222.72496816783,55392.01846462605,70274.4267149032,0.015524916751418651,0.016111965460673883,28047.31774740883,29107.88006444561,88693.40634027506,92047.19886265688,0.01621448272528526,0.016405489815301502,29293.087775455577,29638.16122296401,92632.87706967462,93724.09512384783,0.012865031215233514,0.015888085314871417,23241.96799902423,28703.41814769593,73497.55618166269,90768.17797893049,0.018155191606364206,0.02040400999221425,32799.17283306888,36861.88858440375,103720.09152201533,116567.52678207579,0.01845144922196347,0.021808798208053527,33334.39190141222,39399.77925965387,105412.60282513362,124593.04176836889,0.012402013025560816,0.016151892836348204,22405.47924378543,29180.01286942542,70852.34647798899,92275.30282040982,0.018438463730546455,0.021912176551129106,33310.93230998827,39586.54259519166,105338.41708325698,125183.63929207857,0.021387025060868634,0.02474182317742608,38637.803806526994,44698.582763354396,122183.4638153491,141349.329713743
2023-12-20,1789073.2120424344,-29177.82498098724,1818251.0370234216,0.0075824102686169546,-2.1935679368445764,0.009570441588581337,0.01214177267209577,17401.4653432101,22076.790752340774,55028.26510902758,69812.9422043391,0.015324140340074219,0.01590359702580908,27863.134064832397,28916.731784579963,88110.96639549606,91442.73492745814,0.016004788483086403,0.016193325368676507,29100.72325671237,29443.530644453742,92024.56704944394,93108.61919343915,0.012698653846479337,0.015682612216127583,23089.340525162515,28514.92592521016,73014.90573074186,90172.11323464825,0.017920399093376123,0.02014013457382282,32583.78423540472,36619.82057464461,103038.97297136697,115802.04052257305,0.018212825349242782,0.021526755327562864,33115.48857838715,39141.045198090644,104720.36973699482,123774.85282556286,0.012241623652233484,0.01594300803960329,22258.344900523978,28988.390901281433,70387.06683124974,91669.34095135059,0.01820000779304938,0.02162879672738356,33092.18304354639,39326.58207913394,104646.67116480961,124361.57195962341,0.021110436773162537,0.024421848871140146,38384.073554820156,44405.05203597985,121381.09830866766,140421.1040519935
2023-12-21,1807055.1793420329,17981.967299598502,1789073.2120424344,0.010577444315040785,0.9024516105814634,0.013552249965676116,0.017632748083166762,24245.96737649414,31546.277250286235,76672.48098385875,99758.08781005813,0.022326641919460693,0.02252169890625712,39943.9969729708,40292.96820287001,126314.00928545895,127417.55320981069,0.022385795864676185,0.022619227399655335,40049.827711742466,40467.45381781961,126648.67546643568,127969.32517198655,0.01787499578834798,0.02206405494870673,31979.676130304702,39474.209657763524,101128.61540628254,124828.41135354848,0.02499891417087194,0.02809543989379723,44724.88767325499,50264.79889454096,141432.5131426744,158951.25063706315,0.02540684810323744,0.030029772551774126,45454.71134393324,53725.461636106265,143740.4182323223,169894.82711409216,0.01741377033401794,0.022380162556647855,31154.510025250733,40039.7493112538,98519.2110663422,126616.80476572015,0.025388967642791804,0.03017212006215609,45422.72189113097,53980.13175373157,143639.25870036468,170700.16473777112,0.029449009157222157,0.03406842116866155,52686.433404378506,60950.89968943179,166609.13134861522,192743.66845505396
2023-12-22,1811387.1103940175,4331.931051984895,1807055.1793420329,0.010146985764608936,0.19110845158634945,0.013000729040435251,0.016915167639919525,23493.034747740898,30566.641293155328,74291.49895234052,96660.2069077254,0.021418039271182424,0.021605158239560867,38703.57879634126,39041.713097302665,122391.46259623654,123460.73714230345,0.02147478589372607,0.021698717723750087,38806.12307451892,39210.78024778336,122715.73607629584,123995.37441533688,0.017147556858219417,0.021166138511901335,30986.581433707393,38248.38022460217,97988.17423280116,120951.99832188548,0.023981561014867897,0.026952070855849948,43336.004040624015,48703.87923405711,137040.47745863194,154015.18926539744,0.02437289371124785,0.02880768411742013,44043.16381646329,52057.074789233266,139276.71301993818,164618.9246597069,0.0167051013859928,0.021469381838202954,30187.03998099206,38796.357647996425,95459.8021585009,122684.85508616176,0.024355740912121452,0.02894423866863808,44012.16776196172,52303.83639827439,139178.6948892345,165399.25338336485,0.02825055540829091,0.03268197631913296,51050.31246984117,59058.13457862288,161435.262667994,186758.21962919683
2023-12-26,1826592.9493743884,15205.838980370669,1811387.1103940175,0.009761642017489774,0.8097362497088372,0.012507011028018655,0.016272794206791272,22655.038565708823,29476.32967627615,71641.5223465941,93212.33883904631,0.020604663979232274,0.020784676884184127,37323.022745981245,37649.095801715615,118025.76103957278,119056.89457930441,0.020659255581883845,0.020874683336660052,37421.909271360055,37812.1323295828,118338.46768966987,119572.46134917022,0.016496358170552807,0.02036232944826128,29881.29055858239,36884.06110017701,94492.93759040542,116637.6424333753,0.02307083296245773,0.025928534190169543,41790.20945424936,46966.6126234837,132152.24577093014,148521.4698730247,0.02344730433833408,0.027713678350471106,42472.14485194408,50200.1997456491,134308.71484473822,158746.97019165652,0.01607070546651335,0.02065405675174029,29110.268736980957,37412.49217744889,92054.75250845288,118308.68822397088,0.023430802936976667,0.027845047081616652,42442.25442622182,50438.15937195496,134214.19301922378,159499.46460194554,0.027177707260893528,0.031440839738257925,49229.348622444435,56951.53184184442,155676.86937339703,180096.55685583275
2023-12-27,1829527.578720846,2934.629346457543,1826592.9493743884,0.009417662569772564,0.12212539237957554,0.012066290630947874,0.015699375641140233,22040.20139159163,28676.368855686767,69697.23648624224,90682.64060708655,0.019878599560635864,0.02005226919469985,36310.109800894286,36627.333529995994,114822.64906162892,115825.79857344256,0.01993126747162814,0.020139104011731846,36406.31263577105,36785.94539454685,115126.86913720459,116327.37332934939,0.01591506168757532,0.019644804381751008,29070.339467383536,35883.06117554548,91928.4850712181,113472.20273388279,0.022257866008067926,0.025014867938644287,40656.06111845674,45691.981406259096,128565.75382533601,144490.7320498421,0.022621071335494305,0.026737107425607493,41319.48940870898,48837.81191028025,130663.69828672436,154438.72157538446,0.015504408077109724,0.019926251837172188,28320.24247787194,36397.151113237174,89556.47011832603,115097.89785916258,0.02260515140833102,0.02686384700281503,41290.41018199796,49069.313528414226,130571.74169772115,155170.79397070236,0.02622002281425305,0.030332931594366327,47893.30880495023,55405.91898412516,151451.94050543968,175208.8998445981
2023-12-28,1829445.351425025,-82.22729582129978,1829527.578720846,0.009111476220411717,-0.054890594930744996,0.011673992281835738,0.015188958700716616,21357.890833392783,27788.618835012996,67539.58105075301,87875.32854889586,0.01923230800104941,0.01940033130080752,35186.03789037348,35493.441151148625,111268.0215705662,112240.11603477834,0.01928326357681246,0.01948434295068658,35279.26252152158,35647.142781536204,111562.82373902327,112726.16326688445,0.015397632378352464,0.019006113953739467,28170.393083200885,34772.20964267745,89082.604725168,109959.38174773041,0.021534219913606312,0.024201586401199886,39397.44921818238,44277.46976979058,124585.67353027633,140017.65350178952,0.02188561673627377,0.025867832565262473,40040.33939632738,47325.9130798809,126618.67077856592,149657.67767957787,0.01471026479115855,0.019216346178039367,26912.835125710815,35156.83529496995,85105.85728983018,111175.67485550267,0.02187021439660569,0.025990451594703808,40012.1603911278,47550.24797591981,126529.56093993754,150367.0869097179,0.025367559370572015,0.029346749564432374,46410.64947329993,53690.687673943,146763.36002332173,169784.86219038774
2023-12-29,1825172.6349571145,-4272.716467910446,1829445.351425025,0.008842540011278,-0.3159099069121081,0.011329420320741239,0.014740638266700853,20726.555340120274,26967.19215405371,65543.12292430598,85277.74930623206,0.01866464323613379,0.01882770712556256,34145.9448043515,34444.261278852246,107978.9584401433,108922.3179631172,0.018714094796625502,0.018909239070276945,34236.41373181377,34593.419516102615,108265.04630839663,109393.99772460414,0.014943152689079723,0.018445125578921414,27337.68122267126,33744.349246808604,86449.33861125792,106709.00178010254,0.020898611442473698,0.02348724739132793,38232.86755467134,42968.63555783443,120902.94295231365,135878.7563124565,0.021239636364133712,0.025104312290356572,38856.75401232234,45926.96742031495,122875.84515982497,145233.82307254296,0.014276073585190764,0.01864915254557993,26117.29645702883,34117.60543252737,82590.14313005704,107889.34147772065,0.021224688643096238,0.025223312071264745,38829.407973555935,46144.671016318,122789.36939233988,145922.26229072173,0.0246188052623395,0.028480544858703764,45038.758844824944,52103.600397807495,142425.06093670093,164766.05155232694
2024-01-02,1820336.1396162184,-4836.495340895839,1825172.6349571145,0.008692459181524077,-0.3576191328632164,0.011137130684482972,0.014490451417747123,20327.18615725952,26447.575395847573,64280.20667918571,83634.57683990766,0.018347855849210216,0.018508152121664997,33488.00440611631,33780.57277608641,105898.36821708188,106823.5506375102,0.01839646808850895,0.018588300257892387,33576.73013500835,33926.856961071455,106178.94360743933,107286.14184772434,0.014689528645325746,0.018132063975776935,26810.925703867204,33094.146983879764,84783.59140177345,104652.88168945174,0.02054390782315267,0.023088607908483598,37496.17837389964,42140.69533381868,118573.32721347154,133260.57943809667,0.02087914466772802,0.024678227023664765,38108.043488847936,45042.02464285209,120508.21459750891,142435.38829684482,0.014033771603343827,0.018332628075837257,25614.055895661382,33460.211090864665,80998.75674515417,105810.47803715957,0.020864450648271016,0.02479520706976411,38081.224366637485,45255.53342182864,120423.40508647746,143110.56233885215,0.024200960308671242,0.027997156171880016,44170.93049507003,51099.64330153609,139680.74673341017,161591.26045502035
2024-01-03,1796182.208538297,-24153.931077921297,1820336.1396162184,0.008583133731998096,-1.6093128923547944,0.010997058491668002,0.01430820435946392,20018.343001856683,26045.7414885465,63303.55886835941,82363.86645175131,0.01811709404214688,0.01827537426118369,32979.20102974564,33267.324232644714,104289.39066656667,105200.51623447056,0.018165094883128653,0.018354514370702096,33066.57869531673,33411.38583409426,104565.70310639979,105656.07901842253,0.014504777783810232,0.01790401619279752,26403.571196972207,32591.3277200233,83495.4233448505,103062.82756425612,0.020285526171782906,0.022798221449851816,36926.47640162706,41500.42642413892,116771.7713936001,131235.871368516,0.020616546727507706,0.024367847854027607,37529.045082168755,44357.67409335596,118677.26087079424,140271.28184244924,0.013857268227597,0.01810205778916355,25224.8861510504,32951.829995035674,79768.09395575742,104202.83585496763,0.02060203751539336,0.024483356636833296,37502.633438999655,44567.93890514024,118593.73992163225,140936.19755947415,0.02389658374394379,0.027645034681284392,43499.81500246632,50323.2557112857,137558.49320375657,159136.10732273958
2024-01-04,1790073.2101256684,-6108.998412628658,1796182.208538297,0.010416908422381523,-0.370751786845625,0.013388602976542706,0.01757722987472772,24048.370463648895,31571.90757637377,76047.62468065,99839.13801766759,0.021987786210664603,0.022179882780316573,39494.07039673946,39839.11083746957,124891.21652472652,125982.330202302,0.022046042365155165,0.022275931065142557,39598.70906497326,40011.63105783462,125222.11304767206,126527.88704108972,0.01744573420852712,0.021635101025684743,31335.717400244364,38860.5835422636,99092.23910014232,122887.95519680718,0.024619500875712682,0.027669030036305296,44221.10945604814,49698.619478723325,139839.42654072173,157160.83411877585,0.025021243516871364,0.029574004958074912,44942.712440508556,53120.30154091754,142121.33553799172,167981.14286425148,0.016817854482811534,0.02196953748295817,30207.93100781212,39461.29235670471,95525.86538591195,124787.56326098053,0.025003634431589074,0.02971419203310345,44911.08331481587,53372.10307095083,142021.31546040307,168777.40921747196,0.029002055920487747,0.03355135823352269,52092.976855412875,60264.352731348365,164732.45696154056,190572.6163468502
2024-01-05,1796153.222386778,6080.012261109659,1790073.2101256684,0.010152133170930444,0.28915815104715936,0.013048293685536928,0.017130454759579836,23357.40096433158,30664.768142393612,73862.58726910112,96970.51125093433,0.02142890430571547,0.02161611819660421,38359.307520007846,38694.43409065117,121302.78123004973,122362.54449772397,0.021485679714928412,0.021709725142048577,38460.93965903386,38861.99737597283,121624.17027284682,122892.42613156106,0.01700230142842446,0.021085183614302193,30435.36429750401,37744.02231854307,96245.07259708321,119357.07858282549,0.023993726483671266,0.026965743217585686,42950.52698950269,48270.65452492808,135821.49199136338,152645.2124458858,0.02438525769697455,0.028822297802584763,43651.3965253649,51594.0231506709,138037.83606731304,163154.62680757677,0.016390381045492397,0.021411119421144757,29339.982013287485,38327.47127459264,92781.1696703611,121202.10618238959,0.02436809619650288,0.028958921625779288,43620.676183125,51838.58979643637,137940.68981533506,163928.01444790323,0.02826488647082201,0.03269855537180998,50596.21605866193,58532.80798088782,159999.28373135923,185096.99106488697
2024-01-08,1817502.7651677807,21349.542781002587,1796153.222386778,0.009766243376613358,1.1632910665665543,0.01255231877250894,0.016479314003993537,22545.88781166798,29599.37295099655,71296.35735550021,93601.43583792858,0.02061437642908644,0.020794474186978107,37026.57865059765,37350.0618187794,117088.32249925242,118111.26609543405,0.020668993764659634,0.02088452306592394,37124.679753885626,37511.803402870275,117398.54542661786,118622.73789352487,0.016356031872000732,0.020283720805347,29377.939352354962,36432.670486517745,92901.2013157336,115210.21997979091,0.02308170789390372,0.025940756160319982,41458.2840118255,46593.5727685084,131102.60535951168,147341.81427328388,0.023458356727629585,0.027726741786571047,42134.80302823043,49801.476606235716,133241.9463317681,157486.09691529736,0.01576737101755715,0.02059726756061337,28320.614261753166,36995.848501358356,89557.64580218804,116991.14523481936,0.02344184754798307,0.027858172441182806,42105.150012009384,50037.54620003703,133148.17526101565,158232.6145180203,0.027190518055536367,0.03145566005173833,48838.336623817515,56499.185164232855,154440.38086528133,178666.1110625703
2024-01-09,1808933.844357588,-8568.92081019259,1817502.7651677807,0.009421764132642403,-0.5498975661370997,0.01210956784832137,0.015898048371923636,22009.173049310943,28894.74687674234,69599.11625261596,91373.21254454236,0.019887257051309185,0.020061002321648886,36145.144682356884,36460.92719163412,114300.98355257107,115299.57552713038,0.019939947900132003,0.02014787495681874,36240.9104457914,36618.81844627274,114603.821486889,115798.87151441004,0.015779114701666458,0.019568264458572356,28678.58460217837,35565.37476298966,90689.64741271753,112467.59008851848,0.02226755971243503,0.025025762367359584,40471.35135088934,45484.39230310783,127981.65025374271,143834.2776664525,0.022630923222369446,0.026748751920857915,41131.76553495621,48615.930580946246,130070.06327447573,153737.07120442306,0.015211217352521093,0.019870751654391096,27646.429599775216,36115.14607781807,87425.686706787,114206.11963560176,0.022614996361789118,0.026875546695450166,41102.81842181102,48846.380434376486,129978.52446525032,154465.8176277146,0.026231442109776168,0.0303461421362645,47675.71856885675,55154.19724483523,150763.85976277047,174412.88581186283
2024-01-10,1810438.0563923817,1504.2120347935706,1808933.844357588,0.00940688299032004,0.039971991978158594,0.012090441472403205,0.01587293830578955,21870.80877265475,28713.095310742712,69161.56999158073,90798.77985544714,0.01985584625621651,0.020029317105751426,35917.91230123096,36231.70959196413,113582.41167006969,114574.72583237656,0.019908453882830687,0.02011605253051888,36013.076017484665,36388.60823733071,113883.3457640374,115070.88291352997,0.015754192484522124,0.019537357494196037,28498.29197577603,35341.78720056457,90119.51206795232,111760.54413477011,0.02223238936422981,0.02498623559442498,40216.92156189099,45198.44720984758,127177.07261591188,142930.03988600083,0.02259517896209957,0.026706503783600816,40873.18394385847,48310.2985586195,129252.35648561655,152770.5778879871,0.015187192097045315,0.019839366928637147,27472.625785105363,35888.10228784039,86876.07078640448,113488.14413067537,0.022579277257092627,0.02683309829303467,40844.418811488424,48539.29965124424,129161.39315013096,153494.74292734847,0.026190011034039087,0.030298212125100258,47375.99734357197,54807.4613366193,149816.05802777415,173316.4105953334
2024-01-11,1809802.3975554784,-635.6588369030505,1810438.0563923817,0.009101895201829635,-0.08859234000984609,0.011698447970375446,0.015358309564716762,21179.315406293925,27805.26811781834,66974.87596698327,87927.97820396903,0.01921208459313209,0.019379931210833607,34782.28909003608,35086.16499435965,109991.25575893946,110952.19574264533,0.019262986587422013,0.019463854519684368,34874.44399764483,35238.10294652144,110282.67516454546,111432.6657344983,0.015243413693050937,0.018903921800222497,27597.256259232156,34224.37944218839,87270.18695051182,108226.99054315829,0.021511575969183707,0.024176137632699973,38945.37578758602,43769.39962682006,123156.09181994577,138410.99463887527,0.021862603286470675,0.025840631683814664,39580.88900163567,46782.863001596816,125165.76105947679,147940.40254866742,0.014694796461230224,0.01919613955450683,26604.018744351295,34753.42158529827,84129.29414596292,109899.96869360226,0.021847217142872147,0.025963121775291264,39553.03334172377,47004.62372473704,125077.67372842814,148641.67152935654,0.025340884542933543,0.029315890486704597,45878.10175917235,53074.60379416138,145079.29628396235,167836.63390056445
2024-01-12,1808039.7592413125,-1762.6383141663391,1809802.3975554784,0.008838608115695765,-0.16174526670128492,0.011360051382619779,0.014914045542381786,20559.448228618705,26991.47537985415,65014.68383874929,85354.5396086976,0.018656343875521283,0.0188193352574821,33764.295875537886,34059.278069391454,106772.07855852881,107704.8941602994,0.018705773447040143,0.018900830948462507,33853.753632582855,34206.769166318234,107054.96882516089,108171.3019611847,0.01480247322021735,0.01835709519137705,26789.551523700124,33222.71488950833,84716.00030932667,105059.44910523559,0.02088931873269792,0.02347680362696395,37805.53912573726,42488.37549101851,119551.61180794056,134360.04063209353,0.02123019201530612,0.02509314948708244,38422.452409864185,45413.64210393982,121502.46290459624,143610.545892171,0.014269725631934157,0.018640860073008376,25825.3836611333,33736.27325262675,81667.03381687931,106683.4632441176,0.021215250940874515,0.02521209635392834,38395.41201753582,45628.91242873925,121416.95367601405,144291.29043118143,0.024607858343068858,0.028467880790645626,44535.3610279916,51521.238908234,140833.17726635133,162924.4628237063
2024-01-16,1796274.2759034552,-11765.483337857062,1808039.7592413125,0.008622038252877814,-0.8099903937869151,0.011081699323411508,0.014548610990369183,20036.15297668556,26304.46711232261,63359.878953888925,83182.02871193163,0.01819921286791035,0.01835821051909708,32904.90045207803,33192.374527049615,104054.43160967076,104963.50445483098,0.018247431280909356,0.018437709344690443,32992.08125990775,33336.11156453541,104330.12153066612,105418.04087741108,0.014439772492602105,0.017907296587876046,26107.682781023635,32377.104211406182,82559.74201719371,102385.39334867333,0.020377473786855484,0.022901558285803657,36843.282799532346,41406.92792931533,116508.69012422705,130940.203167076,0.02070999474983525,0.02447829928997536,37444.49392138097,44257.73835488384,118409.88662389372,139955.25728922643,0.013920078664662263,0.01818410846054001,25168.055677476088,32877.591083012674,79588.38021875659,103968.0718019621,0.020695419772236722,0.02459433163608471,37418.141782392784,44467.52945000759,118326.55384347372,140618.6749826385,0.02400489909475259,0.02777034052674373,43401.81197988847,50209.879800022994,137248.58043482967,158777.58121135228
2024-01-17,1783168.573329362,-13105.70257409336,1796274.2759034552,0.008971912091238826,-0.8669258697935709,0.011531383790602373,0.015138979325643346,20713.52806862912,27193.75912608738,65501.92707469654,85994.21698042612,0.018937719039478267,0.019103168659083545,34017.337554901904,34314.53045055687,107572.26660827313,108512.0730629636,0.018987894108286586,0.019185893468886182,34107.46574029397,34463.126898384355,107857.27695548999,108981.97629030883,0.014833669778119098,0.018542393465033755,26645.339439681848,33307.22439492047,84259.96165770935,105326.69162627228,0.021204371645668435,0.02383088101285467,38088.867323810824,42806.798535506925,120447.57423920435,135366.98271216205,0.021550385982516542,0.025471604617317744,38710.403976184876,45753.98814007154,122413.04570998265,144686.8145589572,0.014484941775895507,0.018922001710101805,26018.92830000041,33989.10492045706,82279.07570461414,107482.9871790805,0.0215352195666517,0.025592345441992903,38683.1609335092,45970.87177748689,122326.89564473434,145372.66084041185,0.024978994307441604,0.028897233651979073,44869.1249123962,51907.35745382167,141888.631341775,164145.4768745949
2024-01-18,1797910.8007290969,14742.227399735011,1783168.573329362,0.009388773942241201,0.828463505451956,0.012029277351576256,0.015666561185993876,21450.229333193438,27936.11955900586,67831.58102584608,88341.76679323716,0.019817622067091388,0.019990758970519214,35338.160868155835,35646.8931532319,111749.07666480563,112725.37387287439,0.01987012841955975,0.020077327422233126,35431.78854577757,35801.25929576992,112045.15337812228,113213.52247690877,0.015522886410870447,0.01940392848490944,27679.923215225597,34600.475473420935,87531.60281868401,109416.31062080296,0.02218959012793458,0.024938134970429314,39567.77977119241,44468.89855671551,125124.30603290406,140623.00447819536,0.02255168132504002,0.026655091497349084,40213.44941455003,47530.52147729158,127166.09272194275,150304.70624379252,0.015157955463385582,0.01980117446361615,27029.189818235278,35308.83201853221,85473.80313465605,111656.33069884239,0.02253581023216472,0.026781442301608734,40185.14858051041,47755.826260662274,127076.59762669513,151017.18252697474,0.02613959304016282,0.030239885495478003,46611.30082883726,53922.81347661478,147397.87532241995,170518.90843052533
2024-01-19,1818320.6570361871,20409.85630709026,1797910.8007290969,0.009085801678583959,1.192282889097693,0.011641097019214577,0.015161007049165636,20929.654063181184,27258.13832362487,66185.3774790502,86197.80187857848,0.01917811473046708,0.019345664570037915,34480.539611528555,34781.77927775338,109037.04012408764,109989.643590947,0.019228926722355284,0.019429439489823334,34571.89504055092,34932.39911086581,109325.93135642016,110465.9453243767,0.015021968605912305,0.018777770887220713,27008.159604783148,33760.757091750515,85407.2997604678,106760.88794161384,0.021473540259011874,0.024133390575701963,38607.50996156854,43389.683574268354,122087.66626619636,137210.2270486837,0.021823946907068386,0.025794941550335338,39237.50985875662,46377.00401752366,124079.9008669826,146656.96375015425,0.014668813845171125,0.019162197885074554,26373.21884611768,34451.9225432838,83399.44078380964,108946.54500847774,0.021808587968491906,0.0259172150608592,39209.89585720223,46596.840882737575,123992.57772675931,147352.14895790166,0.025296078037759136,0.029264055571606842,45480.09192017325,52614.161585328446,143820.67866156826,166380.58778977348
2024-01-22,1827363.2090338825,9042.551997695118,1818320.6570361871,0.008816937108938262,0.511006301550081,0.011296616845533002,0.014712366656180014,20540.871764855627,26751.800204822535,64955.93990238638,84596.62015699818,0.01861060118064167,0.01877319293097569,33840.0405666228,34135.68450491882,107011.604303023,107946.51252446069,0.018659909557899583,0.018854488806142704,33929.6990075558,34283.50647406684,107295.12918783094,108413.96663517957,0.014577442600685955,0.01822210420341027,26506.46500758659,33133.62848772683,83820.80214352596,104777.73316705717,0.02083810110187978,0.02341924185214773,37890.349686956535,42583.69123188664,119819.80635103061,134661.45547010322,0.021178138611805883,0.025031624662700203,38508.646915422316,45515.520203364256,121775.03386395196,143932.71273004133,0.014234738299477566,0.018595155342204614,25883.318697444225,33811.955079527455,81850.24048794639,106922.79019460644,0.021163234170758258,0.025150279888789834,38481.54586238384,45731.273452028334,121689.33280936137,144614.9844084005,0.024547523383371603,0.02839808160632719,44635.268847063424,51636.818404984115,141149.1135306783,163289.95728425268
2024-01-23,1819725.300087172,-7637.908946710173,1827363.2090338825,0.008578989585058068,-0.5412865334174393,0.010991748842800754,0.014315315937432503,20085.91743827485,26159.28166976054,63517.247999043044,82722.91203033594,0.018108346665934267,0.018266550463409227,33090.52647375965,33379.62227279484,104641.43263118049,105555.63381811799,0.018156324330935746,0.018345652362146705,33178.1990936387,33524.17017231243,104918.67779843244,106012.73441158673,0.014184033151522201,0.017730334269983754,25919.380336808583,32399.760528840932,81964.27740449735,102457.03891515892,0.02027573182349048,0.022787213910809605,37051.12637048397,41640.51633699857,117165.949205457,131678.874570367,0.02060659255439303,0.024356082460958772,37655.72909744936,44507.40900535148,119077.87090221653,140744.78520959994,0.013841886386837799,0.017829024001719658,25294.153926934334,32580.10251372455,79987.13789600473,103027.33034514681,0.02027573182349048,0.024020371215145157,37051.12637048397,43893.942625892756,117165.949205457,138804.83418257325,0.022152699253361233,0.0271986003234049,40481.02759638467,49701.72156820717,128012.24922870692,157170.64378705045
2024-01-24,1818964.849129884,-760.4509572884999,1819725.300087172,0.008624423280497881,-0.10124380184173021,0.011049960333131097,0.014391128793710914,20107.892383158334,26187.901162728736,63586.73887633152,82813.41481359462,0.018204247132904357,0.018363288766010264,33126.72907678542,33416.14116031543,104755.91531396883,105671.11668029854,0.0182524788840774,0.018442809582563217,33214.49761466252,33560.847202080426,105033.46380056322,106128.7173634634,0.014259150743859283,0.017824232811214244,25947.737366357556,32435.20740121046,82053.9502055488,102569.13176777592,0.020383110602232937,0.022907893313259143,37091.66205735835,41686.07303383542,117294.13430249943,131822.93749504525,0.020715723547138288,0.02448507047541743,37696.92624833912,44556.102218534535,119208.1477321378,140898.76666985053,0.01391519199517044,0.017923445196482975,25321.82692918214,32615.746688765965,80074.64761280277,103140.0471235954,0.020383110602232937,0.024147581327632173,37091.66205735835,43941.96467780485,117294.13430249943,138956.6932445303,0.02227001831303231,0.027342642102594728,40525.31575762954,49756.097605320334,128152.30069162151,157342.59591446188
2024-01-25,1843235.1802002424,24270.331070358865,1818964.849129884,0.00841813995768939,1.5204681825077437,0.010785661786980805,0.01404691448859389,19618.739665121495,25550.843693485567,62039.90216367298,80798.86221036354,0.017768828732662563,0.01792406632746064,32320.87487492231,32603.24660312348,102207.58057406428,103100.51838201798,0.017815906852389974,0.018001685124859675,32406.508319869597,32744.432467224055,102478.37730398435,103546.98728599481,0.013918093156562773,0.017397903785930462,25316.522218702874,31646.175435151243,80057.87264536052,100073.99360834812,0.019895577042312526,0.02235997072208865,36189.35529312199,40672.000771052604,114440.78977933596,128616.15943265076,0.02022023438239044,0.023899424162313745,36779.89558273572,43472.21246569412,116308.24214461083,137471.20631835787,0.013582361387380957,0.01749474315913434,24705.837931824964,31822.32285102087,78126.71936755064,100631.02064644903,0.019895577042312526,0.023570007250845362,36189.35529312199,42873.01468302421,114440.78977933596,135576.37655619837,0.02173735273909111,0.026688646944444165,39539.480545543935,48545.710662781625,125034.81602383584,153515.01632591223
2024-01-26,1839583.8319825537,-3651.3482176887337,1843235.1802002424,0.008227292030604207,-0.2963428099145619,0.01054113969485202,0.013728456429501847,19429.799524956492,25304.773860704016,61442.42097932011,80020.72107531707,0.01736599103366913,0.01751770923186394,32009.605612300915,32289.25793269018,101223.26073857957,102107.59902396079,0.017412001843800096,0.017593568330961346,32094.414356203823,32429.084092884816,101491.44953481067,102549.76816665141,0.013602555610114383,0.017003475338570263,25072.709041193004,31341.403929719938,79286.86768086639,99110.22148526683,0.019444523762636348,0.02185304709246925,35840.83026153091,40280.305195411944,113338.656857926,127377.5092642155,0.019761820785509,0.023357599533258864,36425.68329666258,43053.5491847315,115188.12454540457,136147.27677783696,0.013274435226883267,0.017098119263168027,24467.906007480626,31515.854941130754,77374.31255855567,99661.88402144502,0.019444523762636348,0.023035650843394845,35840.83026153091,42460.12203335476,113338.656857926,134270.69535410096,0.02124454450218534,0.026083587754212607,39158.691813757665,48078.186574404914,123830.65632406427,152036.57534564796
2024-01-29,1852673.3560956372,13089.524113083724,1839583.8319825537,0.008133461009679934,0.8157777830471619,0.010420919591372757,0.013571885460864434,19170.155194679563,24966.621063325303,60621.353514095994,78951.38803844292,0.017167934533183965,0.017317922408281398,31581.85479578017,31857.77006580283,99870.59388737724,100743.11458186922,0.017213420596986242,0.017392916345830116,31665.530223331367,31995.72770081416,100135.19882262743,101179.3749291152,0.013447420521274888,0.01680955327474368,24737.657372807687,30922.582427067864,78227.34127492935,97785.79160383201,0.01922276191083291,0.02160381639646805,35361.88201721828,39742.03135206222,111824.08952455933,125675.33791433771,0.01953644020916271,0.023091209644290133,35938.91954326958,42478.21592255574,113648.84240227017,134327.91325570678,0.013123042301374078,0.01690311779969984,24140.93644403088,31094.702214424342,76340.34401250353,98330.08216226233,0.01922276191083291,0.02277293273052726,35361.88201721828,41892.718857904256,111824.08952455933,132476.40896806523,0.02100225368616761,0.025786108381991284,38635.406316269924,47435.708069260974,122175.88228546869,150004.87992169292
2024-01-30,1853558.5459327588,885.1898371214047,1852673.3560956372,0.007977237550528407,0.0028189787897726967,0.010220759769598652,0.013311203459514555,18935.729304189605,24661.31198701069,59880.03375763452,77985.91596696657,0.016838181416267445,0.016985288399128398,31195.650075023397,31468.191262665503,98649.30732667653,99511.15823583292,0.016882793806461162,0.017058841890558875,31278.302261687037,31604.461856486556,98910.67649012702,99942.0836904111,0.013189129180356361,0.016486683766148636,24435.14822254972,30544.439743918054,77270.72334707207,96589.99944455124,0.018853540695340208,0.02118886107494946,34929.452514321616,39256.038359570826,110456.62736795149,124138.49313118379,0.019161194017492274,0.02264768521571897,35499.433627187056,41958.76297640361,112259.06590788378,132685.25880858125,0.012870981455385816,0.016578451150413377,23845.724409194347,30714.45473170393,75406.80158972711,97127.63404232031,0.018853540695340208,0.022335521606043615,34929.452514321616,41380.42577401544,110456.62736795149,130856.39599342486,0.020598852880910647,0.025290821683659974,38162.94589859701,46855.63148708264,120681.83126134782,148170.51670468354
2024-01-31,1826691.2270091176,-26867.31892364123,1853558.5459327588,0.0078404033630913,-1.9203426467954876,0.010045442267868961,0.013082875332433517,18619.81536328267,24249.87537780503,58881.026159768764,76684.83916910009,0.016549354756986004,0.01669393840212026,30675.197939484362,30943.19219052507,97003.4931652745,97850.9653983941,0.01659320190731779,0.016766230224687387,30756.47119969664,31077.189316045424,97260.50178041284,98274.70151495388,0.01296289500305302,0.016203886373895464,24027.484812937982,30034.85206565732,75981.5784539888,94978.54171369025,0.018530144418744628,0.02082540686294389,34346.707544732315,38601.11086333638,108613.82596904373,122067.43054081158,0.018832520539098157,0.022259207677699677,34907.179386699594,41258.74461669232,110386.19355405027,130471.60638795851,0.012650204491203632,0.016294079664950677,23447.894642467458,30202.030611078513,74148.75340585667,95507.20669313513,0.018530144418744628,0.021952398635141927,34346.707544732315,40690.05609388995,108613.82596904373,128673.25537670642,0.020245519126181326,0.024857006216490993,37526.25499317852,46073.91629888059,118668.43783471054,145698.51622841787
2024-02-01,1846679.6259270955,19988.398917977695,1826691.2270091176,0.01025904989432985,1.0164472724360938,0.013185711190146249,0.017566604918130495,24086.222952916105,32088.763092284193,76167.32476184146,101473.57866916592,0.02165458182548706,0.021843767350854162,39556.2346451683,39901.81818463349,125087.7971387942,126180.6282453669,0.02171195516230995,0.02193836011353771,39661.03801620691,40074.60995436609,125419.21449773994,126727.04379865325,0.01718136038365777,0.021282730750913328,31385.040280909652,38876.97754949055,99248.21174380531,122939.7975996216,0.02424641531020491,0.027249731701612812,44290.714133570866,49776.84583768836,140059.53585749507,157408.2075861673,0.024642069916467117,0.02912583850580545,45013.45293175578,53203.91367783916,142345.03661313216,168245.54765695767,0.016562995589366747,0.021384081326685705,30255.478736086945,39062.11375710627,95676.22450482719,123525.24969305309,0.02424641531020491,0.0287243834875026,44290.714133570866,52470.57931786656,140059.53585749507,165926.54079298244,0.026490957318580102,0.03252501882736092,48390.799328923255,59413.16655024657,153025.14367554503,187880.92930170795
2024-02-02,1853353.0178741585,6673.391947063152,1846679.6259270955,0.009861855133306278,0.3196175714122905,0.01267520627409251,0.01688648702082806,23407.04518078993,31183.931534845517,74019.57606576392,98612.25004886222,0.02081619166832509,0.020998052587582333,38440.8370432893,38776.67589763402,121560.60022016686,122622.61592667771,0.020871343708922383,0.021088983047210956,38542.685192988625,38944.59532480639,121882.67234869051,123153.62377993316,0.016516157815979583,0.020458737375151484,30500.052137366052,37780.73348288543,96449.6335079635,119473.16947770408,0.023307678367309455,0.02619471678476748,43041.81476857208,48373.24979336062,136110.16929576092,152969.64717128896,0.02368801460214342,0.027998187253098463,43744.17394444178,51703.68196318865,138331.22402702796,163501.39842064225,0.015921733957664472,0.02055616400882999,29402.34170905056,37960.64926232219,92978.36834316756,120042.11312772875,0.023307678367309455,0.027612275178021242,43041.81476857208,50991.02599674429,136110.16929576092,161247.78237856954,0.02546531950905404,0.031265763124982374,47026.28670509388,57737.84775196763,148710.17588819165,182583.10609225032
2024-02-05,1844199.8489244997,-9153.168949658982,1853353.0178741585,0.009507023564497773,-0.5686461427220721,0.012219149754663613,0.016278907757061683,22646.39807366209,30170.56281924532,71614.19871162185,95407.69679800619,0.020067220825978713,0.02024253835209007,37191.64427817481,37516.569544279526,117610.30584580134,118637.80975602855,0.020120388484852324,0.02033019711514575,37290.18271920152,37679.03217733188,117921.91175652792,119151.56171114213,0.015921903072899805,0.01972262781153103,29508.90711045869,36552.991774909846,93315.35773138737,115590.70930211592,0.02246906332292239,0.02525222550644372,41643.10631834378,46801.28835040627,131687.06481051524,147998.66861758838,0.022835714982080008,0.026990806737716613,42322.641277352115,50023.493122205255,133835.94303069072,158188.17478393627,0.015348866706829518,0.019816549014962933,28446.868432050684,36727.060920732736,89956.89654442297,116141.16427327624,0.02246906332292239,0.02661877985819041,41643.10631834378,49333.99598230506,131687.06481051524,156007.7933816799,0.024549072094194872,0.030140814560065343,45498.09685178635,55861.56962608248,143877.61525458127,176649.7936905011
2024-02-06,1853031.856678199,8832.007753699552,1844199.8489244997,0.009505636713852938,0.4547252582736819,0.012217367268736066,0.016276533048135495,22531.26687125818,30017.179788386107,71250.12188227165,94922.65706607119,0.020064293491471364,0.020239585442888126,37002.567025748314,37325.840416068786,117012.39107440702,118034.67129474433,0.020117453394436775,0.02032723141859651,37100.60451076597,37487.477111229025,117322.41282313743,118545.81140491301,0.01591958044254196,0.01971975074502197,29358.887847077305,36367.1613447983,92840.9551662015,115003.06188439472,0.022465785616209367,0.025248541801970968,41431.39843938351,46563.356976758776,131017.58571439754,147246.26355004974,0.022832383789532385,0.026986869415222894,42107.47873524182,49769.18049849926,133155.5393304703,157383.96765529198,0.01534662766897025,0.01981365824756414,28302.248428615483,36540.34554679946,89499.56793834637,115550.71841747705,0.022465785616209367,0.026614896805649248,41431.39843938351,49083.188668119496,131017.58571439754,155214.67101502404,0.0245454909632307,0.030136417725680226,45266.79072616773,55577.57701682509,143146.1610608774,175751.73020659355
2024-02-07,1863434.5091043324,10402.652426133398,1853031.856678199,0.009189701760733653,0.5596446472219047,0.011811303638125813,0.01573555658750419,21886.72191034624,29158.487639207753,69211.89175140571,92207.2340657625,0.019397424788782407,0.01956689063342483,35944.04607113318,36258.071679874476,113665.05390680747,114658.09007405085,0.0194488178378319,0.01965162355574604,36039.27902823372,36415.08448424511,113966.20695955829,115154.6081576725,0.015390467869423802,0.019064333468441955,28519.027251224554,35326.81724335933,90185.08276628064,111713.2049735263,0.02171909950363142,0.024409366362106853,40246.18327859268,45231.33347031324,127269.60628893583,143034.03537279787,0.022073513203658336,0.026089917892647946,40902.923155185745,48345.44899319519,129346.40012922781,152881.73332199102,0.014836558092455794,0.01915511980579485,27492.61478877732,35495.047218625376,86939.28156616533,112245.1948660808,0.02171909950363142,0.02573030838430623,40246.18327859268,47679.08111827361,127269.60628893583,150774.49307767264,0.023729682536062766,0.029134785956240687,43971.857688184624,53987.6865144146,139051.22324344944,170724.05498870698
2024-02-08,1875889.246616696,12454.73751236382,1863434.5091043324,0.008909056352593534,0.6966313299417493,0.011450596814716994,0.01525500653095268,21337.437254383793,28426.70560638919,67474.90115478239,89893.13609126776,0.018805044498490978,0.01896933500530702,35041.96886373066,35348.11346364991,110812.4353060914,111780.54953519723,0.0188548680490299,0.019051480258715038,35134.81178717099,35501.18576360954,111106.03040879148,112264.60664975016,0.0149204565187685,0.018482125494073146,27803.293568663918,34440.230447252856,87921.7341312891,108909.57135439855,0.021055817309787315,0.023663925784872246,39236.13659245403,44096.17592841477,124075.55821763247,139444.35203728068,0.021399407527172006,0.025293154749951596,39876.394460519325,47132.13740517596,126100.23137056238,149044.9051923744,0.014383462659147693,0.018570139296542613,26802.640679469376,34604.238404051954,84757.39185420625,109428.2100522742,0.021055817309787315,0.02494452739966759,39236.13659245403,46482.493169839145,124075.55821763247,146990.5497399116,0.023004998904998214,0.028245035221271086,42868.30884148105,52632.773342183864,135561.49537861414,166439.44333269386
2024-02-09,1886704.7984535545,10815.55183685827,1875889.246616696,0.008660443819858265,0.6112635797283983,0.011131061079082268,0.014829306472444336,20880.63778168406,27818.1365464417,66030.37438708733,87968.67174832615,0.018280278512516686,0.01843998439472296,34291.7778867883,34591.368433840486,108440.1231388467,109387.51163298743,0.018328711707152674,0.018519837335826093,34382.633195785245,34741.16370736657,108727.43285279542,109861.20588005778,0.014504092277945437,0.01796637075557326,27208.070736134105,33702.921701108564,86039.47426515791,106577.99637781968,0.020468242165684263,0.023003569817753027,38396.155375753544,43152.14925491929,121419.30438109946,136459.07757708285,0.02080224429306409,0.024587334176550457,39022.70637485246,46123.11578476218,123400.63260850614,145854.098663513,0.013982083552352293,0.018051928480375058,26228.84018115384,33863.41851702925,82942.87535698953,107085.53187333382,0.020468242165684263,0.02424843548047007,38396.155375753544,45487.37936509256,121419.30438109946,143843.72358583633,0.022363030685583065,0.027456840662201668,41950.56878484447,51505.992144292155,132659.34649967065,162876.24832270312
2024-02-12,1898081.4767422408,11376.67828868609,1886704.7984535545,0.00844079413601714,0.6583057865547829,0.010848750599655052,0.014453199595474966,20468.389813595062,27268.92102978959,64726.731847149684,86231.89978939935,0.01781664668494278,0.01797230204187993,33614.75279283316,33908.42850167148,106299.18180885895,107227.86594225248,0.017863851497279842,0.0180501297203485,33703.81433877959,34055.26635609064,106580.81914598541,107692.20800894924,0.01413623361509629,0.017510700383670922,26670.899793662607,33037.522438154425,84340.7905940887,104473.81915348732,0.019949118317762377,0.022420143963052502,37638.09725503998,42300.193197110646,119022.11412085775,133764.95596802945,0.02027464934790894,0.023963740248720583,38252.278211663026,45212.5037161557,120964.32483928764,142974.490461879,0.013627464286227357,0.017594088158803423,25711.002259579596,33194.85055362928,81305.32806600728,104971.33433836984,0.019949118317762377,0.023633436838632064,37638.09725503998,44589.31868739612,119022.11412085775,141003.80636728118,0.02179585044378593,0.026760469148665603,41122.33561866695,50489.1055516557,130040.24326085692,159660.57056788413
2024-02-13,1872623.5110662333,-25457.965676007327,1898081.4767422408,0.008247228183703811,-1.692498458598694,0.010599964915820935,0.014121755977896963,20119.597060837343,26804.243440720235,63623.75231707532,84762.46023030442,0.017408071836767614,0.017560157674425803,33041.93869916689,33330.61001050072,104487.7845970285,105400.64343599099,0.01745419413905804,0.0176362005932549,33129.48258680905,33474.945666167645,104764.62267720359,105857.07285547226,0.013812058723760658,0.017109141556288125,26216.41281924618,32474.544670951404,82903.57658805411,102693.52713708972,0.019491641210423398,0.021906000809306783,36996.72313281036,41579.374365645745,116993.9110623209,131485.52668025933,0.01980970709892067,0.023414199041165245,37600.4381041506,44442.05749279169,118903.02542929933,140538.1255813739,0.013314956593269435,0.017190617066550198,25272.872473311683,32629.191827787967,79919.84003063792,103182.56438636254,0.019491641210423398,0.023091470213882075,36996.72313281036,43829.491883714756,116993.9110623209,138601.02304040248,0.021296023711887803,0.026146792803567926,40421.58813579778,49628.743096669605,127824.28515036052,156939.865596834
2024-02-14,1896928.298359028,24304.78729279456,1872623.5110662333,0.0102207452179165,1.2171626479507205,0.01334823187445275,0.017769133037554227,24996.212839263917,33274.8962973878,79044.96545041831,105224.46120564897,0.021573729138519418,0.02176220829337405,40399.47240616614,40752.42290289281,127754.34907260808,128870.47654355215,0.021630888257931885,0.021856447870801363,40506.50991704976,40928.898151256144,128092.83140207539,129428.5402790242,0.01711720956495467,0.021203266461042123,32054.089075181928,39705.735286349605,101363.92979949512,125560.55967658269,0.02415588537788102,0.02714798815168059,45234.87888924104,50837.96089098461,143045.24697186917,160763.7480140744,0.024550062710728977,0.029017090051443317,45973.024630261505,54338.08505305885,145379.46875864663,171832.11245961735,0.016622004565542085,0.02130741890851284,31126.756550484377,39900.77360821836,98431.44687309652,126177.325004705,0.02415588537788102,0.02861713396381426,45234.87888924104,53589.11787997061,143045.24697186917,169463.67029996094,0.026392046838718913,0.03240357870041419,49422.36741534629,60679.703317080624,156287.24839018323,191886.07022524916
2024-02-15,1913393.2760279195,16464.97766889166,1896928.298359028,0.009827592591481953,0.8330797587430027,0.012834776905386588,0.017085623061106205,24346.651514952733,32410.20187970796,76990.87218563966,102490.0573657477,0.02074387103209404,0.020925100121206953,39349.63597828928,39693.414565913394,124434.47478990212,125521.59813759007,0.02079883146076111,0.021015714665763408,39453.89197071779,39865.30385972545,124764.16118569748,126065.15981143406,0.016458776568709383,0.020387658624195018,31221.119029553334,38673.926581519016,98729.84723261438,122297.69405972965,0.023226701685529698,0.026103709812216914,44059.38770482462,49516.8658349465,139328.01745966426,156586.07863140618,0.023605716537522685,0.027900914574804415,44778.351703068474,52926.034407044346,141601.58124977615,167366.81624669934,0.015982620194616333,0.02048780472893831,30317.8845290922,38863.896561577,95873.56894991279,122898.43188376965,0.023226701685529698,0.027516343254426402,44059.38770482462,52196.530186681994,139328.01745966426,165059.92134764892,0.025376846644369375,0.031157138073989565,48138.05852282161,59102.85690843031,152225.90707059685,186899.64405365754
2024-02-16,1913488.564823717,95.28879579761995,1913393.2760279195,0.00947646360120099,-0.04277851950292308,0.012179871765555133,0.016453058048411844,23304.884739095498,31481.170639928267,73696.51638324068,99552.20263059385,0.02000271551285417,0.02017746948748941,38273.06136459453,38607.43444462075,121030.0469395108,122087.4274606394,0.020055712266323713,0.02026484647480703,38374.46499633446,38774.62098463386,121350.7133788219,122616.11772120371,0.015667867707024205,0.019575234834457094,29978.79272031509,37455.122708917705,94801.26649827085,118443.49780127582,0.02239683737903962,0.025171053194268034,42853.95804534518,48162.12393245354,135516.11417658805,152302.0085778587,0.02276231045047517,0.026904045822729993,43553.25176279923,51478.0203751586,137727.4750771891,162787.7938220567,0.015411578890376277,0.01975579817488346,29488.411421819794,37800.61139038666,93250.54467307481,119536.02894052611,0.02239683737903962,0.026533214809365963,42853.95804534518,50768.474807645245,135516.11417658805,160544.01372503772,0.024470160041744488,0.030043928065523508,46821.03968720097,57485.849946039176,148061.12782869273,181786.21906015134
2024-02-20,1904310.752032116,-9177.812791601522,1913488.564823717,0.009165559929740566,-0.5742262873414443,0.0117802747207938,0.015913266374083624,22541.420968720842,30449.85323580279,71282.231957837,96290.89064298502,0.019346466731258408,0.01951548738019296,37019.24286000544,37342.66193896079,117065.124692543,118087.86562079572,0.019397724768058677,0.019599997704660234,37117.32452727807,37504.37147843846,117375.2861578313,118599.23608492207,0.01515383654528865,0.018933010832355573,28996.692942617574,36228.09972539596,91695.59431120167,114563.31043197184,0.021662042284236217,0.024345241669847494,41450.07020161383,46584.34154312303,131076.63101097447,147312.62257547173,0.02201552492078899,0.026021378302921633,42126.4551845213,49791.60982359253,133215.54813209613,157454.8954089671,0.014905956048178823,0.019107650253498105,28522.376445955102,36562.270260719626,90195.6738499566,115620.05045051238,0.021662042284236217,0.02566271350771642,41450.07020161383,49105.308839362515,131076.63101097447,155284.62113838494,0.023667343409046363,0.029058247337590326,45287.190972966186,55602.62399429831,143210.67230559007,175830.93570391185
2024-02-21,1910363.528759383,6052.776727267075,1904310.752032116,0.009196022914797973,0.29558769315803685,0.011782316930207074,0.015442852160225532,22437.192814043367,29407.98941075987,70952.63359273983,92996.2279441142,0.019410767344801464,0.019580349756851672,36964.13295989932,37287.07057052207,116890.85188658329,117912.07027828378,0.019462195744658774,0.01966514096287678,37062.0686147074,37448.539375833454,117200.55161991685,118422.67947413404,0.015204202382158433,0.018995937268983444,28953.52607241662,36174.16758625276,91559.08868190579,114392.76203319423,0.02173403902807686,0.024426156391794934,41388.36420625241,46514.99224771309,130881.49952034457,147093.32084784846,0.022088696512250275,0.02610786389294466,42063.7422666525,49717.485923925575,133017.23247291564,157220.4950569657,0.014846763447529164,0.018847451226246453,28272.851266007194,35891.40401854201,89406.60594775784,113498.585119913,0.02134640529452354,0.025022859224076988,40650.18911959646,47651.29986699582,128547.18493451962,150686.64104738535,0.023468863920077354,0.028235145426425357,44692.0099009819,53768.49102073223,141328.5444978991,170030.89797582565
2024-02-22,1943863.4452465847,33499.91648720205,1910363.528759383,0.008914663661529768,1.8989743268106558,0.011421828061924906,0.014970366457178783,21819.843761261807,28598.84209195716,69000.4044746026,90437.47945407926,0.018816880285569815,0.018981274195887927,35947.08182258402,36261.13395320588,113674.65379580228,114667.77383259607,0.018866735194765494,0.019063471151046982,36042.32282284105,36418.160018516806,113975.83228324719,115164.33385099296,0.014739018348971763,0.01841474224863064,28156.88310359099,35178.85198328853,89039.88241845829,111245.2977371234,0.021069069720355636,0.02367881972394597,40249.58237865606,45235.1536046947,127280.35518713092,143046.1156984112,0.021412876191451168,0.02530907411638524,40906.37772198843,48349.53213861046,129357.32442865349,152894.64536152096,0.014392515527993803,0.01827079924830365,27494.936751782454,34903.86852524364,86946.6242579042,110375.72369083221,0.020693295933088295,0.024257265983264976,39531.71784039674,46340.19624184502,125010.2681947664,146540.56734340522,0.02275081633703138,0.027371269867751548,43462.32977976788,52289.075691183214,137439.95452143086,165352.57592908214
2024-02-23,1943774.765120061,-88.68012652359903,1943863.4452465847,0.008665404417902606,-0.0577942308716603,0.011102467025810804,0.014551786198672713,21581.679803529194,28286.685254643642,68247.26391160747,89450.3528609739,0.018290749236156884,0.018450546595971395,35554.71882633726,35865.3430727276,112433.89305809441,113416.17317316124,0.018339210172744164,0.018530445275878653,35648.92026949168,36020.65519592278,112731.78417733728,113907.31323069466,0.014326906719755105,0.01789985521545062,27849.550255989605,34794.87422852089,88068.0106202525,110031.05346122007,0.020479966128586186,0.023016745985836834,39810.2575172469,44741.411150394284,125891.08799234017,141484.76496530027,0.020814159568366894,0.02460141750580803,40459.88392847784,47821.79619078964,127945.38708003111,151225.79776325938,0.013990092321621897,0.017759936946145367,27194.829059625732,34522.89221949624,85997.6004073523,109170.97083011373,0.020114699197611514,0.023579018547240684,39100.22848236783,45834.3922287724,123645.77903727116,144941.07461244214,0.02211469011989311,0.02660595305004674,42987.937727016026,51718.339559932734,135939.79513085223,163547.7498113778
2024-02-26,1939670.3593814296,-4104.405738631496,1943774.765120061,0.008448160103682713,-0.30408819515904717,0.010824124813624122,0.014186968509740158,21039.660667232452,27576.27138278588,66533.24890551253,87203.82694452438,0.01783219461103545,0.017987985802623663,34661.76989164065,34964.59287847781,109610.14059023219,110567.75095649279,0.01787944061725969,0.01806588139841777,34753.605486292035,35116.00437189638,109900.55023960654,111046.55613962306,0.013967726827493492,0.017451100421862212,27150.114933372337,33921.00862359182,85856.20192480725,107267.64778076336,0.019966527172677852,0.022439709190308153,38810.43166533521,43617.74046075371,122729.361036781,137931.4062460639,0.020292342281668607,0.023984652515146445,39443.74285228628,46620.76230911507,124732.06685521112,147427.79515013457,0.01363935646837024,0.017314689945961182,26511.83691569515,33655.85738283738,83837.78960853012,106429.16593555966,0.019610417594332085,0.02298788540823904,38118.234853329166,44683.27156000672,120540.44252173453,141300.91143744634,0.021560268138230483,0.02593893374595255,41908.30513631449,50419.44484950374,132525.69710808707,159440.28408567735
2024-02-27,1949201.7094654024,9531.35008397256,1939670.3593814296,0.00833381090208156,0.5335709515847626,0.010677615986225172,0.013994942257595351,20711.055237338278,27145.574678312332,65494.10729554815,85841.84437765954,0.017590828776162196,0.01774451127211065,34120.40917407572,34418.502556222695,107898.20768698388,108840.86172999129,0.017637435288931733,0.017821352520084877,34210.81044544892,34567.54924729618,108184.08160789817,109312.18875149499,0.01377866809857444,0.017214892848164406,26726.074102559323,33391.21739751186,84515.26707852802,105592.30082197748,0.019696272299081392,0.022135978816051245,38204.2755688337,42936.501985389834,120812.52715423942,135777.14103417355,0.0200176773711972,0.023660010719521323,38827.69546057158,45892.6214953024,122783.9539507867,145125.21172115798,0.013454742362651317,0.01708032874222061,26097.764953948426,33130.20738977601,82528.37909419637,104766.91470543404,0.01934498280528263,0.022676735251202472,37522.889750150134,43985.39121429743,118657.79600186084,139094.02001073927,0.021268441347822152,0.02558783997786192,41253.765272613055,49631.97476565395,130455.86031941437,156950.08503146822
2024-02-28,1949553.4940331976,351.78456779546104,1949201.7094654024,0.008153128003982556,-0.033696128311486856,0.010446117740842914,0.013691522038977362,20361.590557727875,26687.538163557907,64389.00294619828,84393.40573951023,0.017209447201683895,0.01735979775272967,33544.683904476835,33837.747455594326,106077.6045285369,107004.35284924536,0.01725504325238554,0.01743497302825256,33633.55980444935,33984.27923115307,106358.65480154735,107467.72700959959,0.013479936856259728,0.01684166182974842,26275.115963707143,32827.796028783836,83089.21223036466,103810.60601438738,0.01926924322408087,0.02165605518306561,37559.64183248305,42212.019783108575,118774.0162907869,133486.12715070994,0.01958368000754987,0.023147044999986117,38172.54254833963,45118.25968304554,120712.17853244136,142676.46466137058,0.01316303405875255,0.016710015168528016,25657.408489071786,32571.190131687614,81135.84968280625,102999.14691853253,0.018925569934268142,0.022185087637313406,36889.753268482484,43243.21074729106,116655.64265004561,136747.03930011168,0.020807326539012017,0.025033077560329887,40557.67645924706,48794.517573775025,128254.63421541396,154301.81286224216
2024-02-29,1958346.7794057096,8793.285372512182,1949553.4940331976,0.00799543397424051,0.505923719009351,0.010244073764480865,0.013426706954193493,19971.369800677483,26176.08345590776,63155.016563643825,82776.04394332021,0.01687659003599964,0.017024032576248,32901.81507204895,33189.26219155927,104044.67478133168,104953.6623858389,0.016921304188984004,0.017097753846372174,32988.98770523235,33332.985751314416,104320.3388518256,105408.15618809249,0.013219214154188376,0.016515918198569256,25771.56514267105,32198.666031187167,81496.84471824278,101821.12227764564,0.0188965464367128,0.021237193783064823,36839.82813085401,41403.04534323413,116497.76550264226,130927.92535184775,0.01920490152939268,0.022699345564765022,37440.982879191,44253.58845805462,118398.78373361246,139942.13416319137,0.012908440743972925,0.01638681778616277,25165.695754932905,31946.977871098974,79580.91748841855,101025.21443166987,0.018559520316668385,0.021755993936343726,36182.77768094097,42414.473994763975,114419.98954327867,134126.3435814348,0.020404880855773303,0.02454889935591492,39780.40676770395,47859.39251399325,125796.69163392122,151344.68777623062
2024-03-01,1973477.9012049248,15131.121799214976,1958346.7794057096,0.007856326554797777,0.9217529378753103,0.010065843705856276,0.013193104305227956,19712.41260336487,25836.67332650677,62336.12200364234,81702.73487348061,0.01658296508750223,0.016727842369710044,32475.19627210731,32758.916231128038,102695.58768086838,103592.78896902352,0.016626901287663233,0.016800281010813954,32561.238588191936,32900.7762106384,102967.67737485195,104041.3896131011,0.012989221539156538,0.01622856834767533,25437.40016819448,31781.164558035416,80440.12228464478,100500.86669601046,0.018567777564421465,0.020867701491228595,36362.147394006366,40866.19600894724,114987.20637981618,129230.25869515605,0.01887076778493144,0.02230441423336681,36955.5073165335,43679.77778044476,116863.57520726298,138127.58547621962,0.012683855075864264,0.01610171407041007,24839.38673826754,31532.73989269916,78549.03777470616,99715.27892658282,0.018236615145333774,0.021377475373918355,35713.61653712578,41864.51005033788,112936.37173917286,132387.20488607808,0.02004986944188033,0.024121788826259767,39264.59724901129,47238.827461410445,124165.55871605722,149382.2887737668
2024-03-04,1981434.664875089,7956.76367016416,1973477.9012049248,0.0077346998902840915,0.46136935076678454,0.009910010698289689,0.01298885703265932,19557.187113779084,25633.222315863342,61845.255905636506,81059.36628758423,0.01632623814046512,0.016468872524484344,32219.470180016895,32500.955984830813,101886.9107727287,102777.04704494627,0.016369494148243628,0.016540189716493958,32304.83495546213,32641.698887237777,102156.85789508447,103222.11518105508,0.012788130650250942,0.015977327946173084,25237.093235991597,31530.90362207645,79806.69614776275,99709.4721290146,0.018280323009568028,0.02054464097296444,36075.8134862704,40544.39494833457,114081.73906003404,128212.63439016211,0.01857862252766844,0.02195911143972475,36664.500993181646,43335.82115639305,115943.33241195968,137039.899127914,0.012487491676851752,0.015852437546365748,24643.788865747363,31284.435177984025,77930.50299205913,98930.07047432466,0.01795428743699887,0.021046522859748062,35432.38948879848,41534.84776091708,112047.05372681234,131344.72119284273,0.019739470080659585,0.023748350591917308,38955.407985677484,46866.8450832157,123187.8164158528,148205.97720922527
2024-03-05,1972292.671521796,-9141.993353292812,1981434.664875089,0.0076285557667342685,-0.6658784141928977,0.009774014549135842,0.012810609542103486,19366.571242651222,25383.38582490344,61242.47559469533,80269.31393352686,0.016102191407835947,0.016242868404769115,31905.440235939957,32184.182514213862,100893.86089595027,101775.32137548029,0.016144853808739073,0.016313206903235695,31989.972995976208,32323.553653350806,101161.1769545653,102216.05161524526,0.012406325182714804,0.015533143946850294,24582.322780743885,30777.909870783828,77736.13016459462,97328.29681105555,0.017707898807705607,0.02019839237157503,35087.04453968815,40021.79481978733,110954.97710918875,126560.02767845604,0.018323666080367944,0.021657764177288572,36307.14715923689,42913.44470456949,114813.28036610066,135704.22751013114,0.012316124477325352,0.01563489283055836,24403.595976289038,30979.518636075332,77170.94638359378,97965.839705631,0.017707898807705607,0.02075769914914418,35087.04453968815,41130.024657162416,110954.97710918875,130064.55813551931,0.019468583196776544,0.023422449406985825,38575.72562209772,46410.053191284685,121987.15535954459,146761.47441402578
2024-03-06,1983450.7677436052,11158.096221809275,1972292.671521796,0.007873197129064471,0.6587276008016665,0.009937469824201661,0.013106344802664779,19599.598907741925,25849.547804733524,61979.373774212865,81743.4475483634,0.016618575132746574,0.016763763522560725,32776.693945450425,33063.04794267092,103649.00703787406,104554.53788618435,0.01666260568093686,0.0168363577174678,32863.535072969215,33206.22494128117,103923.62279541056,105007.30331033951,0.0128041855886708,0.016031278798665817,25253.601401340413,31618.373689731332,79858.89955025566,99986.07676989304,0.01827577621737381,0.020846137813537953,36045.179499898695,41114.6848391743,113984.86588928889,130016.04937178444,0.018911290628166717,0.0223523104446781,37298.599914952036,44085.29808161871,117948.52926661105,139409.95326536678,0.012711092222583258,0.016136290683430317,25069.994037638655,31825.487860475045,79278.2820857792,100641.02928514019,0.01827577621737381,0.021423381088683975,36045.179499898695,42253.177520430036,113984.86588928889,133616.27934398467,0.020092924272798754,0.02417358764432066,39629.12729268339,47677.38975528347,125318.3039296217,150769.14451827368
2024-03-07,1997137.4059091303,13686.63816552516,1983450.7677436052,0.00774943773997086,0.8286445924321276,0.009781261974402081,0.0129003251642081,19400.65157262914,25587.159851090702,61350.24706083567,80913.7039842614,0.016357346476545076,0.016500252638932133,32443.991427151486,32727.438764653387,102596.90929677557,103493.24847999203,0.016400684905173744,0.01657170572012566,32529.95106668782,32869.16243340433,102868.73754455744,103941.41807160024,0.012602915614057145,0.015779281898551618,24997.262650509514,31297.42879612498,79048.28524506766,98971.15990269656,0.017988497890310953,0.020518455775545945,35679.29995109148,40697.34686091982,112827.85316578335,128696.31080641046,0.018614022601373167,0.022000952763660302,36919.99741949043,43637.80665017282,116751.2830531288,137994.86110858864,0.012511285589726045,0.01588264309345113,24815.51900840163,31502.440637503314,78473.56138575224,99619.46426875725,0.017988497890310953,0.021086625319408553,35679.29995109148,41824.28317890264,112827.85316578335,132259.99634919994,0.019777082056181828,0.02379360116741436,39226.86858806213,47193.43650289316,124046.25021438961,149238.74995967397
2024-03-08,1987877.0792079847,-9260.326701145852,1997137.4059091303,0.007641407415969894,-0.6677790887866997,0.009565626401703598,0.012281322039383012,19103.870297794212,24527.487638868017,60411.742265468885,77562.7262204484,0.016129318392579355,0.016270232384754526,32212.465093638355,32493.889698427378,101864.7587445663,102754.70148531234,0.016172052665830102,0.016340689380842113,32297.811309261768,32634.60200082189,102134.64717561213,103199.67285568536,0.012427225828187784,0.015559312270663555,24818.877553153896,31074.084545963113,78484.18203679302,98264.88336988263,0.017737730890099106,0.02023242013014697,35424.68585656678,40406.92305398539,112022.69270270388,127777.91008976067,0.018354535531464114,0.021694250505362386,36656.5294779752,43326.399177422274,115918.12426750465,137010.1042143001,0.012336873163782507,0.015661232568332992,24638.43086734656,31277.63338486014,77913.55951341306,98908.56131587991,0.017737730890099106,0.020792669158745048,35424.68585656678,41525.81734562286,112022.69270270388,131316.16451229577,0.0195013814629242,0.023461908658936294,38946.93838650884,46856.655396785,123161.03319161122,148173.75459146133
2024-03-11,1981282.6182578364,-6594.460950148292,1987877.0792079847,0.007886907487292167,-0.479027014309347,0.009827460917274525,0.01265454032459273,19535.784304262306,25155.67065917106,61777.57427923676,79549.21535204983,0.016647514661957994,0.016792955882331602,33093.21282228516,33382.332090637894,104649.92761111014,105564.2030145462,0.016691621884792486,0.016865676492518404,33180.892559585365,33526.89172481425,104927.195285624,106021.34071626423,0.012826482753133573,0.016059195612073977,25497.471071810756,31923.7068677593,80630.08316117666,100951.6250576791,0.018307601590817645,0.02088243920576811,36393.261577658035,41511.72225510062,115085.59806769223,131271.59192241923,0.01894422268420569,0.02239123468071455,37658.786057344456,44511.02219695937,119087.53785820083,140756.2111247035,0.012733227274580565,0.016164390364171114,25312.090643484662,32132.821104306167,80043.85877404861,101612.90233633443,0.018307601590817645,0.021460687690355355,36393.261577658035,42661.20916369835,115085.59806769223,134906.58869413385,0.0201279140215763,0.024215683446168264,40011.81893576054,48137.802079994115,126528.48116325769,152225.09612717235
2024-03-12,1995805.997145241,14523.378887404457,1981282.6182578364,0.0079443794251508,0.8620392114674397,0.009899073678557168,0.012746754028929493,19612.86261617898,25254.922196726053,62021.31730309434,79863.07627199733,0.016768825192060487,0.01691532624339989,33223.78188163357,33514.04186820882,105062.82323059681,105980.70590178449,0.016813253824468244,0.01698857676906959,33311.807558776025,33659.171861496456,105341.18486294559,106439.64723737838,0.012919949402884528,0.016176219058052502,25598.07118070583,32049.661648850575,80948.20863814605,101349.92904811545,0.018441009183421384,0.021034609654109786,36536.85095824592,41675.506489526204,115539.66755816274,131789.52314803103,0.019082269338187755,0.022554399729907984,37807.36855666587,44686.64015010593,119557.39697649691,141311.56385466334,0.012826014371150883,0.016282180364881677,25411.95933508646,32259.600944279104,80359.67130645122,102013.81539204057,0.018441009183421384,0.02161707183855678,36536.85095824592,42829.52869136352,115539.66755816274,135438.8617762395,0.020274586240787165,0.024392143263462295,40169.6853112411,48327.72946995282,127027.69847573162,152825.69926949285
2024-03-13,2000327.7613083688,4521.764163127868,1995805.997145241,0.00781166023313162,0.2314337282360018,0.009733699268543828,0.012533806131422113,19426.575374568016,25015.045444148043,61432.225320573605,79104.51937612616,0.016488684376585915,0.016632737974181837,32908.21516382521,33195.7181978175,104064.91364857877,104974.07807020322,0.016532370782083285,0.016704764772979795,32995.404753910574,33339.46971481363,104340.63134150495,105428.6602810154,0.012704108094971798,0.01590597834969544,25354.935124326115,31745.246980784523,80179.34491867505,100387.28534386259,0.018132932780235807,0.020683204434352263,36189.81598862615,41279.66345026129,114442.24662643691,130537.75754803044,0.018763480011429412,0.022177604822661446,37448.26593412567,44262.19670738493,118421.81477553016,139969.35583774178,0.012611742346481918,0.01601016946173972,25170.591009559204,31953.192227051728,79596.39764276413,101044.86595067159,0.018132932780235807,0.021255935977000248,36189.81598862615,42422.72449783238,114442.24662643691,134152.43396297318,0.019935878009420257,0.023984646922679032,39788.144889556876,47868.70216769396,125821.16172378838,151374.1274861523
2024-03-14,1991047.9143943803,-9279.846913988236,2000327.7613083688,0.007695697431657653,-0.6633766903345624,0.009485987028321435,0.012336389978648905,18975.083196162443,24676.82334861776,60004.48169106091,78034.9671992554,0.016243912589812698,0.016385827735627422,32493.14930566886,32777.02611159218,102752.36015783233,103650.05743944361,0.016286950477860943,0.016456785308534786,32579.239187919848,32918.96451455384,103024.60026924116,104098.90608024923,0.01251551771585204,0.015669856737315035,25035.13753416554,31344.849447376244,79168.05614353457,99121.11716877908,0.01786375239842441,0.02037616569251175,35733.35984370731,40759.00990375042,112998.80555651349,128891.30646921167,0.018484939260476417,0.021848381954735024,36975.937168829965,43703.92496372527,116928.18007278064,138203.94557446358,0.012424523121590002,0.015772501149569417,24853.118521134194,31550.171914751863,78592.46148489966,99770.40382049164,0.01786375239842441,0.02094039513033236,35733.35984370731,41887.65371197039,112998.80555651349,132460.39157023307,0.019639933204497678,0.023628598814272914,39286.303619198734,47264.942169008114,124234.20028558432,149464.87073020474
2024-03-15,1982900.3637276087,-8147.550666771829,1991047.9143943803,0.00793247954857014,-0.5743066831758102,0.009777852984528412,0.0127159574655652,19468.173792100162,25318.08059134124,61563.77106703387,80062.80065234104,0.016743707188562763,0.016889988796149974,33337.52327701808,33628.776966718855,105422.50510425762,106343.53014064,0.01678806927137438,0.01696312959994358,33425.850309478345,33774.403811569246,105701.81970579569,106804.0426588312,0.012900596625896566,0.016151988718584684,25685.706006434535,32159.383451459595,81225.3342898007,101696.89985333935,0.018413386417493214,0.021003101937092417,36661.93462348767,41818.18230766043,115935.2168384087,132240.70370036314,0.019053686029429306,0.022520615521126733,37936.80183042056,44839.62456421709,119966.70092657383,141795.34304976102,0.012806802299336279,0.016257791306097207,25498.95700815465,32370.041472663932,80634.78210448139,102363.0590077291,0.018413386417493214,0.021584691652119604,36661.93462348767,42976.155296798526,115935.2168384087,135902.53581499297,0.020244216961945134,0.024355606300807412,40307.2059606282,48493.179129033226,127462.5769531003,153348.8970302853
2024-03-18,1993177.6051522056,10277.2414245971,1982900.3637276087,0.008064601485514262,0.5845744394713651,0.009940711125865016,0.012927752140882372,19711.439707188827,25634.44442233603,62333.04543579917,81063.23092758114,0.01702258733087298,0.017171305378316785,33754.09460997301,34048.987680342194,106739.81932432757,107672.3530928945,0.01706768830046925,0.017245664402038688,33843.52533898993,34196.43421552679,107022.62412083034,108138.61997717796,0.01311546661749402,0.01642101330565515,26006.663526286204,32561.233256559495,82240.29108469067,102967.66051474979,0.01872007643343133,0.021352925783819345,37120.04636885962,42340.72430338401,117383.89337665915,133893.12657993965,0.01937104075927379,0.02289571479816949,38410.84376734633,45399.92120109387,121465.75315369712,143567.15658762393,0.013020110069685809,0.01652857812182648,25817.58099295349,32774.523569669924,81642.3596136046,103642.14370702922,0.01872007643343133,0.021944202351385597,37120.04636885962,43513.16682427475,117383.89337665915,137600.7153715839,0.02058140095851924,0.02476126885060764,40810.86744667155,49099.12901022699,129055.29441870241,155265.07880276602
2024-03-19,2005622.4573162636,12444.852164057547,1993177.6051522056,0.007916889099679601,0.7287110512809788,0.00975863564948442,0.0126909655971655,19450.694033392294,25295.348416027362,61508.495216566844,79990.91520217893,0.0167107992044245,0.01685679331099608,33307.59073845421,33598.582922156886,105327.85010624496,106248.04818805156,0.016755074098258133,0.01692979036428187,33395.83846531389,33744.079014008224,105606.91392145399,106708.14722895484,0.012875241868771507,0.016120243694465075,25662.6437537534,32130.50872140384,81152.40504335398,101605.58993954064,0.018377196855567973,0.020961822563437805,36629.01721799161,41780.63529661843,115831.1228623778,132121.96962613892,0.019016238026393264,0.02247635363515327,37902.73976845083,44799.36471106887,119858.98722894769,141668.03021554873,0.012781631885031834,0.016225838338191172,25476.062430544822,32340.977600502723,80562.38309316683,102271.15097407573,0.018377196855567973,0.02154226922544205,36629.01721799161,42937.56858431064,115831.1228623778,135780.51391611318,0.020204429096380313,0.024307737934692392,40271.01559979085,48449.638883337604,127348.13298351092,153211.21068400377
2024-03-20,2027019.740384356,21397.283068092773,2005622.4573162636,0.007787622756750827,1.3042429718245594,0.009599297413657133,0.012483748508442246,19252.56646728867,25037.686360020176,60881.96084041382,79176.11623859435,0.01643794658853268,0.016581556914807723,32968.3148301264,33256.34292560615,104254.9654807066,105165.79029254305,0.016481498565379935,0.016653362077945245,33055.66365295178,33400.35697334602,104531.1867117693,105621.20269846126,0.012665015931570127,0.01585703362252047,25401.240374625304,31803.222739746114,80325.77497724468,100570.62079125814,0.018077135429812045,0.020619559572282967,36255.90878197853,41355.05173814125,114651.25039035326,130776.1562466316,0.018705742386630617,0.022109361499706073,37516.65701139909,44343.03194073409,118638.08635134675,140224.97929031632,0.012572934404286936,0.01596090412520386,25216.559595602157,32011.547752580653,79741.76307547728,101229.40232539909,0.018077135429812045,0.021190528746814825,36255.90878197853,42500.200337017675,114651.25039035326,134397.43407843163,0.019874532766222232,0.023910843100354514,39860.80924460323,47956.12389543665,126050.94659044202,151650.5792628063
2024-03-21,2046267.1401031811,19247.39971882524,2027019.740384356,0.007674718489011137,1.1720861290702949,0.009398932941351232,0.012280604904605957,19051.822610667743,24893.028565497214,60247.153027205415,78718.66812660516,0.016199630688970956,0.016341158965404296,32836.97119348035,33123.851803633304,103839.62043273552,104746.81657735768,0.01624255125309983,0.016411923103620968,32923.97202423801,33267.292108709786,104114.74121625657,105200.41464966878,0.012481399647842737,0.015627139747894564,25300.043473803576,31676.520754727288,80005.76227849786,100169.95393453412,0.01781505471503103,0.020320619016565185,36111.46758339529,41190.295883407365,114194.48721486556,130255.15248782467,0.018434548183642416,0.02178882192706787,37367.19307330975,44166.372165886074,118165.43987892603,139666.33203086405,0.012390653110419097,0.01572950434519302,25116.09845107433,31884.01581416775,79424.077042422,100826.110925598,0.01781505471503103,0.02088331033037291,36111.46758339529,42330.88228423844,114194.48721486556,133862.00338266464,0.019586393543415938,0.023564185806388402,39702.0063554408,47765.06979563414,125548.76776167346,151046.41315111727
2024-03-22,2034243.5977793967,-12023.54232378467,2046267.1401031811,0.007576280432732701,-0.8379258775943035,0.00927837963491234,0.012123090478706982,18986.04336032367,24807.08168307584,60039.140773339735,78446.88022036293,0.015991849757366224,0.016131562753087903,32723.596667965536,33009.486780156185,103481.09870346784,104385.16261851136,0.016034219810500683,0.016201419250948743,32810.297115419,33152.431836251504,103755.26959157654,104837.1945760331,0.012321309773181249,0.015426701743011804,25212.69131189297,31567.152856897523,79729.53048832052,99824.10227448748,0.01758655390928127,0.02005998115196736,35986.7873722154,41048.08026235997,113800.21376838631,129805.42720645951,0.018198101583787686,0.021509352486961553,37238.1772831644,44013.88119896606,117757.45612794042,139184.11325279542,0.012231727175877467,0.015527753383749801,25029.381386705143,31773.931508793197,79149.85360701193,100477.9937859769,0.01758655390928127,0.02061545523177552,35986.7873722154,42184.72861905046,113800.21376838631,133399.82491228895,0.019335173057260128,0.023261945059462497,39564.92927527976,47600.15379006365,125115.29197335911,150524.9029508975
2024-03-25,2027322.983995464,-6920.6137839329895,2034243.5977793967,0.0080138963894557,-0.48204347858445035,0.009814311087928372,0.012823336184417389,19964.699497233636,26085.78953532395,63133.92321207681,82490.50949540903,0.016915560104874577,0.01706334310761781,34410.36984619369,34710.99647338472,108815.14384274994,109765.80870996791,0.016960377508196702,0.017137234608989423,34501.53936197082,34861.30978698024,109103.44716578032,110241.1411435769,0.013033004886943863,0.016317768395347088,26512.306751093143,33194.315888281795,83839.27535851316,104969.64357808582,0.01860237647324288,0.021218672137815302,37841.7652441764,43163.94794973084,119666.16885299525,136496.38832610456,0.019249247948529506,0.022751761073951885,39157.65940136433,46282.62430289311,123827.39154941676,146358.508887005,0.012938247880591617,0.01642465691221878,26319.547917576347,33411.75316940417,83229.71840548287,105657.24063466686,0.01860237647324288,0.021806231133569796,37841.7652441764,44359.18607516211,119666.16885299525,140276.06314873742,0.020451998170979643,0.02460558570645512,41604.34634111127,50053.75519296856,131564.49500040422,158283.8718542615
2024-03-26,2026552.6753083728,-770.3086870908737,2027322.983995464,0.008061040303395857,-0.10361249141571577,0.00987204642849504,0.012898772929307089,20013.82662355833,26149.97882492276,63289.27682616165,82693.49385192942,0.01701507046426518,0.017163722840509703,34495.04342650717,34796.40980549323,109082.90521418172,110035.9093819752,0.0170601515180892,0.017238049028631967,34586.43728306734,34947.09299498627,109371.91796505859,110512.41146587195,0.013109675064709095,0.016413762083253746,26577.54557139697,33275.99712521359,84045.57862253569,105227.94232889015,0.018711809986345307,0.021343496718091357,37934.88245747369,43270.16145541836,119960.6313363824,136832.26492234837,0.019362486858118137,0.02288560446472353,39254.01463477302,46396.51193396322,124132.09355146535,146718.65319850753,0.013014360624627288,0.016521279400748216,26384.312416312463,33493.969454147664,83434.52173300809,105917.23135521325,0.018711809986345307,0.021934512188622222,37934.88245747369,44468.340702722475,119960.6313363824,140621.24038897554,0.02057231258419636,0.024750334722242067,41706.7221358804,50176.92244398233,131888.23568914464,158673.3609006067
2024-03-27,2053124.902004746,26572.2266963732,2026552.6753083728,0.007922637808993148,1.5867980441295975,0.009702550209751724,0.012677309907047025,19662.72908488617,25691.23630783949,62179.00892307858,81242.82263838757,0.016722933456377983,0.016869033573993747,33889.90553502669,34185.98511924379,107169.29117863163,108105.5770334333,0.016767240499644467,0.01694208363280163,33979.69609209339,34334.02491135234,107453.23385133772,108573.71996083413,0.012884590998450256,0.0161319491249563,26111.302358163546,32692.24465711875,82571.18812512251,103381.95493996568,0.01839054113276958,0.020977043620987318,37269.40033298286,42511.08387017228,117856.19208086368,134431.85083219013,0.019030046332064163,0.02249267444271419,38565.39130548692,45582.5895667227,121954.47538099314,144144.80467947145,0.01279091304147279,0.016237620444369546,25921.459043833438,32906.39315217903,81970.85085328408,104059.15194185349,0.01839054113276958,0.021557911764092268,37269.40033298286,43688.24375958303,117856.19208086368,138154.35725292002,0.020219100186029144,0.02432538856964471,40975.07157432538,49296.6812837292,129574.55346328954,155889.79394397754
2024-03-28,2063817.684198054,10692.782193307998,2053124.902004746,0.007792648649817811,0.6081820034709209,0.009543357479498365,0.0124693093780374,19593.70488989134,25601.049594849897,61960.735253235325,80957.62721065657,0.016448555135502054,0.016592258143480584,33770.938150697315,34065.978374871025,106793.08327687817,107726.08238663376,0.016492135219460465,0.016664109647469845,33860.41350630379,34213.49848695787,107076.02919504815,108192.58194151153,0.012673189544719085,0.015867267266064293,26019.641042088944,32577.481550721364,82281.32959299817,103019.0421323937,0.018088801859024842,0.020632866804121946,37138.56954419365,42361.85263528985,117442.46880021333,133959.94023192208,0.018717814499509,0.022123630204052395,38430.01106004743,45422.576094684315,121526.36545521174,143638.7976515185,0.012581048590840126,0.015971204803586884,25830.464155185582,32790.87829726205,81683.09974972346,103693.86189673192,0.018088801859024842,0.02120420446466107,37138.56954419365,43534.88021359586,117442.46880021333,137669.3791375606,0.019887359180592742,0.02392627442571752,40831.23236878766,49123.62983563995,129119.69395696126,155342.5572156251
2024-04-01,2055765.943151091,-8051.741046963027,2063817.684198054,0.007679104275121294,-0.5683216191177849,0.009404304045138753,0.012287622765455456,19408.768995932653,25359.413160101565,61375.9166072065,80193.50571116919,0.016208888111945763,0.016350497265970883,33452.18992662127,33744.44540294264,105785.11288866415,106709.30585249708,0.01625183320341258,0.016421301842983443,33540.82076583999,33890.57314110333,106065.38821152749,107171.40233441355,0.01248853225463336,0.01563607001583155,25774.053716790124,32269.9978100321,81504.7142805852,102046.69316834703,0.01782523528642694,0.020332231414956114,36788.03580911908,41962.01875339365,116333.98380065164,132695.55447942333,0.01844508277008837,0.021801273343064597,38067.28800740521,44993.853463452346,120379.33444901316,142283.057652365,0.012397733859294154,0.015738493110289166,25586.662382792263,32481.380403644016,80912.13085137462,102715.14362187445,0.01782523528642694,0.020895244283717543,36788.03580911908,43123.97466837457,116333.98380065164,136369.981711468,0.019597586362132845,0.02357765176985726,40445.84530176837,48659.97467449496,127900.99304440833,153876.3508575145
2024-04-02,2035715.365876573,-20050.57727451785,2055765.943151091,0.00782894162563117,-1.3100622341052224,0.00958780409293445,0.012527383129851811,19710.28112385928,25753.367595154876,62329.3816736187,81439.29902026252,0.016525161568118705,0.016669533849155368,33971.86435680771,34268.659975297924,107428.46772980345,108367.01788379092,0.01656894461913031,0.016741719989673703,34061.87206196462,34417.05778454303,107713.09708506418,108836.29296078465,0.012732212834783034,0.015941166446303202,26174.44952669817,32771.30707441303,82770.87700548243,103631.9722559343,0.01817304747022375,0.020728960978199686,37359.53207255407,42613.89201589084,118141.21366738183,134756.95873467927,0.018804989633335354,0.022226667362787656,38658.65724952014,45692.82579416674,122249.40819226392,144493.40223885898,0.012639642749608564,0.016045588055763966,25984.147098241898,32985.97346287149,82169.08788729938,104310.8069805455,0.01817304747022375,0.021302959549659734,37359.53207255407,43793.898730515786,118141.21366738183,138488.46760718644,0.019979981275873495,0.024037707102597762,41074.16505173721,49415.89961296157,129887.91455317737,156266.79540319165
2024-04-03,2035235.512417504,-479.8534590695053,2035715.365876573,0.008979633541047248,-0.07694455852778619,0.01106861178546963,0.01438325322062303,22532.543090603052,29280.20959251601,71254.15764219541,92592.15267946127,0.01895401730963097,0.01911960931927759,38584.98428230631,38922.08248081031,122016.43381388529,123082.43191629752,0.019004235560346503,0.0192024053241009,38687.21434693536,39090.63158006232,122339.71366345932,123615.43096750363,0.014603583841864786,0.01828418702676184,29728.740023750983,37221.40048294017,94010.53044206131,117704.40322738222,0.02084410823455448,0.023775687975690452,42432.67142107696,48400.53334639993,134183.8888961369,153055.92534155518,0.02156893277856447,0.025493526111263792,43908.207882882576,51897.56283507533,138849.9448860687,164114.5035705435,0.014497407875625765,0.018403956445357857,29512.595977791414,37465.216928738184,93327.02295414497,118475.41852711095,0.02084410823455448,0.02443405242279799,42432.67142107696,49740.77596772357,134183.8888961369,157294.14464217247,0.02291662380352278,0.027570751101488083,46651.72321084415,56126.201666057736,147525.70211801113,177486.63367867967
2024-04-04,2010305.838035376,-24929.67438212759,2035235.512417504,0.008728408630123898,-1.464168753333583,0.010758943133944075,0.0139808502169123,21896.983142283458,28454.322855249877,69244.34061592659,89980.46950037523,0.018423737171974448,0.018584696382556058,37496.64416384883,37824.23406527521,118574.80017062221,119610.7303975996,0.018472550457163818,0.018665175987846862,37595.990695344,37988.0290159884,118888.96148778459,120128.69551108831,0.014195016606569091,0.017772646857989162,28890.201897045627,36171.52203503492,91358.84005678153,114384.3960656792,0.020260948664560283,0.023110511043187527,41235.80223738109,47035.33278521215,130399.0562143915,148738.78210526175,0.020965494654810627,0.024780288895385444,42669.71925686995,50433.72396785358,134933.49997165633,159485.43862264193,0.014091811145478046,0.017889065464842074,28680.154477557706,36408.461318008136,90694.61179455885,115133.66386704173,0.020260948664560283,0.02375045630327327,41235.80223738109,48337.77210454192,130399.0562143915,152857.45686850318,0.022275481072320354,0.026799398968029707,45335.85013457033,54543.08849117907,143364.54608529338,172480.39025224262
2024-04-05,2032822.105529408,22516.26749403216,2010305.838035376,0.010253970822705133,1.0418373585842977,0.01277445074989649,0.016559097184534907,25680.5529202123,33288.84974266568,81209.0388003592,105268.5858739336,0.021643861030361995,0.02183295289336819,43510.780186963086,43890.91266308943,137593.1681617303,138795.25259888914,0.021701205962674712,0.02192749882487129,43626.06103917309,44080.9789011526,137957.71822531917,139396.29481746856,0.01667603938812248,0.02087897233581696,33523.9393372505,41973.119978871946,106012.00444702721,132730.65963675384,0.023802182648703357,0.027149795108903585,47849.66673667269,54579.39160889317,151313.93216788207,172595.1907903844,0.02462987006956353,0.029111418825481766,49513.57159089634,58522.85521835894,156575.66131703922,185065.51766628496,0.01655479554727856,0.021015738732588284,33280.202136176136,42248.062264748405,105241.23974111778,133600.1034852166,0.023802182648703357,0.02790159080306949,47849.66673667269,56090.73088188475,151313.93216788207,177374.46521030078,0.026168817553865045,0.03148343148552956,52607.32670301753,63291.326116746844,166358.97399413178,200144.74666142007
2024-04-08,2034879.0691302076,2056.9636007992085,2032822.105529408,0.00985731152268149,0.056422632131801674,0.012280290508927164,0.015918533639757013,24963.64600887012,32359.547070511562,78941.98009020151,102329.87279424585,0.0208066011127599,0.020988378244008316,42296.1186829511,42665.6392536326,133752.0712229267,134920.59786856547,0.020861727743391803,0.021079266809632527,42408.18131630299,42850.39953897336,134106.444384915,135504.8611913849,0.01603095211166831,0.020071300976581198,32588.073825282685,40801.384311928254,103052.53784560935,129025.3061135553,0.02288143133472811,0.026099546487185554,46513.87942338857,53055.7350434432,147089.80178834734,167776.96567169306,0.023677100923796743,0.027985287767214883,48131.334152744785,56889.11160279614,152204.64274532418,179899.16672834798,0.015914398404809838,0.02020277677284779,32351.140873499386,41068.65121692106,102303.29006522727,129870.47827651641,0.02288143133472811,0.02682226010583508,46513.87942338857,54524.88326340111,147089.80178834734,172422.82026714212,0.02515651656014873,0.030265542717235028,51138.72296158696,61524.464271439945,161714.8411909662,194557.43891940216
2024-04-09,2028559.4033672868,-6319.665762920631,2034879.0691302076,0.009502970501160233,-0.3752187604897859,0.011838850601757897,0.015346309716626138,24090.62929207671,31227.884430752056,76181.25882973216,98751.24130968718,0.02005866570707485,0.020233908491282742,40816.959002006486,41173.55687560723,129074.55760805374,130202.21909740493,0.020111810699349662,0.020321529883386688,40925.10263441559,41351.8558124076,129416.53780091052,130766.04984208051,0.015454687078942465,0.019349797423108467,31448.41925689709,39374.49776819305,99448.63366369474,124513.09467270659,0.02205891195564994,0.025161345442993015,44887.21822633816,51200.29519310122,141945.84742425208,161909.54968317045,0.02282597959028757,0.02697929993450979,46448.10810066949,54899.61273651996,146881.81460383307,173607.8189085925,0.01534232313107206,0.019476547055669348,31219.772211250765,39632.41794251113,98725.58821918386,125328.7098780594,0.02205891195564994,0.02585807965728768,44887.21822633816,52618.06506251632,141945.84742425208,166392.93166848167,0.024252214636107,0.029177586503348122,49350.323943067415,59372.86006339914,156059.42692723477,187753.46899879046
2024-04-10,2005235.3226451485,-23324.08072213852,2028559.4033672868,0.009325591269811109,-1.2888892815505928,0.011617870622966995,0.015059860693002584,23567.540699324254,30549.822022191776,74527.10745858216,96607.01970289704,0.019684257441304105,0.019856229203008193,39930.685530859926,40279.5404651784,126271.91480944709,127375.09097488191,0.01973641044713861,0.019942215083860237,40036.48100125939,40453.96793233763,126606.46946203832,127926.6790575993,0.01516621512015133,0.018988620652828775,30765.568295474106,38519.544982270076,97289.26932316234,121809.49657728366,0.021647167770332994,0.024691692284136747,43912.565736778255,50088.56456803708,138863.7256300893,158393.9487634051,0.022399917580095945,0.026475713452352816,45439.56344175583,53707.55748462808,143692.51635966828,169838.20921584842,0.015055948519705308,0.01911300441964329,30541.885946261984,38771.8648420679,96581.92362727487,122607.40203313914,0.021647167770332994,0.025375421493378396,43912.565736778255,51475.549884801105,138863.7256300893,162779.98144558954,0.02379953100522112,0.028632967548048345,48278.7624163726,58083.67556590383,152670.85184987183,183676.70966252565
2024-04-11,2006622.709102772,1387.3864576234482,2005235.3226451485,0.01051760919233395,0.022481733451593964,0.01310289281656875,0.016984845751576782,26274.383504617035,34058.612650741146,83086.89599134703,107702.78992176689,0.022200343229617166,0.022394296806327745,44516.91241887442,44905.83498184784,140774.83764187887,142004.71877430516,0.022259162549240208,0.02249127359468303,44634.85899623649,45100.29626333454,141147.8174685643,142619.65934051826,0.017104794639348237,0.021415788591813274,34299.13839741247,42943.69574660498,108463.39911716092,135799.8897045568,0.024414157144789936,0.02784783958767454,48956.13027934221,55841.47160056089,154812.87711065664,176586.23815338072,0.025263125117932814,0.02985989832961078,50658.51084688276,59876.1228611284,160196.27714849488,189344.92570124354,0.01698043351554338,0.02155607136974934,34049.76507919512,43224.995728081165,107674.81144392013,136689.43835178472,0.024414157144789936,0.02861896459284892,48956.13027934221,57387.75869911148,154812.87711065664,181476.02730133382,0.026841640259751665,0.03229289746614135,53823.805166588136,64754.858669664645,170205.81666355705,204772.8429584412
2024-04-12,1979521.679431951,-27101.02967082104,2006622.709102772,0.010093357387569906,-1.3923032170378147,0.012574357688156594,0.016299723179329324,25231.991689436054,32707.394683731054,79790.56364105784,103429.86353067274,0.02130484164657572,0.021490971662488857,42750.779061857334,43124.27177863429,135189.83358210555,136370.92125660492,0.021361288354510236,0.02158403667044543,42864.04630785283,43311.01813702278,135548.0160637459,136961.46509385464,0.016414833654569385,0.020551933813186936,32938.377977403376,41239.97710551803,104160.29684012482,130412.2583066351,0.02342935631780925,0.026724533331680365,47013.878446976545,53626.05547352378,148670.9375307456,169580.4772268745,0.024244079227439475,0.028655431085701222,48648.71993906684,57500.638755697575,153840.76025909907,181832.98538255456,0.01629548892092049,0.020686557964658726,32698.898124651678,41510.116985055014,103402.99505170772,131266.51561281548,0.02342935631780925,0.027464553247365173,47013.878446976545,55110.99624152524,148670.9375307456,174276.2722441988,0.02575892135331739,0.030990289641441356,51688.43654955898,62185.818956188625,163453.18818970112,196648.8260644306
2024-04-15,1960015.4591428551,-19506.220289095538,1979521.679431951,0.011580775484206194,-0.8944191822097165,0.01443019569408464,0.018783956242761798,28564.885214886133,37183.24860804811,90330.09838030847,117583.75640571753,0.024444451767793945,0.024658011026858356,48388.32221617679,48811.067399338215,153017.31035724515,154354.14800590032,0.024509216803481393,0.024764790656390565,48516.52600838928,49022.43999091894,153422.72634530757,155022.56683022794,0.01883382266819028,0.02358059088939946,37281.96027825957,46678.29087938178,117895.91011522514,147609.7164627104,0.02688204775054961,0.03066282194817723,53213.59630973786,60697.72079897868,168276.16682750257,191943.0465057479,0.02781683314811081,0.032878268455581366,55064.024269826674,65083.245190006965,174127.73382744237,205811.29231562017,0.018696890573889097,0.023735054068803614,37010.900228980354,46984.05409168629,117038.74297682534,148576.6246382823,0.02688204775054961,0.03151189566748702,53213.59630973786,62378.48063378833,168276.16682750257,197258.07578347472,0.02955491155752236,0.03555720586789413,58504.58816180944,70386.25987552141,185007.75216144143,222580.89718716734
2024-04-16,1951403.5831526176,-8611.875990237342,1960015.4591428551,0.01198663493049838,-0.40533890125473643,0.014935915819846192,0.019442258106074924,29274.625903354867,38107.126448552335,92574.49550396566,120505.31466146866,0.02530113115622722,0.02552217480549959,49590.60820000629,50023.85716972549,156819.27246504274,158189.32600327674,0.025368165945055043,0.025632696630135766,49721.9974224092,50240.48165458507,157234.76166783436,158874.35277239367,0.019493872148477812,0.02440699544017123,38208.290769570856,47838.08837396478,120825.22433383162,151277.31817014952,0.027824155041215735,0.03173743011708745,54535.774018370445,62205.85366295743,172457.259858284,196712.18137007364,0.02879170089461805,0.03403051908410159,56432.17884846855,66700.34348749508,178454.21848713866,210925.00613606314,0.019352141136863323,0.024566871930674545,37930.4957957665,48151.44876690479,119946.75949406305,152268.25074032528,0.027824155041215735,0.032616260443806666,54535.774018370445,63928.374689290664,172457.259858284,202159.27113081753,0.030590691938232564,0.03680334244181545,59958.22910481253,72135.12013408664,189604.5684414062,228111.27891358445
2024-04-17,1937863.8100143643,-13539.773138253484,1951403.5831526176,0.011621438937492144,-0.6382902484086377,0.014480864286124422,0.0188499121477221,28258.01045508997,36783.78610717696,89359.67518293552,116320.5450631377,0.024530283310242543,0.0247445924376527,47868.48274735615,48286.68634648665,151373.43361811986,152695.90951705223,0.024595275754708174,0.02485174700135778,47995.30923636423,48495.78814605189,151774.49419102768,153357.14746651842,0.01889995366859766,0.023663389166370966,36881.43731031993,46176.82240879114,116629.3452813253,146023.93392088282,0.02697643839774124,0.030770487987433898,52641.91855004812,60045.64051403308,166468.3630192206,189880.9875880282,0.02791450609728627,0.03299371356850061,54472.46722018002,64384.050879083225,172257.06618462963,203600.2457660692,0.018762540766096063,0.023818394710687446,36613.28928000692,46479.300783378836,115781.38675544829,146980.45452752555,0.02697643839774124,0.03162254305022699,52641.91855004812,61708.34381661085,166468.3630192206,195138.91709725806,0.029658687402855752,0.0356820575051407,57876.06886953612,69630.09486978932,183020.19964450065,220189.69348213964
2024-04-18,1937243.3652591023,-620.4447552619968,1937863.8100143643,0.011574487544773571,-0.06699298637569706,0.014422360623225262,0.018773757238444634,27948.570706724448,36380.984730377066,88381.1407795111,115046.77526779834,0.02443117932050497,0.024644622624667392,47344.29824117791,47757.92229580416,149715.816664426,151023.81077207887,0.024495909191136134,0.024751344276748605,47469.73591490096,47964.73432311728,150112.4854177839,151677.80782590527,0.018823596588219742,0.023567787487114328,36477.5666026209,45671.162453388235,115352.19396477225,144424.8967402705,0.026867451777394715,0.03064617315229078,52065.46246671933,59388.10986725813,164645.4488248418,187801.6931128557,0.02780172962052052,0.032860416752905665,53875.9656874111,63679.01240744562,170370.7627132983,201370.71835765033,0.018686738843060074,0.023722166798636063,36212.35493115581,45970.32853420114,114513.52102088227,145370.94295430527,0.026867451777394715,0.031494785855485694,52065.46246671933,61032.605713498015,164645.4488248418,193002.04558965977,0.029538864316639078,0.03553789959974348,57242.296148139554,68867.60951826685,181016.03432600418,217778.50308881453
2024-04-19,1934828.1307664888,-2415.234492613701,1937243.3652591023,0.01104878745021525,-0.15410780604551763,0.013767313363979019,0.017921074481019077,26670.636471811325,34717.48263666842,84339.95789728097,109786.31975922016,0.02332154286970934,0.0235252918211199,45179.504191950145,45574.215496248755,142870.1368036876,144118.32354348703,0.023383332783043914,0.023627166296825187,45299.20629159748,45771.57114839807,143248.66807927762,144742.41691338675,0.017826815044112633,0.02241305875981969,34534.87916790835,43419.549377623094,109208.87688929093,137304.6710114354,0.02564716259523604,0.02925425873174395,49684.79557534243,56672.618633644124,157117.11909793812,179214.55584841504,0.026539006598541717,0.03136793389978542,51412.51445359248,60767.32182924538,162580.6459096794,192163.14428888497,0.017838008362442023,0.02264473289230279,34556.56334957719,43868.35855367815,109277.44829256134,138723.93024255286,0.02564716259523604,0.030064328408598635,49684.79557534243,58241.920740528454,157117.11909793812,184177.12484307055,0.028197242607312132,0.03392380851297003,54624.9211596167,65718.67296607143,172739.16787151492,207820.6913765193
2024-04-22,1952477.6242479316,17649.493481442798,1934828.1307664888,0.010597680505056025,0.8139000409377027,0.01320521270789722,0.01718938141519347,25549.81701999466,33258.498712591005,80795.61558371896,105172.60748956534,0.02236935603402634,0.022564786193219718,43280.85932176526,43658.983091372786,136866.09454610865,138061.82689551718,0.022428623149346055,0.022662501272816403,43395.53100371523,43848.044976176534,137228.71824419298,138659.6930702214,0.01679168942055037,0.02115213005269422,32489.0330539749,40925.73625158403,102739.3434270569,129418.54147432737,0.022896379396286755,0.027551614979540014,44300.55894863785,53307.6397104614,140090.66789624988,168573.55817269688,0.025455455100409183,0.03008722387606123,49251.93060973498,58213.60713207242,155748.27988732813,184087.58935157128,0.017109706773117017,0.02172017928630557,33104.34197379273,42024.813888435616,104685.12107829915,132894.1301321338,0.02460002387322963,0.02883684282180672,47596.818207451885,55794.33469412334,150514.35491252068,176437.1781671838,0.027045987591156465,0.03253874560942452,52329.33761573092,62956.88034496914,165479.89531363474,199087.13626878965
2024-04-23,1977246.774865435,24769.15061750356,1952477.6242479316,0.010165127353840151,1.195364058784735,0.012666230959338961,0.0164877825044652,24730.532531665736,32192.02641343483,78204.81054895392,101800.12596275537,0.021456332147471953,0.021643785662043762,41893.00841637056,42259.00720915865,132477.32463233452,133634.71443841688,0.021513180226146546,0.02173751241932967,42004.00301796419,42442.0066055527,132828.32038135335,134213.4093414581,0.01610632263961825,0.020288788257774488,31447.234562772515,39613.40509640887,99444.88733193047,125268.585979574,0.021961844612512795,0.02642707288046458,42880.01019314122,51598.268473476426,135598.49830156288,163168.0516970449,0.024416469511622747,0.028859188789259093,47672.61038457524,56346.920364975136,150754.03082105337,178184.60748944758,0.016411359849225465,0.02083365208907756,32042.812889093628,40677.23953529011,101328.2713681362,128632.72585976591,0.02359595342203282,0.027659843078538516,46070.571079315494,54005.22470105548,145687.9377153188,170779.5156045213,0.025942083094817027,0.03121064962245327,50651.33676901078,60938.09502608216,160173.590722308,192703.17655419747
2024-04-24,1979539.8966750435,2293.121809608303,1977246.774865435,0.00977785984421578,0.071988575581008,0.012181309190264791,0.015209053045949874,24085.454310089743,30072.05108386171,76164.894099803,95096.17533793818,0.018076877875148473,0.019965202079732666,35742.448478273654,39476.13142168809,113027.54634256406,124834.48850467526,0.020693578519225223,0.020909364182024763,40916.31138756272,41342.97289339531,129388.73743738265,130737.95958573086,0.015492709524825822,0.01951583301300658,30632.90994188886,38587.61788377965,96869.766775185,122024.76199299021,0.021125149844824304,0.02542026338907017,41769.6343992279,50262.13380226889,132087.18173407906,158942.82287530886,0.02348625929266141,0.027759721386327468,46438.130440068126,54887.81958227903,146850.26247061262,173570.5256803935,0.0157861255322193,0.020039938810328558,31213.06579620151,39623.904381222805,98704.38067269379,125301.78763338886,0.022697002941544135,0.026606067934090392,44877.57586527943,52606.7620145309,141915.35560128477,166357.18829234556,0.024953750576700278,0.030021597077186327,49339.72284857711,59360.10599717624,156025.90332295475,187713.13710009746
2024-04-25,1973218.1752812655,-6321.721393777523,1979539.8966750435,0.009432119481144401,-0.38738161439032043,0.011750584028600883,0.014671268335813205,23260.74989384801,29042.36100556751,73556.94974807957,91840.00940645141,0.01743768827544808,0.01925924225561802,34518.59964703211,38124.438424725726,109157.39652410576,120560.05993697513,0.01996186365887003,0.02017001924570299,39515.30552472089,39927.35781357253,124958.36789555302,126261.39164340982,0.014944894859713665,0.01882576266028529,29584.01562641698,37266.348271370036,93552.87171349066,117846.54061460798,0.020378174832535952,0.024521415253227194,40339.41010242419,48541.119816699196,127564.41539126665,153500.49879590448,0.022655796599965226,0.02677815115482667,44848.05326058596,53008.41857017428,141821.99692799264,167627.3378453168,0.015227935819955367,0.019331336331810733,30144.306499608643,38267.15152486313,95324.6670249809,121011.35838535303,0.021894447969120004,0.025665290326925584,43340.93327054893,50805.46616189727,137056.06505230535,160660.99065820826,0.024071398106749024,0.028960048022605708,47650.2929210578,57327.5704703732,150683.45680474056,181285.69541018966
2024-04-26,1986329.4079497035,13111.232668437762,1973218.1752812655,0.009270440312569959,0.6652787243940599,0.01154916327054049,0.014419783134506255,22789.018874721318,28453.378164622,72065.20528468676,89977.48212630692,0.01713878292889572,0.0189291130326489,33818.557977497316,37351.26987797628,106943.6703913489,118115.0863140445,0.01961969056341525,0.01982427808452549,38713.930013125304,39117.62582821577,122424.19601782829,123700.79427539234,0.014688719333080302,0.018503063858517632,28984.04795963936,36510.58190401689,91655.60736401645,115456.59751482052,0.020028865605635736,0.024101085332859245,39521.32164330625,47556.69962280259,124977.39253295642,150387.48880852663,0.0222674458835651,0.026319137756689797,43938.52893454265,51933.4009792317,138945.82847036616,164227.83373319104,0.014966908591939738,0.01899997131975717,29532.976061388825,37491.08873796762,93391.47043721742,118557.23237146533,0.021519147788591098,0.02522535285480447,42461.97353301161,49775.124730983334,134276.5503101036,157402.76496888322,0.023658782083372333,0.028463633988036807,46683.93881192905,56164.9599197478,147627.5767936308,177609.1980384709
2024-04-29,1998192.0866661856,11862.678716482127,1986329.4079497035,0.00898070157554747,0.6123362794480307,0.011188205228975226,0.01396910661724687,22223.461068490138,27747.24727662226,70276.75446850806,87744.50019403048,0.016603126676065134,0.018337501726376954,32979.27878058238,36424.318947431,104289.63653630075,115183.81009430886,0.01900649591753547,0.019204689251532868,37753.161783076685,38146.83903085531,119385.98010734603,120630.89687331296,0.014120870144273292,0.017778641066670108,28048.69963340901,35314.23758410912,88697.77624750233,111673.42459810684,0.019402882585530263,0.023347828983671007,38540.51627863394,46376.47932204616,121875.81363927989,146655.30451736736,0.021571498179951413,0.025496558302421108,42848.101208370994,50644.563557603215,135497.59323186535,160152.1719471863,0.014499132192292385,0.018406145405556996,28800.05266330062,36560.66790605619,91073.7631488284,115614.98336015653,0.020846587425561454,0.024436958600522113,41408.18965878722,48539.8495090665,130944.19310599813,153496.4817304561,0.022919349498813007,0.027574030357065592,45525.377920569576,54771.10739393725,143963.88556893996,173201.44933453092
2024-04-30,1969405.155526239,-28786.93113994668,1998192.0866661856,0.008723846911318198,-1.7155801076506503,0.010868214338147587,0.01356957990326215,21716.779886678487,27114.627182082935,68674.48788643737,85743.97980169517,0.016128265052876543,0.01781303570230187,32227.371600312697,35593.86697984184,101911.89725761372,112557.6903893588,0.018462896168005213,0.01865542102701453,36892.41301984746,37277.1146696064,116664.05352236869,117880.58695523131,0.013717002881897263,0.01727015886812273,27409.206611384372,34509.09478575069,86675.52175012026,109127.33951361252,0.01884794588602385,0.02268006391836566,37661.816319365345,45319.124246761545,119097.12038809394,143311.65418392917,0.020954537480909814,0.024767337999677536,41871.19097410398,49489.89879874237,132408.3318220529,156500.8013752569,0.014084446357389774,0.017879716121816852,28143.429256410633,35727.10726645226,88997.33761807653,112979.03317114136,0.020250359706771866,0.023738043627864303,40464.10851821532,47433.17093013512,127958.74640578133,149996.8567833145,0.022263839261628438,0.026785392826998232,44487.42743139388,53522.35998515308,140681.59792465882,169252.5633005396
2024-05-01,1959013.3122854289,-10391.843240810324,1969405.155526239,0.010830029589283287,-0.5305433375770111,0.013492107789294754,0.017094196514734532,26571.426639152814,33665.39874569685,84026.22885979591,106459.33837417775,0.020022083092705655,0.022113604891507516,39431.59366714926,43550.647480605156,124693.64775846305,137719.239613786,0.022920360001267823,0.023159365790908444,45139.475153014246,45610.1743873331,142743.5538681026,144232.03554144746,0.017159839192345445,0.021473900150368774,33794.67577340633,42290.80966539194,106868.14823087638,133735.28263530193,0.023398371580549065,0.028155670980890883,46080.87362165196,55449.92358706702,145720.51721479237,175348.05461742575,0.026013553797416183,0.030746871891606537,51231.2269621906,60553.04801963472,162007.3645255513,191485.551007594,0.017612884133190346,0.022206904689263198,34686.90481559136,43734.39258331475,109689.62419873154,138300.2926472499,0.025139367649085743,0.02946907682984798,49509.600254779005,58036.55183730144,156563.10284955436,183527.69134830247,0.02763895795347575,0.03325214206826725,54432.306286948085,65486.94002153646,172130.06616265877,207087.88746289132
2024-05-02,1959965.7707949125,952.4585094838404,1959013.3122854289,0.010689139643011474,0.002889477807597061,0.01331658635365544,0.016871814811280646,26087.369941009485,33052.10981771326,82495.5071770024,104519.94849798661,0.019761611947366177,0.021825924735201795,38713.26087710912,42757.27710920014,122422.08002395269,135210.38221205244,0.022622184611949897,0.022858081129119606,44317.16080778843,44779.28522524566,140143.167584559,141604.53330610233,0.01693660353062252,0.02119454203657141,33179.03178138991,41520.38999743652,104921.31098830598,131299.00173037214,0.023093977646289315,0.027789388420068534,45241.409642702885,54439.781855184796,143065.89902764565,172153.70598509078,0.025675138452689556,0.03034687989775997,50297.93802359035,59449.94170603886,159056.04576453345,187997.2225553191,0.017383754722346226,0.021918010777871706,34055.00691858095,42937.67489266618,107691.38759550813,135780.850092651,0.024812324760773434,0.029085707918709854,48607.674515104525,56979.28900999832,153710.9632318509,180184.33272859536,0.027279397412207477,0.03281955853090953,53440.70268163912,64293.95206538258,168994.34023384782,203315.32830029598
2024-05-03,1970076.677166289,10110.906371376475,1959965.7707949125,0.010247147811506261,0.45771433174451903,0.012765950606680461,0.01617417172883386,25020.82622075225,31700.822959473135,79122.79979684006,100246.80425369475,0.018944476859808195,0.020923431104265477,37130.526190840355,41009.20877194593,117417.03348359137,129682.50476070576,0.02168676593998765,0.021912908226494117,42505.31892161675,42948.55006249872,134413.62046416098,135815.24039926296,0.016112175911672386,0.020234953250283665,31579.31327990419,39659.81574419124,99862.55690849965,125415.34933425013,0.022139050513000583,0.026640307849096084,43391.78120338069,52214.09150766736,137216.86033436496,165115.455120684,0.024613481308349262,0.02909204803341539,48241.58086446493,57019.41834781561,152553.27345890383,180311.23283709234,0.016664943120592045,0.021011709424329547,32662.71808860456,41182.231257574786,103288.58373197184,130229.6499017167,0.023786344632233666,0.027883025032812557,46620.42129150929,54649.7746505303,147426.71675777808,172817.76151060816,0.026151404774141126,0.03146248235184089,51255.85821551926,61665.38847384716,162085.25538769446,195003.08037645157
2024-05-06,1999567.8553554453,29491.178189156577,1970076.677166289,0.009851208073296957,1.462098006902,0.012272686799601739,0.015549217601317916,24178.13403006197,30633.150944539975,76457.97310782185,96870.52889248465,0.018212480859910337,0.02011497025386563,35879.983775446795,39628.03375903434,113462.47114029931,125314.84587259266,0.020848810580424725,0.021066214950843275,41073.75547115251,41502.05875082812,129886.61934564433,131241.03323873936,0.015489617241708973,0.01945309450871281,30515.733666123673,38324.08779032671,96499.22285603102,121191.4066656819,0.021283619321261826,0.025610952489964606,41930.362030503726,50455.54018049317,132595.44713183437,159554.42754450158,0.023662440538282058,0.027967959838904433,46616.82222930361,55099.02538654906,147415.3355237675,174238.4170769345,0.016021026067982433,0.020199837586250134,31562.649800805328,39795.22891121837,99809.86236080465,125843.56336723268,0.022867263611847908,0.02680565230090185,45050.262712314914,52809.19041423561,142461.43935987,166997.3230985154,0.025140940150175,0.030246802900841377,49529.57983189331,59588.520953793246,156626.28381992254,188435.44861465576
2024-05-07,2002136.3893011,2568.533945654053,1999567.8553554453,0.009497526225533827,0.08723654949009556,0.01183206809456523,0.014990963631694415,23659.023024269387,29975.44899873868,74816.39997105641,94790.69272222795,0.017558609392070358,0.01939279488266706,35109.630925126105,38777.209272882625,111026.40153128316,122624.30260731085,0.020100288592574733,0.020309887627965408,40191.89095308018,40610.99844676088,127097.91888084906,128423.25314532469,0.014682528536892132,0.018713875535637792,29358.712097708525,37419.663970183996,92840.39939789881,118331.36742392046,0.020519486663356082,0.02469145825816803,41030.10594044158,49372.24623488355,129748.58740980033,156128.75130090464,0.02281290252934993,0.026963843425933554,45615.94658504506,53916.03457133398,144250.28883332206,170497.47164979548,0.015333533475683277,0.019240278775404535,30660.440646992938,38472.24296737654,96956.8265089043,121659.91447230487,0.020519486663356082,0.025378411271346987,41030.10594044158,50745.85539817575,129748.58740980033,160472.48487178615,0.02281290252934993,0.028804516102838507,45615.94658504506,57596.58448830419,144250.28883332206,182136.39242936493
2024-05-08,1999555.2146437764,-2581.174657323165,2002136.3893011,0.009182487568825629,-0.19006077860855541,0.011439591280069016,0.014493704352473526,22903.621980557728,29018.372899858983,72427.61212605916,91764.15235565958,0.016976179758796995,0.01874952421359242,33988.627246404234,37539.104710115476,107481.47664109441,118709.07220751977,0.019433549931656118,0.019636196440990135,38908.61749146862,39314.3434419711,123039.85188130787,124322.86999073243,0.014195500235258535,0.01809312502960585,28421.32758534344,36224.904017948415,89876.12929545887,114553.20471770204,0.019838842950324148,0.023872427738314682,39720.069392473575,47795.856275840786,125605.88810015701,151143.76854970996,0.022056184832783897,0.026069436523454184,44159.490262867635,52194.56751218278,139644.5695426894,165053.71482592588,0.014824910948715955,0.018602067157330898,29681.493678572508,37243.875571915065,93861.12438017882,117775.47569915783,0.019838842950324148,0.024536594106913313,39720.069392473575,49125.60793096207,125605.88810015701,155348.81250227193,0.022056184832783897,0.02784905298068663,44159.490262867635,55757.60238020696,139644.5695426894,176321.02039147975
2024-05-09,2019374.024942939,19818.81029916252,1999555.2146437764,0.008937029327603582,1.0526565889589523,0.011133798112927935,0.014106271300973573,22262.64407549609,28206.268339041555,70400.6620162212,89196.05224526578,0.016522387341978452,0.01824832830096815,33037.42576801734,36488.54001273247,104473.51345567241,115386.89493442392,0.01891406924070265,0.019111298780463,37819.72578038044,38214.097135090036,119596.47394899119,120843.5856737997,0.01381603851588271,0.01760947540692026,27625.931860152537,35211.11837704875,87360.86716269425,111347.33303328554,0.01930852832022335,0.02323429084104943,38608.468489799634,46458.24740977052,122090.6973986082,146913.8779144928,0.02146659815525835,0.02537257110537061,42923.64828200931,50733.856862663815,135736.49405512286,160434.54217098202,0.014428624371634242,0.01810481293800209,28850.83110243753,36201.57312033219,91234.33867252925,114479.42594137859,0.01930852832022335,0.023880703294111218,38608.468489799634,47750.7848011009,122090.6973986082,151001.24003202916,0.02146659815525835,0.02710461640910375,42923.64828200931,54197.17708174267,135736.49405512286,171386.52232978455
2024-05-10,2022708.0774097235,3334.052466784371,2019374.024942939,0.00868519335699141,0.13753089482103417,0.010820059536988738,0.013708771595581882,21849.74717733118,27683.13727399362,69094.9673792015,87541.76656492459,0.016056804059148035,0.017734109839635633,32424.693040641887,35811.80076564519,102535.88244023896,113246.85753160065,0.01838109090854634,0.018572762729879434,37118.29753083329,37505.35462814684,117378.36306523724,118602.34507728148,0.013426717261345051,0.01711325913991355,27113.56407781319,34558.07098925877,85740.61797081251,109282.21586784598,0.018764434551212527,0.02257957326421787,37892.41172546039,45596.60374405761,119826.32708932576,144189.12139938326,0.020861692276134356,0.024657599067457344,42127.55949877846,49792.915074280594,133219.04028040133,157459.02297405887,0.014022041099941734,0.017594638586787767,28315.745573904656,35530.15614041796,89542.24965937037,112356.21902513808,0.018764434551212527,0.023207770502629996,37892.41172546039,46865.16892984795,119826.32708932576,148200.6767468754,0.020861692276134356,0.02634083717875321,42127.55949877846,53192.002394025476,133219.04028040133,168207.88087024973
2024-05-13,2015265.678327521,-7442.399082202231,2022708.0774097235,0.008462634418171128,-0.4893745304103027,0.010542794441147663,0.013357482967518548,21324.99547457971,27018.288692262573,67435.55679245522,85439.33074752188,0.0156453468669633,0.017279671520924578,31645.96948168358,34951.731160360905,100073.3423262983,110527.07863262032,0.017910073635951932,0.018096833847905218,36226.85061044291,36604.61199969957,114559.36038366084,115753.94678578134,0.013082656303494361,0.016674730181790852,26462.39457905328,33728.111427336065,83681.43921190102,106657.65328633468,0.0182835940598585,0.02200096946598995,36982.37338895623,44501.53864970256,116948.53318790185,140726.2215150741,0.02032710934814068,0.0240257456524851,41115.808268874855,48597.069797073156,130019.60196842928,153677.42816892793,0.013662724909843873,0.017143774232725957,27635.70403456824,34676.85061782348,87391.7694915403,109657.83003373927,0.0182835940598585,0.022613069088033143,36982.37338895623,45739.637499388766,116948.53318790185,144641.433848517,0.02032710934814068,0.025665850620690916,41115.808268874855,51914.52336406288,130019.60196842928,164168.13747246543
2024-05-14,2022407.1221942247,7141.443866703659,2015265.678327521,0.008472728253192126,0.3637813870151192,0.010555369393874057,0.013373415149237327,21271.873661543155,26950.98455228331,67267.57086982207,85226.49636922861,0.01566400790586891,0.017300281905933617,31567.137517748557,34864.66435041865,99824.05376783937,110251.7492045978,0.01793143593515595,0.01811841890596597,36136.60740324855,36513.427766753695,114273.98630556816,115465.59692297701,0.013098260684806207,0.016694619021029047,26396.475203876682,33644.09272583364,83472.9838444078,106391.9628235372,0.018305401876775988,0.022027211194643008,36890.248130258835,44390.682709835804,116657.20754038585,140375.66425293652,0.020351354574635792,0.024054402439590533,41013.3863817373,48476.01164918459,129695.7155228219,153294.60869227856,0.013679021169892768,0.01716422252579777,27566.86187680047,34590.46855141636,87174.0714739535,109384.66595490083,0.018305401876775988,0.022640040900522518,36890.248130258835,45625.69738275433,116657.20754038585,144281.12356308693,0.020351354574635792,0.0256964636483886,41013.3863817373,51785.20124498834,129695.7155228219,163759.1850243504
2024-05-15,2050018.216190243,27611.09399601794,2022407.1221942247,0.008275339885378553,1.583626029960402,0.010202962000628911,0.013015349608790647,20634.543017548945,26322.33574666602,65252.154412178454,83238.53429513352,0.015299084959969695,0.016897238835734785,30940.978386097257,34173.09616680688,97843.96473410804,108064.81858707908,0.01751368892781383,0.017696315773617334,35419.809223504824,35789.1550571617,112007.27143491522,113175.24551356462,0.012793111715016398,0.01630568602313798,25872.880247475536,32976.73554545708,81817.23121080363,104281.59412067944,0.017878942619420836,0.021514045289250334,36158.50089081857,43510.158420188985,114343.21959221401,137591.20196255075,0.019877230946184803,0.023494009246938244,40199.8534350636,47514.45162990488,127123.09845974471,150253.88892439925,0.013360342276704476,0.016764349218415374,27020.051375359737,33904.339258274435,85444.90484090199,107214.93461921101,0.017878942619420836,0.022112597958055553,36158.50089081857,44720.67560058902,114343.21959221401,141419.1933993798,0.019877230946184803,0.025097815507369173,40199.8534350636,50758.00083362008,127123.09845974471,160510.89211096475
2024-05-16,2035045.9771025272,-14972.239087715512,2050018.216190243,0.008101749663086662,-0.9609598370977085,0.009988936417842367,0.01274232910895733,20477.501616942965,26122.00679005371,64755.54589932061,82605.03851095357,0.014978158980390769,0.016542788687917056,30705.49875479455,33913.01815681585,97099.3127566148,107242.3797061834,0.017146307624297596,0.017325103541680202,35150.24297021172,35516.777857826506,111154.82809419115,112313.91318096772,0.012352632854748198,0.015679339276789,25323.12237014389,32142.931135244595,80078.74415681617,101644.87306131463,0.017146307624297596,0.020599956785437974,35150.24297021172,42230.28666287965,111154.82809419115,133543.89209653097,0.01880630719446362,0.022783192281276492,38553.27232792004,46705.959199581746,121916.15180896933,147697.21137357317,0.013080084931648878,0.01641268667068783,26814.41237919571,33646.30665153285,84794.61723727304,106398.96387131707,0.017503899459062805,0.021648746219256006,35883.31274544129,44380.32410715446,113472.99826774427,140342.90747508674,0.019460270073726617,0.024571343430897383,39893.90814312141,50371.7016296061,126155.61449780222,159289.30676797053
2024-05-17,2038909.364313452,3863.387210924644,2035045.9771025272,0.008683102109339157,0.1660050681170052,0.010705706604957833,0.013656672862652682,21786.60515845939,27791.957169746594,68895.2947835053,87885.88529024608,0.016052937852327854,0.01772983976595477,32668.466597056682,36081.03909037866,103306.76211182927,114098.26387116646,0.018376665052767624,0.018568290722768225,37397.358288195355,37787.325337039656,118260.83066407296,119494.0147508351,0.013239013405419378,0.016804432327456195,26942.000971505135,34197.792405481385,85198.08779242546,108142.91495092965,0.018376665052767624,0.022078135668756795,37397.358288195355,44930.02117462733,118260.83066407296,142081.20223141625,0.020155780227713572,0.024418032299415842,41017.93946777116,49691.81839968578,129710.11364507161,157139.32721847037,0.01401866482962457,0.01759040209542546,28528.627465876165,35797.277019911446,90215.44131060624,113200.92941492487,0.018759916392768826,0.023202182464047233,38177.29238588395,47217.508083458124,120727.19883759719,149314.8709811395,0.020856669133505142,0.026334494750709963,42444.28061589809,53591.90760145993,134220.60039357233,169472.4921739047
2024-05-20,2045031.028431084,6121.664117632201,2038909.364313452,0.00846078876472218,0.30053153808027294,0.010431608545086304,0.013307021254021846,21269.104347428693,27131.810245943278,67258.81352966391,85798.31742067398,0.015641934703920668,0.017275902920774393,31892.487143803413,35224.00024213703,100852.89962205678,111388.06906747552,0.017906167548610363,0.018092887029201254,36509.05269382732,36889.75679130383,115451.76172760033,116655.65379018486,0.012900055126163143,0.016374188676274395,26302.04319689378,33385.48662509115,83174.36361832092,105574.17852837597,0.017906167548610363,0.02151286946301339,36509.05269382732,43862.7910013909,115451.76172760033,138706.32409633306,0.019639732062050715,0.02379285775222148,40043.63361392235,48511.480474782285,126629.08800927424,153406.77096709856,0.013659745145611387,0.017140035271017692,27850.982291522276,34946.97841874083,88072.53911422603,110512.04914397061,0.018279606509792143,0.022608137303568487,37270.46088878034,46095.942857930066,117859.5458527694,145768.17032403042,0.020322676118767685,0.025660253041571046,41436.09464646479,52318.93021711195,131032.4364251382,165446.9842294815
2024-05-21,2049798.2163171968,4767.187886112602,2045031.028431084,0.008264828289014549,0.22664793260301322,0.010190001878174317,0.012998817103356548,20838.8700206375,26582.984309264808,65898.29312941454,84062.77742179466,0.01527965158223956,0.016875775432809034,31247.361589296008,34511.48438892948,98812.83349303428,109134.89610236147,0.017491442490639785,0.01767383735809377,35770.54262537624,36143.54578874622,113116.38783632807,114295.92740702508,0.012601276725062073,0.01599494580760616,25770.001900598374,32710.16047462828,81491.90131275891,103438.60972943972,0.017491442490639785,0.021014609519285,35770.54262537624,42975.52851730105,113116.38783632807,135900.55376419023,0.019184855886238725,0.02324179096007915,39233.625563336915,47530.183669670936,124067.61764635138,150303.63800230034,0.013343371550759332,0.016743054616051002,27287.608845187424,34240.06620054059,86290.99585054927,108276.59642865592,0.017856232225547757,0.022084509842338965,36516.548952116194,45163.50787527485,115475.46697772208,142819.55200882035,0.019851982263782098,0.025065935474659237,40597.91970529794,51260.61580232957,128381.89453337333,162100.300198181
2024-05-22,2038661.7688606053,-11136.447456591295,2049798.2163171968,0.008092517084428024,-0.7294330093210856,0.009975120873848928,0.01271945904508262,20446.98497476397,26072.324463129993,64659.04380349462,82447.92919841752,0.014961090194424929,0.01652393688378266,30667.215994692924,33870.73635091564,96978.25203957585,107108.6728959536,0.017126768063038648,0.017305360228461526,35106.418626894956,35472.496529027,111016.243352349,112173.88332414246,0.01233855606155964,0.015661471440925348,25291.550206914686,32102.856224511495,79978.90421035327,101518.14506637011,0.017126768063038648,0.020576481520304488,35106.418626894956,42177.6351184039,111016.243352349,133377.39329366197,0.018784875933603697,0.022757229048199795,38505.205182440695,46647.72751132184,121764.15014863192,147513.06660667498,0.013065179149809761,0.016393983127997898,26780.98091714468,33604.35737410431,84688.8976716823,106266.3086084446,0.017483952393884405,0.0216240757763712,35838.57443115904,44324.99195591359,113331.52329593591,140167.93184932866,0.019438093570916044,0.024543342459451944,39844.169530270476,50308.89959584672,125998.32719353597,159090.7092996001
2024-05-23,2020575.899513478,-18085.869347127387,2038661.7688606053,0.008371377710108374,-1.118838081930555,0.010318854278313557,0.013157759795099267,21036.65371564154,26824.22185812003,66523.74008967138,84825.63753333331,0.015476635472729688,0.017093336408064288,31551.625048845897,34847.53143739373,99774.99903397444,110197.57017648549,0.017716940590092232,0.017901686875731584,36118.849442195686,36495.484631667634,114217.83070204055,115408.85574774098,0.01276373124839235,0.016201151206754357,26020.930924108932,33028.667576739965,82285.40855809422,104445.81762305248,0.017716940590092232,0.021285527970400165,36118.849442195686,43393.99210326789,114217.83070204055,137223.85181368713,0.019432185318498586,0.023541422033512546,39615.65329423741,47992.99708433472,125275.69540534283,151767.18252431785,0.01351539309367063,0.01695890456650354,27553.315191188976,34573.4703814863,87131.23309267494,109330.91302186728,0.018086433161370936,0.022369221351950096,36872.11982113958,45603.27636940101,116599.8807934414,144210.22209344138,0.020107912229148994,0.025389083254698422,40993.23191317068,51759.75337777266,129631.98149712113,163678.7118023553
2024-05-24,2036103.159919936,15527.260406458285,2020575.899513478,0.009201857492381612,0.7824514788747389,0.011342532835310858,0.014463071043526513,22918.448486469395,29223.73278350092,72474.49765448198,92413.55732799525,0.01701199002281705,0.018789075244618186,34374.017042867876,37964.75261342081,108700.18618490822,120055.08906323973,0.019474543875157388,0.019677617855518754,39349.79400816083,39760.12039869728,124434.97452423455,125732.5405024055,0.014029953023974114,0.01780838110279819,28348.584951548335,35983.18566566528,89646.0968896668,113788.82417222438,0.019474543875157388,0.0233971517970355,39349.79400816083,47275.7210383484,124434.97452423455,149498.9565079214,0.021359948894727306,0.02587684109138,43159.39795152555,52286.12146478247,136481.99996842616,165343.233844932,0.014856183236279488,0.018641307136271254,30018.045805982478,37666.1759349783,94925.39565416951,119110.90670315371,0.01988069183588012,0.024588352625355376,40170.446789233734,49682.63272353203,127030.10648057645,157110.27955997584,0.022102711072100364,0.027907798938500258,44660.205306195705,56389.82594360144,141227.969538316,178320.28684223414
2024-05-28,2020407.5954599224,-15695.564460013991,2036103.159919936,0.008919839633313545,-0.9185908580153285,0.010994907714048987,0.0140198078942524,22386.766339603222,28545.775154957777,70793.17107913672,90269.66706471254,0.016490607790078254,0.01821322903326977,33576.578630378644,37084.0131869861,106178.4645077334,117269.94645059573,0.018877689471082332,0.019074539654865524,38436.92318405804,38837.73046528982,121548.2235105548,122815.68742202687,0.01359996404425751,0.017262591134170942,27690.92976531023,35148.41635669133,87566.40858613217,111149.05183506185,0.018877689471082332,0.02268007759070776,38436.92318405804,46178.977649669396,121548.2235105548,146030.74939096443,0.020705310734759973,0.025083769547935914,42158.14861416895,51073.14243925578,133315.77155664502,161507.45737025613,0.014400872013117513,0.01806998971115855,29321.661011511136,36792.363150610654,92723.23357573184,116347.66805597837,0.019271389838648716,0.02383477058269122,39238.53774652159,48530.05169938433,124083.15133349894,153465.49833577956,0.021425308790950653,0.02705248274669289,43624.13893151501,55081.64560422095,137951.6399872116,174183.45737953973
2024-05-29,2002085.891372448,-18321.70408747415,2020407.5954599224,0.0094172466636014,-1.0156765946244646,0.011608029095055535,0.01480161017955826,23452.950151969973,29905.285631816416,74164.74033061725,94568.81667444747,0.01741019206352976,0.019228873768804753,35175.68428357159,38850.16261463319,111235.2805910744,122855.0013301633,0.019930387259889912,0.020138214621442253,40267.50580033925,40687.40178016399,127337.03402311345,128664.86169970775,0.014358354105667482,0.01822522438141596,29009.727693393743,36822.38176917417,91736.813812387,116442.5952628509,0.019930387259889912,0.0239448122165366,40267.50580033925,48378.28047415209,127337.03402311345,152985.55558077127,0.021859924219659405,0.0264825439465995,44165.95692957818,53505.53293681082,139665.0189383639,169199.3515014803,0.015203924004640742,0.019077646831583774,30718.123539771594,38544.62256203378,97139.23583211213,121888.7988475415,0.020346041982994598,0.02516389565001316,41107.297759988745,50841.32590264749,129992.68937630208,160774.38911528213,0.02262007233567911,0.028561040709404524,45701.765956858944,57704.94358352095,144521.6735156188,182479.053975445
2024-05-30,2007569.2329699143,5483.341597466497,2002085.891372448,0.010071266645107116,0.2263748878003515,0.012414197102038872,0.015829569747964362,24854.28887070876,31692.158258895568,78596.16245521388,100219.40406462626,0.01861931548337296,0.02056430312686301,37277.468836273576,41171.50115619875,117881.70692857089,130195.71834184391,0.021314536148916683,0.021536796948608033,42673.532104894126,43118.517316161335,134945.5572557848,136352.72404848042,0.015355529906842675,0.019490951120733714,30743.0897810374,39022.55824825097,97218.18601912537,123400.16419106338,0.021314536148916683,0.025607759594090812,42673.532104894126,51268.934192986664,134945.5572557848,162126.6052591245,0.023378077852516516,0.028321734691079334,46804.91983593001,56702.545444203555,148010.15238313333,179309.19273288723,0.016259823935006027,0.02040257360409685,32553.56409647561,40847.70476045022,102943.40850114425,129171.7842331253,0.021759057748299383,0.026911507362388072,43563.50252742854,53879.149205802925,137759.89084117603,170380.8298823895,0.024191017625645763,0.03054458133266831,48432.495086247596,61152.875344013475,153156.9972374556,193382.37155543553
2024-05-31,2030647.7149698825,23078.481999967946,2007569.2329699143,0.009693974556933806,1.1321436134404326,0.01194913361869849,0.01523655879556384,23988.713013545545,30588.446654311098,75858.97125892557,96729.16151418019,0.01792179443993079,0.019793918512696084,35979.243117216334,39737.66180600227,113776.35673934015,125661.52019644724,0.020516046134159978,0.02072998054907873,41187.383001130926,41616.87115039523,130245.9411452752,131604.10192500075,0.014780277543092083,0.0187607766642369,29672.430450267824,37663.55801774195,93832.46393578191,119102.62812196101,0.020516046134159978,0.0246484358634071,41187.383001130926,49483.44148020832,130245.9411452752,156480.3815411121,0.02250228296779471,0.027260739406292683,45174.89095772759,54727.82170008372,142855.5484761645,173064.567951853,0.015650694702115626,0.019638247738200026,31419.85315857257,39425.141948651384,99358.29972912493,124673.24563318753,0.020943914963997477,0.02590334233544187,42046.359299659525,52002.75310372015,132962.2627047263,164447.1444071461,0.02328476820572286,0.029400313259994384,46745.78424664529,59023.16434044213,147823.1492302174,186647.63402622705
2024-06-03,2018091.8262353237,-12555.888734559065,2030647.7149698825,0.009357362187296252,-0.7114801959593194,0.01153421338563177,0.014707486418575999,23421.924055508185,29865.723688831935,74066.62719889391,94443.7108259548,0.017299480273625573,0.019106596942390794,35129.15008780433,38798.76742191641,111088.1265433657,122692.47546039498,0.019803649493932228,0.020010155276773404,40214.23559291795,40633.57608897245,127168.57883623253,128494.6499189096,0.014267049019697381,0.018109329783280042,28971.35049121179,36773.66914405365,91615.45444326726,116288.55241666413,0.019803649493932228,0.0237925466349888,40214.23559291795,48314.28045765437,127168.57883623253,152783.16975835012,0.021720916486218142,0.02631414087379906,44107.52942979052,53434.75003677565,139480.2549610459,168975.51631797713,0.015107241921296758,0.018956331660551915,30677.48628697848,38493.63157071098,97010.72955543386,121727.55117481158,0.020216661059614578,0.02500387789040378,41052.91658502694,50774.0675035344,129820.72100158666,160561.6993823081,0.022476230803839203,0.02837942043049398,45641.30672295176,57628.6052493522,144330.48463088323,182237.65096668867
2024-06-04,2008419.2813739092,-9672.544861414004,2018091.8262353237,0.009537745535523919,-0.5514539839078999,0.011756560238091672,0.01499100495628927,23725.818121136013,30253.224569340604,75027.62461368654,95669.09620368293,0.017632965086107403,0.01947491782820453,35584.94271256619,39302.17248570415,112529.46937831964,124284.38204762658,0.020185407571832896,0.020395894199253098,40736.00602994458,41160.78737227313,128818.56183297816,130161.83838228005,0.014542077176136077,0.018458426192618765,29347.247085643474,37250.799024491935,92804.14384637194,117797.3695785729,0.020185407571832896,0.024251199312845896,40736.00602994458,48941.147109658,128818.56183297816,154765.49616788575,0.022139634022627797,0.02682140272190776,44679.814456906635,54128.05360124791,141289.97911754405,171167.93469162288,0.015398466608949493,0.01932175585880372,31075.519600078533,38993.07756716626,98269.42140945296,123306.93809186266,0.020606380826673296,0.025485881592116854,41585.56871460167,51432.84932545232,131505.11493158195,162644.95042068418,0.02290950865359889,0.028926494998684046,46233.492156895336,58376.32311848124,146203.13939932012,184602.14248034413
2024-06-05,2028337.6738067744,19918.39243286499,2008419.2813739092,0.009515550621674425,0.9892652330396361,0.01172920200750364,0.014956119976156075,23557.155466999873,30038.159734653353,74494.2664704071,94989.00148146364,0.017591932104095077,0.019429598510152583,35331.975634485236,39022.78027714423,111729.51723854616,123400.86630807244,0.02013843490094279,0.020348431713181334,40446.42095174677,40868.182598473715,127902.81340947509,129236.54084283554,0.01450823687824651,0.018415472312415467,29138.6226850103,36985.989667862596,92144.41556488365,116959.96886590039,0.02013843490094279,0.024194765297334497,40446.42095174677,48593.23313148295,127902.81340947509,153665.29556704249,0.022088113747950583,0.02675898768676994,44362.193540564076,53743.26682015577,140285.57358939177,169951.1320498471,0.015362633440772903,0.019276792957968313,30854.6092151279,38715.88265983635,97570.84143422438,122430.37082890084,0.020558428525419878,0.025426574395860817,41289.94424520067,51067.22227593502,130570.26827619602,161488.73617004234,0.022856196833839493,0.028859181285807937,45904.82641996053,57961.336139081744,145163.8070817484,183289.83842612835
2024-06-06,2016959.5565246772,-11378.117282096997,2028337.6738067744,0.009198520742753812,-0.6610366144866903,0.01133841984048912,0.014457826488613414,22998.14412390228,29325.354148216098,72726.51738834886,92734.91229942988,0.01700582118664199,0.018782262007195082,34493.54778688738,38096.76962850343,109078.1755864244,120472.56352079762,0.019467482075180502,0.019670482417471626,39486.627307246694,39898.380549311456,124867.67940910092,126169.75748798421,0.01402486552500235,0.017801923481707484,28447.16311443609,36108.31206417275,89957.8284119472,114184.50858692187,0.019467482075180502,0.0233886675928827,39486.627307246694,47440.11561878758,124867.67940910092,150018.817817097,0.02135220341490616,0.02586745770982342,43309.47860523983,52467.938998438345,136956.59666689028,165918.19136983887,0.014850796132216506,0.01863454748207098,30122.429280998673,37797.15469222574,95255.48518530397,119525.0979011539,0.01987348275976275,0.0245794364715746,40310.13379137621,49855.39699623501,127471.83556686749,157656.6081600197,0.02209469625411342,0.027897679097174975,44815.50480353567,56585.91352457176,141719.06966938954,178940.37021897305
2024-06-07,2018935.5947153503,1976.0381906728728,2016959.5565246772,0.009324923012586068,0.056198101187674585,0.01149422771919374,0.014656499964067742,23183.39244309866,29561.56766773002,73312.32400972732,93481.88503521851,0.017239508152021327,0.019040360088037462,34771.39071700449,38403.6362392382,109956.79207736948,121442.96094857575,0.01973499616696097,0.01994078605604553,39804.6891169298,40219.759000355065,125873.47916441454,127186.04538417894,0.013848692040780219,0.01799868092817454,27932.251757018897,36302.61150292009,88329.53572941983,114798.93736145584,0.01973499616696097,0.02371006499522279,39804.6891169298,47822.24217793583,125873.47916441454,151227.2080984485,0.02164561656828632,0.026222917621340963,43658.33319427398,52890.56429632301,138059.77174044022,167254.64990796158,0.015054869634078967,0.018890615730967005,30365.063180688743,38101.607927209305,96022.76094589342,120487.86356470842,0.020146575945130096,0.024917196927640564,40634.82888378033,50256.97846501196,128498.61160394334,158926.52026747065,0.02239831243718006,0.028281037471804146,45176.49032019585,57041.70879718787,142860.60610436837,180381.72142717734
2024-06-10,2037125.1549342,18189.56021884992,2018935.5947153503,0.0090290776483445,0.9429477169132727,0.011129558329251254,0.014191503356103937,22469.86146438606,28651.731268160594,71055.94093590639,90604.72971445209,0.01669256223496696,0.01843627979075961,33701.20806317602,37221.66150369585,106572.57737886798,117705.22864748674,0.0191088776326374,0.019308138568655937,38579.59322759164,38981.888223955764,121999.38580199635,123271.55428179614,0.01311223942295683,0.017286391166321594,26472.76689743741,34900.11042985966,83714.2393626113,110363.83954975467,0.0191088776326374,0.02295783220946839,38579.59322759164,46350.38462519829,121999.38580199635,146572.78584047648,0.020958881105780654,0.025390961303343357,42314.63108986758,51262.71555935997,133810.61259375463,162106.94021293003,0.014577234227921525,0.018291286269036623,29430.497055253705,36928.92892168617,93067.40336548007,116779.52694299415,0.019507399504674477,0.024126666304386406,39384.183220319894,48710.18538374517,124543.72276159594,154035.13106167768,0.021687696714945127,0.02738378461291379,43786.06286519389,55286.09747303016,138463.6884253309,174829.99095685477
2024-06-11,2026572.7028596648,-10552.452074535657,2037125.1549342,0.00876668318985535,-0.6443397487613007,0.01080612170097475,0.013779083396579656,22013.42234433601,28069.717399108595,69612.5537033452,88764.24025844078,0.016207458883436512,0.01790050217972779,33016.62218901028,36465.56327627796,104407.72676252684,115314.23611403024,0.01855355362347123,0.01874702382787343,37795.91079979382,38190.033819911805,119521.16436790478,120767.49078978198,0.012302749359967557,0.01661817769208193,25062.24019604054,33853.30780570647,79253.76228571299,107053.55899678939,0.01855355362347123,0.022290653546784858,37795.91079979382,45408.851060078676,119521.16436790478,143595.39528120004,0.020349794056972504,0.024653073359392475,41455.077371189174,50221.3958868566,131092.46507146323,158813.99827547875,0.014153604525035285,0.01775972232169214,28832.6638109399,36178.77708616547,91176.88865248054,114407.33855179274,0.018940494032275636,0.02342552009802405,38584.1568400298,47720.71625910146,122013.8172116592,150906.1549533905,0.021057429520771824,0.02658798313520621,42896.6193750183,54163.04926369485,135651.02114636646,171278.60069318162
2024-06-12,2046040.7228207595,19468.01996109472,2026572.7028596648,0.00890297156317098,1.0227303984829113,0.010974115538162892,0.013993295410545593,22239.842987669017,28358.430502063125,70328.55864555812,89677.23125411179,0.01645942284277744,0.018178786483012653,33356.21703799758,36840.63245758769,105481.61996698762,116500.30900710367,0.018841990377464268,0.01903846830313026,38184.66336651356,38582.84016738275,120750.50792497574,122009.65352716167,0.012494010029626542,0.01687652675706751,25320.019675296022,34201.50844495375,80068.93257421243,108154.66609953743,0.018841990377464268,0.022637187902623,38184.66336651356,45875.9070729608,120750.50792497574,145072.3560767845,0.02066615547545541,0.02503633430228483,41881.466559611734,50737.951676679506,132440.82607654922,160447.4911098664,0.01436461947655183,0.01802812206920463,29110.945718146224,36535.300069271994,92056.89331086815,115534.76321660708,0.01923494622879625,0.023789697285575066,38981.01696825193,48211.551128241095,123268.79912934762,152458.31109490246,0.021384791962580543,0.027001324520170802,43337.835647698485,54720.147213633485,137046.26950876575,173040.29909479816
2024-06-13,2043378.7736692117,-2661.9491515478585,2046040.7228207595,0.008655061128634445,-0.20300958611691494,0.010668532426679709,0.013603640796778536,21828.251797720462,27833.603048834728,69026.99302046168,88017.58112332456,0.01600109691864968,0.017672583489509505,32738.89590535902,36158.82549698625,103529.47914009486,114344.24608704641,0.018317319935818303,0.018508326774939417,37477.98252162079,37868.79029279986,118515.78687630242,119751.62956052218,0.012146104228336379,0.01640658623753137,24851.423874801647,33568.54356445981,78587.10254266036,106153.05539828028,0.018317319935818303,0.02200683712032469,37477.98252162079,45026.884928667845,118515.78687630242,142387.51231689862,0.02009068968318965,0.02433917735058154,41106.369241360924,49798.94801924651,129989.75314258826,157478.10082114962,0.013713670488421602,0.017470636967610215,28058.728278655854,35745.634689348284,88729.48960832818,113037.62202666595,0.01869933361406053,0.023127253948570972,38259.598063978934,47319.30338579341,120987.47224474196,149636.77599162448,0.020789315156853394,0.026249450828632993,42535.78541047689,53707.44534706423,134509.96396126717,169837.8546057354
2024-06-14,2027273.919049696,-16104.85461951536,2043378.7736692117,0.008472802501098194,-0.9876182784431548,0.010443874039059584,0.013317174778310546,21340.79052628929,27212.032267242757,67485.50513161761,86052.00172648286,0.015664145172136972,0.01730043351113887,32007.781752417748,35351.33861193668,101217.49318721575,111790.74834957521,0.01793159307126739,0.01811857768063982,36641.03665990169,37023.11704169614,115869.13167501774,117077.37593075492,0.011464175661071822,0.015946929617536073,23425.653203449365,32585.617485670093,74078.41980011977,103044.77021772666,0.01793159307126739,0.021543416253579518,36641.03665990169,44021.35948488468,115869.13167501774,139207.76166929223,0.01966761912672639,0.023826641968872648,40188.395452163306,48686.85444701036,127086.86513638853,153961.35216165037,0.013424887460253845,0.017102739587270956,27432.13007518068,34947.375044221604,86748.012107577,110513.30338386791,0.01830556229001225,0.022640239298910843,37405.1974234906,46262.584414185934,118285.62018649216,146295.13719463404,0.02035153291689081,0.0256966888307103,41585.890374004935,52508.06851025615,131506.13210792706,166045.09202857377
2024-06-17,2048112.013351341,20838.094301644946,2027273.919049696,0.0090873044540614,1.0752602624205803,0.011201330735668763,0.01428302166405626,22708.165659071026,28955.597304763043,71809.52496708307,91565.63849368392,0.016800209396285914,0.018555171855190556,34058.62634366407,37616.41596551278,107702.83322259116,118953.55186334223,0.019232107152718846,0.01943265308464288,38988.74923907602,39395.31077643714,123293.25071663702,124578.91118371778,0.012295631172035143,0.01710350318247785,24926.61239332129,34673.48592622082,78824.86951507618,109647.1899446508,0.019232107152718846,0.023105882906095974,38988.74923907602,46841.953792144566,123293.25071663702,148127.26403553828,0.02109404094665473,0.0255547027870647,42763.3990585195,51806.38246928284,135229.74151562172,163826.1659367519,0.014398546360194919,0.0183431399006309,29189.79750825109,37186.56911402886,92306.24456518106,117594.25676760092,0.019633199016566915,0.02428225458994729,39801.872313798245,49226.78142592491,125864.57165079852,155668.7511851941,0.021827556549166367,0.027560377435409,44250.43610870736,55872.43437397042,139932.1655592735,176684.15104003053
2024-06-18,2058062.4718618724,9950.458510531344,2048112.013351341,0.008818268845841415,0.4979893622943817,0.01086970799290955,0.013860163440252479,22262.379521899144,28387.167248994152,70399.82542429167,89768.10482695769,0.01630282817878606,0.018005833823112577,33390.018244574494,36877.96456352477,105588.50876743253,116618.36349171553,0.018662728007193333,0.018857336645275835,38223.3574334412,38621.937722999915,120872.86930840206,122133.29085385705,0.01193161094716652,0.016597142753524263,24437.275719526122,33992.8074608002,77277.45108323262,107494.69563969348,0.018662728007193333,0.022421818088797695,38223.3574334412,45922.394988844964,120872.86930840206,145219.36377465277,0.020469538030020946,0.024798139051145602,41923.90674703805,50789.36649940833,132575.03373314082,160610.07905518325,0.013972267951995729,0.017800079213627626,28616.76984624639,36456.556076036235,90494.17199096507,115285.75284592519,0.01905194528335834,0.023563362517431848,39020.518012558634,48260.40584690487,123393.71239931202,152612.8032803267,0.02118133742204814,0.026744434386115238,43381.751632945125,54775.597356489314,137185.1440478355,173215.6478428043
2024-06-20,2047741.4037252776,-10321.068136594493,2058062.4718618724,0.008580166591260298,-0.6390027288559449,0.01057621478863163,0.013485924888255597,21766.510750833302,27754.87591086686,68831.75068717501,87768.62405367977,0.0158626351870235,0.017519657941673237,32646.2941832487,36056.550529614506,103236.64678297228,114020.82424253231,0.018158815312669118,0.018348169318998103,37371.97632847502,37761.678702797406,118180.56585987806,119412.9129723123,0.011609445279849077,0.016149002968005883,23892.96364959134,33235.6569664389,75556.18518431784,105100.37554598931,0.018158815312669118,0.021816406127325456,37371.97632847502,44899.526721545924,118180.56585987806,141984.77030367788,0.019916839621706896,0.02412856399954369,40990.10018352657,49658.09206737827,129622.07809842986,157032.6751912549,0.013595002463821079,0.01731945891653996,27979.364375659854,35644.52842908438,88478.51891086016,112717.89595853024,0.01853752332532709,0.022927127691867583,38151.38107711978,47185.46109021778,120645.26008474654,149213.52949034,0.02060941970402445,0.026022307375003096,42415.473259703336,53555.534239748304,134129.50353462913,169357.4695047388
2024-06-21,2051571.648287557,3830.2445622792,2047741.4037252776,0.008724024111755338,0.16202807554665838,0.010753538622561063,0.013712033751687565,22020.46627397718,28078.69924260908,69634.82856468928,88792.64334148949,0.016128592653262788,0.01781339752406987,33027.18695990554,36477.23165105522,104441.13550151371,115351.13475491885,0.018463271189862553,0.01865579995947341,37808.00486368962,38202.25399663006,119559.40915598311,120806.13438162144,0.011804092550915248,0.01641976175814531,24171.729049914284,33623.42599145911,76437.71878218699,106326.60887111598,0.018463271189862553,0.022182186215416826,37808.00486368962,45423.38113845316,119559.40915598311,143641.34342344417,0.020250771035928455,0.024533110386045772,41468.34230763133,50237.465899668554,131134.4124836378,158864.81611799262,0.013822940152998509,0.017609841904975988,28305.80687251167,36060.40238187575,89510.82072598423,114033.0048688883,0.018848328729084273,0.02331153045453478,38596.503129570505,47735.98609595361,122052.85960725976,150954.44241734248,0.020954963113459242,0.02645860480311374,42910.345580966445,54180.3805401405,135694.42722079513,171333.4070015079
2024-06-24,2062455.907566962,10884.259279405,2051571.648287557,0.008496912502641955,0.5691614381576756,0.010473592874022622,0.013355069808251583,21487.326196051403,27398.88257951009,67948.89160652415,86642.87429476134,0.015708718684175397,0.01734966320563573,32227.561883379265,35594.077140020076,101912.49898550424,112558.35497419549,0.01798261877811873,0.018170135466365894,36892.63084715182,37277.33476834048,116664.74235278704,117881.28296854111,0.011496797841613688,0.015992307814141883,23586.504497948223,32809.36530218104,74587.07625532267,103752.32293939068,0.01798261877811873,0.02160471967698215,36892.63084715182,44323.630358496885,116664.74235278704,140163.62610023568,0.019723584827265973,0.023894442484059652,40464.3474342135,49021.16075193449,127959.50192450505,155018.52152136542,0.013463088994793282,0.017151406728727184,27620.491680090123,35187.33977290513,87343.66380281559,111272.1384846122,0.01835765215461306,0.022704663815400768,37662.03868952914,46580.24456757661,119097.82358429518,147299.66680122702,0.020409444745943892,0.02576981070594553,41871.43819806993,52868.613026055005,132409.1136128775,167185.23389638073
2024-06-25,2056091.0934340751,-6364.814132886939,2062455.907566962,0.008296636308626613,-0.4274017505138155,0.01022672540094658,0.013040284578772737,21092.170218247385,26895.011965844187,66699.29868563252,85049.49550955032,0.015338456852016232,0.01694072354511877,31634.890947401826,34939.49535408894,100038.3089248317,110488.38561579234,0.01755876005929697,0.017741856891670037,36214.16841384786,36591.79755743249,114519.25575668644,115713.42396127264,0.01122581294982314,0.015615361653811029,23152.74423560444,32205.994891697163,73215.40586784415,101844.29816951089,0.01755876005929697,0.021095486349190555,36214.16841384786,43508.51044388627,114519.25575668644,137585.99060390418,0.019258690725989146,0.023331239320870906,39720.20045982138,48119.6523681888,125606.30257150295,152167.7016989919,0.013145757702664683,0.016747140065916367,27112.54563330467,34540.23796380057,85737.3973664951,109225.8228898263,0.017924953724043104,0.0221695042908167,36969.42670101712,45723.62509242602,116907.59216585882,144590.79817169314,0.019928384606226895,0.025162404238351817,41101.41455937917,51896.34926997667,129974.08506244412,164110.66594074282
2024-06-26,2044372.5440772048,-11718.549356869888,2056091.0934340751,0.008274857367971903,-0.7457437957969112,0.010199879913532887,0.01300605340683787,20971.88224431209,26741.630570527257,66318.91471287003,84564.46094965414,0.01529819290297853,0.016896253593802067,31454.47817345053,34740.23652661991,99467.79364015651,109858.2738770957,0.017512667741991932,0.017695283939213838,36007.64016657985,36383.11570320461,113866.15609415708,115053.5139955653,0.011196344825038536,0.015574370820645717,23020.70487377843,32022.325130169207,72797.86074367887,101263.48338578257,0.017512667741991932,0.02104011001013089,36007.64016657985,43260.38279670325,113866.15609415708,136801.34208834716,0.01920813603529207,0.023269994057408924,39493.67742363413,47845.22752570234,124889.97383465449,151299.89415020176,0.013111249660342777,0.016703178277540455,26957.923650421326,34343.256088492446,85248.43972425217,108602.91150608135,0.017877900136435743,0.022111308619663556,36758.591239829366,45462.86471706233,116240.8718969735,143766.20146202345,0.01987607194727233,0.025096352107313234,40867.01450324151,51600.38604553222,129232.84700137778,163174.74804785074
2024-06-27,2049123.577712442,4751.0336352367885,2044372.5440772048,0.008561414064513986,0.21796304482547252,0.010553099765328868,0.013456450499329002,21574.46741514593,27509.997941562204,68224.45633694662,86994.25192188026,0.015827966339111543,0.017481367559937278,32358.259812257827,35738.427872457694,102325.8021262272,113014.83207061191,0.018119128009839936,0.018308068170350147,37042.24782593701,37428.51190255763,117137.87278238134,118359.34704280428,0.011584072062347456,0.01611370824419571,23682.15887287494,32942.42271770421,74889.56194825079,104173.08743201934,0.018119128009839936,0.021768724915654368,37042.24782593701,44503.38353713316,117137.87278238134,140732.05556138142,0.019873310039415514,0.024075829412523852,40628.44940451495,49219.96462685018,128478.43791917892,155647.1945737662,0.013565289678572984,0.017281606083135198,27732.5057713285,35330.0409939192,87697.88346116277,111723.39936790375,0.018497008330860355,0.02287701892408494,37814.77597917824,46769.149378733884,119580.8213032272,147897.036265448,0.020564376441738686,0.02596543388544317,42041.246583558655,53083.020130451914,132946.09487681775,167863.24869279648
2024-06-28,2053025.0150788047,3901.437366363127,2049123.577712442,0.008353464716695453,0.1732161683180487,0.01029677409329298,0.013129604947390768,21099.3625689453,26904.18306374835,66722.04289556864,85078.49706757188,0.015443518717175529,0.017056760251416524,31645.678326207784,34951.409590566,100072.42161184155,110526.06173964171,0.01767903005122069,0.01786338101853702,36226.51730904311,36604.275222745106,114558.30639209015,115752.88180354178,0.011302704964307818,0.015722320198357884,23160.639234290615,32216.977014799697,73240.37204581649,101879.02669205925,0.01767903005122069,0.021239981402615512,36226.51730904311,43523.34668227323,114558.30639209015,137632.9069091162,0.01939060451547394,0.023491048325334506,39733.744898754994,48136.060988625315,125649.13384816222,152219.59031283247,0.013235800517042883,0.01686185080822796,27121.790909371102,34552.01605500951,85766.63349646208,109263.06848453576,0.01804773198585335,0.0223213559075029,36982.0331364471,45739.216676575095,116947.45721499341,144640.10308993442,0.020064885512187772,0.025334755938831124,41115.42998712475,51914.045729849175,130018.40573650168,164166.6270604617
2024-07-01,2041599.5765142504,-11425.438564554788,2053025.0150788047,0.00817040601766466,-0.7387521067011668,0.010071129509439654,0.012841881412070875,20676.28081297794,26364.70377965703,65384.14091024824,83372.51377936626,0.015105087833619683,0.016682976624239173,31011.12317738372,34250.56833553797,98065.7820405704,108309.80709554222,0.01729160993860148,0.01747192101954892,35500.10775493411,35870.29091461511,112261.19768699839,113431.81962302815,0.011055016306192125,0.0153777796299989,22696.22501871652,31570.966256757027,71771.76534684192,99836.16130367247,0.01729160993860148,0.02077452622983792,35500.10775493411,42650.62202626802,112261.19768699839,134873.1092259528,0.01896567678112571,0.022976263036697253,38937.00885955035,47170.84276736996,123129.63327033434,149167.3022945692,0.012945749800908483,0.016492338446963493,26577.948180216572,33859.18338876197,84046.85178341171,107072.13922182628,0.017652232100496358,0.02183220338078376,36240.47407429609,44822.05967503711,114602.44155905787,141739.79799310383,0.019625181513591616,0.024779567448819793,40290.9885728657,50873.071835259514,127411.29307007267,160874.77856878235
2024-07-02,2046110.40162804,4510.825113789877,2041599.5765142504,0.008455106984694559,0.20719197138763273,0.010422061923841304,0.013289361751309249,21277.6772101197,27131.55532361764,67285.92330183537,85797.51128549852,0.015631430478526852,0.017264301416127014,31913.121845272366,35246.79045997928,100918.1522775363,111460.13806422845,0.01789414279442041,0.018080736884927097,36532.67435117423,36913.624767332745,115526.45996692462,116731.13095757454,0.011440232637681586,0.01591362432632952,23356.37410831523,32489.24868544122,73859.3400652604,102740.02531362567,0.01789414279442041,0.021498422654866914,36532.67435117423,43891.170587900655,115526.45996692462,138796.06822875768,0.019626543145451918,0.023776879834826792,40069.542174193295,48542.8678016126,126711.01807062617,153506.02640954647,0.013396849474447014,0.017067020377614595,27351.002213656182,34844.02157529804,86491.46328346083,110186.47101799001,0.018267330975433788,0.022592954976416113,37294.575183491266,46125.76731205666,117935.80194822447,145862.48352904167,0.020309028576146023,0.02564302108870121,41462.904140475526,52352.78099523838,131117.21548912875,165554.02978893003
2024-07-03,2048693.7394093284,2583.3377812881954,2046110.40162804,0.008259826530415813,0.09765037533278921,0.010181352375080641,0.01298242860373726,20832.17099729285,26563.4822045002,65877.10895754682,84001.10635157127,0.015270404550599623,0.01686556244931686,31244.933588050044,34508.80275685451,98805.15547893531,109126.416037158,0.01748085691404673,0.017663141398675475,35767.763161202456,36140.73734125674,113107.59839886407,114287.04631626935,0.011176007261162392,0.015546080805793071,22867.344705734875,31808.997641283226,72312.89331031506,100588.88263337863,0.01748085691404673,0.021001891771234276,35767.763161202456,42972.18920698879,113107.59839886407,135889.9939377894,0.019173245479520172,0.023227725352940144,39230.57700861402,47526.49045081017,124057.97726985536,150291.95901880282,0.013087433773852127,0.01667283784408092,26778.334375296952,34114.46693743159,84680.52857152052,107879.41668479273,0.017845425883304223,0.02207114460556211,36513.71152131102,45159.99855327723,115466.49423367462,142808.45455826493,0.019839968121501392,0.025050765920748196,40594.76514137272,51256.63271919211,128371.91892634502,162087.70458335683
2024-07-05,2046989.176434907,-1704.562974421773,2048693.7394093284,0.008088124348483263,-0.15919134747493865,0.009969706233192781,0.01271255473776237,20424.87474369221,26044.131303152164,64589.12511371523,82358.77459845008,0.0149529690971218,0.016514967450571575,30634.05417485459,33834.110422534824,96873.38515753056,106992.851540852,0.01711747140429784,0.01729596662729646,35068.45650050319,35434.13854637494,110896.19656812782,112052.58473251273,0.010943684605841567,0.015222914697518878,22420.258138057863,31187.090036369176,70899.08144518868,98622.2381076701,0.01711747140429784,0.020565312306937627,35068.45650050319,42132.02657222073,110896.19656812782,133233.16640695417,0.018774679229800605,0.022744876093365073,38463.56779751085,46597.28525611793,121632.48117644043,147353.55418991513,0.012815377099708508,0.0163262491322848,26254.7828323425,33447.48438534885,83024.91322328898,105770.23266061937,0.017474461850295085,0.02161233791360933,35799.82059224669,44277.0613776103,113208.97289689763,140016.36205232123,0.01942754229108113,0.02453001997628615,39801.08426384787,50254.4983530032,125862.07961804536,158918.67746467062
2024-07-08,2058500.8813505303,11511.704915623646,2046989.176434907,0.007958494233874607,0.6474569559755721,0.009809919599612431,0.012508807879204989,20080.7992421033,25605.394338836293,63501.0628416294,80971.3664975039,0.014713314634074002,0.01625027850278391,30117.995805430804,33264.14420925151,95241.46530455879,105190.46011753543,0.016843125995604214,0.017018760437138868,34477.696610331244,34837.21841116187,109028.04976491355,110164.95752402375,0.010768287810667137,0.014978933758070636,22042.56859717157,30661.715277306037,69704.72224756471,96960.85724386839,0.016843125995604214,0.020235707607943222,34477.696610331244,41422.274450961275,109028.04976491355,130988.73312963826,0.018473773393609273,0.022380339055146126,37815.61418462934,45812.31181082755,119583.47194159986,144871.25020004797,0.012609982284963864,0.016064584813715747,25812.497252356945,32884.03123759671,81626.28341428605,103988.43735893123,0.017194394878673518,0.02126595230923524,35196.74021199249,43531.17420358545,111301.86528313391,137657.6597048963,0.019116172877697964,0.024136872051764575,39130.59897550626,49407.91584295629,123741.81896925114,156241.54850566003
2024-07-09,2057704.133101728,-796.7482488027308,2058500.8813505303,0.007824005768531156,-0.10765794425862753,0.009644144392227227,0.012297424880673704,19852.47973127152,25314.25995520876,62779.05315314548,80050.71874005167,0.014464678265547213,0.015975669392942402,29775.552958080796,32885.92952553662,94158.5659384994,103994.44027247617,0.01655849851455465,0.016731164956639996,34085.68378605219,34441.11780926454,107788.3963681964,108912.37743946459,0.010586317395224849,0.014725808763014457,21791.943688326803,30313.09031726462,68912.17669724317,95858.40832095232,0.01655849851455465,0.019893749797664565,34085.68378605219,40951.30149185944,107788.3963681964,129499.38586252714,0.018161590038341623,0.022002139691680942,37385.649100653245,45291.4239469227,118223.80296188983,143224.05814456884,0.012396889567211493,0.015793113691856996,25519.00810011005,32510.138453956755,80698.18922463394,102806.08456192842,0.016903831398725342,0.02090658466931629,34796.551832476885,43036.22296781706,110036.35851073274,136092.48646915323,0.01879313378537584,0.023728989507021854,38685.6824605346,48846.14581376197,122334.86941331626,154465.07569218669
2024-07-10,2080383.1109059,22678.97780417232,2057704.133101728,0.007715736688594118,1.3616344791291666,0.009510688120463458,0.01212725234798201,19570.182254119165,24954.297279610215,61886.3501476247,78912.41681251195,0.01426451514530835,0.015754597083217244,29352.15177119319,32418.299533488553,92819.65382391596,102515.66439539785,0.016329360979083968,0.016499638052171688,33600.993577571164,33951.373414636226,106255.67134981448,107363.66968113877,0.010439823274666752,0.01452203210266063,21482.06750113339,29882.045478680757,67932.26215306329,94495.32485736768,0.016329360979083968,0.019618458846863654,33600.993577571164,40368.9838542775,106255.67134981448,127657.93580607975,0.017910268822353557,0.021697672709991633,36854.03418071994,44647.39081403836,116542.68897677252,141187.4465560404,0.012225340635982239,0.015574567599312467,25156.13395523716,32047.85212037752,79550.68042284969,101344.20681664966,0.016669915125259404,0.02061727804637427,34301.75325170129,42424.258249331855,108471.66801246305,134157.2841110762,0.018533073227616527,0.023400626269855788,38135.58137954351,48151.56539265113,120595.29705406367,152268.61954331753
2024-07-11,2096367.6993454671,15984.588439567247,2080383.1109059,0.007612023719117034,0.9457309827306591,0.009382847870523122,0.011964240907419703,19519.918242035692,24890.20471860543,61727.4013851027,78709.73833866353,0.014072775162001542,0.015542827797617995,29276.763770604048,32335.03644588322,92581.25603380815,102252.36339354687,0.01610986586343188,0.016277854115426222,33514.69286124317,33864.17278352281,105982.76452251396,107087.91707341623,0.010299493826380596,0.014326830641932338,21426.893007281775,29805.296500285167,67757.78508374523,94252.62327754658,0.01610986586343188,0.01935475251450786,33514.69286124317,40265.30024694565,105982.76452251396,127330.05945088856,0.01766952354569773,0.021406018113895614,36759.37836222369,44532.7185558942,116243.36099653688,140824.8210358701,0.012061010717608933,0.015365218224231524,25091.522997368673,31965.540489074803,79346.36263418008,101083.91458380906,0.016445842367420565,0.020340145840465132,34213.652705802444,42315.29587986655,108193.0696243185,133812.71484431706,0.018283956372603348,0.02308608100528528,38037.634038104305,48027.893020400996,120285.56036435759,151877.5331633709
2024-07-12,2112873.3051209017,16505.605775434524,2096367.6993454671,0.007521691658277929,0.9821471707506115,0.009271501398683374,0.011822260984941466,19436.476056636147,24783.806062063417,61463.53402629809,78373.2762440088,0.013905773214948174,0.015358380702070976,29151.61380224072,32196.81321807235,92185.49708468202,101815.26316812419,0.015918689714094533,0.016084684445632377,33371.42693253071,33719.41292598817,105529.71787668325,106630.14620984528,0.010177269495865175,0.014156813812645748,21335.29903866568,29677.887202478298,67468.13952298438,93849.71970139416,0.015918689714094533,0.019125069220527115,33371.42693253071,40093.17736165923,105529.71787668325,126785.7590959436,0.017459838902713836,0.021151992403790277,36602.24231142469,44342.35365210662,115746.45317348813,140222.8343533425,0.011917882425563816,0.015182878825583616,24984.263761548995,31828.896753029734,79007.17914890079,100651.8091499118,0.01625067917717022,0.020098768861183947,34067.39891944562,42134.40983719651,107730.57454300729,133240.70295254534,0.01806698024110738,0.022812117950142846,37875.03380217029,47822.58722433839,119771.37327072535,151228.29923097906
2024-07-15,2114479.368490717,1606.0633698152378,2112873.3051209017,0.007443133454942757,0.040930989261399986,0.009174667797255625,0.011698786688927966,19384.910672173795,24718.054097339642,61300.4699629748,78165.35027485063,0.013760538258586934,0.015197974393369867,29074.27395066319,32111.39438766222,91940.92699979767,101545.14510896053,0.01575243141473802,0.015916692460761335,33282.89182694784,33629.95460616174,105249.7452901579,106347.25416354195,0.01007097585305503,0.014008956933023722,21278.696036437173,29599.151136374203,67289.14511353872,93600.73439850364,0.01575243141473802,0.018925322787825112,33282.89182694784,39986.80930919196,105249.7452901579,126449.39377987072,0.017277484501997446,0.020931076339200966,36505.1357839105,44224.71244454545,115439.37537087347,139850.82019075658,0.011703263948767357,0.014980410605850763,24727.51398013438,31651.709668852112,78195.26505088023,100091.49439194653,0.01608095350678465,0.019888852895106578,33977.01738537564,42022.626351547246,107444.76303692604,132887.21253310092,0.017878284722610365,0.022573863168924718,37774.550531754285,47695.712883072956,119453.61726946816,150827.0873359468
2024-07-16,2146935.3030005214,32455.934509804472,2114479.368490717,0.007374907739532256,2.0037640842699505,0.009090570383456632,0.011591552538671402,19221.823523631792,24510.098691796873,60784.74311647986,77507.73754159147,0.013634405552138924,0.015058665769917795,28829.669241633037,31841.238087488553,91167.41899285962,100690.83587616759,0.015608040492657795,0.015770795878807232,33002.87960429259,33347.02251041632,104364.2688938811,105452.5443178216,0.009978662644294778,0.013880547155784575,21099.67628649033,29350.130584268984,66723.03495755288,92813.26226965852,0.015608040492657795,0.018751848310390264,33002.87960429259,39650.396373387724,104364.2688938811,125385.56266838533,0.01711911454292331,0.020739216598112287,36198.01450784073,43852.64561536866,114468.17262059564,138674.24156876115,0.011595988758771623,0.014843096229195525,24519.478987672876,31385.420741156297,77537.40064168593,99249.41486474386,0.015933551264956672,0.019706546447737724,33691.16541654005,41669.085887945446,106540.81974176208,131769.21942308737,0.01771440767097659,0.022366945212448214,37456.749545313694,47294.444187883964,118448.6423096676,149558.16430542571
2024-07-17,2112280.640676586,-34654.66232393542,2146935.3030005214,0.007315727868054532,-2.2866265304469593,0.009017623194698135,0.011498536244272394,19360.25358585377,24686.61339565943,61222.49740974014,78065.92604630729,0.01352499640469623,0.014937827660972687,29037.292254197466,32070.549555479967,91823.98060722898,101415.98240861726,0.015482793931887506,0.015644243289110914,33240.556881451535,33587.178206121214,105115.87043777049,106211.98330931138,0.009898588968302407,0.013769162847569225,21251.630105939945,29561.501810209556,67203.55512617566,93481.6767754528,0.015482793931887506,0.018601374296046996,33240.556881451535,39935.94716050977,105115.87043777049,126288.55354334488,0.01698174238394266,0.02057279496733772,36458.70223054673,44168.45979676881,115292.539582389,139672.93369936722,0.011502936865969943,0.014723987955817858,24696.061245737048,31611.44954329984,78095.80277154435,99964.18069631701,0.015805692646334323,0.019548411467988015,33933.79953079089,41969.174698203715,107308.09618085228,132718.1835638336,0.01757225858839852,0.022187461890110963,37726.502316886894,47635.0452158579,119301.67547298204,150635.2393272181
2024-07-18,2101702.254614538,-10578.38606204791,2112280.640676586,0.010445530882864958,-0.524225256434005,0.012878667964148723,0.017200247811592115,27203.361018373085,36331.75046726584,86024.58082989654,114891.08285744685,0.0221066181090157,0.022573781757475254,46695.3814625043,47682.16219317326,147663.76163191802,150784.2362919971,0.02256765883587485,0.022807363581705032,47669.22886441234,48175.55255850774,150743.33751538483,152344.47362203666,0.01465876496283067,0.02001641134383025,30963.42544721546,42280.27817739185,97914.94857401856,133701.9791460709,0.02256765883587485,0.026747474588547527,47669.22886441234,56498.17276037787,150743.33751538483,178662.9095604766,0.024246844294319184,0.02937421525977586,51216.139800389945,62046.5862282913,161959.65473083372,196208.5335194366,0.016550613158620452,0.02119746948190322,34959.539766281145,44775.00441795691,110551.77161267896,141590.99620484564,0.023047068327535215,0.027971507833919974,48681.876252603135,59083.674488122626,153945.60972868843,186838.9839144506,0.025089994198433403,0.03167966640716163,52997.10902003873,66916.34605493989,167591.57390757662,211608.06622963288
2024-07-19,2082100.051056356,-19602.203558182344,2101702.254614538,0.01032535553885655,-0.9516164610416672,0.012730499491878872,0.017002359765405893,26755.719484451056,35733.89785272107,84609.0140074114,113000.50689039867,0.021852282502151373,0.02231407145469634,45926.99140324536,46897.5342859652,145233.898913228,148303.0249894884,0.022308018977022427,0.022544965930968826,46884.813779991935,47382.80572732513,148262.7992176231,149837.58802761862,0.01449011655789068,0.019786123467988095,30453.910639346293,41584.540302752204,96303.72127956891,131501.8628077649,0.022308018977022427,0.02643974614505522,46884.813779991935,55568.4740844986,148262.7992176231,175722.94420705547,0.023967885485344897,0.029036266287779482,50373.35896289243,61025.58632261424,159294.54771599735,192979.84832668002,0.016360199128716998,0.020953593587450182,34384.26739476732,44038.214885020774,108732.6006437287,139261.0631245958,0.022781912884915226,0.027649696945218336,47880.79767465832,58111.43040917408,151412.3768376141,183764.47818336062,0.02480133498926751,0.031315193327598245,52125.02166439396,65815.21242030337,164833.7915451058,208125.97593596182
2024-07-22,2112237.337293305,30137.28623694973,2082100.051056356,0.010856635949472846,1.2817526642353094,0.01338553407852759,0.017877198471309783,27870.021188318886,37222.11584985871,88132.7453922402,117706.66541620756,0.022976668929035805,0.0234622187509671,47839.72355025044,48850.68685928399,151282.48905158808,154479.43573899477,0.02345585484936093,0.02370499366193275,48837.436579424866,49356.16851380077,154437.5346750053,156077.90908269814,0.01523569040721565,0.020804197834630347,31722.231774742537,43316.421373670375,100314.50487195185,136978.55162839792,0.02345585484936093,0.02780017573371916,48837.436579424866,57882.74731455233,154437.5346750053,183041.3187419801,0.025201128059350108,0.030530297114910107,52471.27001905062,63567.13318172005,165928.72498190665,201016.92518150143,0.017201996128167505,0.022031738912629016,35816.277016728796,45872.28471484518,113261.01268040364,145060.90117463833,0.023954132474504567,0.029072383291581037,49874.900448176675,60531.61073573083,157718.283490391,191417.76036361005,0.02607746183907374,0.03292648397100572,54295.884626555606,68556.2339571373,171698.66299363656,216793.84710793215
2024-07-23,2103602.190933651,-8635.14635965461,2112237.337293305,0.010397474514511616,-0.43777166049557487,0.012819417551840741,0.017121115266403954,27077.652395351146,36163.85892180084,85627.05525962374,114360.16317389175,0.022004913007110705,0.022469927393017366,46479.598857510326,47461.8196058009,146981.39712069265,150087.4518503658,0.02246383264091635,0.022702434585970696,47448.94604285158,47952.92997994618,150046.7420698444,151640.47921520236,0.014591324923970181,0.01992432257903333,30820.34130498821,42084.89807171023,97462.47678752898,133084.1330026326,0.02246383264091635,0.02662441846954668,47448.94604285158,56237.09077509797,150046.7420698444,177837.29583095358,0.024135292732806367,0.02923907439193067,50979.46645673738,61759.8646385325,161211.22790344385,195301.8402414544,0.01647446936360003,0.021099947066527264,34797.98930189066,44568.09600883123,110040.90418814709,140936.6943649665,0.022941036531025045,0.027842820350350298,48456.91391704078,58810.64471955976,153234.2163605603,185975.5879767633,0.024974563588280208,0.03153391893532457,52752.20569377131,66607.1209663729,166817.12159002022,210630.2106400939
2024-07-24,2057736.7229291955,-45865.46800445533,2103602.190933651,0.010192453020703178,-2.207485515987922,0.012566639232205112,0.016783514378545517,26435.209821539444,35305.83761827478,83595.47346051791,111646.86157380273,0.021571011473661795,0.022026856522927338,45376.82699664987,46335.743641011126,143494.1263008313,146526.48698325854,0.022020881949546493,0.02225477904756011,46323.17551535729,46815.20196319176,146486.7430802732,148042.66732447216,0.014303607437538123,0.01953144694634259,30089.09994386006,41086.39458843063,95150.0885670423,129926.58774385719,0.022020881949546493,0.02609942770964734,46323.17551535729,54902.81331212858,146486.7430802732,173617.9400173393,0.02365938353363712,0.028662526817705494,49769.93103749859,60294.5542114198,157386.34106800263,190668.12181258414,0.016149619294103586,0.020683890007592354,33972.37452982066,43510.676337001925,107430.08103852514,137592.83975931813,0.02248867614557373,0.027293804662732915,47307.228411026226,57415.30728744005,149598.5915686711,181563.14358677444,0.02448210531613569,0.030912120713387968,51500.61038169142,65026.80485908842,162859.2296950585,205632.81231802393
2024-07-25,2062796.7817886292,5060.058859433979,2057736.7229291955,0.014071263414265192,0.14219289376085728,0.01753005392567812,0.024151502799452825,36072.235717796975,49697.43422436135,114070.42516271726,157157.08601538534,0.030100699603186225,0.030516228726928375,61939.31495933656,62794.36449670737,195869.31198204312,198573.21603240815,0.030401084988776226,0.030723993288799448,62557.42899829635,63221.88926539277,197823.96019888212,199925.16805759064,0.02043462046260813,0.027378427923055317,42049.06894502913,56337.59655334103,132970.83135574558,178155.12300820943,0.030401084988776226,0.03603175030760976,62557.42899829635,74143.85579938393,197823.96019888212,234463.45883313756,0.032663129988895284,0.039570254986816635,67212.12206395972,81425.16682204472,212543.39209537004,257488.98601683552,0.022703469629892056,0.028760692002946883,46717.76319533659,59181.93211131984,147734.53888564944,187149.7018012284,0.031046901588822673,0.0376806558937976,63886.3495324892,77536.86937672575,202026.37591629918,245193.10986941357,0.03379894438947935,0.042675947818264906,69549.32906647335,87815.86501145377,219934.289586608,277698.1481340823
2024-07-26,2093891.446423986,31094.66463535652,2062796.7817886292,0.013304849865605182,1.0903060983184267,0.016575251898181438,0.022836053118705908,34191.37627290454,47106.136882020735,108122.62535821722,148962.68431884793,0.028461217538154355,0.028854114212988186,58709.707943490896,59520.17393991358,185656.39786471133,188219.31637952485,0.028745241960086872,0.029050562550405105,59295.59260700267,59925.40693812493,187509.12784756985,189500.77563693168,0.019321616638915174,0.02588721867741155,39856.568621707855,53400.071377223045,126037.53656339477,168865.85276758936,0.028745241960086872,0.03406922421420362,59295.59260700267,70277.88606709447,187509.12784756985,222238.18911383147,0.030884081112605048,0.03741499865673597,63707.58312758068,77179.53881974085,201461.06690766837,244063.1314317647,0.02146688935890514,0.027194195564713083,44281.83028456209,56096.099094220765,140031.4426602383,177391.440988246,0.02935588314072334,0.03562831955773518,60555.22126924718,73493.98292423302,191492.42342629348,232408.38035809842,0.03195803159097099,0.04035153503123204,65922.9247181543,83237.01660265659,208466.59212918123,263218.55810164544
2024-07-29,2095766.4398818072,1874.9934578211976,2093891.446423986,0.012608566536580408,0.034886542797274774,0.01570781846693881,0.02164097288496471,32890.4667299039,45313.84801612102,104008.78817248644,143294.96927764473,0.02697175531229383,0.027344090507105012,56475.927743452754,57255.5572230705,178592.56464040425,181057.96952700813,0.027240915870896425,0.0275302581045106,57039.52073482543,57645.37196287936,180374.80216644955,182290.67197031007,0.018310457573508285,0.024532461654072482,38340.11049327829,51368.3116171868,121242.07490128122,162440.86426759767,0.027240915870896425,0.03228627791320994,57039.52073482543,67603.96115933795,180374.80216644955,213782.49611306522,0.029267823054214874,0.03545695778567617,61283.64434867127,74243.02062364368,193795.8994575073,234777.0455415687,0.020343461636111736,0.02577104045892731,42597.00031050887,53961.76118239437,134703.5424721077,170642.07189042697,0.027819600338124775,0.033763781047357194,58251.22319093329,70697.69233399352,184206.54177417056,223565.733093245,0.030285570432069517,0.038239816265021966,63414.69687778154,80070.0241901543,200534.87926295804,253203.6487456667
2024-07-30,2088440.165371106,-7326.274510701187,2095766.4398818072,0.011977466928631598,-0.33037559066934596,0.014921591258044311,0.02055777207353954,31272.170188243024,43084.2887904636,98891.2851712645,136244.48394632599,0.025621731568207184,0.025975430180121398,53697.16515230888,54438.43483299147,169805.34577551836,172149.4463269011,0.02587741976874936,0.026152279486078504,54233.027902078946,54809.069673332764,171499.89257803265,173321.49660259244,0.017393959844565144,0.023304532461091966,36453.6772988914,48840.85702909272,115276.64935327148,154448.35108657766,0.02587741976874936,0.030670245093456956,54233.027902078946,64277.67036981675,171499.89257803265,203263.8410581385,0.027802873680196686,0.03368222216504259,58268.329591229405,70590.0708341394,184260.63696167286,223225.40402850253,0.019325205466734864,0.02448111638366658,40501.117061003366,51306.702127729084,128075.77769387537,162246.03795543115,0.026427139203407647,0.032073794408508424,55385.11144458658,67219.18192102072,175143.1006271522,212565.71732363803,0.028769679504204462,0.0363257895608067,60294.52879106718,76130.37066374757,190668.04142637094,240745.3704103071
2024-07-31,2117180.2445684625,28740.07919735648,2088440.165371106,0.011544210235213142,1.1445119243587059,0.01438183779201319,0.019814143023615744,30035.60769669245,41380.652132926814,94980.93122883196,130857.11180315347,0.0246949256947248,0.025035830091303026,51573.87470171824,52285.833136083806,163090.91181756672,165342.32206952941,0.02494136497602779,0.025206282289592135,52088.54839511659,52641.81235326658,164718.45294047668,166468.02719551072,0.01676477426028312,0.022461545814923923,35012.227928554945,46909.59445621039,110718.38621119272,148341.16259643258,0.02494136497602779,0.029560821118028546,52088.54839511659,61736.00614424122,164718.45294047668,195226.39305795182,0.026797170121173018,0.03246384700365282,55964.286399340235,67798.80200489098,176974.6126478987,214398.6369662459,0.0186261616146383,0.023595569581593992,38899.62404270416,49277.935239009596,123011.41209919217,155830.5137455442,0.02547119960315648,0.030913600337957873,53195.07631141657,64561.20460202102,168217.60145054478,204160.45502653104,0.02772900401856366,0.03501178956692587,57910.36573810515,73120.02759308902,183128.65586579026,231225.8297685209
2024-08-01,2087322.80284906,-29857.44171940256,2117180.2445684625,0.011016020789382464,-1.330610192809685,0.01372381660402242,0.01890757418867455,29055.793394116914,40030.74254497434,91882.48634868389,126588.32286992426,0.023565043368280355,0.023890350153532972,49891.44428172223,50580.17738088314,157770.59968562564,159948.56497892074,0.02380020715955239,0.02405300354615928,50389.3284148412,50924.5439304636,159345.04755714006,161037.5476255683,0.01599772509489239,0.021433848710075937,33870.0675289433,45379.321054042,107106.55789517182,143502.0132028056,0.02380020715955239,0.028208306445608167,50389.3284148412,59722.069139374835,159345.04755714006,188857.76505847645,0.025571102495259634,0.030978508378574087,54138.633034799015,65587.08594531564,171201.38979799877,207404.57668041516,0.017773947233512485,0.022515986780568265,37630.64995079491,47670.402398783786,118998.56367701507,150747.0485569111,0.024305799932766173,0.029499191114767252,51459.759446086005,62455.104658934746,162730.04769399652,197500.38222642743,0.026460301615576682,0.03340987333774231,56021.22784582192,70734.72380420263,177154.67731204542,223682.83688421047
2024-08-02,2020018.616567286,-67304.18628177396,2087322.80284906,0.012424195449385347,-2.674680280811631,0.015905169008425375,0.021357373080343245,33199.22195445446,44579.73183955512,104985.15792154294,140973.49009252217,0.026577355850938768,0.026944246505764446,55475.52090709837,56241.34013706823,175429.00045072104,177850.7334933821,0.02684258055968281,0.02712769183317728,56029.13048953881,56624.249752053154,177179.6676657276,179061.6000147126,0.018042709534104088,0.02417373121365248,37660.9590357176,50458.3803922009,119094.40941916624,159563.4090825351,0.02684258055968281,0.03181416586597044,56029.13048953881,66406.43386566231,177179.6676657276,209995.58230483287,0.028839848919273936,0.034938481887832544,60198.0742799223,72927.88994140174,190363.025480555,230618.23716491298,0.02004598562023958,0.025394198671736413,41842.44289071043,53005.889947594726,132317.42240016483,167619.34163862249,0.02741280310667175,0.03327006393832209,57219.3690145675,69445.36311070589,180943.5323636976,219605.52036726652,0.029842714098585185,0.03768064750634771,62291.37763688198,78651.67476611714,196982.63192222407,248718.4340477213
2024-08-05,1974594.6344085268,-45423.98215875914,2020018.616567286,0.019021175222606254,-1.2196295510042812,0.02444746107737254,0.0346218929392358,49384.32650409664,69936.86827805579,156166.95246636603,221159.79617783442,0.04109541179810643,0.044143031245804286,83013.49688767389,89169.74490823605,262511.72670034843,281979.492286228,0.041968410216904985,0.04566684096965321,84776.96994588076,92247.86891851714,268088.31815662485,291713.3750791678,0.02824885498315119,0.037879151926288025,57063.212962674945,76516.59207088238,180449.72356929767,241966.7097379683,0.041968410216904985,0.05036077364159085,84776.96994588076,101729.70030074459,268088.31815662485,321697.55863666907,0.04911655037858758,0.05522742380626131,99216.34614631189,111560.42423369917,313749.63494201517,352785.037313134,0.030709241553715943,0.03936942563909087,62033.23963916789,79526.97271452498,196166.32789881222,251486.36919596262,0.04415318657226533,0.05186035788756482,89190.25885674468,104758.88839472304,282044.36308731866,331276.69247470517,0.04911655037858758,0.058607438546974436,99216.34614631189,118388.11693421153,313749.63494201517,374376.09741045895
2024-08-06,1996334.6058671349,21739.97145860805,1974594.6344085268,0.020645359679895555,0.5083217021643948,0.02653498647143244,0.03757819504653199,52395.84191059335,74201.70230963915,165690.20035958345,234646.38556023632,0.04460447621327786,0.04791232648692386,88075.75940134122,94607.4228031094,278520.00635722646,299174.93961637735,0.04555201842058877,0.049566251623746865,89946.77115977296,97873.25450399349,284436.66504282755,309502.4062459529,0.03066097466886464,0.041113585608432895,60542.99606687588,81182.66554370722,191453.76394194367,256722.1296417866,0.04555201842058877,0.05466099089149688,89946.77115977296,107933.2993258031,284436.66504282755,341315.06124625396,0.05331052560813905,0.059943195692724605,105266.67782332974,118363.51258415432,332882.4636408578,374298.29162393004,0.033331449290250004,0.0427311111536338,65816.10092558755,84376.62280627966,208128.78563637292,266822.30934075196,0.04792334895872181,0.05628862197980329,94629.18771677955,111147.21093956944,299243.766316652,351478.342144223,0.05331052560813905,0.06361182390463643,105266.67782332974,125607.56616703517,332882.4636408578,397206.00043813686
2024-08-07,1976537.890151886,-19796.71571524884,1996334.6058671349,0.019320634424939417,-0.5393827506621821,0.02483234881998689,0.03516696149159978,49573.67729430374,70205.02220887755,156765.73224017315,222007.77336275842,0.041742395966676,0.04483799550383425,83331.78960008401,89511.64208201932,263518.2566341974,283060.6660809575,0.042629138405340404,0.04638579527241338,85102.02421688077,92601.56832298696,269116.2300161505,292831.87080433755,0.028693589836864423,0.038475501020818294,57282.006357889964,76809.97416593584,181141.60903517852,242894.46538304928,0.042629138405340404,0.05115362670808636,85102.02421688077,102119.75521296213,269116.2300161505,322931.02057181357,0.049889815059954254,0.056096894808257185,99596.76428449803,111988.17238741223,314952.62272192404,354137.69574379903,0.0311927114167664,0.03998923680534233,62271.08925211763,79831.8972967206,196918.47441632286,252450.62539027602,0.04484831071031983,0.05267681960583265,89532.23468569315,105160.55790614408,283125.78561152,332546.8829974427,0.049889815059954254,0.05953012269202181,99596.76428449803,118842.04402159955,314952.62272192404,375811.54089825135
2024-08-08,2035369.907558591,58832.01740670507,1976537.890151886,0.018698160691562465,1.5443022937321873,0.02403229823476681,0.03403394953506988,47500.74804844689,67269.39080758278,150210.55439489035,212724.49176395516,0.040397536140337385,0.04339340140591046,79847.26085015702,85768.70206135215,252499.2092120888,271224.45047025156,0.04125570944073236,0.044891334038696995,81543.47289470439,88729.4226669497,257863.10266746947,280587.0710993329,0.02776913748209679,0.03723589427513802,54886.75241020125,73598.1559085,173567.15098597237,232737.804259039,0.04125570944073236,0.0495055551027538,81543.47289470439,97849.60543359493,257863.10266746947,309427.62131894776,0.04828246103860965,0.054289560598927276,95432.11367259416,107305.37356347668,301782.8411294939,339329.3856358049,0.03018774216458278,0.03870086040001141,59667.21620643358,76493.71696210123,188684.3048540416,241894.37229249577,0.04340338427625478,0.05097967365082503,85788.43358284017,100763.2565984334,271286.84701985423,318641.39530704,0.04828246103860965,0.05761217647423829,95432.11367259416,113872.64973544907,301782.8411294939,360096.9363625893
2024-08-09,2045287.643255659,9917.735697067576,2035369.907558591,0.01753299901634163,0.2512788899906369,0.02253474383182154,0.03191314983135583,45866.53946983114,64955.06482215019,145042.73311467827,205405.95040187452,0.037880194372849535,0.04068937457088299,77100.20771896822,82817.928558955,243812.26446403484,261893.28534340422,0.038684891256135244,0.04209396466989971,78738.06353991415,85676.78897894837,248991.6193371889,270933.7957830889,0.02603872478098667,0.03491556781802593,52998.43685042043,71066.09604213116,167595.77287592913,224730.72790941186,0.038684891256135244,0.046420654054583274,78738.06353991415,94483.2023518865,248991.6193371889,298782.1200585392,0.04527377616764708,0.0509065478835112,92148.88161317218,103613.65565978918,291400.34973483515,327655.1485813303,0.02830661595052195,0.036289245692019675,57614.4342905104,73862.03864953709,182192.83846012008,233572.27475592456,0.04069873536624754,0.04780291402547799,82836.98124015081,97296.61270106841,261953.53521151605,307678.9047546437,0.04527377616764708,0.05402211747532653,92148.88161317218,109954.9922518747,291400.34973483515,347708.2156220906
2024-08-12,2036607.5886869612,-8680.054568697233,2045287.643255659,0.016465203283724975,-0.2859453513600182,0.021162331543609976,0.029969573311872968,43283.05520862494,61296.39796841836,136873.03855006926,193836.2299443198,0.03557321255734163,0.038211307898482344,72757.45207443788,78153.1158774033,230079.26530576643,247141.85241166313,0.03632890174392802,0.0395303555690527,74303.05382990494,80850.947778886,234966.88720859692,255673.14596461144,0.024452912839857698,0.03278913786253308,50013.240472968595,67063.21850324518,158155.75306029763,212072.51769180296,0.03632890174392802,0.043593540663510906,74303.05382990494,89161.33004484196,234966.88720859692,281952.88215170347,0.0425165100007924,0.047806234323828994,86958.49253897634,97777.500333112,274986.8983179236,309199.60497050633,0.02658268476860527,0.03407915592621866,54369.23668178877,69701.67650847787,171930.6225592278,220416.05449904272,0.03822009860213954,0.044891618156729526,78171.09539496888,91816.27190171028,247198.70863840138,290348.5454747241,0.0425165100007924,0.05073205931395297,86958.49253897634,103761.65403174117,274986.8983179236,328123.16052669537
2024-08-13,2065783.8145201807,29176.225833219243,2036607.5886869612,0.015631585103243105,0.8808486027969341,0.020090902056093367,0.028452241230175805,40917.28359100622,57946.05040452808,129391.81181461317,183241.50068923004,0.03377217334665312,0.036276704333906194,68780.66452424527,73881.41133898652,217503.55887655658,233633.5365789879,0.034489602680999806,0.03752896982753272,70241.78655092236,76431.78474635714,222124.03242029753,241698.5254302035,0.023214884231416957,0.031129053806871768,47279.609396193046,63397.66721171978,149511.25257506827,200481.0267304108,0.034489602680999806,0.041386439577513444,70241.78655092236,84287.93691229828,222124.03242029753,266541.85991944256,0.040363937992019636,0.04538584841142959,82205.50242383713,92433.16329371357,259956.62385781773,292299.3273424063,0.025236827755650455,0.03235375943605486,51397.51492154345,65891.9119900217,162533.2132245678,208368.52127182664,0.03628504997227864,0.0426187965946848,73898.4081294283,86797.76456544109,233687.28514969646,274478.6318378489,0.040363937992019636,0.0481635415587426,82205.50242383713,98090.23423657501,259956.62385781773,310188.5564070047
2024-08-14,2072306.320499932,6522.505979751004,2065783.8145201807,0.014726659555594719,0.183153359365233,0.018852730554304375,0.026799340830908555,38945.66563859205,55361.644528300705,123157.00840930693,175068.89172202832,0.031817073959153654,0.03417661555088009,65727.19641021114,70601.4992400868,207847.64487351,223261.54382132133,0.032492970708737204,0.03535638634674332,67123.45297578764,73038.65065502464,212262.995818696,230968.493295227,0.021870955148860234,0.029326966822224566,45180.66515461228,60583.17339032185,142873.80808997835,191580.8157943222,0.032492970708737204,0.03899054394360693,67123.45297578764,80546.03459804105,212262.995818696,254708.92582453458,0.038027235830887185,0.042758423652012295,78556.04829038861,88329.65951472387,248416.03657980435,279322.90901369066,0.023775846669800635,0.030480773217268796,49115.75922698769,62966.68796629409,155317.66816571212,199118.15069060493,0.03418447805326059,0.04015155878138339,70617.74147024605,82944.44025833745,223312.90626290522,262293.3504641113,0.038027235830887185,0.045375313817674394,78556.04829038861,93735.58886332567,248416.03657980435,296417.95862522273
2024-08-15,2109109.998824764,36803.67832483235,2072306.320499932,0.013901433770384514,1.233593379248154,0.017796295500835526,0.025297608072246344,36879.37564786596,52424.393101646194,116622.82573220429,165780.48715322107,0.030034166590248063,0.03226148847828556,62239.99325591895,66855.6864822869,196820.1402422231,211416.24381815697,0.030672188666095147,0.033375149422304316,63562.17043631535,69163.53309547089,201001.23160257505,218714.29560612398,0.020645390310623808,0.027683595551751372,42783.57282989377,57368.89003605817,135293.53658215993,181416.35934968307,0.030672188666095147,0.03680566270016077,63562.17043631535,76272.60744373176,201001.23160257505,241195.16260210538,0.035896334696828194,0.04036240481288748,74388.20127501807,83643.2666043236,235236.14707209863,264503.2334063604,0.022443538982299994,0.028772747040858748,46509.88768740689,59625.9455509173,147077.17881082717,188553.79558208195,0.032268910396046305,0.03790161869838657,66871.06696937272,78543.7639858449,211464.881188871,248377.19019797503,0.035896334696828194,0.042832654443157626,74388.20127501807,88762.38052634505,235236.14707209863,280691.29300182575
2024-08-16,2111375.030927862,2265.0321030979976,2109109.998824764,0.013150427131425679,0.047007056979669795,0.016834874089867564,0.023930938135472615,35506.601271895626,50472.98090278215,112281.73199062172,159609.57995097322,0.028411610321777057,0.030518604080166656,59923.21141237286,64367.093015653736,189493.83277489358,203546.62029338194,0.029015164095816004,0.03157210095936146,61196.172712026826,66589.03381729417,193519.28985504824,210573.0140526261,0.019530050307335352,0.02618802578585366,41191.024380751645,55233.427034424705,130257.45619870198,174663.4324055015,0.029015164095816004,0.03481728527840252,61196.172712026826,73433.48451261301,193519.28985504824,232217.0675825568,0.03395708252206057,0.038181879085865005,71619.22227819558,80529.78295391602,226479.8666489714,254657.533613377,0.021231056366776767,0.027218337301138037,44778.63326878104,57406.467353215274,141602.47163873888,181535.18926025808,0.030525625038601605,0.03585403369816775,64381.90098929022,75620.10097100564,203593.44721760496,239131.7559602883,0.03395708252206057,0.04051867673536388,71619.22227819558,85458.3462417043,226479.8666489714,270243.0191950759
2024-08-19,2124451.3110682056,13076.280140343588,2111375.030927862,0.012468471412034852,0.4586741096288539,0.015961850076573407,0.02268992596386992,33701.45169909107,47906.943133716755,106573.34782327937,151495.05603870944,0.026938239155776096,0.028935968292576275,56876.7255306689,61094.68094866587,179859.99852916278,193198.34471908078,0.027510493798307584,0.02993483286097636,58084.969694242434,63203.658657664346,183680.8020556602,199867.51781403975,0.018107008130877,0.02481355535222044,38230.68485234148,52390.72119922465,120896.04064149712,165674.00724841806,0.027510493798307584,0.03301172819710226,58084.969694242434,69700.13864313897,183680.8020556602,220411.19134183714,0.03219613389215588,0.03620184067650637,67978.1131923082,76435.66247800417,214965.66872843364,241710.78789436305,0.02013005484239033,0.02580684696631365,42502.09516543144,54487.93231165108,134403.42605199432,172305.97109790103,0.028942625157684632,0.03399471284878891,61108.73608743991,71775.58789249547,193242.7909704365,226974.33813789045,0.03219613389215588,0.03841745651904123,67978.1131923082,81113.65844606046,214965.66872843364,256503.91003850522
2024-08-20,2117658.5130639425,-6792.798004263081,2124451.3110682056,0.01185067700155355,-0.30865307828769967,0.01517096389394725,0.021565673521731485,32229.974134664648,45815.223387311344,101920.12719385471,144880.45741331854,0.025603489046586006,0.02750223364441699,54393.365872940085,58427.15632318579,172006.92576136356,184762.89118797609,0.026147389313681647,0.028451605943332486,55548.85550846176,60444.05154830865,175660.90482232987,191140.87390128238,0.016630680696293167,0.023325631457002505,35331.07140919672,49554.16833032275,111726.65782711652,156704.03947920303,0.026147389313681647,0.03137604564336015,55548.85550846176,66656.88130317233,175660.90482232987,210787.5666415172,0.03060086283603566,0.03440809274382131,65010.04317183429,73098.3177409676,205579.80720887348,231157.17718815178,0.019132640247341647,0.024528155675210713,40646.36265766128,52108.872482286446,128535.08459942452,164782.72334729723,0.02750856067165515,0.03231032485206725,58440.59778449706,68641.7119930139,184805.39682080076,217064.1523912198,0.03060086283603566,0.03651392808174911,65010.04317183429,77572.06238552206,205579.80720887348,245304.39993492427
2024-08-21,2138674.5545071224,21016.041443179827,2117658.5130639425,0.011411041452991594,0.82552307003902,0.01460815258512036,0.020765631742886988,30935.078682017167,43974.516839475466,97825.30823169397,139059.6322181715,0.024653652682754622,0.02648195779238278,52208.01748175703,56079.743361639405,165096.24736424047,177339.71962048826,0.02517737537752623,0.027396110347196856,53317.08330482492,58015.606301580585,168603.42144018432,183461.45574861215,0.01601371692030678,0.022460298887411,33911.58396208375,47563.2431448865,107237.84438422175,150408.1812422314,0.02517737537752623,0.03021205939714693,53317.08330482492,63978.82477956168,168603.42144018432,202318.80832423503,0.02946563426490626,0.033131623836060387,62398.15124390735,70161.46526806551,197320.27971441598,221870.03422188322,0.018422858958941336,0.023618211950133177,39013.324109378445,50015.30759954806,123370.96327999589,158162.2898885006,0.026488050100027253,0.031111678784109156,56092.64478878693,65883.9114328796,177380.51751534117,208343.22128870725,0.02946563426490626,0.03515933704865732,62398.15124390735,74455.46941477364,197320.27971441598,235448.86760768874
2024-08-22,2127747.009447844,-10927.545059278142,2138674.5545071224,0.01089604965101121,-0.5119085528929473,0.013948871935373594,0.019828457852617158,29832.097472262023,42406.618264509256,94337.37539249977,134101.501581146,0.02354100848872606,0.025286800346005067,50346.55584227459,54080.23646490293,159209.78880644473,171016.72362958593,0.02404109505042169,0.026159696274644567,51416.07824682399,55947.0767762171,162591.9156134009,176920.1910411565,0.015291001735442518,0.021446642960851085,32702.476324515163,45867.3895799715,103414.31031319963,145045.4213989838,0.02404109505042169,0.028848558705770855,51416.07824682399,61697.67843823705,162591.9156134009,195105.19020948934,0.02813582049207129,0.0316363602589225,60173.363356572925,67659.8786829779,190284.88267968514,213959.32284888378,0.017591416765695398,0.02255229823999019,37622.31541452273,48232.02639152278,118972.2075591537,152523.0595625642,0.025292617701665094,0.029707577363071662,54092.67789542755,63534.83978245316,171056.06688739447,200914.80448642885,0.02813582049207129,0.03357256073049955,60173.363356572925,71800.78136396444,190284.88267968514,227054.00688989888
2024-08-23,2156160.174356855,28413.164909010757,2127747.009447844,0.010728847175745843,1.1939843850186203,0.013734823175551946,0.019524185447494177,29224.22893707559,41542.52719781084,92415.12630336045,131369.00570457455,0.02317976611046719,0.024898768376180037,49320.67802124704,52978.279951351615,155965.6782909471,167532.03116430555,0.023672178724847913,0.02575826950903646,50368.407488910016,54807.0809164039,159278.88978043784,173315.20760098478,0.015056357674398271,0.021117539120097745,32036.12001487801,44932.78070968583,101307.10664152184,142089.9286474842,0.023672178724847913,0.02840587070618052,50368.407488910016,60440.50644583771,159278.88978043784,191129.66330293554,0.027704069630009112,0.031150892780973938,58947.25130478672,66281.21895634771,186407.5759294584,209599.61799438728,0.017321472288489754,0.02220622785582126,36855.710861067775,47249.23491134109,116547.99110557974,149415.2000201818,0.024904496463132874,0.029251707517729868,52990.46787123538,62240.23319209273,167570.5727510779,196820.8989870253,0.027704069630009112,0.03305738179547924,58947.25130478672,70337.74525550655,186407.5759294584,222427.4804881028
2024-08-26,2149054.9052611683,-7105.26909568673,2156160.174356855,0.01028277159257346,-0.3652677556664431,0.013163767482666846,0.018712424196094743,28383.191190620044,40346.983817291075,89755.53142638571,127588.36558059469,0.02221601599676429,0.023863546936099597,47901.28892509797,51453.629522513496,151477.17586110832,162710.66317362463,0.02268795546612549,0.024687312405767246,48918.8660136417,53229.799821221255,154695.03715570935,168327.4068298828,0.013913165071965512,0.01973396880065054,29999.012427424863,42549.597609963406,94865.20682635924,134553.64197114116,0.02221601599676429,0.026357594603241597,47901.28892509797,56831.1957753527,151477.17586110832,179716.02080105344,0.023869036865151023,0.02896133385110607,51465.46668889423,62445.27464600795,162748.09558043012,197469.29699614985,0.016601293715160864,0.021282954751210587,35795.04835143061,45889.459427199276,113193.881746376,145115.21238383552,0.023869036865151023,0.02803550299211622,51465.46668889423,60449.03501966344,162748.09558043012,191156.63302141774,0.026552211577226707,0.03168294793310619,57250.821143913236,68313.5105395854,181042.99272969234,216026.28826700806
2024-08-27,2146895.91595315,-2158.9893080182374,2149054.9052611683,0.010025732362792618,-0.14565683508184712,0.012834711777763068,0.018244668293963227,27582.500303615012,39208.793892004585,87223.5245217093,123989.09300683251,0.021660680541804717,0.023267028023949088,46549.99176966057,50002.12070571685,147203.99905421954,158120.58926873116,0.022120822904071233,0.024070201765021275,47538.862970407885,51728.185173745,150331.08436112668,163578.884375987,0.013565376618072925,0.019240677269726933,29152.739162784776,41349.27186705373,92189.05578719013,130757.87868941287,0.021660680541804717,0.02569873179036088,46549.99176966057,55227.98561306617,147203.99905421954,174646.22512029982,0.02327238072082316,0.028237385168642812,50013.623945190455,60683.6911084208,158156.9657059381,191898.68072871762,0.016186309903501332,0.02075094309973496,34785.26869619697,44594.91605728081,110000.67810093812,141021.50680502327,0.02327238072082316,0.02733469737460969,50013.623945190455,58743.76547673453,158156.9657059381,185764.0972412481,0.025888483908927867,0.03089096685479518,55635.77333425626,66386.38384755775,175935.7631211102,209932.17858049483
2024-08-28,2140921.1660706764,-5974.74988247361,2146895.91595315,0.009675511142968312,-0.3350768535521345,0.0123863666342618,0.017607341288415488,26592.239940595024,37801.12910289248,84092.04629798095,119537.66609121767,0.020904024600167114,0.022454258777636998,44878.76504108296,48206.95646546404,141919.11610536228,152443.78149544657,0.021348093162179005,0.023229375866371933,45832.13402326947,49871.052177654565,144933.93353962817,157706.11419048865,0.013091507720057152,0.01856855744647518,28106.104457859834,39864.76014697902,88879.30624144906,126063.44044076247,0.020904024600167114,0.024801017701267553,44878.76504108296,53245.20361433309,141919.11610536228,168376.1179007222,0.02245942449285618,0.02725099024799721,48218.046718371086,58505.03966910433,152478.85195446011,185009.17995287347,0.01562088595303798,0.020026066318477097,33536.41625614717,42993.879991745416,106051.45992892187,135958.5862218568,0.02245942449285618,0.026379835354395385,48218.046718371086,56634.76078586797,152478.85195446011,179094.83882213046,0.024984141354598883,0.029811876400157804,53638.351037784545,64002.995690398886,169619.35921505548,202395.24345560148
2024-08-29,2150739.031104595,9817.865033918526,2140921.1660706764,0.009453503280835072,0.43583227412191944,0.01210215727979587,0.01720333491195317,25909.7646754313,36830.98384000316,81933.87001333623,116469.79739926459,0.02042437471471,0.021939038246819604,43726.97613048137,46969.75134585019,138276.83976413723,148531.39538464573,0.020858253973992966,0.022696370012874403,44655.877420199344,48591.1389535346,141214.28356111396,153658.6731949,0.012791118665868222,0.018142495641504167,27384.77668947899,38841.652924241265,86598.2675538392,122828.09132634196,0.02042437471471,0.024231949996499462,43726.97613048137,51878.69464267195,138276.83976413723,164054.8371072185,0.021944085432963143,0.02662570709793145,46980.55697349399,57003.53988755969,148565.56577954782,180261.02073694713,0.015262459463334493,0.019566561481512,32675.722511348515,41890.465622992255,103329.70732749843,132469.28361363988,0.021944085432963143,0.025774541146790408,46980.55697349399,55181.260686923146,148565.56577954782,174498.4679301847,0.024410871815924415,0.029127832854759235,52261.75215295071,62360.3938805229,165266.17131453272,197200.88044767847
2024-08-30,2171618.9996253285,20879.968520733528,2150739.031104595,0.009143338264405124,1.0068822369415258,0.011705091165783357,0.01663890154824628,25174.59643288785,35785.93499451995,79609.06390347582,113165.06278140828,0.01975426054319412,0.02121922867399413,42486.25918085705,45637.02331909298,134353.34827174796,144316.93931855113,0.020173904427126136,0.021951712739394134,43388.80366119396,47212.40538821094,137207.44451922565,149298.73484195268,0.012371448051356522,0.01754724885398411,26607.756195335354,37739.552998769,84141.11300371579,119342.94535274779,0.01975426054319412,0.023436911062728653,42486.25918085705,50406.679391137586,134353.34827174796,159399.91616186424,0.02122411026432344,0.025752130114441007,45647.522345948084,55386.11137121231,144350.14015662853,175146.26267278256,0.014761705314361648,0.01892459176054157,31748.57578526172,40701.85814711718,100397.81194789591,128710.576745971,0.02122411026432344,0.02492889051963344,45647.522345948084,53615.537842708945,144350.14015662853,169547.21755791086,0.02360996254103106,0.028172162296704786,50778.86795991292,60590.969042136254,160576.87975827252,191605.46780990134
2024-09-03,2123542.465346526,-48076.534278802574,2171618.9996253285,0.008867938727576494,-2.5758514192286373,0.011352531018452601,0.016137733851370926,24653.372053507548,35045.009442533934,77960.80769262636,110822.05046051498,0.019159257487781987,0.020580100427866736,41606.6075791812,44692.137103352754,131571.6456630371,141328.94674711477,0.01956626159749524,0.021290521897909108,42490.46543676009,46234.90186543853,134366.6496208231,146207.5972891536,0.011998817075150948,0.01701872151886223,26056.859133426613,36958.17899969365,82399.02353178938,116872.02381123537,0.019159257487781987,0.02273098569228747,41606.6075791812,49363.040409582965,131571.6456630371,156099.63992521318,0.020584834983527,0.02497646979205338,44702.41875437937,54239.37634399119,141361.46018246587,171519.96811406862,0.014317079217326353,0.018354578527430245,31091.241247486836,39859.15146028261,98319.13762383327,126045.70421611953,0.020584834983527,0.024178026370870007,44702.41875437937,52505.46144042353,141361.46018246587,166036.8477498836,0.022898824818646434,0.027323610025793234,49727.523045264614,59336.4706703657,157252.23522154856,187638.39563413372
2024-09-04,2119336.104761241,-4206.360585284419,2123542.465346526,0.013394753340194908,-0.18200974657585478,0.01792334804880141,0.025628788494537938,38060.99070281559,54423.82070353577,120359.42062339012,172103.2323918005,0.029554246588688556,0.03258567216573475,62759.69766240285,69197.05860579804,198463.5898767382,218820.31257847726,0.03343963721272926,0.03410138495425784,71010.48964701252,72415.73907749561,224554.88504836572,228998.67392934673,0.01879756454227762,0.02631889579209745,39917.42655061866,55889.29285554892,126229.98623243351,176737.46223971056,0.029554246588688556,0.03523449825887902,62759.69766240285,74821.95329790782,198463.5898767382,236607.7914041357,0.03343963721272926,0.03850849127077959,71010.48964701252,81774.41648992647,224554.88504836572,258593.41043939925,0.021783896029884262,0.028034933889603268,46259.02828015282,59533.372627754994,146283.89171142457,188261.05429522932,0.03165739087043745,0.03681353613952949,67225.81385544734,78175.10729185988,212586.68934171906,247211.39537031468,0.034587982579569146,0.041271486858727835,73449.04979838095,87641.75495249966,232266.2893380149,277147.5637842411
2024-09-05,2098409.880794777,-20926.2239664644,2119336.104761241,0.012737219731481826,-0.814794141014959,0.017043510740608208,0.024370699647527288,36120.927664456976,51649.70366129663,114224.40261787029,163330.7040424353,0.02810346135071463,0.030986077603050156,59560.68030933163,65669.91300907785,188347.4087666301,207666.49885380772,0.03179812245153082,0.03242738572921792,67390.90897514828,68724.52935895095,213108.76595055216,217326.04389739654,0.017874812914488333,0.025026930342043886,37882.73637552763,53040.4770652382,119795.73094637907,167728.71570807605,0.02810346135071463,0.033504875756474775,59560.68030933163,71008.0928762366,188347.4087666301,224547.30579368444,0.03179812245153082,0.03661815207689612,67390.90897514828,77606.17178620378,213108.76595055216,245412.2633307018,0.020714548696299698,0.02665873002960779,43901.09094590285,56498.8090588305,138827.4391552489,178664.92171285854,0.030103364608601385,0.035006400416120784,63799.147489800656,74190.32829961371,201750.61884478416,234610.41778242638,0.03289009681593937,0.03924551527105104,69705.16967111305,83174.4374638971,220427.10084920726,263020.66548915376
2024-09-06,2070529.936531081,-27879.94426369597,2098409.880794777,0.012959456555797217,-1.06721022739432,0.017340882991541136,0.02479591543324732,36388.28021115601,52031.99394847789,115069.84560368577,164539.61207728795,0.02859380572213316,0.03152671736821585,60001.52445685046,66155.97523448845,189741.48036594485,209203.5625706754,0.0323529306358753,0.03299317319125719,67889.70931898878,69233.20062330744,214686.11113476328,218934.60367304063,0.018186689583109285,0.025463595928320246,38163.12912014397,53433.061296552856,120682.41065875262,168970.17605249677,0.02859380572213316,0.03408946307962481,60001.52445685046,71533.66615727344,189741.48036594485,226209.31443908866,0.0323529306358753,0.037257059311082676,67889.70931898878,78180.58138773293,214686.11113476328,247228.70598140368,0.021075972587575896,0.02712386697683482,44226.02912512913,56916.99046955335,139854.98390035194,179987.3274458851,0.03062860294890327,0.03561718608388806,64271.36306291867,74739.45520453693,203243.89560243886,236346.90952646246,0.03346395758162389,0.039930264287424085,70221.09923977687,83790.06112347751,222058.61339841317,264967.43843491597
2024-09-09,2091935.9188205013,21405.982289420208,2070529.936531081,0.013772571392726658,0.7137478271951434,0.018428901550434487,0.026351684893734607,38157.592357558664,54561.952450511366,120664.90187811945,172540.04332942146,0.030387866111690455,0.03350479735493489,62918.98649155343,69372.68594080007,198967.30538267546,219375.6949764691,0.034382849699604194,0.03506326297655711,71190.71960627918,72599.5356654234,225124.8222222477,229579.88977336595,0.019327776562411757,0.027061257648296554,40018.73997905733,56031.144080978695,126550.36742386021,177186.03520095465,0.030387866111690455,0.03622833735214218,62918.98649155343,75011.85703835754,198967.30538267546,237208.31976014227,0.034382849699604194,0.039594677989440746,71190.71960627918,81981.96610444534,225124.8222222477,259249.7399487688,0.022398341773343187,0.02882569903891299,46376.43717036173,59684.47280150456,146655.17122203734,188738.87499912514,0.03255033256657257,0.037851914240103146,67396.43802313108,78373.5215891407,213126.25033547016,247838.83647006383,0.03556358577936833,0.04243560779429315,73635.46900657317,87864.19631297565,232855.79863550744,277850.9851291718
2024-09-10,2086848.4633280772,-5087.455492423847,2091935.9188205013,0.013033304092671498,-0.22174632876589312,0.017439697435699102,0.02493721127164952,36482.729479100744,52167.0479743791,115368.52041372667,164966.69040631116,0.02875674327382368,0.03170636768097012,60157.26416281161,66327.68940715087,190233.972558907,209746.57046282006,0.03253728900212601,0.03318117988454333,68065.92356459067,69412.9020293205,215243.34950703356,219502.8694147766,0.018290323730407614,0.0256086964447788,38262.18517849467,53571.75192700364,120995.65341917938,169408.75433484596,0.02875674327382368,0.034283716817885994,60157.26416281161,71719.33864200622,190233.972558907,226796.46238966705,0.03253728900212601,0.037469363125633585,68065.92356459067,78383.50657784131,215243.34950703356,247870.4117767688,0.02119607088460874,0.027278428301078694,44340.822021378466,57064.72397199622,140217.99091170725,180454.50180031866,0.030803135490135875,0.03582014532460649,64438.18554410979,74933.44862191456,203771.43460792338,236960.37057645546,0.03365464696978059,0.04015780096318433,70403.36483130757,84007.54625572983,222634.98780672808,265655.1868100562
2024-09-11,2100236.012741424,13387.549413346684,2086848.4633280772,0.012430087986763374,0.477834187628771,0.016632541682976846,0.023783050563932213,34709.59405236042,49631.6225225959,109761.37386529261,156948.9711411148,0.027425804428777522,0.03023891234431759,57233.497827730745,63104.02775845159,180988.21159392843,199552.45724719678,0.031031376408579926,0.03164546630208762,64757.78017320017,66039.292723812,204782.0815638057,208834.5800738309,0.01681860425099769,0.02333961736786818,35097.878436517596,48706.244638801014,110989.23689910509,154022.66933197636,0.026855311437099776,0.029285115105913417,56042.96540470861,61113.597457161275,177223.41750889938,193258.1639713042,0.028853527059514543,0.030714819887896594,60212.93860574302,64097.17468445567,190410.0306060313,202693.06358456437,0.02021506014100493,0.026015909819343652,42185.767191340805,54291.261428579135,133403.1091662412,171684.04315795703,0.029377484150460004,0.03416229337684738,61306.357655832406,71291.52943723691,193867.72524133153,225443.6108986107,0.032097020066696305,0.03829919073306881,66981.61700359565,79924.60732801359,211814.471092425,252743.80025110734
2024-09-12,2117015.937302756,16779.924561331514,2100236.012741424,0.011815950800524227,0.6349557709282431,0.0158107725724069,0.022607994058373247,33206.35394583334,47482.12329723963,105007.7112585529,150151.65776022145,0.02607076926087118,0.02874488908705286,54754.76848155377,60371.05124288637,173149.7811569092,190910.02666626006,0.029498199635174367,0.030081949000143708,61953.18118482915,63179.19262355269,195913.1608371492,199790.14942093554,0.01598764228981313,0.02218646970282634,33577.8220958933,46596.8226654724,106182.39669095159,147352.09134985096,0.025528462792173096,0.027838216402622885,53615.79690605143,58466.8246192776,169548.03678813134,184888.33335452416,0.02742795195978274,0.029197283320023387,57605.17246167743,61321.18590292761,182163.54998570928,193914.61627586014,0.019216288437387683,0.02473053374872234,40358.74100742824,51939.957593383835,127625.5450803118,164248.5675676507,0.027926021741331356,0.03247442642431454,58651.23655374409,68203.95986946711,185471.495095156,215679.85863023653,0.030511192708803644,0.03640693081848974,64080.70571872298,76463.14721837777,202640.9841421418,241797.70227484198
2024-09-13,2137622.5980746225,20606.660771866795,2117015.937302756,0.011261066780950336,0.8197772933487483,0.015068289365963916,0.02154630932141105,31899.80873563525,45613.88022348213,100876.05252834348,144243.75442431378,0.024846470557781296,0.027395012139518355,52600.374156546706,57995.67730196283,166336.98811174583,183398.4347183314,0.028112946779937996,0.028669282930386883,59515.55637767294,60693.32887467089,188204.71436560687,191929.15802162423,0.01523685317710902,0.02114457999824899,32256.66101028193,44763.412843866194,102004.51850443894,141554.34042905236,0.024329631120748475,0.026530917339176386,51506.21683132164,56166.37483829844,162876.958845477,177613.67240379454,0.026139919156578397,0.027826161672450722,55338.62545428208,58908.42773454129,174996.09901850147,186284.8050205833,0.0183138801970829,0.02356917329585976,38770.77625107784,49896.315496385636,122603.95960617022,157786.00381893362,0.026614599287384584,0.030949408203446462,56343.53085631974,65520.39041678482,178173.88892194768,207193.66690050904,0.0290783691012863,0.03469723987156942,61559.370818195115,73454.6097885291,194667.82311239967,232283.87157065113
2024-09-16,2150264.4715677067,12641.873493084218,2137622.5980746225,0.01076103354756703,0.5056558725753917,0.014399201294666432,0.02058957307900748,30780.058081704326,44012.736698395274,97335.09005045878,139180.49402420837,0.02374319488658223,0.026178571746688865,50753.989940048,55959.90655103996,160498.20855182447,176960.7623514638,0.02686462741981438,0.027396260176742186,57426.43466145035,58562.86485653595,181598.33143302356,185192.0392512835,0.014560280245881492,0.020205682031411418,31124.3840878958,43192.12251985539,98423.94448765308,136585.48413979428,0.023249305042147218,0.025352845968160682,49698.23984762416,54194.816467045355,157159.63361983185,171379.05741066296,0.024979209558589573,0.02659057663735798,53396.12283448269,56840.617515851525,168853.36637909128,179745.81496055276,0.01737343643136878,0.022440998264763562,37137.85032190683,47970.38501411198,117440.19441964303,151695.6768798023,0.025432812126741457,0.029575139410240432,54365.75393470884,63220.48634453731,171919.60914594095,199920.73163231043,0.027787181400683536,0.03315655341797281,59398.50689889997,70876.19786052704,187834.57141374875,224130.21713201856
2024-09-17,2155507.3261654032,5242.854597696569,2150264.4715677067,0.010311653911246823,0.19202357305963644,0.013797892153449079,0.019729754659026384,29669.11728008439,42424.19047605187,93821.9867717265,134157.06979314695,0.02275168154949906,0.02508535732644675,48922.132504310335,53940.15261563912,154705.3667061779,170573.73960250858,0.02574276338636162,0.026252195214920594,55353.74950966738,56449.16267130351,175043.92548097754,178507.92605067388,0.013952244464495616,0.019361894861457812,30001.015570632127,41633.19462282208,94871.54132137369,131655.72127719256,0.02227841649335166,0.02429411377013402,47904.48746844209,52238.76970814298,151487.2905432705,165193.4944427412,0.02393608037797819,0.02548015693593979,51468.903225355425,54789.07618932081,162758.9628629097,173258.2716547525,0.01664792354167745,0.021503864522516115,35797.43851704465,46238.995884171665,113201.44011370138,146220.5437131337,0.02437074055028966,0.02834008467934071,52403.53755108228,60938.67720720661,165714.53611158227,192705.01757256148,0.02662679160940499,0.031771939212400624,57254.643989540666,68318.07208123393,181055.08162901824,216040.7131282591
2024-09-18,2150495.7441313025,-5011.582034100778,2155507.3261654032,0.009908922512417248,-0.2808487585867031,0.013259002421919458,0.018959190425511176,28579.87685809222,40866.673860354305,90377.50611870828,129231.76979398548,0.02186309310238671,0.02410562496409499,47126.057354830846,51959.85121190239,149025.67838499535,164311.4767130718,0.024737355408401798,0.02522689089494913,53321.55081276743,54376.748140438154,168617.54894074754,171954.37587711005,0.013407326357433287,0.01860569774034989,28899.59018773796,40104.71778774328,91388.52843870505,126822.253127538,0.021408311860738896,0.023345284173428918,46145.773056656384,50320.931067239275,145925.7472482644,159128.75615280372,0.023001234114120726,0.024485005301339662,49579.32864383282,52777.60830823638,156783.60337653878,166897.45171025296,0.015997723138012343,0.020664010749888148,34483.20942595139,44541.42655934455,109045.48281859377,140852.35816064582,0.023418918222192917,0.027233235861091394,50479.649798805294,58701.43941377288,159630.66885188522,185630.2504779016,0.025586857072860535,0.030531056068661445,55152.657874097946,65809.91503156644,174408.0178941696,208109.22412190182
2024-09-19,2191628.431580851,41132.68744954839,2150495.7441313025,0.009630310251630116,1.9201105757210706,0.012886194920808839,0.01842610896276626,27711.707335245814,39625.268905328485,87632.11303137205,125306.102637485,0.021248361703546704,0.023427839598378686,45694.511413239736,50381.469350504165,144498.73263439708,159320.19501355724,0.024041807481006778,0.024517578545794675,51701.80466912918,52724.948319136376,163495.46189557642,166730.92620313732,0.01303034838602677,0.018082555541542207,28021.708748698755,38886.45873510442,88612.4235757549,122969.77974108025,0.020806367687728967,0.02268887754656042,44744.00516329219,48792.33460299445,141492.9679543375,154294.90970250996,0.022354501249937094,0.023796552780508812,48073.2598001676,51174.385479480115,152020.99551754064,161827.61597460508,0.01554791017345007,0.020082994323052505,33435.714658140154,43188.39382113752,105733.01351520103,136573.69295913726,0.02276044120383924,0.026467510485572544,48946.23194340702,56918.268656974375,154781.57582405597,179991.36942941215,0.024867423442556782,0.029672604855136578,53477.28828072934,63810.81045826103,169110.0340565347,201787.50038939767
2024-09-20,2184695.2104785894,-6933.22110226145,2191628.431580851,0.00930065872644001,-0.3896181364132366,0.011906489199752006,0.017165551489912237,26094.60025048683,37620.5106890567,82518.3714231387,118966.50051612972,0.02052101703236339,0.02262589003977465,44974.4443730825,49587.54390099212,142221.68071948428,156809.58230072615,0.023218841418921787,0.02367832654348028,50887.07300207605,51894.093664946915,160919.05414582256,164103.53309134705,0.012584311435297686,0.017463578389420323,27580.13473346643,38273.674915394506,87216.04393207488,121031.98715749894,0.02009415274732609,0.021912223119792695,44038.91646956833,48023.451188480925,139263.28172973724,151863.48685751983,0.021589292732313428,0.022981981939757996,47315.70776985994,50367.965033251254,149625.4056556835,159277.49061279252,0.01501569551283423,0.01939554090400426,32908.825205888505,42507.8188911051,104066.8427709673,134421.52606182508,0.02198133710845713,0.025561511097019388,48174.923371057856,56021.33447439712,152342.4839566198,177155.0145012067,0.02401619603126965,0.028656893087677854,52634.57804054976,62805.26165172754,166445.15029001966,198607.6758622878
2024-09-23,2193200.8791173627,8505.668638773263,2184695.2104785894,0.0091530968113428,0.3747965984648598,0.011717583832930515,0.016893207161832506,25599.349278184647,36906.50877607808,80952.25033725084,116708.62821739996,0.020195435730855183,0.022266913351859343,44120.87171472749,48646.41895194886,139522.44697063768,153833.48389893954,0.02285045711336992,0.023302652162361423,49921.284212825674,50909.19257055954,157864.96183313505,160989.0023630905,0.012384651911150943,0.01718650564141514,27056.689713735974,37547.27655966292,85560.76543985486,118734.91386478589,0.01977534396733914,0.02156456929196198,43203.099251012485,47112.01124818301,136620.19561151403,148981.26069573054,0.021246762436892743,0.022617355587205193,46417.70013405598,49412.02842505835,146785.65617032003,156254.55363216696,0.01477746025965894,0.01908781612403734,32284.246652314578,41701.06046468037,102091.75196398018,131870.33191278955,0.02163258673544319,0.025155958582816072,47260.6086311854,54958.10223087604,149451.1668803585,173792.77892994927,0.023635161097727835,0.028202230020347746,51635.62324909588,61613.27685026921,163286.17786948688,194838.28895337592
2024-09-24,2196750.073919114,3549.194801751524,2193200.8791173627,0.008876591650442881,0.13088073825864413,0.01136360829111524,0.016382881633688888,24922.675694019297,35930.950401482165,78812.42057881868,113623.64176322511,0.01958535344708822,0.021594253968264646,42954.614397978155,47360.53678708162,135834.41751187335,149767.16745537092,0.022160169503504454,0.022598704228852858,48601.70323647574,49563.49798163335,153692.08039084045,156733.5424271197,0.012010524963740245,0.0166673198832357,26341.493909136138,36554.780620442834,83299.11772432264,115596.36612838239,0.01917795220166217,0.020913126963238635,42061.101628356235,45866.688440868,133008.88204142277,145043.20420246013,0.020604920709737067,0.02193410972248093,45190.730214738884,48105.908726001864,142905.63660476496,152124.2404863348,0.014322056450771612,0.018510957181140777,31411.146798600796,40598.24756298181,99330.7678014848,128382.93131040272,0.02097908967327373,0.02439602426562263,46011.357914505934,53505.38186633206,145500.68924705367,169198.8737746802,0.022921168428697607,0.027350271135803975,50270.72674821673,59984.63869914351,158969.99615631477,189688.08291157315
2024-09-25,2187357.119310038,-9392.954609076029,2196750.073919114,0.008631728923155897,-0.5491596926907522,0.011050140664400132,0.015930956251107527,24274.3973213376,34996.329322222635,76762.38436331705,110668.11040356025,0.019045087177241928,0.02099857173699593,41837.29666440218,46128.614015441635,132301.14860367606,145871.4855955611,0.021548876368092596,0.021975314016872936,47337.495754481264,48274.27269096137,149694.3053127116,152656.65409150362,0.011679211998743921,0.01620754820916415,25656.309821557716,35603.932726528954,81132.37539107054,112589.52107524038,0.0186489241845128,0.02033623376977264,40967.025580840454,44673.623036984434,129549.1097978383,141270.40012863936,0.020036529453362605,0.021329052495702824,44015.24755775681,46854.59764655984,139188.4340586752,148167.24741389413,0.013926979382793712,0.01800032836790247,30594.092988622066,39542.22267275808,96747.01679103362,125043.48739146646,0.020400376883986,0.0237230545862816,44814.52942787403,52113.621916001284,141715.9852607245,164797.74237543214,0.022288882971049546,0.02659580790869165,48963.10531422758,58424.34298935694,154834.93410765353,184753.99464525853
2024-09-26,2197427.7444507265,10070.625140688382,2187357.119310038,0.008680066730628403,0.4767544248439848,0.011112021612786611,0.016020169837745207,24305.959584655808,35041.83254714792,76862.19300351257,110812.00423520709,0.01915173994234452,0.02111616404403625,41891.6947100617,46188.59175424134,132473.170328222,146061.1518590748,0.021669550389068322,0.022098376094882112,47399.0453157762,48337.04027633115,149888.94211538776,152855.1426245012,0.011744615755749241,0.016298310714788513,25689.668886898948,35650.22597471973,81237.86601816323,112735.9131798107,0.018753358431096018,0.0204501169745663,41020.292075230805,44731.70895504065,129717.55324308439,141454.0839296789,0.02014873430962676,0.021448495499796993,44072.47743724852,46915.519329970266,139369.41082808594,148359.89869236277,0.014004970669831595,0.018101130468482277,30633.872300384413,39593.63659779455,96872.81001995655,125206.07249803087,0.020514619291151878,0.023855904036891105,44872.79855643611,52181.381532670835,141900.2484242538,165012.0170974878,0.022413701039761313,0.026744744819675655,49026.76853940872,58500.307985447806,155036.25490241812,184994.21705535144
2024-09-27,2198374.160476566,946.4160258392805,2197427.7444507265,0.00845810993264888,-0.002907131658646922,0.010827877629474767,0.015610520268148338,23793.478716525216,34302.99034253955,75241.5862029595,108475.5800371845,0.018662013422346718,0.02057620550428372,41008.42606157653,45214.724850632796,129680.02961319023,142981.51430581615,0.021115441282851193,0.021533301545252216,46399.65651125745,47317.87424516092,146728.59722503574,149632.25665212912,0.011444295794216268,0.01588154884290508,25148.013093911588,34898.55605224896,79525.0000044985,110358.92417616089,0.018273818870179873,0.019927189833238573,40155.396582400484,43788.55980849489,126982.51354772675,138471.58445335037,0.01963351378316185,0.02090003895788876,43143.22790817559,45926.325466165814,136430.86580157664,145231.7930352783,0.013646851482256188,0.01763826893950149,29987.97007150827,38758.82153174406,94830.28783092856,122566.15546428743,0.01999004276991776,0.02324588798087954,43926.67459537394,51081.15919357838,138908.3417584369,161532.80857335756,0.021840563359137102,0.026060858611519175,47993.059879801825,57266.85375715987,151767.38110102064,181093.6923043963
2024-09-30,2197281.4056472653,-1092.7548293005675,2198374.160476566,0.008262477396296987,-0.11526645255793203,0.010577433359912208,0.015249455479661476,23253.156182593822,33524.00888782556,73532.93632462269,106012.22438525698,0.018230368876659978,0.02010028649834096,40077.171874405496,44187.95045612876,126735.145301161,139734.56857604315,0.02062704997944566,0.021035245309181452,45345.97368167202,46243.339746990394,143396.5595521347,146234.28021348422,0.011179594030960433,0.015514215277123324,24576.93064228147,34106.0499852987,77719.0787255944,107852.79994509617,0.017851153101719145,0.019466282287642127,39243.51371353047,42794.1719816951,124098.88672280885,135327.054043118,0.019179398841468614,0.02041662981994384,42163.49482655878,44883.39144017986,133332.6777646519,141933.74606387343,0.013331205529442797,0.017230303174458422,29306.97776392936,37878.65327590674,92676.80106992526,119782.8190516637,0.01952768146224946,0.02270822033862093,42929.15034062645,49921.16482283267,135753.8930921728,157864.5842888273,0.021335400286142607,0.025458081878859368,46903.19269248024,55966.38937778114,148320.91844200305,176981.2628496422
2024-10-01,2182058.952786388,-15222.452860877384,2197281.4056472653,0.008101729787267512,-0.9142683949440596,0.010371647971254259,0.014952775272287399,22789.429233156166,32855.455068619325,72066.50295199794,103898.07157816085,0.017875694598221185,0.019709232721072677,39277.931353700675,43306.730577587645,124207.7248574348,136947.90664043627,0.02022574794780399,0.020626001782498425,44441.659881018044,45321.13018953114,140536.8682225447,143317.99753193706,0.010962093525457994,0.015212384132280033,24086.804270455126,33425.888789422424,76169.16304930857,105701.9413900632,0.017503856517185494,0.01908756314756512,38460.898452329384,41940.747583262826,121624.03996580582,132628.289133313,0.01880626105742209,0.020019421540806312,41322.647731221834,43988.30270342803,130673.68577945037,139103.2269477748,0.013071845132850502,0.016895085308762534,28722.52224791311,37123.2567957682,90828.5904482649,117394.04563795174,0.019147767792972413,0.0222664288577288,42073.034131149856,48925.610099255166,133046.61592843695,154716.36382698306,0.02092031720401263,0.02496279147185174,45967.82399261954,54850.27753414996,145363.0228984128,173451.80730027796
2024-10-02,2181962.9027887075,-96.04999768035486,2182058.952786388,0.008616201212325836,-0.05793827277763091,0.011030262446444514,0.01590229788102712,24068.682922847736,34699.75146117123,76111.85831659757,109730.24885905687,0.019010826763244424,0.020960797178424976,41482.74473860856,45737.69514072188,131179.95696936923,144635.29157109666,0.02151011186054894,0.021935782386015252,46936.33216074748,47865.17034177853,148425.7146421744,151362.95887196032,0.011658202137538367,0.016178392274808863,25438.884347608997,35302.205704936816,80444.81567205099,111635.37645539042,0.018615376432422025,0.020299650698158513,40619.84880385521,44295.034544353235,128451.24043184861,140073.1981959949,0.020000485523095614,0.021290683431708705,43642.238495745325,46457.526393100794,138008.8758348359,146911.5978595855,0.013901925988448563,0.017967947381864652,30334.822064067943,39207.120447792506,95927.1301383849,123983.80111158511,0.02036367842462764,0.023680378925947394,44434.746818121755,51671.98284073762,140515.0071981844,163401.1569938684,0.022248787257597394,0.026547964421231085,48548.1654240801,57929.22344360178,153522.77896272743,183188.28916660429
2024-10-03,2172696.530767808,-9266.372020899318,2181962.9027887075,0.008404752099701618,-0.5605207040032568,0.010759570160036855,0.015512041584456552,23476.982939152775,33846.69928379996,74240.738676637,107032.6610155977,0.018544284449493645,0.02044640088543523,40462.94072755664,44613.28822756585,127955.05352746964,141079.60470868443,0.020982234904883813,0.02139745910340602,45782.458180054826,46688.461977570456,144776.84473038046,147641.88029929186,0.011372099661977584,0.01578136038037015,24813.49958925109,34434.342905507154,78467.17542168598,108890.95331266281,0.018158538815611202,0.019801479517967544,39621.25806451244,43206.0937285356,125293.41924517394,136629.66498088924,0.019509656117920837,0.020768191441577627,42569.34589546802,45315.423283536315,134616.091533219,143299.9507106009,0.013560760567448432,0.017526998240131653,29589.07649177242,38243.259957210226,93568.87557494528,120935.80661469784,0.019863935948036832,0.023099241718597386,43342.371341987404,50401.688512528766,137060.61263348896,159384.13361793495,0.021702782561716566,0.025896454158121373,47354.66643695522,56505.1022867892,149748.60377830887,178684.82264704272
2024-10-04,2196841.5661347043,24145.035366896074,2172696.530767808,0.008483084747583157,1.249127125093813,0.010859849812631581,0.015656614473334753,23595.15801256407,34017.07194978347,74614.4410712743,107571.42669114069,0.018717117971144913,0.02063696221336071,40666.61728187835,44837.85620655516,128599.13534510127,141789.7510118315,0.021177790228714286,0.021596884334468606,46012.911359255915,46923.47566889357,145505.60167068284,148385.05884519665,0.011478088115643824,0.015928443331907897,24938.402228706545,34607.67356776792,78862.15224813204,109439.0729937522,0.018327777171509532,0.019986030151253865,39820.69787722419,43423.57837345009,125924.10330946048,137317.41181493198,0.01969148694467767,0.02096175187120496,42783.625370360765,45543.525569382626,135293.70272970496,144021.27347336605,0.013687147434060892,0.017690350610942606,29738.017746091606,38435.763400461175,94039.86917615631,121544.55595279581,0.020049068677914048,0.023314527636184135,43560.54196162938,50655.39331162746,137750.52871008788,160186.41863640226,0.021905053420427187,0.026137810214895557,47593.03357284566,56789.529575770954,150502.3868470535,179584.26070893195
2024-10-07,2181961.142056082,-14880.424078622367,2196841.5661347043,0.008284458986734656,-0.8753482909898556,0.01060557368597271,0.015290025307410911,23298.765106049294,33589.76314257185,73677.16440437024,106220.15759610219,0.018278869160891185,0.02015376153304234,40155.77955458354,44274.62104975409,126983.7246121057,140008.64505805806,0.020681926421805275,0.021091207719117915,45434.91563116142,46334.04179733936,143677.81869205687,146521.10528103422,0.011085328564408284,0.015473844092618719,24352.710564552468,33993.58389055275,77010.03258283075,107497.15092615466,0.01789864451591629,0.0195180706102078,39320.48625003388,42878.10880725664,124342.29525544007,135592.48559145673,0.019230423935995687,0.020470946458077174,42246.19463698707,44971.426077221935,133594.19752766943,142212.13602991262,0.013366672022836161,0.017276142872327677,29364.460700656327,37952.948764411245,92858.57807657782,120017.76201521278,0.01957963313188946,0.02276863355067711,43013.35191380299,50019.080588216675,136020.16184598,158174.22112627944,0.021392161231851684,0.025525810854365005,46995.188983587155,56076.162294161455,148611.8362581888,177328.3952908032
2024-10-08,2188618.615371213,6657.473315130919,2181961.142056082,0.008738152926196244,0.29655099426135273,0.011186382223204137,0.01612737531750745,24408.25133121835,35189.306266155625,77185.6679084869,111278.35708228711,0.019279901596658773,0.021257471440899508,42067.99610657445,46382.97666240964,133030.68429587074,146675.8509116493,0.0218145609956487,0.022246256363019874,47598.524423517694,48540.46694032722,150519.750441469,153498.43421953855,0.01169241061945444,0.016321260839594703,25512.38562861347,35612.35694135726,80677.24713096519,112616.1607815964,0.018878854153558465,0.02058696724667059,41192.92616960863,44919.96256501652,130263.4701831188,142049.39411495163,0.02028356775709597,0.021592026827711903,44257.956668245046,47112.963516299824,139955.94765669148,148984.27203192282,0.014098690625045674,0.018222261542357687,30762.795097720034,39760.266605807396,97280.4997018574,125733.00284988357,0.020651901206732198,0.02401554551780794,45061.64594267076,52400.98712513604,142497.43629492485,165706.47095658857,0.02256369143296886,0.026923718153201534,49233.09792808176,58746.50680995568,155688.7257188551,185772.76609805244
2024-10-09,2205076.38649817,16457.771126957145,2188618.615371213,0.008509388347302659,0.8268968405504763,0.01089352307548172,0.01570516112025897,23841.767389975157,34372.607985202994,75394.28839624941,108695.73035333268,0.01877515435692497,0.020700951482552122,41091.652332033926,45306.48777060988,129943.21418899678,143271.69413769152,0.021243456449634494,0.021663850045365703,46493.824240497706,47413.90548989787,147026.38173152096,149935.93411203893,0.011386303663647849,0.01589397072525156,24920.276158529123,34785.840201450665,78804.83258134333,110002.48535923456,0.018384606323735668,0.020048001067815818,40236.8916363992,43877.42833800365,127240.22353640111,138752.61141890794,0.019752544567687054,0.021026748219472816,43230.78674178941,46019.53257386171,136707.75114506402,145526.53978971392,0.013729587331588725,0.017745203287205268,30048.83041527986,38837.48224792389,95022.74513642763,122814.90248979573,0.020111235058770126,0.023386819263680393,44015.823427730465,51184.827994812986,139190.25511942804,161860.6381075582,0.021972974674799823,0.02621885602757977,48090.46140834712,57383.076375698816,152075.39177880567,181461.22049460828
2024-10-10,2197026.9121355577,-8049.474362612236,2205076.38649817,0.008307624746863519,-0.49500269883930725,0.010635229958812206,0.015332780671304062,23451.494447154702,33809.952597648145,74160.13698780011,106916.45779089461,0.018329982202682584,0.020210117319958098,40419.01092006708,44564.85247059728,127816.1352786299,140926.4373964694,0.020739759111575058,0.021150184878595855,45732.753078594425,46637.77324586238,144619.66339843583,147481.58845538914,0.01111632637161379,0.0155171134673715,24512.34878665245,34216.42049351364,77514.85296628652,108201.82213756569,0.017948694338862054,0.01957264882016192,39578.2420550981,43159.18573456031,125157.39067957336,136481.3288794579,0.01928419780207324,0.02052818918642165,42523.12920591161,45266.22523254546,134469.94152830786,143144.37281302872,0.013404049130779845,0.01732445199937787,29556.952221743955,38201.74001284915,93467.28971348506,120804.50902219336,0.019634383488583936,0.022832301281320903,43295.315394125995,50346.96840485263,136911.80866078878,159211.0934438687,0.02145197994500224,0.025597188455762247,47303.254420356745,56443.75582454489,149586.02470675527,178490.82809995714
2024-10-11,2222519.837429196,25492.925293637905,2197026.9121355577,0.008336862163641413,1.3292030342526056,0.010672659026723819,0.01538674205166374,23448.119105758717,33805.08637759312,74149.46322110815,106901.06945192514,0.018394491776179335,0.02028124374191605,40413.1934673222,44558.438312570426,127797.73887777569,140906.15404783227,0.020812749526945857,0.021224619724784413,45726.170826236645,46631.06073519455,144598.84848885125,147460.36163286061,0.011155448584890055,0.01557172357886055,24508.820757947975,34211.49577109245,77503.69635992993,108186.24879787065,0.018011862027942197,0.01964153176907201,39572.54561306155,43152.97389221674,125139.37694817875,136461.68530918632,0.01935206559166971,0.02060043501374618,42517.008910310884,45259.7101269,134450.58745425605,143123.77023999245,0.013451222634987043,0.017385422762861823,29552.6981301935,38196.24168886155,93453.83709481075,120787.12179507902,0.019703483703233073,0.02291265607934094,43289.08395882745,50339.72203481844,136892.1031321534,159188.17840979228,0.02152747691284493,0.025687273852012964,47296.4461278972,56435.63195226849,149564.49499560657,178465.13816014346
2024-10-14,2240870.65837952,18350.82095032418,2222519.837429196,0.008155810151093177,0.9524098891107986,0.01044088040808999,0.015052587478836124,23205.063827205842,33454.674276351616,73380.8549435544,105792.96909231646,0.017995017766592906,0.01984079505458267,39994.28396114356,44096.56059917707,126473.03070475481,139445.56847303882,0.020360758104447634,0.020763683698577555,45252.18879223214,46147.69891819383,143099.98569139763,145931.83735718086,0.01072989275187194,0.01507127676899769,23847.39949452313,33496.21159448317,75412.09867464121,105924.32162550717,0.01762069760589834,0.019214975735576633,39162.349978450206,42705.66474803973,123842.2244565487,135047.16959536631,0.018931795908236813,0.02015305443513064,42076.291964217206,44790.56326686829,133056.91810116637,141640.197605176,0.013159101824843403,0.017007862750661358,29246.364848465197,37800.31235561796,92485.12620143527,119535.08330955746,0.019275582256782442,0.02241506089129979,42840.36394369721,49817.91748809715,135473.12585263661,157538.08754872123,0.02105996372339166,0.025129422164351947,46806.1871507772,55850.63926340513,148014.159984563,176615.228848789
2024-10-15,2212176.908252199,-28693.750127320644,2240870.65837952,0.007996836036554497,-1.668485984287549,0.010237365406253186,0.014759180481660836,22940.611757982297,33073.41448308148,72544.58407286348,104587.31976533789,0.017644256534715963,0.01945405569121937,39538.49675756611,43594.022584934595,125031.70501309121,137856.40373721445,0.019963883553541496,0.020358955269471075,44736.4808824366,45621.78549861885,141469.17408907905,144268.7530992761,0.010520744283758666,0.014777505477742505,23575.62716978885,33114.47842911581,74552.67912348197,104717.1753645206,0.01727723267138462,0.01884043492395216,38716.043751301804,42218.977812193174,122430.88024484328,133508.13037064296,0.018562774874718083,0.019760228471220078,41596.77755486032,44280.11618403267,131540.56039672825,140026.02219842683,0.012902602896843174,0.01667634327302622,28913.064248258463,37369.52832958914,91431.1371592808,118172.82460768912,0.018899860094946836,0.021978143602703105,42352.14193424433,49250.17712494894,133929.23229894126,155742.73488156177,0.020649460165422726,0.024639596192016014,46272.769396072494,55214.14814100844,146327.3449353231,174602.46719153845
2024-10-16,2224147.487127418,11970.578875218984,2212176.908252199,0.009878320114756567,0.5002312568594003,0.01321805374518987,0.018475654152394112,29240.67326714553,40871.41548078011,92467.12784097705,129246.764114331,0.02179557182866868,0.02403117792708506,48215.66070153301,53161.21688839752,152471.30670671628,168110.52855354545,0.024660957355401292,0.025148980976293245,54554.40039701096,55633.99498182977,172516.16163934875,175930.13947696,0.01321805374518987,0.018367190191510726,29240.67326714553,40631.47401113631,92467.12784097705,128488.00256512847,0.02134219511878383,0.023273185348467715,47212.71121318639,51484.40320935369,149299.70194544047,162807.97811604038,0.02293019784229958,0.02440938659829536,50725.654168389534,53997.881377349695,160408.60297412527,170756.29397601512,0.015938308744356564,0.020599929327236446,35258.3585608597,45570.68796933973,111496.71961121316,144107.16852394695,0.023346591988203252,0.027149129611157168,51646.791682689036,60058.677604947894,163321.49555753762,189922.21448938167,0.025507835446235694,0.03043676493684132,56427.84455365953,67331.50855518058,178440.5122434915,212920.92532948367
2024-10-17,2224105.2062846133,-42.28084280481562,2224147.487127418,0.009521712084019546,-0.04980185027952074,0.01218947661946105,0.0174678822277249,27111.19379257271,38851.14636223202,85733.12247074832,122858.11221321834,0.02100875019722569,0.023163650762818833,46726.55895884717,51519.37563682061,147762.35353210306,162918.5706421409,0.02377069511076497,0.0242411010456154,52869.531797879914,53915.783975807324,167188.13930799742,170496.6791971598,0.012740881102322504,0.01770413337129465,28337.598687519807,39376.603749533664,89611.35527236068,124519.75437045275,0.020571740417528964,0.022433021768053188,45754.58475548459,49894.34899409017,144688.70122254963,157779.785192656,0.02210241613428047,0.023528206075170425,49159.03330450441,52330.20041870636,155454.51281430764,165482.6237362091,0.015362934710252013,0.019856270471746054,34169.432630709605,44163.27407345634,108053.23346872145,139656.53500238436,0.022503778423081305,0.026169044178169815,50051.7222305685,58203.81384940279,158277.4430626798,184056.62027256537,0.02458700084468662,0.029337995644082876,54685.11614470946,65252.02928914207,172929.5211281279,206345.03450170674
2024-10-18,2224602.354850204,497.1485655903816,2224105.2062846133,0.009206460996695857,-0.025165622028705478,0.011785899434572093,0.016889544128763208,26213.08029317867,37564.12302855597,82893.03821531891,118788.18707701912,0.020313178719686194,0.022396733424326683,45178.64654664388,49812.69141281359,142867.42469109525,157521.5612476017,0.022983679349945507,0.023438510776646923,51118.12090178996,52129.71384589844,161649.6917575167,164848.6295258549,0.01231904765624403,0.017117973314555345,27398.85802872061,38072.173569943625,86642.79665834823,120394.78395428574,0.01989063774633488,0.02169029457341307,44238.870967944655,48241.497086574906,139895.5933730029,152553.0085299538,0.021370634847750418,0.02274921880034809,47530.54022648909,50596.655972762,150304.76553396095,160000.67486189026,0.014854288593970238,0.019198856048670086,33037.50059750336,42700.27569255598,104473.75008728435,135030.12790560065,0.02175870857070945,0.025302622303763893,48393.657014144526,56275.69399845445,153034.18046968005,177959.36994178427,0.02377295829835457,0.02836665404657572,52873.560320157405,63090.422949863554,167200.87861399903,199509.43506492797
2024-10-21,2209600.1030900567,-15002.251760147046,2224602.354850204,0.00892452915428668,-0.8092103304462195,0.011424976780011264,0.016372331239317167,25416.03024892196,36421.92662937253,80372.54466632969,115176.24492035656,0.01969112298038709,0.021710872449025337,43804.91855181409,48298.05797595419,138523.3153418971,152731.86976687715,0.022279844177364262,0.022720747183344457,49563.79382266015,50544.62768802422,156734.4779585897,159836.14697936713,0.011941798265441438,0.016593765178919317,26565.752542447106,36914.529092855235,84008.28579054182,116733.99068597183,0.01928152158883089,0.02102606705822837,42893.718331608245,46774.63829097313,135641.84724159964,147914.3937300008,0.020716196355234952,0.022052563573974625,46085.29919539489,49058.18485714779,145734.51210777304,155135.60202216913,0.014399401862523848,0.018610924501478093,32032.943291804968,41401.90647192753,101297.0609611154,130924.32392455707,0.02109238599594526,0.02452777353978782,46922.17155598929,54564.542775844515,148380.9348780931,172548.23465735506,0.02304495283186999,0.027497974644012116,51265.85633718986,61172.059146680556,162116.87222449706,193443.0360660467
2024-10-22,2207145.0264525404,-2455.076637516264,2209600.1030900567,0.009259609642632298,-0.1692190093792516,0.011853939107614252,0.016987047002152856,26192.465074207706,37534.58080715259,82827.84716890755,118694.76637024345,0.020430446141337544,0.02252602914994042,45143.11590007529,49773.51633191798,142755.06692120005,157397.67876445022,0.02311636349823282,0.02357382065424186,51077.91916876246,52088.71654783932,161522.56271526378,164718.98468607527,0.012390165179295596,0.01721679490334731,27377.31025747438,38042.23179331658,86574.65662270985,120300.0997429523,0.020005465850577036,0.02181551204698442,44204.079405799625,48203.55766797914,139785.5727932693,152433.03355408862,0.02149400693452379,0.02288054941433584,47493.15993834216,50556.86434467361,150186.55868382327,159874.84268532463,0.014940041993175642,0.019309690516212136,33011.51832829067,42666.69415525943,104391.5869377926,134923.93376041367,0.021884320996404173,0.025448693645897302,48355.59792971055,56231.43610348195,152913.82707720803,177819.41418922663,0.02391019893228703,0.028530413959626348,52831.97802568518,63040.80562639237,167069.38385313097,199352.53131135768
2024-10-23,2198895.3918144405,-8249.634638099931,2207145.0264525404,0.008998593862293349,-0.46672695284320254,0.011519792714226469,0.01650820529067214,25425.85319496916,36436.00320296453,80403.6075491718,115220.75895455826,0.0198545396994826,0.021891051078139313,43821.84855021754,48316.72451093371,138576.852697635,152790.89853343565,0.022464744705437273,0.02290930676746767,49582.94954713192,50564.16249129179,156795.05367815113,159897.92145133595,0.01204090330351279,0.0167314769115453,26576.01984034422,36928.79605052272,84040.75383731215,116779.10676748227,0.01944153902411655,0.021200562484292203,42910.29616366182,46792.71604520185,135694.2709495567,147971.5606083443,0.020888120162926512,0.02223557789928728,46103.11052954628,49077.14517070995,145790.83649185777,155195.55979817655,0.01440877240536218,0.01868080152095374,31802.250351781742,41231.2381671201,100567.5458305214,130384.62335696573,0.02126743180317457,0.02473132964385473,46940.306329795334,54585.63122099225,148438.28206817215,172614.9221763334,0.023236203000143583,0.0277261804605403,51285.66988540851,61195.70130600713,162179.52816539755,193517.7991383233
2024-10-24,2202507.7817706536,3612.389956213068,2198895.3918144405,0.008940539096383395,0.13268590749225775,0.011445472339333454,0.016401701984887964,25167.396384099975,36065.62691248391,79586.29535004181,114049.52628531535,0.01972644739171291,0.021749820140804805,43376.39426650751,47825.579280408594,137168.20256763248,151237.76094304782,0.022319812562142535,0.022761506515350756,49078.932989057284,50050.17178735914,155201.21337619677,158272.54013075551,0.011963220964102078,0.016623533160522404,26305.871449221966,36553.41046234725,83186.46961513582,115592.03330804584,0.019316111205698854,0.02106378626002651,42474.10791798649,46317.062541336614,134314.92260462957,146467.41215909045,0.020753359672019255,0.022092124234240257,45634.46694747079,48578.27017406303,144308.8553616792,153617.9785410634,0.01431581366960367,0.018560281629078884,31478.976708165683,40812.117744959774,99545.26480919309,129059.2482090478,0.02113022416898932,0.02457177454279253,46463.15255319673,54030.76181084988,146929.3893399694,170860.2710363294,0.023086293764717138,0.02754730396707407,50764.34497331097,60573.63975011082,160530.95404218225,191550.6677768628
2024-10-25,2209133.4897417948,6625.707971141208,2202507.7817706536,0.00868829917162277,0.29333149550175297,0.01112256059423621,0.015938959858265215,24497.526262020878,35105.68312115921,77467.98002777681,111013.9174789919,0.0191699040387631,0.021136191260406195,42221.862821172406,46552.62572803752,133517.25357008737,147212.3283619528,0.021690102453987704,0.022119334871227747,47772.619442310664,48718.00718147009,151070.2872301446,154059.86575788556,0.011625701948375103,0.016154532498653798,25605.699009842414,35580.48353915191,80972.32995182025,112515.36823384884,0.018771144690294398,0.020469512491507087,41343.592253116294,45084.26055159596,130739.91817314013,142568.94996752244,0.02016784398602243,0.02146883790949264,44419.833320750884,47285.28256123035,140467.84657861353,149529.1926981282,0.01391192082556156,0.01803663937538653,30641.11387767655,39725.838581279815,96895.70989805186,125624.13187703627,0.020534075984064204,0.023878529706536936,45226.4621463713,52592.64749588932,143018.6308939208,166312.55426536128,0.02243495887993714,0.026770110354350687,49413.171516766175,58961.37637431654,156258.16840553816,186452.24332128087
2024-10-28,2219990.3166912505,10856.826949455775,2209133.4897417948,0.0084653755660466,0.525350900949607,0.01083717892609512,0.015529999447193792,23940.77489996075,34307.84187446736,75707.37763326576,108490.9219282174,0.018678044349949907,0.020593880749356284,41262.29329635685,45494.631647151815,130482.82829838476,143866.65731537755,0.021133579738914533,0.021551798949059467,46686.898759364754,47610.80082254929,147636.936969282,150558.57182387394,0.011327410724225,0.015740040943993772,25023.762382945806,34771.8515792837,79132.08475695137,109958.24945185943,0.01828951633329448,0.019944307564874596,40403.98304306039,44059.63777127509,127768.6129588919,139328.80823921415,0.019650379243009667,0.0209179923803762,43410.31087185967,46210.63750565275,137275.45629104637,146130.86664626474,0.01355497000127898,0.01757385689027473,29944.738182270772,38822.995800235505,94693.57659338595,122769.09231989556,0.020007214493095574,0.023265856520118023,44198.607573144836,51397.382806120215,139768.26933910488,162532.79543891634,0.021859324705091547,0.026083245249457064,48290.16626915792,57621.37060172417,152706.91399877472,182214.77300211537
2024-10-29,2215011.180280636,-4979.136410614941,2219990.3166912505,0.008268866363052671,-0.32659516788096,0.010585612368078359,0.01516949709380684,23499.956953381094,33676.13665732725,74313.38888859561,106493.29463224341,0.018244465522872774,0.020115829059737283,40502.53679398493,44656.94572483323,128080.26728376637,141217.66183699196,0.020642999861093216,0.021051510828169532,45827.25979908577,46734.15019025737,144918.5198893814,147786.3591136047,0.0110644642741785,0.015374662836801245,24563.00354805256,34131.602620091595,77675.03738664325,107933.60447126019,0.01786495651905359,0.019481334604813764,39660.0304804092,43248.37417890873,125416.02838979503,136763.36750456606,0.019194229325803384,0.02043241699404748,42611.003239634745,45359.767873383156,134747.8236220594,143440.1806164229,0.01324031457568374,0.01716590988495953,29393.370147963928,38108.153721804774,92949.99777596646,120508.56318472573,0.01954278125637825,0.022725779486787463,43384.785150374984,50451.010399928826,137194.73687223566,159540.1031206175,0.02135189790018854,0.025477767359495043,47401.006581398804,56560.396828991405,149895.14418185176,178859.67934257796
2024-10-30,2206832.664499785,-8178.515780850779,2215011.180280636,0.00818623799432348,-0.5074780078013106,0.01047983343254227,0.015017912735773907,23212.948220559923,33264.84461421816,73405.78758452198,105192.67499251451,0.018062153902597126,0.019914817449697458,40007.87283420216,44111.54330432777,126516.00249445486,139492.9479468258,0.020436720387062707,0.02084114922324762,45267.564145613105,46163.37853939058,143148.60682791143,145981.42067301122,0.010953900311272675,0.015221028317365472,24263.011657148516,33714.74789833268,76726.37973180572,106615.39409710625,0.017686437221513224,0.019286663312717924,39175.65618498338,42720.17486797857,123884.30237621015,135093.05462349526,0.01900242699298401,0.020228241813159752,42090.58824192613,44805.7817735691,133102.1269007889,141688.32274893712,0.013108007975623247,0.016994375956453412,29034.38421721324,37642.73274543673,91814.78458683881,119036.77282858331,0.019347495945823325,0.022498687403707848,42854.91983043295,49834.844140852,135519.15560808498,157591.61432458935,0.021138534614908222,0.0252231754646274,46822.09050677094,55869.615656329916,148064.4508119437,176675.23747220563
2024-10-31,2175198.368339601,-31634.296160183847,2206832.664499785,0.008237201385491038,-1.8080932991391576,0.010545075592734028,0.015111406690115837,23271.21726766488,33348.345890288205,73590.05049046129,105456.72921242638,0.018174599767877976,0.02003879706431692,40108.300431963326,44222.27191881697,126833.58244331939,139843.10257076638,0.020563949106285152,0.02097089571253639,45381.19459886123,46279.2576622438,143507.93787173278,146347.86263448987,0.01083697214678827,0.014984436591819977,23915.38411780671,33068.144129954155,75627.08493008582,104570.65344538217,0.01762070094034715,0.01910672723948597,38885.93840654017,42165.34978378544,122968.13431768557,133338.5436544503,0.018174599767877976,0.02003879706431692,40108.300431963326,44222.27191881697,126833.58244331939,139843.10257076638,0.013189611825688733,0.017100174374495725,29107.266209002537,37737.22337827934,92045.25768130268,119335.57844591666,0.01946794370273968,0.022638752890162907,42962.494073848815,49959.93936155041,135859.3352348485,157987.20014639775,0.021270132475737037,0.025380202240367748,46939.62312569417,56009.85933565417,148436.1215871057,177118.72692631252
2024-11-01,2172902.5857985867,-2295.782541014254,2175198.368339601,0.010476337452726034,-0.1442471764359117,0.014018253093055464,0.019589924455183184,30492.48125498581,42611.97171081051,96425.6922757447,134750.88619682303,0.023115040087753735,0.02548598612172516,50279.79748298639,55437.075427502285,158998.68033823816,175307.4251694599,0.02615389136625857,0.02667145913871087,56889.90182561682,58015.714399760225,179901.6656323204,183461.79758507072,0.014018253093055464,0.019235629217248244,30492.48125498581,41841.30928734394,96425.6922757447,132313.83763156348,0.022410573757465475,0.02430054976325131,48747.44347079318,52858.51619477953,154152.95147801022,167153.3049123998,0.023115040087753735,0.02548598612172516,50279.79748298639,55437.075427502285,158998.68033823816,175307.4251694599,0.016903187879301514,0.021786876785183318,36767.78669479437,47390.77883434668,116269.95047878442,149862.80120583499,0.024759956470144694,0.028792693499514955,53857.81691401829,62629.819920247166,170313.37125263872,198052.88039416616,0.027052038071146985,0.032279356888963016,58843.54907261969,70214.00443592401,186079.64067736702,222036.177658686
2024-11-04,2171721.5508755487,-1181.0349230379798,2172902.5857985867,0.010079211210782204,-0.09910153047751309,0.013486863550232557,0.018847329715947665,29305.64068261303,40953.41147518122,92672.5728475488,129506.05821564894,0.022238818885081228,0.02451988953153565,48322.787060499446,53279.33136656951,152810.06999849103,168484.03932921117,0.025162476509935208,0.025660424854762852,54675.61027353441,55757.60351960453,172899.46092407062,176321.0239945712,0.013486863550232557,0.018506464738064443,29305.64068261303,40212.74508333059,92672.5728475488,127163.86543106218,0.02156105674102081,0.023379389477207073,46850.075945114164,50801.135849415514,148152.9485384265,160647.29700778567,0.022238818885081228,0.02451988953153565,48322.787060499446,53279.33136656951,152810.06999849103,168484.03932921117,0.01626243919115852,0.02096100223308574,35336.696169860625,45546.21595320196,111744.4448821078,144029.7812140152,0.023821381466423066,0.02770124964172593,51761.54138568521,60192.11697635845,163684.36597983335,190344.1868325802,0.026026577191846978,0.03105574417588245,56553.21687965082,67481.10682367437,178836.9743491771,213393.99659194148
2024-11-05,2206824.244293096,35102.69341754727,2171721.5508755487,0.009711419754309659,1.6042047090859155,0.012994726508488636,0.018159588711033382,28220.927606218545,39437.57015878752,89242.40891837401,124712.54708445692,0.02142732209064721,0.02362515623398333,46534.177161810265,51307.260936143415,147153.9888731102,162247.8050627961,0.02424429514727607,0.024724073305651392,52651.85825712692,53693.80282331,166499.7951328645,169794.71315763908,0.012994726508488636,0.01783116193134389,28220.927606218545,38724.318643451195,89242.40891837401,122457.0477514276,0.020774291557115927,0.02252627314424816,45115.97667876062,48920.79284827284,142669.24516792232,154701.13034181824,0.02142732209064721,0.02362515623398333,46534.177161810265,51307.260936143415,147153.9888731102,162247.8050627961,0.01566902110805356,0.020196133100054393,34028.75082148379,43860.37749773913,107608.35852621458,138698.69192765234,0.02295213680019844,0.026690428185683714,49845.65012763471,57964.17809294549,157625.78585518838,183298.8254733429,0.02507686470619686,0.029922516868365782,54459.967510838156,64983.3747394671,172217.53863301926,205495.474220967
2024-11-06,2263781.4747837447,56957.23049064865,2206824.244293096,0.009372905017201045,2.6701387218636823,0.012541764270308453,0.01752659286140099,27677.469457925603,38678.11004639401,87523.84335679076,122310.92333724594,0.0206804215871201,0.022801644970540342,45638.05574065894,50319.22293075216,144320.20412220503,159123.35455095003,0.023399202317824257,0.02386225666225046,51637.92697209378,52659.80652579877,163293.46288125837,166524.9297653225,0.012541764270308453,0.017209614181762645,27677.469457925603,37978.59381124409,87523.84335679076,120098.85877390626,0.02005015399299159,0.021741066076241655,44247.16593354387,47978.711713828256,139921.82435740915,151722.00821629804,0.0206804215871201,0.022801644970540342,45638.05574065894,50319.22293075216,144320.20412220503,159123.35455095003,0.015122839942443022,0.019492148630230445,33373.44982754727,43015.74617055701,105536.114832403,136027.73315062595,0.022152085237032083,0.02576006954511692,48885.75876272957,56847.94600684025,154590.34283576033,179768.98968388914,0.024202750675675278,0.028879496054974637,53411.21696966131,63731.97205708485,168901.0982255662,201538.19147459482
2024-11-07,2273644.536435607,9863.061651862226,2263781.4747837447,0.009071701039421858,0.4290533747272147,0.012138727081768386,0.016963365187901456,27479.425495163017,38401.35186236279,86897.57335761542,121435.73711461524,0.0200158437179579,0.02206890030360607,45311.49621087968,49959.16767615278,143287.532216469,157984.75986290415,0.022647254783729504,0.02309542859643015,51268.43583411439,52283.003408789315,162125.02930999594,165333.3736861217,0.011934851035858753,0.016526253012658785,27017.89467928063,37411.82541764601,85438.08476907127,118306.57974434154,0.019405830154577426,0.021042403754228743,43930.55880673215,47635.40380374295,138920.62471324235,150636.37328167618,0.0200158437179579,0.02206890030360607,45311.49621087968,49959.16767615278,143287.532216469,157984.75986290415,0.014636858324404388,0.018865756632006424,33134.648723820894,42707.95037131471,104780.95943686552,135054.39737078836,0.02144021456542571,0.024932254113229108,48535.96054859934,56441.17498612887,153484.1837576495,178482.66677228967,0.02342498062857325,0.027951435963460523,53029.0371941322,63275.94292768606,167692.53965924235,200096.10074631099
2024-11-08,2294496.72165967,20852.18522406323,2273644.536435607,0.008804442268240278,0.9852152285920981,0.011781111539822711,0.016463612372467858,26786.05988565639,37432.4023206552,84704.95878034357,118371.64962504295,0.01942616271182932,0.021418734788799108,44168.18871365985,48698.58932991635,139672.07645930772,153998.4611197087,0.021980050534181016,0.022415020827284,49974.82180761921,50963.7896380446,158034.2625731298,161161.6534499092,0.011583241827374288,0.016039377833108055,26336.174495021947,36467.843778072514,83282.29625990416,115321.44769390915,0.01883412058232268,0.020422479558576435,42822.09536056737,46433.45906882518,135415.35552032222,146835.4902976887,0.01942616271182932,0.021418734788799108,44168.18871365985,48698.58932991635,139672.07645930772,153998.4611197087,0.0142056460575164,0.018309958010229742,32298.589545210183,41630.33599232423,102137.10817376614,131646.68149383055,0.020808570580055762,0.024197732156637695,47311.292810378494,55017.04151207149,149611.44432794477,173979.16130218003,0.02273486402193695,0.0271279667600672,51690.999370083395,61679.35340863354,163461.29253979248,195047.24137775225
2024-11-11,2305480.1511103525,10983.429450682364,2294496.72165967,0.00856794727890259,0.5042337754356587,0.011464660620717151,0.01602138540182468,26305.626209176222,36761.016280932825,83185.69409801778,116248.54055027995,0.01890435905823747,0.02084340891338551,43375.98988420316,47825.133419975,137166.92379850528,151236.3510085591,0.02138964722885479,0.021812933840959527,49078.47544406416,50049.70518786091,155199.7664918865,158271.064613586,0.011272105861119805,0.015608546171765108,25863.809944540146,35813.75802098864,81788.54839446007,113253.04691644848,0.01832821969608842,0.019873913966536948,42054.040006533076,45600.63044276536,132986.55123248685,144201.85493875103,0.01890435905823747,0.02084340891338551,43375.98988420316,47825.133419975,137166.92379850528,151236.3510085591,0.013824070029126043,0.017818136587307482,31719.283361823404,40883.655985661244,100305.18117164473,129285.4719894658,0.02024963424683515,0.023547759990993174,46462.71939417063,54030.258101762585,146928.01957085787,170858.6781683354,0.02212418576877187,0.026399285940293078,50763.87171583658,60573.075044158686,160529.45747064348,191548.8820198458
2024-11-12,2291479.996116176,-14000.154994177166,2305480.1511103525,0.008359223059145538,-0.7831178423549209,0.011185369413040033,0.01563108757918785,25787.64716460065,36037.162154085156,81547.7005369211,113959.51281572889,0.018443828960888045,0.020335641519293794,42521.881579801666,46883.417882827416,134465.99618813212,148258.38500320385,0.02086857289408214,0.02128154779849667,48112.0805893059,49064.18603434029,152143.75763178276,155154.57941073968,0.010997505490191465,0.015228305547588337,25354.53061936355,35108.556175008576,80178.0657616685,111023.00287299624,0.01788172496040981,0.019389764490454327,41225.96196383937,44702.71716744679,130367.93853720058,141362.40384744247,0.018443828960888045,0.020335641519293794,42521.881579801666,46883.417882827416,134465.99618813212,148258.38500320385,0.013487301123252738,0.017384068013395027,31094.70503170755,40078.62375043461,98330.09107129408,126739.73653629322,0.019756331829003545,0.02297411175633972,45547.83089051736,52966.35864363222,144034.88809421027,167494.33267922452,0.02158521730152677,0.025756171530194057,49764.29004607373,59380.34223145595,157368.50268683862,187777.12969168613
2024-11-13,2286161.67144899,-5318.324667185545,2291479.996116176,0.008687091691979442,-0.31987676932895487,0.011624086235314956,0.01624417605380252,26636.361081353607,37223.20448067787,84231.56959574297,117710.10796912716,0.019167239850015207,0.021133253801626256,43921.34669707066,48426.428339272694,138891.49346465679,153137.81249902697,0.021687088013916347,0.022116260777431784,49695.52835790019,50678.969160373716,157151.05913645198,160260.97201621206,0.011428853842082556,0.01582559595184453,26188.989957667676,36264.03655026887,82816.85788550653,114676.95265044484,0.018583088792191654,0.020150277223453042,42582.77623335788,46173.95717373804,134658.56199069665,146014.8732520833,0.019167239850015207,0.021133253801626256,43921.34669707066,48426.428339272694,138891.49346465679,153137.81249902697,0.01401630518841667,0.018065912554725644,32118.082958716164,41397.67723073789,101566.29622778286,130910.94988962362,0.020531222205867165,0.02387521112392788,47046.88498056083,54709.56869353113,148775.31335453878,173006.84687700085,0.022431840921449373,0.02676638990657788,51402.114747561485,61334.647039169125,162547.7591516253,193957.18412627716
2024-11-14,2277339.097024186,-8822.574424803723,2286161.67144899,0.008555646062126783,-0.5051372320411242,0.011448200519952552,0.01599838309701804,26172.43723577792,36574.89024156003,82764.51358285958,115659.95833399576,0.01887721759585293,0.020813483508496326,43156.37133124142,47582.98824645994,136472.42895471584,150470.62073583485,0.02135893757591749,0.02178161646481802,48829.98442893416,49796.2967040692,154413.96890598832,157469.71662639434,0.011255922216052462,0.015586136590594261,25732.857947150314,35632.42807938524,81374.44181855979,112679.63129299642,0.018301905411434574,0.019845380489856006,41841.11466610658,45369.74823123038,132313.22218517237,143471.74127908368,0.01887721759585293,0.020813483508496326,43156.37133124142,47582.98824645994,136472.42895471584,150470.62073583485,0.013804222465104385,0.017792554641764803,31558.684303876737,40676.6564591645,99797.32235845589,128630.88201115972,0.020220561339125444,0.023513951881441994,46227.472308691846,53756.69553564855,146184.1029678286,169993.59737685465,0.02209242152043201,0.026361383823425753,50506.84730950648,60266.38530347138,159716.67493238774,190579.0439042675
2024-11-15,2255772.4835690293,-21566.6134551568,2277339.097024186,0.008570628561773756,-1.1633228950130257,0.011468248411018074,0.01602639918924096,26117.090480796956,36497.545458175155,82589.49177602046,115415.3726533672,0.01891027505333913,0.020849931721413726,43065.108714450325,47482.36467946027,136183.83122042887,150152.42107782533,0.021396340978578978,0.021819760055451026,48726.72384377864,49690.99266196525,154087.43026437509,157136.71600652358,0.011275633392672412,0.015613430763853717,25678.44076884435,35557.07631720427,81202.35959127343,112441.34809879723,0.01833395539215778,0.019880133377484156,41752.633417658304,45273.80499460015,132033.4199098606,143168.34212524365,0.01891027505333913,0.020849931721413726,43065.108714450325,47482.36467946027,136183.83122042887,150152.42107782533,0.013828396181116986,0.017823712656215525,31491.947272397658,40590.63768612442,99586.28133470364,128358.86676681998,0.0202559712369783,0.023555129107943003,46129.715246168045,53643.01645297104,145874.9679928859,169634.11255327513,0.022131109387511495,0.02640754742357473,50400.040668698915,60138.940204227045,159378.92267820437,190176.0271140292
2024-11-18,2259512.167733524,3739.6841644947417,2255772.4835690293,0.009483099182300815,0.12667453100362977,0.012689213672613126,0.017732647255834875,28623.979040808594,40000.81774054817,90516.96946587693,126493.69232940247,0.02092355450978621,0.023069716419660855,47198.778521632405,52040.03150321158,149255.6429061933,164565.02905706468,0.023674299052367207,0.024142797374598183,53403.83237011429,54460.65799400118,168877.74607138938,172219.7221325004,0.012476091926663307,0.017275712212053755,28143.224870644804,38970.076242008305,88996.6912935352,123234.20151516137,0.020285877066609087,0.02199666864772336,45760.323291920795,49619.47986571993,144706.8480681239,156910.57268854082,0.02092355450978621,0.023069716419660855,47198.778521632405,52040.03150321158,149255.6429061933,164565.02905706468,0.015300634203489807,0.019721311418113927,34514.74961738744,44486.79163687711,109145.22166136942,140679.58736586198,0.022412520025759157,0.02606292222005887,50557.54596154734,58792.02278540863,159876.99814713723,185916.70025040806,0.02448729446427972,0.029219022802598756,55237.7650495744,65911.4676348783,174677.15041389884,208430.36165068683
2024-11-19,2246258.6523493347,-13253.51538418932,2259512.167733524,0.009169656088591552,-0.6912050692370302,0.012269799479655508,0.01714653340121046,27723.76121993208,38742.80085448432,87670.23076163368,122515.49363448816,0.020231972197836734,0.022307197421750358,45714.38735825847,50403.38400247883,144561.58589130454,159389.49522792708,0.02289179689840662,0.02334481003370717,51724.2936332343,52747.88232458901,163566.57824436636,166803.44989623837,0.012063722006691037,0.01670470134549196,27258.126662273084,37744.47594849365,86197.76500214625,119358.51308668418,0.01961537178725578,0.02126961689600192,44321.17122792132,48058.958179546884,140155.84964655314,151975.76982214753,0.020231972197836734,0.022307197421750358,45714.38735825847,50403.38400247883,144561.58589130454,159389.49522792708,0.014794905218876149,0.019069466620957896,33429.26836251487,43087.69186224265,105712.62853855436,136255.2454041888,0.02167172321665204,0.02520146935378429,48967.522303778394,56943.02664963911,154848.90185503528,180069.66107652645,0.023677920525875827,0.028253251937362903,53500.54953484379,63838.56653051224,169183.59260076832,201875.27279661168
2024-11-20,2247115.177623771,856.5252744364552,2246258.6523493347,0.009334996855332891,-0.007921750590084256,0.012491039843975467,0.017455707589655686,28058.106326370176,39210.03420614403,88727.52282250949,123993.01522452728,0.02059678084099203,0.02270942506147083,46265.69717462136,51011.242534207675,146304.98060742044,161311.71268335596,0.023304565623285912,0.023765747171710233,52348.08217054884,53384.01521400084,165539.17080058527,168815.07872132375,0.012281246527465843,0.017005908730148952,27586.85627395537,38199.66962616017,87237.29930940497,120797.9618846189,0.019969062326997654,0.021653135615995668,44855.67903132162,48638.54322792381,141846.11173243157,153808.57867279748,0.02059678084099203,0.02270942506147083,46265.69717462136,51011.242534207675,146304.98060742044,161311.71268335596,0.015061676507692297,0.01941331378403528,33832.42117429053,43607.32405816185,106987.50966886661,137898.46668884833,0.02206249243401728,0.025655884462236093,49558.06452230305,57629.75245697268,156716.3603200621,182241.2787557185,0.024104864077167738,0.0287626946354453,54145.759497042694,64608.45168975079,171223.92565034798,204309.86343656693
2024-11-21,2279437.318346843,32322.140723071992,2247115.177623771,0.009038085856209733,1.5297689634201341,0.012093747035243217,0.01690050744752757,27176.042517237514,37977.38679488278,85938.19214404625,120095.04185303143,0.019941675020069757,0.021987124005668993,44811.24060483957,49407.60006543476,141705.58508911435,156240.5499294581,0.02256333539358443,0.02300984849846861,50702.4134207392,51705.77979573236,160335.10927702498,163508.03234963,0.011890626451909568,0.01646501499120985,26719.60717154068,36998.785086550575,84494.81684703792,117000.43153256988,0.019333921861612886,0.02096443113869081,43445.54925822235,47109.49140200052,137386.88985302145,148973.2922424406,0.019941675020069757,0.021987124005668993,44811.24060483957,49407.60006543476,141705.58508911435,156240.5499294581,0.014472007968704974,0.018317060397660224,32520.26875716911,41160.544429033594,102838.11939346758,130161.07012830098,0.02097979154259124,0.023379091984329255,47144.00799873961,52535.512437048514,149082.44330521367,166131.8773451766,0.02256333539358443,0.025322196545627427,50702.4134207392,56901.89218845162,160335.10927702498,179939.58248885017
2024-11-22,2297802.498781953,18365.18043511035,2279437.318346843,0.008774662056113481,0.8626451658317342,0.011741263019035546,0.01640792572544491,26763.473090115345,37400.83821524232,84633.53306138935,118271.8351596326,0.01936045551212914,0.021346287898233538,44130.94479454101,48657.52524340912,139554.30084590107,153868.60507631165,0.021905705044992358,0.02233920409128574,49932.68156425429,50920.8154678432,157901.00342294286,161025.757191517,0.011544062582599237,0.015985126120200036,26313.967056108137,36437.09301686485,83212.07017193746,115224.20524870897,0.01877041591039968,0.02035340240923746,42785.98650705637,46394.30500694641,135301.16929953007,146711.67428250462,0.01936045551212914,0.021346287898233538,44130.94479454101,48657.52524340912,139554.30084590107,153868.60507631165,0.014050207225185787,0.01778319186251802,32026.56667959493,40535.671170745474,101276.89634277605,128185.04738317983,0.020368315119231147,0.02269768561673202,46428.297594623706,51737.95163488334,146819.16828312786,163609.7686378637,0.021905705044992358,0.024584156506292067,49932.68156425429,56038.04378052148,157901.00342294286,177207.85396668068
2024-11-25,2322569.213175222,24766.71439326834,2297802.498781953,0.008541634856316246,1.201827623569363,0.01142945230474115,0.01597218324763432,26262.62406554337,36700.92257741739,83049.70937986826,116058.50757413631,0.018846303205642633,0.02077939818063749,43305.082598727975,47746.95306265399,136942.6952737039,150989.1230111389,0.021323958981887596,0.021745945668134915,48998.24623250519,49967.88829461699,154946.05944848064,158012.3368798564,0.01115532382601151,0.01546960479391941,25632.730962131103,35546.0965506373,81057.81249065352,112406.62702826863,0.018271933184722235,0.019812880581793813,41985.293729431636,45526.08650891426,132769.15641618922,143966.12632203262,0.018846303205642633,0.02077939818063749,43305.082598727975,47746.95306265399,136942.6952737039,150989.1230111389,0.013533950149052124,0.01721366294453668,31098.344470882355,39553.59772714669,98341.59998849212,125079.45847184276,0.019827397257498203,0.022094907061008612,45559.44296262181,50769.73265514061,144071.60869041446,160547.9913880722,0.021323958981887596,0.023931279265732484,48998.24623250519,54989.35329584884,154946.05944848064,173891.60347456925
2024-11-26,2328971.5780998026,6402.36492458079,2322569.213175222,0.00833603401562542,0.27562341306651506,0.011154340450626616,0.015587725897417196,25906.72772390041,36203.572272755286,81924.26632935507,114485.74781642541,0.018392664546512987,0.02027922909042763,42718.236423990464,47099.91315235457,135086.92472537622,148943.0031575617,0.020810682077959677,0.021222511362384955,48334.2494994465,49290.75151653663,152846.31741310435,155871.04237365446,0.010886810362794293,0.015097244724180217,25285.37057830299,35064.39580015301,79959.36250884637,110883.35550612582,0.017832119860104696,0.019335975987691253,41416.33259272961,44909.142535707055,130969.94332409238,142015.17817798397,0.018392664546512987,0.02027922909042763,42718.236423990464,47099.91315235457,135086.92472537622,148943.0031575617,0.013208182122752661,0.016799322641737603,30676.91716031668,39017.589569897194,97008.92981890544,123384.45185050467,0.019350143240740723,0.021563073103792588,44942.04696147502,50081.72973231534,142119.23110851066,158372.33511509132,0.020810682077959677,0.023355243036297657,48334.2494994465,54244.16844232993,152846.31741310435,171535.12205959053
2024-11-27,2324889.336914985,-4082.2411848171614,2328971.5780998026,0.008155082175198608,-0.27093966815155196,0.010912211108363289,0.015249360232891453,25414.229525603045,35515.32656660958,80366.85027920615,112309.32379517404,0.017993411557165054,0.01983902409372639,41906.14410968992,46204.52325152596,132518.86334186918,146111.53167703102,0.020358940732436687,0.020761830362007058,47415.39432606342,48353.71282244397,149940.6422253849,152907.8658446119,0.010650488345893609,0.014769526025684786,24804.684650469393,34397.806335825204,78439.30013770088,108775.41453457839,0.0174450347184955,0.018916246361484965,40628.990038340315,44055.40014023229,128480.14755344721,139315.40767323546,0.017993411557165054,0.01983902409372639,41906.14410968992,46204.52325152596,132518.86334186918,146111.53167703102,0.012921469657409477,0.016434656621391694,30093.735579385666,38275.84816705099,95164.74773370562,121038.85958266215,0.018930106083338148,0.021094999466367965,44087.679038508715,49129.65419720149,139417.48251214984,155361.60791960792,0.020358940732436687,0.022848266432901866,47415.39432606342,53212.96313108021,149940.6422253849,168274.16454077855
2024-11-29,2338302.0431698333,13412.706254847812,2324889.336914985,0.008057420785325729,0.6574577488599617,0.010781531652223647,0.015066741139297811,25065.867973866156,35028.50581681181,79265.23432648699,110769.86141358213,0.017777931008535922,0.019601441366159617,41331.72223415543,45571.18202034879,130702.38187735442,144108.7308504159,0.020115131730202945,0.020513196544971468,46765.4552701891,47690.911913445474,147885.3544685226,150811.90533694666,0.010522943157219952,0.014592653198600498,24464.678339183174,33926.30381872465,77364.10577520421,107284.39265803814,0.01723612127036738,0.018689714381652962,40072.07455125069,43451.51767589161,126719.0261500219,137405.7636468835,0.017777931008535922,0.019601441366159617,41331.72223415543,45571.18202034879,130702.38187735442,144108.7308504159,0.01276672827543044,0.016237842981351395,29681.230434839264,37751.188001843686,93860.291930402,119379.73846304686,0.01870340812606161,0.02084237577441811,43483.35411624972,48456.21719391987,137506.43931100724,153232.0131285997,0.020115131730202945,0.022574646448690155,46765.4552701891,52483.554813185474,147885.3544685226,165967.57291195905
2024-12-02,2333023.3622373934,-5278.680932439864,2338302.0431698333,0.007910599108733082,-0.34323890591789324,0.010585071445466285,0.014792196188277278,24751.094188032475,34588.62257001778,78269.83221553851,109378.82844916303,0.017453982972735763,0.019244265470586025,40812.68404659951,44998.90526917398,129061.03901207205,142299.03286474204,0.01974859540993418,0.020139406719511154,46178.180996783485,47092.0158804612,146028.2301533404,148918.02979107702,0.01033119492931979,0.014326747040086902,24157.454211614284,33500.26187581256,76392.57777992838,105937.12973967251,0.016922046048246882,0.018349151902211713,39568.85484922968,42905.85938337528,125127.70572816428,135680.2406183735,0.017453982972735763,0.019244265470586025,40812.68404659951,44998.90526917398,129061.03901207205,142299.03286474204,0.01253409397471039,0.015941958306305994,29308.497550348002,37277.1136797636,92681.60705656516,117880.58382507353,0.018362596120305864,0.020462587671388022,42937.29602601365,47847.710560548454,135779.6520110995,151307.74619582502,0.01974859540993418,0.022163293048093374,46178.180996783485,51824.4734177285,146028.2301533404,163883.37453887286
2024-12-03,2323216.10242515,-9807.259812243285,2333023.3622373934,0.007876907895282387,-0.5925826344356606,0.010539989663851747,0.014729196277356043,24590.042123506777,34363.55902205169,77760.5408697649,108667.11501931162,0.017379646521372673,0.01916230421243611,40547.12136179029,44706.10340191345,128221.25606652552,141373.1120610485,0.019664486212367466,0.020053633057967826,45877.70573984841,46785.59442197504,145078.04396090127,147949.04005831,0.010124001115929936,0.014069141712725775,23619.531122781984,32823.63630241784,74691.51561322523,103797.45180462778,0.016849975114352055,0.018271002929563844,39311.385594902036,42626.676686180304,124313.51645702375,134797.38741192827,0.017379646521372673,0.01916230421243611,40547.12136179029,44706.10340191345,128221.25606652552,141373.1120610485,0.012480711313080267,0.015874061562616015,29117.791070756797,37034.55647917779,92078.54021650454,117113.55060834803,0.018284389888780977,0.020375437583320836,42657.908774783195,47536.371897697325,134896.1519479976,150323.2068975442,0.019664486212367466,0.02206889966187952,45877.70573984841,51487.25849003783,145078.04396090127,162817.00730636137
2024-12-04,2324687.533415768,1471.4309906172566,2323216.10242515,0.008030587007652778,0.0221615460708498,0.01074562571767738,0.015016564092230329,24964.410697941898,34886.72350216881,78944.39824937016,110321.5063673796,0.017718724835632936,0.019536162322939383,41164.42685258286,45386.7268882443,130173.34742955814,143525.43250685846,0.02004814193444927,0.020444881066592605,46576.16616581744,47497.87690607502,147286.76976245482,150201.47504550862,0.010321521199421682,0.014343631809470448,23979.124252019003,33323.35638701934,75828.6489325615,105377.70546450054,0.01717871949647028,0.018627471679695334,39909.87775324462,43275.64215373666,126206.11483913645,136849.59641220246,0.017718724835632936,0.019536162322939383,41164.42685258286,45386.7268882443,130173.34742955814,143525.43250685846,0.012724211003802055,0.016183765792129323,29561.091894688216,37598.38528615216,93480.3805087571,118896.53384880247,0.018641119819573355,0.020772964024354686,43307.34973206943,48260.08451647915,136949.86457882222,152611.78714429995,0.02004814193444927,0.022499465685516803,46576.16616581744,52271.120976554754,147286.76976245482,165295.79813611787
2024-12-05,2313478.976298292,-11208.557117475662,2324687.533415768,0.007887099210744498,-0.6705104757703438,0.010553626532666227,0.014748253233176965,24533.884032815055,34285.080430825285,77582.95339413275,108418.94392347487,0.017402132687603634,0.01918709682012,40454.5209137192,44604.004780174284,127928.42773826873,141050.24787038876,0.019689928554090238,0.020079578886378183,45772.93144354073,46678.74671340183,144746.71854432762,147611.15793644878,0.010137099769676161,0.014087344675535764,23565.589459558025,32748.674546148985,74520.93709665978,103560.40191741179,0.016871775980148888,0.018294642352182443,39221.607287635714,42529.32700441864,124029.61252158773,134489.54068806887,0.017402132687603634,0.01918709682012,40454.5209137192,44604.004780174284,127928.42773826873,141050.24787038876,0.012496859129948778,0.015894599770146213,29051.292626244944,36949.97793429203,91868.25367098876,116846.08976532625,0.01830804663173977,0.020401799769454124,42560.487765999984,47427.809583294686,134588.07966829138,149979.90271597257,0.019689928554090238,0.022097452886234294,45772.93144354073,51369.67324487114,144746.71854432762,162445.17011240532
2024-12-06,2311396.287503235,-2082.68879505666,2313478.976298292,0.008116188797182297,-0.1670532014587904,0.01086016837690902,0.015176632684682497,25124.771219038565,35110.820647014465,79451.50274280712,111030.16376223254,0.017907597025507215,0.019744407430524805,41428.849234532776,45678.27148998692,131009.52442084686,144447.37748789182,0.020261844472594392,0.020662812633033604,46875.351208372886,47802.982617714,148232.87593878442,151166.30402141434,0.01043154312988522,0.014496527301428025,24133.155721338342,33537.41114118795,76315.73920695296,106054.60603166078,0.017361835516422765,0.018826030627960615,40166.24145719307,43553.626064934615,127016.80805301067,137728.65872446998,0.017907597025507215,0.019744407430524805,41428.849234532776,45678.27148998692,131009.52442084686,144447.37748789182,0.01285984433063591,0.016356276134376124,29750.97949739496,37839.90096740866,94080.85783273957,119660.27349222027,0.018839824249756235,0.02099439278076098,43585.53731896579,48570.08631843917,137829.57097020073,153592.09891725006,0.020261844472594392,0.02273929803205671,46875.351208372886,52606.88793294432,148232.87593878442,166357.58648133132
2024-12-09,2290116.753314332,-21279.534188902937,2311396.287503235,0.007985301640039055,-1.2152557749263302,0.010685029946733017,0.014931884027801209,24697.338550739583,34513.50130728856,78099.84196461909,109141.27415823078,0.017618806988150132,0.019425995744616703,40724.04506264627,44901.17444516069,128780.7379332967,141989.98086325498,0.01993508824651731,0.02032959012284999,46077.88896404949,46989.7391364179,145711.0788987328,148594.60232823412,0.010263317000724474,0.014262746484551014,23722.592812943385,32966.85927399103,75017.42529364182,104250.3626080566,0.017081846798772175,0.018522429308331277,39482.91727438103,42812.674338818026,124855.94725505133,135385.56363370828,0.017618806988150132,0.019425995744616703,40724.04506264627,44901.17444516069,128780.7379332967,141989.98086325498,0.01265245777177149,0.016092503748324483,29244.843921464075,37196.15342050911,92480.31660795688,117624.56500587161,0.01853600048484024,0.020655822984556094,42844.0427058179,47743.792561826944,135484.75911990795,150979.1286299786,0.01993508824651731,0.022372588712051476,46077.88896404949,51711.918490872566,145711.0788987328,163527.44460813445
2024-12-10,2272351.268722644,-17765.484591688495,2290116.753314332,0.008974473629429644,-0.9184819918576055,0.012008628328553973,0.016781557602443715,27501.16091954654,38431.72621206585,86966.3068045777,121531.78924212337,0.01980132070457275,0.021832373327179962,45347.33628329201,49998.683921187796,143400.86847679733,158109.72120179213,0.022404529200458285,0.02284789963848357,51308.98767208968,52324.357740135696,162253.26548130397,165464.14756428954,0.011534676074306475,0.01602953125365186,26415.75492182325,36709.49807176381,83533.95166576457,116085.6256683329,0.019197845059336832,0.020816878419107638,43965.306597920055,47673.08201930597,139030.50687705606,150755.52226102614,0.01980132070457275,0.021832373327179962,45347.33628329201,49998.683921187796,143400.86847679733,158109.72120179213,0.01421976948884301,0.018085948036914667,32564.932334667352,41418.93259891074,102979.35802681348,130978.16526555528,0.020832130712782972,0.023214544299688937,47708.011552578326,53164.01682127536,150865.9791437734,168119.38271873503,0.022404529200458285,0.025143972822722235,51308.98767208968,57582.633406196444,162253.26548130397,182092.27523408044
2024-12-11,2289741.448453775,17390.17973113153,2272351.268722644,0.009470379791284988,0.7569518155064688,0.012672194018248803,0.01770886299819327,28795.676154867167,40240.757301579964,91059.92341397975,127252.44784304392,0.02089549038579733,0.023038773714314745,47481.89408874838,52352.186679537015,150150.93293933003,165552.15039766452,0.02364254543881915,0.024110415378573453,53724.168123733456,54787.332974931334,169890.73666881246,173252.75912683178,0.012172052390338672,0.01691528162170369,27659.178692144575,38437.4616538792,87466.00287677404,121549.92630164094,0.020258668239879662,0.02196716518854852,46034.810477521685,49917.115686438134,145574.85276315207,157851.7797952639,0.02089549038579733,0.023038773714314745,47481.89408874838,52352.186679537015,150150.93293933003,165552.15039766452,0.015005517110470153,0.01908533066868151,34097.8058438162,43368.57535896962,107826.72968065878,137143.4770109985,0.021983260284456983,0.02449731987386055,49953.68939804594,55666.515895671466,157967.43602643072,176032.97963628988,0.02364254543881915,0.026533363618347506,53724.168123733456,60293.1224816312,169890.73666881246,190663.59428545824
2024-12-12,2280102.164763283,-9639.283690492157,2289741.448453775,0.009158344701381507,-0.5103372344138063,0.01225466385716726,0.01712538199959439,28060.01177062429,39212.69698507546,88733.54836630696,124001.4356708561,0.020207014700048206,0.02227967999414233,46268.83910821511,51014.706740874055,146314.9162738337,161322.66746670727,0.022863558328044778,0.023316012641189394,52351.63716286462,53387.64055720354,165550.41267336754,168826.54306314408,0.01177100116054276,0.016357947962664147,26952.549247092247,37455.471461762085,85231.44436866789,118444.60065460452,0.019591174907524305,0.021243379393723148,44858.72520966596,48641.84630303672,141855.74459415875,153819.0239134369,0.020207014700048206,0.02227967999414233,46268.83910821511,51014.706740874055,146314.9162738337,161322.66746670727,0.014511107384165134,0.018456497084148815,33226.68404048654,42260.606366841785,105072.00066270382,133639.77141903335,0.02125894417988591,0.023690169202219193,48677.48563904992,54244.36234320439,153931.72538953467,171535.73522799413,0.022863558328044778,0.02565912829890321,52351.63716286462,58752.76959719189,165550.41267336754,185792.57077021987
2024-12-13,2276164.7882335237,-3937.376529759728,2280102.164763283,0.009125476433840304,-0.23927777010225773,0.012210683248944016,0.017063920932593592,27841.60530915601,38907.48305775615,88042.8864923694,123036.264486922,0.02013449400039928,0.022199720732217043,45908.70335672373,50617.63129866841,145176.06703226455,160067.00466641888,0.02278150359254692,0.02323233409812592,51944.15565792874,52972.09526964075,164261.843013377,167512.47348349603,0.011691929922186843,0.016011117727603733,26658.794725838823,36506.984190989046,84302.51100853473,115445.22054728486,0.019520864387522815,0.021167139297924305,44509.56514804125,48263.24013504317,140751.60353145993,152621.76608638893,0.02013449400039928,0.022199720732217043,45908.70335672373,50617.63129866841,145176.06703226455,160067.00466641888,0.014459028654288336,0.018390258795045793,32968.062535017176,41931.668889140914,104254.16765351893,132599.57978170775,0.021182648223822736,0.023605147853403022,48298.60207055733,53822.14872010159,152733.5903450857,170200.5785198374,0.02278150359254692,0.025567040577671757,51944.15565792874,58295.46456774007,164261.843013377,184346.44529170173
2024-12-16,2272998.609108209,-3166.1791253141128,2276164.7882335237,0.008906153532030574,-0.20740401987919957,0.011917210080430136,0.016653804410752635,27125.533959056673,37906.80318988329,85778.47005886366,119871.8368957674,0.01965057892126299,0.021666169721959654,44727.95580898272,49315.77261701588,141442.21543974456,155950.16604073282,0.0222339699364435,0.022673965122307987,50608.17947197545,51609.68102103246,160037.11536601992,163204.14134122696,0.011410924539412445,0.01562630441657341,25973.144637800448,35568.04388322239,82134.2950524385,112476.03058780274,0.019051697363275298,0.0206584054857788,43364.8026943687,47021.935147779965,137131.5467980117,148696.4150557109,0.01965057892126299,0.021666169721959654,44727.95580898272,49315.77261701588,141442.21543974456,155950.16604073282,0.014111518456349661,0.017948264894431017,32120.141418850588,40853.20856259177,101572.8056502803,129189.18878368351,0.02067354166811073,0.023037818622716776,47056.38759303219,52437.87154673846,148805.3632536702,165823.10973903016,0.0222339699364435,0.02495255895900384,50608.17947197545,56796.136078805495,160037.11536601992,179605.15230588993
2024-12-17,2252021.7980405428,-20976.811067666396,2272998.609108209,0.00869745528340451,-1.1183422942555632,0.01163795362439107,0.016263555152081628,26453.052401106743,36967.03823983619,83651.89665128336,116900.0391884242,0.019190106126738774,0.0211584655083341,43619.08453471616,48093.16267130742,137935.65658112898,152083.9339223193,0.021712960437892625,0.022142645199131762,49353.52887495151,50330.20173960306,156069.56181173422,159158.07259291445,0.011143531892517822,0.015260132605981113,25329.232492245977,34686.2601882019,80098.0660594405,109687.58570793872,0.018605258184030332,0.02017431625143274,42289.72597440007,45856.19277921576,133731.8557034878,145010.01400608855,0.019190106126738774,0.0211584655083341,43619.08453471616,48093.16267130742,137935.65658112898,152083.9339223193,0.013780842685187304,0.01752768249195244,31323.83625576978,39840.39792509821,99054.66762239311,125986.40033075672,0.02018909774700431,0.022497972506047625,45889.79109809047,51137.86021400098,145116.26121928525,161712.1129435487,0.021712960437892625,0.024367844656162107,49353.52887495151,55388.07701042137,156069.56181173422,175152.4785697413
2024-12-18,2184959.8656850182,-67061.9323555245,2252021.7980405428,0.009531329216028492,-3.2195003936110433,0.012753749663605402,0.017822833613563384,28721.722249191604,40137.40980059443,90826.06063017971,126925.63434944315,0.021029969482392778,0.02318704654345465,47359.94968647593,52217.73424804049,149765.31088024128,165126.97447718773,0.023794704019121725,0.024265585073985588,53586.192128985036,54646.62652882278,169454.41826298003,172807.806275661,0.012211924940800013,0.016723207307013883,27501.521162716595,37661.02738854615,86967.44599350661,119094.62556978897,0.02038904887956915,0.02210854136468875,45916.58251810383,49788.917076160076,145200.9831282777,157446.38019391696,0.021029969482392778,0.02318704654345465,47359.94968647593,52217.73424804049,149765.31088024128,165126.97447718773,0.015102089545369075,0.019208159948069667,34010.23485213135,43257.19490330219,107549.80588997499,136791.261084262,0.022124740045338098,0.02465497960736389,49825.396858081906,55523.55150602854,157561.73939333617,175580.88654072242,0.023794704019121725,0.026704126912395827,53586.192128985036,60138.275904356495,169454.41826298003,190173.9264133889
2024-12-19,2174710.852523278,-10249.013161740266,2184959.8656850182,0.01656628764906179,-0.31129090809398596,0.0221671375253838,0.03226205988114406,48434.30583008391,70491.30602462655,153162.72331223745,222913.08227776925,0.04135728631030416,0.04536972184851403,90364.01074165902,99131.02135629585,285756.0924515638,313479.81426468893,0.042994151605073354,0.04737593961761896,93940.49571626239,103514.52666361426,297065.93098867993,327341.67517125147,0.02129225285804935,0.030287696849812026,46522.71794485496,66177.40204087383,147117.75164732942,209271.32008183663,0.03579160619344722,0.04169054130013264,78203.2230610855,91092.15951947351,247300.3052392353,288058.70106492547,0.04135728631030416,0.04536972184851403,90364.01074165902,99131.02135629585,285756.0924515638,313479.81426468893,0.02652635200454081,0.034056758376756084,57959.014512955,74412.65020854409,183282.49679969248,235313.46138840288,0.039153049709746895,0.04451539405064654,85547.84223496742,97264.34940581633,270526.0303752465,307576.8792568246,0.0427775304301007,0.04901422926563812,93467.1871428896,107094.12379290337,295569.197860737,338661.3552056052
2024-12-20,2207149.8090406507,32438.956517372742,2174710.852523278,0.015751479993678742,0.9110953950093799,0.02107685382777853,0.03067526059777709,45836.06275631676,66709.82212596554,144946.35728437637,210954.9802227471,0.03932314117137119,0.043138226327737984,85516.46186068584,93813.16895353718,270426.7969186881,296663.28841137246,0.04087949776067406,0.04504576890592139,88901.08742583892,97961.52249996288,281129.92273140646,309781.5341577147,0.020245000088049747,0.028798005992093187,44027.021400816506,62627.33616203544,139225.6662195572,198045.02606105997,0.03403120728316223,0.03964000511918355,74008.03580316211,86205.54932676676,234033.95829328115,272605.8828185778,0.03932314117137119,0.043138226327737984,85516.46186068584,93813.16895353718,270426.7969186881,296663.28841137246,0.025221661711787784,0.032381687411506765,54849.82144329573,70420.80703682017,173450.36501435863,222690.14490356465,0.0372273192557727,0.04232591837430732,80958.6551958777,92046.63403162055,256013.74672319874,291077.01449188817,0.04067353103016264,0.04660347979210695,88453.169341737,101349.09326924427,279713.4813804655,320493.97352365265
2024-12-23,2216517.12377274,9367.314732089171,2207149.8090406507,0.014836112283295335,0.25477752474399906,0.019852012007317094,0.02889262537428888,43816.36451102263,63770.352577544756,138559.51064300147,201659.5613370308,0.03703795059159286,0.0406313292311179,81748.30557549123,89679.43055352969,258510.84047799412,283591.25981604855,0.03850386243740102,0.04242801855088042,84983.79262603715,93644.99304254891,268742.34889769956,296131.46948507574,0.019068499887132315,0.027124463898323653,42087.03588457576,59867.755313515074,133090.89336049886,189318.4651923555,0.03205354751373913,0.037336400585508286,70746.98127402474,82407.02942256986,223721.59840719914,260593.90818383102,0.03703795059159286,0.0406313292311179,81748.30557549123,89679.43055352969,258510.84047799412,283591.25981604855,0.023755952156720633,0.030499886394959905,52432.94526628478,67317.8184323973,165807.53147240376,212877.63336004113,0.03506392343490101,0.039866227030528,77391.33191355776,87990.7353776011,244732.8800009199,278251.1367863755,0.03830986507704397,0.04389520599114856,84555.61138917069,96883.29552116357,267388.3209378535,306371.88107006677
2024-12-24,2235373.912796665,18856.78902392555,2216517.12377274,0.014001158506476737,0.5725400013060534,0.018734771042403345,0.02726659247444154,41525.94082544868,60436.8691265326,131316.55498979043,191118.16108935408,0.034953511208716856,0.038344659977685526,77475.05613010332,84991.59544578321,244997.63922051698,268767.02358026884,0.036336923771102994,0.04004023436216986,80541.41376387452,88749.86510362316,254694.3134638784,280651.71576014475,0.01799535378962315,0.025597940430205593,39887.00982304838,56738.273296865234,126133.8000943426,179422.17412320504,0.030249622735738838,0.035235164892058954,67048.80678143034,78099.34634220474,212026.9438258633,246971.81821170708,0.034953511208716856,0.038344659977685526,77475.05613010332,84991.59544578321,244997.63922051698,268767.02358026884,0.022419003393026715,0.02878339929566212,49692.10491856287,63798.897419223315,157140.2332707146,201749.82805218396,0.033090579290356296,0.03762261656229733,73345.83563263433,83391.17385146793,231939.89748746145,263706.04612571455,0.03615384428637468,0.04142485073050482,80135.61495096271,91818.89099389363,253411.06494328458,290356.8277714254
2024-12-26,2240282.4574055537,4908.544608888216,2235373.912796665,0.01324109610507526,0.13127714709378274,0.017717741268645063,0.025786406978036178,39605.77662561006,57642.26146345996,125244.46263678567,182280.8357074841,0.03305603610660861,0.03626309406083079,73892.60077317752,81061.57446087283,233668.92067676,256339.2060156938,0.034364349178205474,0.037866623037941874,76817.16968319603,84646.06130472047,242917.21960653452,267674.3486851606,0.017018463783765203,0.024208338843643026,38042.629978103556,54114.689123221804,120301.35891380877,171125.6725013211,0.028607501415036787,0.03332240002840521,63948.462373466915,74488.02373527185,202222.79396573262,235551.8134081422,0.03305603610660861,0.03626309406083079,73892.60077317752,81061.57446087283,233668.92067676,256339.2060156938,0.021201972563181504,0.027220872910503457,47394.336367566575,60848.829187692856,149874.05111366155,192420.89318764277,0.03129423471304437,0.035580247262776955,69954.31589847521,79535.15654206656,221214.97039810984,251512.24873097203,0.03419120828768318,0.03917607456606382,76430.1350532841,87573.17509075599,241693.3086426525,276930.6952195117
2024-12-27,2220807.894117424,-19474.56328813033,2240282.4574055537,0.012550719460925487,-0.7319180258518686,0.0167939571149848,0.024441931190464984,37623.207515121634,54756.82967111235,118975.02862894823,173156.29921060364,0.0313325296011746,0.03437237497039174,70193.7164116517,77003.82866553435,221972.0212927607,243507.48713645278,0.032572628623066015,0.035892297655000314,72971.8884958408,80408.8847924757,230757.37281069535,254275.22005829884,0.01613113921317192,0.022946141847360452,36138.30819723588,51405.83904578108,114279.36468839884,162559.53641668492,0.02711593676905156,0.03158500559186692,60747.35745982444,70759.33394451579,192100.01140946578,223760.66098113637,0.0313325296011746,0.03437237497039174,70193.7164116517,77003.82866553435,221972.0212927607,243507.48713645278,0.020096524301846524,0.025801605597461474,45021.89084825116,57802.88439288988,142371.71964796385,182788.77000893114,0.029662586655286833,0.03372513107689866,66452.57252511117,75553.81952527893,210141.4855568781,238922.15562518308,0.032408515114115084,0.037133475775506464,72604.22788071477,83189.47436236122,229594.72786095852,263068.216337245
2024-12-30,2198780.294418211,-22027.59969921224,2220807.894117424,0.012617306389129916,-0.8261224247390428,0.016883056231586462,0.024571606076627815,37494.02455593558,54568.81674611871,118566.51624303973,172561.75013807337,0.03149876205545835,0.03455473510293194,69952.69942768828,76739.4284957277,221209.858668652,242671.38038612844,0.03274544033241113,0.03608272162666873,72721.3323865697,80132.79302974741,229965.04482372865,253402.14124486668,0.016216721797659383,0.02306788093208111,36014.22378494806,51229.33207452652,113886.97532344595,162001.37236462266,0.02725979839710069,0.03175257753913495,60538.77547233071,70516.3748574865,191440.41725010084,222992.35688788877,0.03149876205545835,0.03455473510293194,69952.69942768828,76739.4284957277,221209.858668652,242671.38038612844,0.020203144948177737,0.025938494137184315,44867.30378691167,57604.412541377445,141882.8724373389,182161.14690672111,0.029819959348870058,0.03390405730409177,66224.4011242313,75294.3981035365,209419.94423318637,238101.79305863788,0.03258045613118859,0.03733048472731537,72354.93417009004,82903.8351736519,228806.39192902946,262164.9459119209
2024-12-31,2196418.847386596,-2361.447031615768,2198780.294418211,0.012865549266872998,-0.11890253026853309,0.017215226849844417,0.025055047313220637,37852.5015613772,55090.544308025484,119700.12006903182,174211.59755178526,0.032118493644502435,0.03523459232578513,70621.5109119285,77473.12728779548,223324.82628412894,244991.53968557692,0.03338970005714012,0.03679264166642648,73416.61452217432,80898.93547572895,232163.71998866528,255824.89638630088,0.01653578242458354,0.02352173668935653,36358.55254796128,51719.13112305099,114975.83847847606,163550.2529537433,0.027796129258228268,0.032377302895005365,61117.581274093805,71190.57559194749,193270.76190659212,225124.36680894386,0.032118493644502435,0.03523459232578513,70621.5109119285,77473.12728779548,223324.82628412894,244991.53968557692,0.020600637621076372,0.026448828611940686,45296.27605367318,58155.16316237975,143239.40185335063,183902.77329184057,0.030406660843994463,0.03457111257664859,66857.56668283284,76014.2810896485,211422.18953434002,240378.26294355516,0.033221469826089145,0.038064954246438465,73046.71320521401,83696.47130499971,230993.98931757483,264671.4814427244
2025-01-02,2189099.249168656,-7319.598217939492,2196418.847386596,0.012229490749945915,-0.31017389170277493,0.015655912534319274,0.023566349884615083,34386.941363414895,51761.57505067549,108741.05647504692,163684.47243788006,0.03053059086556267,0.033492633076756005,67057.9651989709,73563.8505383906,212055.9052850543,232629.32115351822,0.03173895024005543,0.034973654182352674,69712.02850352306,76816.79320810045,220448.7903817123,242916.02908775018,0.015718271642335694,0.022358848059898292,34523.90808356838,49109.39528461383,109174.18327437481,155297.54361291268,0.026421919390809265,0.030776604873155467,58033.601734102835,67598.31500196882,183518.3623028623,213764.641395751,0.03053059086556267,0.033492633076756005,67057.9651989709,73563.8505383906,212055.9052850543,232629.32115351822,0.019377241118621533,0.025039504653631372,42560.537603294855,54997.239950460316,134588.23726765558,173916.54326626056,0.02890338918415676,0.03286195503211674,63483.94875743179,72178.61739451198,200753.87293490072,228248.82932850605,0.03157903712544037,0.036183065036529,69360.79232463826,79473.16600244727,219338.08405978195,251316.21743239215
2025-01-03,2216419.830131033,27320.58096237713,2189099.249168656,0.011758383205878955,1.0161140780589448,0.015052811501334487,0.022658520977936133,32952.09835544863,49601.751260072226,104203.6844851064,156854.50991495518,0.02935448370168489,0.03220242137164506,64259.87823109194,70494.29644608087,203207.5773753224,222922.53882072875,0.030516294349913632,0.03362639020662514,66803.19704880562,73611.50555357533,211250.25765526426,232780.01954343187,0.015112768395977636,0.021497534844733414,33083.34994849443,47060.237387582936,104618.73846565666,148817.53737297427,0.025404087511440587,0.029591020695288073,55612.06889710941,64777.68118618928,175860.80310907387,204845.0140925959,0.02935448370168489,0.03220242137164506,64259.87823109194,70494.29644608087,203207.5773753224,222922.53882072875,0.018630786122183725,0.024074926505348492,40784.6399114942,52702.403536648955,128972.3556701298,166659.633341124,0.027789965496108276,0.03159603846658126,60834.992601953476,69166.864083897,192377.1380616661,218724.82911641014,0.03036254144885372,0.03478921182917041,66466.61668853788,76157.03749440628,210185.89710113814,240829.69833316663
2025-01-06,2218589.715613228,2169.885482194368,2216419.830131033,0.011209128643122465,0.046688465979795264,0.014349668453973386,0.021600101991708278,31804.889717192335,47874.894387275046,100575.89223679632,151393.7090038004,0.02798328463220311,0.030698190172466253,62022.70697101596,68040.0774473878,196133.02067761341,215161.6169080008,0.02909082508116843,0.03205564294259783,64477.48158477493,71048.76268557372,203895.69959945182,224675.91502319454,0.014406824657622299,0.0204933475432358,31931.571860374792,45421.86188059491,100976.49634812446,143636.53910825896,0.024217418329631007,0.028208772570785502,53675.966220372924,62522.482909545346,169738.30886663788,197713.45096311456,0.02798328463220311,0.030698190172466253,62022.70697101596,68040.0774473878,196133.02067761341,215161.6169080008,0.017760509647418606,0.022950344749543966,39364.74577577212,50867.59921123288,124482.25616493176,160857.47261208043,0.026491847797413842,0.030120132469222495,58717.05679500117,66758.85889095833,185679.63697367013,211110.04808921073,0.02894425424595597,0.033164147141508234,64152.619079091164,73505.67337382227,202868.39415510176,232445.34880567185
2025-01-07,2208003.1930629183,-10586.522550309077,2218589.715613228,0.010714299971491856,-0.48891155162205147,0.013716200179543685,0.02064656223710829,30430.62065562793,45806.250642016894,96230.07188435065,144852.08310132351,0.026747958318867386,0.029343013945291308,59342.745239890464,65100.10896411882,187658.23756516905,205864.6202517602,0.027806606227958528,0.030640541758503274,61691.45060345552,67978.79082623302,195085.4960666885,214967.81159505586,0.01377083321397691,0.019588665630399894,30551.828943954224,43459.21211019151,96613.36614675213,137430.0955845777,0.023148336751222433,0.026963492058450923,51356.661849813805,59820.92617789816,162404.02446848789,189170.37846294916,0.026747958318867386,0.029343013945291308,59342.745239890464,65100.10896411882,187658.23756516905,205864.6202517602,0.016976469274957807,0.021937198325102724,37663.82014084534,48669.64259344063,119103.45702799509,153906.92350161672,0.025322361187705086,0.028790474686391343,56179.93010608607,63874.251046850804,177656.53792429695,201988.11714544302,0.027666505784334668,0.031700110872653064,61380.62520007877,70329.53996586715,194102.57983737736,222401.5330839809
2025-01-08,2209769.524056642,1766.33099372359,2208003.1930629183,0.010535246350567502,0.03269586548292254,0.01348697985586363,0.0203015241349429,29779.29458652215,44825.83011399782,94170.39800653217,141751.7211679983,0.0263009558266775,0.02885264379421119,58072.59444591069,63706.729625925305,183641.6680843217,201458.36789845067,0.02734191198344594,0.03012848777797803,60371.0289638939,66523.7972159326,190909.95621389986,210366.7178055151,0.013540699882198949,0.019261306725055452,29897.90857620196,42529.0267514867,94545.48837628006,134488.59120492978,0.022761489871378587,0.026512887642047,50257.442314873195,58540.54057095816,158927.9870895245,185121.44366172166,0.0263009558266775,0.02885264379421119,58072.59444591069,63706.729625925305,183641.6680843217,201458.36789845067,0.01669276447835139,0.02157059156558539,36857.67726924713,47627.9350530686,116554.20943423608,150612.75501826932,0.02489918277445579,0.0283093383774915,54977.47507065559,62507.10953099984,173854.0412283982,197664.8360715788,0.027204152849267464,0.031170349744949484,60066.856355754244,68824.23176573637,189948.0779703447,217641.3305910391
2025-01-10,2186179.421075935,-23590.10298070684,2209769.524056642,0.010109162943547188,-1.106713528587774,0.012941517686667067,0.019480457186598056,28597.771379036898,43047.32060563457,90434.09356253105,136127.58028130417,0.02523725019572964,0.027685738687268074,55768.50635351588,61179.10160212093,176355.5017826816,193465.30626555852,0.026236106326444984,0.028909982933037287,57975.74819008778,63884.39922642345,183335.41333306197,202020.20850699698,0.012993065081145045,0.018482309925172094,28711.67924039886,40841.64520681489,90794.30184783354,129152.62224203369,0.021840933025288986,0.02544061072316302,48263.428176245834,56217.88624943425,152622.36072488333,177776.56578847306,0.02523725019572964,0.027685738687268074,55768.50635351588,61179.10160212093,176355.5017826816,193465.30626555852,0.016017648802376664,0.02069819894752258,35395.31217053432,45738.24923709666,111929.80495156664,144637.0437776842,0.023892169907785595,0.027164406503570698,52796.18892580779,60027.07763067657,166956.20878211118,189822.28659668157,0.026103918669124836,0.029909708239719994,57683.64393348528,66093.56174155907,182411.69856796777,209006.19377629174
2025-01-13,2205061.812603412,18882.39152747672,2186179.421075935,0.01094669263849696,0.7440502059616582,0.014013703922147618,0.0210943852097276,30636.47112765024,46116.11084575505,96881.02823336191,145831.94710137992,0.02732812028812364,0.029979462550133267,59744.17419058365,65540.48408201803,188927.66736809097,207257.20864918688,0.028409730221021067,0.03130513368113808,62108.76756751533,68438.6390277352,196405.16817934412,216421.97928973482,0.01406952194455134,0.02001354287492658,30758.49933955441,43753.195575985395,97266.91532177677,138359.75293091658,0.02365042309644913,0.02754832894447306,51704.068273196084,60225.589823437535,163502.62004014867,190450.03726912063,0.02732812028812364,0.029979462550133267,59744.17419058365,65540.48408201803,188927.66736809097,207257.20864918688,0.017344688102285292,0.022413015134316126,37918.60019419672,48998.87245090539,119909.14229896467,154948.039724938,0.025871602021631256,0.029414938740460743,56559.96392995681,64306.33374660456,178858.31039563176,203354.48261421957,0.028266591005304865,0.03238768479998895,61795.83955976762,70805.2900060297,195415.60293120253,223905.98680781113
2025-01-14,2223374.3358344347,18312.52323102299,2205061.812603412,0.010478360007738123,0.7458498053390431,0.013414155269301186,0.02019190358849625,29579.041532668885,44524.395526762884,93537.14224795149,140798.5013067832,0.026158940619808023,0.028696850438100153,57682.081018898905,63278.32904304615,182406.7561980865,200103.6463056088,0.027194276007319267,0.029965805347246216,59965.05954513691,66076.45305511977,189626.16819025308,208952.09135936992,0.013467585227826677,0.01915730295891245,29696.85789386243,42243.0371871722,93909.71029495615,133584.21279465675,0.022638586441022547,0.026369728083588163,49919.482452420205,58146.88040585602,157859.26416645583,183876.58091592096,0.026158940619808023,0.028696850438100153,57682.081018898905,63278.32904304615,182406.7561980865,200103.6463056088,0.01660262986817833,0.02145411853533999,36609.825111108854,47307.65750534526,115770.43209153089,149599.94848405028,0.024764736611514116,0.028156478664996203,54607.7750012314,62086.77588156583,172684.94695789536,196335.62436215658,0.027057260720325185,0.03100204165392821,59662.93236804336,68361.41816381743,188670.75816760043,216177.78547686877
2025-01-15,2247851.961644204,24477.625809769143,2223374.3358344347,0.01005819050569817,1.0433163612059049,0.01287626394512196,0.01938223279366272,28628.75479701442,43093.958964598256,90532.07173303702,136275.06372196192,0.025109998891713118,0.027546141610594016,55828.927108666045,61245.38430825576,176546.56898690347,193674.9105864242,0.02610381858842029,0.028764212970034467,58038.56031677153,63953.612908050614,183534.04271806165,202239.08138618458,0.012927551427243595,0.018389118391983043,28742.78606851323,40885.893891356085,90892.67027545831,129292.54886865016,0.02173080663723757,0.025312334034364052,48315.71777421461,56278.79387207353,152787.71495239917,177969.17260287923,0.025109998891713118,0.027546141610594016,55828.927108666045,61245.38430825576,176546.56898690347,193674.9105864242,0.015815067544839127,0.020504865012147034,35162.81529868342,45589.99062775715,111194.58528765349,144168.20888944223,0.02377170076978638,0.027027438088881875,52853.38941067871,60092.11221017404,167137.09259756928,190027.94399456488,0.025972297447921046,0.02975889746014853,57746.13958836584,66165.16887562278,182609.32718125416,209232.6354166501
2025-01-16,2268112.261689884,20260.30004568025,2247851.961644204,0.009682292556978767,0.8797108121685291,0.012395048044369344,0.01865787372086406,27862.233061209783,41940.13804355412,88108.11717186854,132626.36159950917,0.024171579891755397,0.026516678297019824,54334.133275721964,59605.5673262443,171819.61584242695,188489.35397744464,0.025128258237324164,0.027689227499652035,56484.604571471245,62241.28435150546,178620.00317980823,196824.22304495348,0.012405345286138304,0.017607589477296272,27885.379736319665,39579.25454636627,88181.31338547569,125160.59245809182,0.02091867590315295,0.02436635330001353,47022.0866639017,54771.95506355114,148696.89419175783,173204.12990121412,0.024171579891755397,0.026516678297019824,54334.133275721964,59605.5673262443,171819.61584242695,188489.35397744464,0.015224021725454819,0.019738550564984025,34221.347099677594,44369.33960751265,108217.40143417842,140308.1714372613,0.02288329708008972,0.026017359931086413,51438.26423036676,58483.173557895905,162662.07385352705,184940.03323788432,0.0250016523474258,0.02864673831928878,56200.013273507495,64393.626925721466,177720.04647597915,203630.52788442603
2025-01-17,2277871.830272659,9759.568582775071,2268112.261689884,0.009346955292707303,0.41067145881379047,0.011965756998137091,0.018011675489003436,27139.68016787628,40852.50203018783,85823.20429898998,129186.95453204635,0.02333441953677542,0.02559829762370708,52925.083070776316,58059.812718717054,167363.80785727163,183601.2487139589,0.024257964211025856,0.02673023666717291,55019.78607066212,60627.17754268742,173987.84035849822,191719.96914230252,0.011975697604443527,0.016997766870616642,27162.226578928534,38552.8434605917,85894.50231097749,121914.79561139773,0.02019417687482225,0.023522447147848253,45802.66018451865,53351.550800986864,144840.72907778705,168712.41723329917,0.02333441953677542,0.02559829762370708,52925.083070776316,58059.812718717054,167363.80785727163,183601.2487139589,0.014696751787412752,0.01905492408827993,33333.882936043585,43218.70697019764,105410.99333531858,136669.55155321944,0.022090755210982752,0.025116272688420104,50104.31276401968,56966.52605255239,158443.74893174885,180143.9727133864,0.024135743199244875,0.02765458498352051,54742.57509520553,62723.70329306781,173111.22228365837,198349.76568669817
2025-01-21,2318045.918084005,40174.0878113457,2277871.830272659,0.00904864713306233,1.881802411059053,0.011583869759235005,0.017436832708762555,26386.57061010875,39718.87003646713,83441.66276880243,125602.09540345124,0.022589701333851075,0.02478132773190389,51456.44432265208,56448.68835725852,162719.56435322072,178506.42613796552,0.02348377107177219,0.025877140930930298,53493.020592961846,58944.81037456174,169159.78399605033,186399.85703033794,0.011593493111004518,0.016455282992769906,26408.491372017328,37483.02558839535,83510.9823044798,118531.73445370235,0.019549679543827907,0.02277172804207746,44531.664323743236,51871.077833678224,140821.48726109046,164030.75064229587,0.022589701333851075,0.02478132773190389,51456.44432265208,56448.68835725852,162719.56435322072,178506.42613796552,0.014227704826004616,0.018446786019899047,32408.888032590283,42019.41423379554,102485.9026163586,132877.05492489287,0.021385728565857208,0.024314686626628453,48713.94867002345,55385.739728704306,154047.03161780428,175145.0874359819,0.023365450744647614,0.02677198866270404,53223.50205285613,60983.158815152536,168307.49153767282,192845.68076765724
2025-01-22,2311915.357125875,-6130.56095812982,2318045.918084005,0.008784017414121003,-0.35330109432168033,0.011245096884841585,0.01692688861755285,26066.650932366196,39237.30506578099,82429.98791882888,124079.25325473081,0.021929060441678007,0.02405659223318771,50832.56904424913,55764.28542915215,160746.69749759574,176342.1540478609,0.022796982909186126,0.025120358128942564,52844.45317726972,58230.14362160366,167108.833746294,184139.8823229935,0.01125443879952591,0.01597404454359159,26088.305919567283,37028.56874956456,82498.46700108612,117094.615744757,0.01897794477209907,0.022105763737914806,43991.74741258792,51242.17539880283,139114.1200745969,162041.9865220639,0.021929060441678007,0.02405659223318771,50832.56904424913,55764.28542915215,160746.69749759574,176342.1540478609,0.013811612400924983,0.017907305617134727,32015.95174812258,41509.95668968192,101243.32898211681,131266.00871433812,0.020760298127857242,0.023603598151905984,48123.32433348649,54714.22434812083,152179.3134728217,173021.56934950332,0.022682122886618854,0.02598903583769824,52578.20237080662,60243.77843851533,166266.8747690139,190507.5547202505
2025-01-23,2315010.6251804447,3095.2680545696057,2311915.357125875,0.008662547270849051,0.10190403830331742,0.011089593603676316,0.016692814447547548,25638.20175662415,38592.374074937856,81075.11266186225,122039.80239003731,0.021625813534472682,0.023723924665782548,49997.05042068799,54847.705766120016,158104.55561965372,173443.67465568974,0.022481733900720426,0.02477298023143748,51975.865859892954,57273.03343883603,164362.11947664784,181113.23417370775,0.0110988063333122,0.015753146816747002,25659.5008077504,36419.942048695986,81142.46617542158,115169.96912521833,0.018715507488360515,0.021800073281966505,43268.66917874499,50399.92420704784,136827.5459291614,159378.55439412693,0.021625813534472682,0.023723924665782548,49997.05042068799,54847.705766120016,158104.55561965372,173443.67465568974,0.01362061795521043,0.017659673710641557,31489.715824195428,40827.670853464304,99579.2248759039,129108.43145661785,0.020473213498003785,0.023277194831639737,47332.33669575171,53814.90420207896,149677.99093654365,170177.66934233575,0.02236846222466247,0.025629645395048372,51713.99133248718,59253.570786502794,163533.9995088654,187376.2431833635
2025-01-24,2316192.7872003475,1182.1620199028405,2315010.6251804447,0.008442650101691821,0.006553827167014581,0.010808086309769966,0.016269070423127023,25020.834644984774,37663.07089134797,79122.82643660238,119101.08769304765,0.021076846235563322,0.02312169720171312,48793.12298062355,53526.97469417082,154297.40277147424,169267.15629177456,0.02191103922074438,0.024144122684788015,50724.28860476869,55893.90055094446,160404.28468279354,176752.03305192475,0.01081706517595855,0.015353256082300095,25041.62081561342,35542.95096164101,79188.5580796218,112396.67980245758,0.018240417773135443,0.02124668243141883,42226.760952538774,49186.295578569276,133532.74282148381,155540.72369454836,0.021076846235563322,0.02312169720171312,48793.12298062355,53526.97469417082,154297.40277147424,169267.15629177456,0.013274861073674895,0.017211386141663034,30731.44443335167,39844.541792033386,97181.36019629388,125999.50438859254,0.019953504739021004,0.02268630752224244,46192.57548042198,52519.04296010229,146073.7495073801,166079.7962861549,0.021800642925348956,0.024979041560788156,50468.720007947726,57826.7466200485,159596.105818426,182864.2289967967
2025-01-27,2273044.474863388,-43148.31233695988,2316192.7872003475,0.008248861708311237,-2.33485247986049,0.010560002869586972,0.015895638268398543,24459.00247935232,36817.36270521053,77346.15713045884,116426.72358900371,0.02059305878490243,0.022590973258522055,47697.494223983755,52325.049317224715,150832.72043051413,165466.33452306845,0.021408104118999953,0.023589930495331868,49585.29634806174,54638.82686384519,156802.47491430436,172783.14156934558,0.010568775639344687,0.015000845074676623,24479.321905388908,34744.84916387585,77410.4127974818,109872.8603168446,0.01782173629134121,0.020758996645148114,41278.57705339118,48081.838299008275,130534.32205947801,152048.12311278225,0.02059305878490243,0.022590973258522055,47697.494223983755,52325.049317224715,150832.72043051413,165466.33452306845,0.012970156511856989,0.016816324540380127,30041.382961622778,38949.84960764865,94999.1942201027,123170.23928118544,0.01949550191063044,0.022165577297310793,45155.34090825282,51339.75026016303,142793.72579145525,162350.5453263373,0.021300241805288257,0.024405685058511466,49335.46643503197,56528.27169920755,156012.44336148852,178758.0907623325
2025-01-28,2263752.129021086,-9292.345842301846,2273044.474863388,0.011829638361244508,-0.38476487800514186,0.01582908772226431,0.02368595875847858,35980.22038922078,53839.23768780181,113779.44714476772,170254.61858063116,0.029532370258043537,0.03239756627361051,67128.39104466571,73641.10901725083,212278.6113635935,232873.6339152765,0.03070122141488604,0.033830164281394,69785.24170866424,76897.46800354337,220680.31086475955,243171.14519111795,0.015204350941060926,0.02197497685425944,34560.16590046249,49950.09972382526,109288.84055874553,157956.08447983535,0.026100969559036503,0.030001873631967553,59328.664644745404,68195.59309469342,187613.71081369996,215653.40056528203,0.029532370258043537,0.03239756627361051,67128.39104466571,73641.10901725083,212278.6113635935,232873.6339152765,0.01874368766115167,0.024329740594078837,42605.23567674586,55302.58243223039,134729.58498678228,174882.12097506245,0.02795837115820972,0.03178750872150088,63550.6210873485,72254.42106907934,200964.7093543477,228488.5415951491,0.03054653677970409,0.03500003253900179,69433.63665331765,79556.63058281681,219568.43805303477,251580.1556103101
2025-01-29,2262540.012972149,-1212.1160489362665,2263752.129021086,0.01145690907121622,-0.08647862658394888,0.01533034342862266,0.02293965947847605,34704.097575168955,51929.702983418894,109743.99247826042,164216.13964364483,0.028601861728281937,0.03137678089479722,64747.52538136495,71029.25455242534,204749.6530646755,224614.22488954783,0.029733884619666556,0.03276424047805486,67310.14461183749,74170.11913795552,212853.36660871672,234546.51080198394,0.014725290909084903,0.021282587343172607,33334.40864589579,48178.502409184206,105412.65577583994,152353.80186893168,0.025278577905487577,0.029056571948443792,57224.43455217288,65776.876610344,180959.55100010385,208004.74746054283,0.028601861728281937,0.03137678089479722,64747.52538136495,71029.25455242534,204749.6530646755,224614.22488954783,0.018153109895280045,0.023563156979155092,41094.14117379394,53341.1467780204,129951.08459769416,168679.51682389644,0.027077456331067822,0.03078594508990677,61296.64941793026,69691.7487412027,193837.02509749396,220384.66014237306,0.029584073801628377,0.03389724842330404,66971.01005355317,76734.96828621117,211780.92897126314,242657.27596521465
2025-01-30,2295155.545161771,32615.53218962159,2262540.012972149,0.01094639335196911,1.2659280480347868,0.01464722887712193,0.021917476559405825,33139.94141364949,49589.16769903483,104797.69639167268,156814.71720100124,0.02732737312745112,0.02997864290080632,61829.275150278016,67827.87909767775,195521.3355521281,214490.58680718814,0.028408953488742582,0.031304277787483924,64276.39399494482,70827.18107137764,203259.80480639497,223975.2124347182,0.014069137278743106,0.020334242958364997,31831.98604115437,46007.03832679797,100661.57833673416,145487.02951134366,0.02415217362831772,0.027761821624869787,54645.25923431957,62812.23225926338,172803.48251079864,198629.7188587762,0.02732737312745112,0.02997864290080632,61829.275150278016,67827.87909767775,195521.3355521281,214490.58680718814,0.01734421389225216,0.02251319123724588,39241.97792476793,50936.995993962766,124094.03013231434,161076.9245077947,0.025870894682693855,0.02941413452541851,58533.93439098325,66550.65631070493,185100.55308636796,210451.65372088598,0.0282658181865042,0.03238679930899647,63952.54464636162,73276.42932870326,202235.70324611024,231720.4154830654
2025-01-31,2284044.4249054994,-11111.12025627168,2295155.545161771,0.010478091131688022,-0.5065868887169633,0.013413811060371391,0.020521537108170288,30786.782836963695,47100.11968906009,97356.35559378559,148943.65628397156,0.026158269378065667,0.028696114073269163,60037.29701490277,65862.04533985847,189854.60312712076,208274.07463123134,0.02719357819873922,0.029965036420870908,62413.49179562656,68774.4195023363,197368.79079841232,217483.8103832866,0.013467239647877351,0.019464315227929074,30909.409755848163,44673.63102815812,97744.13595990921,141270.42539894936,0.02311890941323989,0.026574131553085974,53061.493137890204,60991.76539192366,167795.17436512795,192872.89715311112,0.026158269378065667,0.028696114073269163,60037.29701490277,65862.04533985847,189854.60312712076,208274.07463123134,0.016602203842584918,0.02155004501154238,38104.640211214835,49460.70530672726,120497.45248867839,156408.48344763523,0.024764101145223875,0.028155756166173617,56837.46406440754,64621.839893016106,179735.84287149904,204352.2006526626,0.027056566427574823,0.03100124613759752,62099.02846928617,71152.68197963189,196374.37044658384,225004.53668525515
2025-02-03,2267838.2585219834,-16206.166383516043,2284044.4249054994,0.010336085040617676,-0.7329527679269355,0.013232018131573622,0.02024341552754448,30222.517243669216,46236.86037673339,95571.99111370879,146213.79064566852,0.02580375503601052,0.028307205164457522,58936.92283162703,64654.914140535366,186374.9144295219,204456.79060671965,0.02682503265989195,0.029558930228681023,61269.56629473415,67513.90979498954,193751.38074204331,213497.72869531854,0.013284722619167893,0.019200521824518015,30342.89663472641,43854.84482856674,95952.66417279364,138681.19609152738,0.022805586507920327,0.02621398116901168,52088.9727201155,59873.89754365887,164719.7947739414,189337.88862952287,0.02580375503601052,0.028307205164457522,58936.92283162703,64654.914140535366,186374.9144295219,204456.79060671965,0.016377199684746605,0.02125798440469918,37406.25163550959,48554.18076428122,118288.95389760888,153541.80113866375,0.024428481502456235,0.02777417054871354,55795.73698459228,63437.43939816368,176441.6125990068,200606.7974270984,0.026689877763783246,0.030581096539070343,60960.86650777838,69848.58305756048,192775.18630205435,220880.61379733906
2025-02-04,2275998.724844351,8160.466322367545,2267838.2585219834,0.010496430457719717,0.29883477890475446,0.013437288643384556,0.020557455020599975,30473.597276270455,46620.982993561454,96365.97589171804,147428.49301562933,0.02620405300644989,0.028746339575721692,59426.55393636506,65192.04868228625,187923.2639337585,206155.35916860326,0.02724117388103357,0.03001748286035759,61778.57633445771,68074.79605524684,195361.01181946255,215271.40678602562,0.013490810744515603,0.01949838273301778,30594.976744891927,44219.17834124215,96749.81147374283,139833.31981951153,0.023159373388204226,0.026620643046108526,52521.71301316544,60371.31276642211,166088.23973530793,190910.85367629473,0.02620405300644989,0.028746339575721692,59426.55393636506,65192.04868228625,187923.2639337585,206155.35916860326,0.016631261924375508,0.021587763074546157,37717.012079598724,48957.555016363935,119271.66470761596,154817.38252471204,0.024807444624401175,0.02820503590477398,56259.2720153825,63964.45950783264,177907.43907158016,202273.38134636404,0.02710392230440175,0.03105550620779169,61467.3119579296,70428.86511579696,194376.7074351615,222715.6267866968
2025-02-05,2286282.198937837,10283.474093486557,2275998.724844351,0.010074380364819408,0.402293681591124,0.01289698983007724,0.019730862033947347,29353.53240758636,44907.41682934398,92824.0197795389,142009.72101530398,0.025150416434447164,0.027590480416043815,57242.31573410615,62795.89824475876,181016.0962622688,198578.0661696074,0.026145835802673035,0.02881051240684214,59507.8889468736,65572.68950008506,188180.4678204792,207359.05112327667,0.012948359865527904,0.018714373895249162,29470.45054276728,42593.891121847504,93193.74738649007,134693.71035426264,0.022228160083893153,0.025550255840102416,50591.264006576916,58152.34971152003,159983.6239676788,183893.8763790389,0.025150416434447164,0.027590480416043815,57242.31573410615,62795.89824475876,181016.0962622688,198578.0661696074,0.015962536906998795,0.020719742517669965,36330.71364561014,47158.10754932012,114887.80413948746,149127.02999903282,0.023809964161826628,0.027070941979051688,54191.4480709071,61613.42942465705,171368.40560680436,194838.77143595408,0.026014102963187284,0.02980679796046319,59208.06517218391,67840.23414970742,187232.34179579065,214529.6569122118
2025-02-06,2312527.9891681564,26245.790230318904,2286282.198937837,0.009696756461722383,1.1301821027549839,0.012413564402261988,0.018991278569464802,28380.911318259994,43419.42212843701,89748.32183695349,137304.26861417695,0.02420768863635278,0.026556290269778154,55345.607606723126,60715.173713619886,175018.17852318566,191998.2374678226,0.025165796117054485,0.02773059108649084,57536.111684520605,63399.956767068266,181945.1606329124,200488.26694014107,0.012463008904569505,0.018012892051361314,28493.95540372101,41182.55444841623,90105.79862302104,130230.67192089457,0.021394968933114555,0.02459254062724823,48914.936618607855,56225.48786273317,154682.61131757582,177800.60420038947,0.02420768863635278,0.026556290269778154,55345.607606723126,60715.173713619886,175018.17852318566,191998.2374678226,0.015364203781598756,0.019943092266503065,35126.905606722634,45595.5368406808,111081.02887098238,144185.74755466921,0.022917481321811244,0.02605622599648457,52395.82959054742,59571.88566726398,165690.16140017746,188382.84321969378,0.02503900109679049,0.02868953228485295,57246.22248677708,65592.36695871167,181028.45049896388,207421.27671110048
2025-02-07,2292211.2366369306,-20316.752531225797,2312527.9891681564,0.009359840586190998,-0.9914191669968206,0.011982252454234529,0.01833142253699153,27709.294173696184,42391.92769806085,87624.48194451327,134055.045931051,0.02336658732131993,0.025633586289078334,54035.887191894115,59278.38575625075,170876.47891430542,187454.7150078352,0.024291405152849974,0.026767085772957538,56174.554312189146,61899.63503842906,177639.53817135104,195743.8330546001,0.012029978996742716,0.017387030267548013,27819.66313907259,40207.994142218675,87973.49925809898,127148.84163611918,0.0206515961652698,0.02373806754754599,47757.39415318418,54894.9456124644,151022.1406384703,173593.06016645438,0.02336658732131993,0.025633586289078334,54035.887191894115,59278.38575625075,170876.47891430542,187454.7150078352,0.0148303712377627,0.019250165263716548,34295.64857708064,44516.545968457125,108452.36333628758,140773.6788239107,0.022121208535649025,0.025150896855827786,51155.9138929139,58162.15293178314,161769.20368905886,183924.87688347464,0.02416901565266209,0.0276927083544497,55891.52516742436,64040.16316553577,176744.5214296848,202512.7773319117
2025-02-10,2292484.791811265,273.5551743344404,2292211.2366369306,0.009971002710648295,-0.03368314582649977,0.012764648136968457,0.01952839496818455,29259.26989127576,44763.20637955672,92525.93553001863,141553.6875315789,0.024892336933945165,0.027307362344303653,57058.49442614159,62594.24280852903,180434.80224662955,197940.3756885666,0.025877541865602507,0.028514875049482892,59316.79224087667,65362.11699972274,187576.16697617335,206693.16240953509,0.012815491041859497,0.01852233746198842,29375.812569170263,42457.11005915102,92894.4758367806,134261.17065536344,0.022000067142908187,0.025288073411350243,50428.80111174108,57965.60602639663,159469.87118473314,183303.34099539564,0.024892336933945165,0.027307362344303653,57058.49442614159,62594.24280852903,180434.80224662955,197940.3756885666,0.015798738285117506,0.020507128113712574,36214.045421832416,47006.66949340506,114518.86682178362,148648.1408179133,0.023565639632494445,0.026793155120043523,54017.423964140355,61415.57123112007,170818.0930616451,194213.0888906508,0.02574716079480428,0.029500937278225565,59017.93128534821,67622.37992046995,186631.08565300916,213840.74134992092
2025-02-11,2294289.3278227714,1804.5360115063377,2292484.791811265,0.009605610723351466,0.03452715920334876,0.012296881726181028,0.01881276793916748,28190.41434397186,43127.984392416,89145.91751083246,136382.66157222766,0.0239801457807883,0.026306671472545683,54974.11950787425,60307.64427398624,173843.43000717746,190709.51622500818,0.024929247423907924,0.027469934318424375,57149.92059060907,62974.40665704223,180723.91716407996,199142.55933392353,0.012345861469402454,0.017843577873708414,28302.699660413804,40906.13090697653,89500.99485858175,129356.54393105516,0.021193864548516534,0.024361380312689897,48586.61215718208,55848.09387437195,153644.35820792228,176607.17962191295,0.0239801457807883,0.026306671472545683,54974.11950787425,60307.64427398624,173843.43000717746,190709.51622500818,0.01521978624325147,0.019755634957741606,34891.1284972723,45289.492693197615,110335.43618498852,143217.95098405788,0.022702065913068767,0.025811307608878988,52044.14084840707,59172.03015011747,164578.0239475743,187118.38905052628,0.02480364422750682,0.028419861842582737,56861.97717305666,65152.1010594982,179813.3601273614,206029.03369348377
2025-02-12,2280199.5445515,-14089.783271271735,2294289.3278227714,0.009278667604414542,-0.7129649290871966,0.011878336671572221,0.01817244373667659,27252.341057874008,41692.84372551687,86179.46931460447,131844.3483020934,0.023163941181212608,0.02541127965751258,53144.78304237049,58300.827724551,168058.5601693835,184363.40508267295,0.024080738553388235,0.026534948895662564,55248.18146912899,60878.85006564125,174710.09002475525,192515.8275393176,0.011925649306842393,0.01723624168540735,27360.889932045535,39544.925350604055,86522.73099443353,125052.03400924143,0.020472495717592156,0.023532199754531646,46969.82843876907,53989.67475701559,148531.63917386087,170730.3423638671,0.023163941181212608,0.02541127965751258,53144.78304237049,58300.827724551,168058.5601693835,184363.40508267295,0.014701755216673938,0.019083218690240628,33730.08009387777,43782.42498152712,106663.87875655982,138452.18442708117,0.02192936291169827,0.02493277633621641,50312.30329426184,57203.00266117344,159101.47273906018,180891.77740998115,0.023959410473058617,0.02745254403862653,54969.81974926352,62984.078809405495,173829.83297657862,199173.1453652676
2025-02-13,2292271.3365549804,12071.792003480718,2280199.5445515,0.009465443487539745,0.5097519806812516,0.011792099250932504,0.018261204896938703,26888.339341282383,41639.191088961255,85028.39481796384,131674.68376810444,0.023630222090846965,0.025922798595545804,53881.621649200046,59109.153551063806,170388.64843491022,186919.5557859915,0.024565474228958332,0.027069086847895225,56014.1831485624,61722.9195019957,177132.40002327898,195185.0094615322,0.012165707877328012,0.017583200365231134,27740.24156102993,40093.2054645578,87722.34617611936,126785.84796511194,0.020884598902063487,0.024005893562567212,47621.052904625925,54738.227567917544,150590.9917539951,173097.47419523858,0.023630222090846965,0.025922798595545804,53881.621649200046,59109.153551063806,170388.64843491022,186919.5557859915,0.01499769569338402,0.019467356281509158,34197.73888937624,44389.456926718965,108142.74571814589,140371.78798636992,0.022370792252507588,0.025434663192982827,51009.87030542403,57996.107428460244,161307.37331492882,183399.79489774525,0.024441703862697412,0.028005152815603146,55731.96201578528,63857.336695233455,176239.93843987046,201934.62926918725
2025-02-14,2283634.654046072,-8636.682508908678,2292271.3365549804,0.009153955162666776,-0.4621002147156141,0.011404045458498583,0.01766026611039401,26141.1665252863,40482.1218007895,82665.62691365433,128015.70940685197,0.022852599964092578,0.025069732479713485,52384.35986344679,57466.62917834863,165653.8909383989,181725.43765587223,0.0237570748732006,0.026178298737523933,54457.66177222828,60007.763835799546,172210.24724732307,189761.21101460888,0.011765359391534266,0.01700457331675935,26969.396097481942,38979.09600435511,85284.71878729943,123262.7245081307,0.020197329601241907,0.023215908858445714,46297.759719880254,53217.162428287964,146406.3712780208,168287.44388452705,0.022852599964092578,0.025069732479713485,52384.35986344679,57466.62917834863,165653.8909383989,181725.43765587223,0.014504152298968702,0.018826725527565612,33247.452575953976,43155.96328802659,105137.6765384469,136471.1386087732,0.02163461537775389,0.02459766061173878,49592.40870781684,56384.51236659625,156824.966170669,178303.48383637506,0.023637377535752995,0.027083560694766223,54183.282996535185,62082.869872459705,171342.58537452444,196323.27247681987
2025-02-18,2300044.495465272,16409.841419200413,2283634.654046072,0.009077977177046396,0.7385962210952769,0.011309391684642043,0.017513685597299523,25826.518767229056,39994.859350060775,81670.62333752784,126474.85024427362,0.022662922990521483,0.02486165326805001,51753.8363031323,56774.93295979678,163660.00036940657,179538.10215632277,0.023559890742295107,0.02596101840681428,53802.182944644344,59285.481288129035,170137.44119414102,187477.15304978093,0.011631071951009481,0.016850953622940104,26561.11897102851,38481.42164706923,83993.63315115799,121688.94000604692,0.02002969141744659,0.02302321641478979,45740.497430730225,52576.61485241633,144644.15319018735,166261.85459507318,0.022662922990521483,0.02486165326805001,51753.8363031323,56774.93295979678,163660.00036940657,179538.10215632277,0.014273822129752076,0.018598179351187044,32596.19486119155,42471.446868534826,103078.21881604138,134306.50762739597,0.021455047697241613,0.024393499604715756,48995.49042563233,55705.84103078806,154937.34482197085,176157.33663255218,0.02344118689481132,0.02685876667420909,53531.10672496177,61335.61034216165,169280.22292043592,193960.2303578104
2025-02-19,2311230.270901638,11185.775436365975,2300044.495465272,0.008810003463117388,0.49901344458674185,0.010975548623252304,0.01699669736494749,25244.250195622906,39093.16021533657,79829.32844131957,123623.42721434211,0.021993933905859225,0.024127759644975027,50587.02661379852,55494.92075933394,159970.22415515833,175490.34817005615,0.022864423977084686,0.025194672514532925,52589.19251047781,57948.86783210164,166301.62864217826,183250.41017750505,0.011287733177745281,0.016353528641854843,25962.288561753758,37613.8435341319,82099.96512567895,118945.41712105415,0.01943843295828714,0.022343591792592855,44709.26072617906,51391.25531147623,141383.09639703954,162513.41859949086,0.021993933905859225,0.024127759644975027,50587.02661379852,55494.92075933394,159970.22415515833,175490.34817005615,0.013852471750314769,0.018049177839522416,31861.301397899668,41513.912137467305,100754.28163446968,131278.5169385058,0.02082171400386209,0.023673425456332817,47890.86868073517,54449.93190964574,151444.22415514634,172185.80327556212,0.022749224160316942,0.02606592006126109,52324.22780604256,59952.77595614138,165463.73667660952,189587.32407118584
2025-02-20,2294002.361311085,-17227.909590553027,2311230.270901638,0.00857286180319623,-0.925841158908184,0.010680116296811142,0.01653919186643376,24684.208081939814,38225.880897951865,78058.31977646604,120880.84920385038,0.02140191620501871,0.0234783050793393,49464.75658833955,54263.769408832675,156421.29472497283,171597.10575807988,0.022248975018663006,0.024516499516499597,51422.504559668276,56663.275819079245,162612.2373989456,179185.01127463343,0.010974780332553124,0.015659292551673264,25365.244521092725,36192.2309663318,80211.9460937599,114449.8834564853,0.018915202487687157,0.021742162239417474,43717.38856977653,50251.14352259621,138246.5212351048,158908.06855942096,0.02140191620501871,0.0234783050793393,49464.75658833955,54263.769408832675,156421.29472497283,171597.10575807988,0.0134796003707934,0.017563342389968355,31154.460416634654,40592.92858990478,98519.05419012383,128366.11124066621,0.02026124931824069,0.023036200348279554,46828.412750603056,53241.96357149856,148084.44350237615,168365.87198564858,0.022136876071932973,0.02536429541643803,51163.41808064964,58622.72736656324,161792.9340142933,185381.34112942443
2025-02-21,2251833.5280953576,-42168.83321572747,2294002.361311085,0.009090201036400125,-2.091092487596112,0.01132462023287841,0.017537268475437635,25978.70555517436,40230.53529360039,82151.88021722007,127220.12301556805,0.022693439522759633,0.024895130478547772,52058.8038514809,57109.48810293615,164624.39243462565,180596.05841156683,0.023591615077486344,0.02599597595644184,54119.22069489587,59634.83022866378,171140.00258919146,188581.89140003745,0.011637066109714189,0.016604270621677582,26695.457134417553,38090.23601397665,84418.4477241512,120451.90241753943,0.02005666219805227,0.02305421809653409,46010.03044235068,52886.43075162995,145496.49141151263,167241.5784919214,0.022693439522759633,0.024895130478547772,52058.8038514809,57109.48810293615,164624.39243462565,180596.05841156683,0.014293042402148818,0.018623222543540416,32788.27302084885,42721.71649010354,103685.62328933191,135097.9296607015,0.021483937777086907,0.024426346427581454,49284.20399089779,56034.096383074444,155850.33727959738,177195.37119991813,0.023472751390524217,0.026894933077785243,53846.54711633061,61697.03998774296,170277.73302317635,195103.17125175474
2025-02-24,2242343.301413239,-9490.226682118606,2251833.5280953576,0.012269815785448121,-0.38130472704231483,0.015707535716483964,0.024404326335852187,35370.75557013392,54954.48027365248,111852.15016271078,173781.32529553512,0.03063126121935991,0.03360307035051482,68976.50102160173,75668.52046223628,218122.84825719256,239284.8718357237,0.031843604989905794,0.035088974916092266,71706.4973716945,79014.53018255356,226755.85472743213,249865.88362498928,0.015720584822246867,0.022776372919008966,35400.13998400249,51288.60018742752,111945.07183824449,162188.7945940098,0.027072179092148967,0.03111823467812319,60962.04055830318,70073.08418333744,192778.89897580084,221590.54869206622,0.03063126121935991,0.03360307035051482,68976.50102160173,75668.52046223628,218122.84825719256,239284.8718357237,0.01944113486137993,0.025282593850487745,43778.19930507882,56932.19250974581,138438.82166484965,180035.40051797472,0.028998694067967262,0.03297031273322116,65300.23157322864,74243.6556444567,206497.4635078428,234779.05365369943,0.031683164584158506,0.036302373633428926,71345.21228677154,81746.90209720015,225613.37097442822,258506.40228994767
2025-02-25,2247788.670659076,5445.369245836977,2242343.301413239,0.011858289244298237,0.16615342214517298,0.015180708911874624,0.023585811357167894,34040.360939246326,52887.486105141725,107645.07294224697,167244.91581275527,0.02960389640793284,0.03247603180689103,66382.09880605966,72822.41237866538,209918.6280894925,230284.6878246228,0.030775578472769252,0.03391209950637012,69009.4122355316,76042.56916496824,218226.92265377202,240467.71769218793,0.015193320353906166,0.02201245908923362,34068.640121806915,49359.49018637597,107734.49956950615,156088.4131336771,0.02616418500177352,0.030074536899142173,58669.08497566358,67437.43635889674,185527.93676106125,213255.89845676598,0.02960389640793284,0.03247603180689103,66382.09880605966,72822.41237866538,209918.6280894925,230284.6878246228,0.018789084078757692,0.024434621999848544,42131.57682369245,54790.810963924945,133231.7441772305,173263.75749372857,0.02802608514894767,0.03186449672122983,62844.10429857986,71451.14077575383,198730.50709669074,225948.3462687123,0.03062051919795273,0.03508480113534679,68661.71610932479,78672.16880726047,217127.4109613411,248783.24189619542
2025-02-26,2261732.5434246105,13943.872765534556,2247788.670659076,0.011299273610200562,0.5070257816436802,0.014465069965683102,0.022473944626654887,32514.420389153343,50516.67811681427,102819.62522994289,159747.7626747186,0.02820832908946828,0.030945068179719037,63406.36254552965,69557.97366714512,200508.52379026546,219961.62621419344,0.02932477649279984,0.032313437724844414,65915.90037012508,72633.77922795287,208444.37919033115,229688.17742615743,0.014477086887449631,0.020974762291465453,32541.431889756346,47146.83304852324,102905.04309486739,149091.3768970333,0.024930770285021865,0.028656782957699772,56039.10299747609,64414.39206985363,177211.20350479352,203696.19303582536,0.02820832908946828,0.030945068179719037,63406.36254552965,69557.97366714512,200508.52379026546,219961.62621419344,0.01790334149531957,0.0232827411990197,40242.92818011985,52334.68188904379,127259.31276375355,165496.79538974186,0.026704897966036988,0.03036236167688637,60026.96709916454,68248.17259175848,189821.93706535033,215819.67153423376,0.029177026919833943,0.03343085662869739,65583.79055391761,75145.50078041386,207394.15573781566,237630.93838006828
2025-02-27,2233344.78135424,-28387.76207037084,2261732.5434246105,0.010795419815641588,-1.2121767415755094,0.013820047936639494,0.021471793278746487,31257.25216998568,48563.45362422675,98844.11025539532,153571.12449651537,0.02695047180233559,0.029565175050025996,60954.75913598972,66868.51856268913,192755.87309668472,211456.82241934646,0.028017134920411302,0.0308725266738712,63367.26582301233,69825.39827603883,200384.88909806314,220807.29708067726,0.013831529003461726,0.02003946202924445,31283.21927245076,45323.90342426396,98926.22544341994,143326.76727017903,0.023819064909727086,0.02737892835118284,53872.354260272936,61923.813255960944,170359.34237793792,195820.29129176386,0.02695047180233559,0.029565175050025996,60954.75913598972,66868.51856268913,192755.87309668472,211456.82241934646,0.01710500110115844,0.022244524238748006,38686.937645803846,50311.164383773925,122338.83865765258,159097.8711878673,0.025514081225273145,0.029008452419492993,57706.027822779135,65609.36087155169,182482.4826410294,207475.01618203332,0.027875973751758057,0.03194011797161063,63047.997014001434,72240.00425721302,199375.27247573945,228442.95163305337
2025-02-28,2263971.023705548,30626.242351308465,2233344.78135424,0.011892945827515494,1.1069426573439414,0.0152250754719123,0.02365474234857875,34002.842850919784,52829.19537847749,107526.43032967973,167060.58435002997,0.029690415624851915,0.0325709450170257,66308.93479200141,72742.15007755024,209687.26316230788,230030.87614285268,0.030865522002938545,0.03401120971311258,68933.35248903728,75958.75772032463,217986.40061659494,240202.68263312502,0.015237723771662635,0.022076791861400505,34031.09086516019,49305.08789270258,107615.75839405629,155916.3779757318,0.02624065144951695,0.03016243159198471,58604.42197411426,67363.10918891332,185323.4543958224,213020.8553075839,0.029690415624851915,0.0325709450170257,66308.93479200141,72742.15007755024,209687.26316230788,230030.87614285268,0.018843996338235983,0.02450603369282332,42085.14088185774,54730.42245955814,133084.9008357377,173072.79227543843,0.02810799311494584,0.03195762268228077,62774.8397376052,71372.38984195965,198511.4733228792,225699.31395005758,0.030710009557807942,0.03518733863507868,68586.0395812692,78585.45911039741,216888.10076727183,248509.04175888537
2025-03-03,2231140.1599770966,-32830.86372845154,2263971.023705548,0.011330553586248484,-1.3293978007693656,0.014505113870952342,0.022536159639219015,32839.15749938552,51021.21240879433,103846.53413905772,161343.24019503602,0.02828641869847411,0.031030733951241646,64039.63229774819,70252.68250992706,202511.09858056653,222158.4884680442,0.02940595678260868,0.032402891577625416,66574.23408016367,73359.2076160165,210526.21317452198,231982.18341178304,0.014517164059372816,0.02103282709144477,32866.43877679967,47617.71108164,103932.80511316535,150580.42398182247,0.024999786570871225,0.028736114029364247,56598.792395275545,65057.729496379136,178981.09678408783,205730.60460767717,0.02828641869847411,0.031030733951241646,64039.63229774819,70252.68250992706,202511.09858056653,222158.4884680442,0.01795290362758317,0.02334719521723003,40644.85360422652,52857.37345660555,128530.31255345976,167149.6912570008,0.026778825600463484,0.03044641433184234,60626.48520831365,68929.79982302437,191717.77978877895,217975.1661002283,0.029257798191925102,0.033523403851703215,66238.80732394301,75896.01493623505,209465.5006367026,240004.27252866176
2025-03-04,2191461.338441158,-39678.82153593842,2231140.1599770966,0.012760368620748834,-1.441911869801777,0.016335530163674193,0.025380022441400436,36446.85738269072,56626.38733012847,115255.08288462585,179068.35963010704,0.03185591302365307,0.0349465364402669,71075.0068798098,77970.62090398253,224758.90645233638,246564.75263412163,0.033116726851484236,0.036491848148573806,73888.05924533834,81418.42791606887,233654.55910473113,257467.67572501415,0.016349100978641375,0.0236869827039201,36477.135772967624,52848.978379399014,115350.83156178435,167123.14369189518,0.028154537168557307,0.0323623559035625,62816.718562336064,72204.95192791017,198643.9057947597,228332.10643516207,0.03185591302365307,0.0349465364402669,71075.0068798098,77970.62090398253,224758.90645233638,246564.75263412163,0.02021840030647521,0.026293403492130645,45110.08489427008,58664.26847377472,142650.61370944936,185512.70564473796,0.030158075092410228,0.03428848088463014,67286.89248628145,76502.40672630531,212779.8369315194,241921.85173971046,0.032949871965086835,0.03775375910044993,73515.78260740869,84233.92811911463,232477.3170092036,266371.0691193053
2025-03-05,2216632.088151175,25170.749710016884,2191461.338441158,0.014660334523713856,0.7479487331020384,0.01961680603642674,0.02928702215216568,42989.472012528335,64181.376764540844,135944.64696765214,202959.3339413574,0.03659912619810197,0.040149930608305844,80205.5700838694,87987.02066919755,253632.2824972895,278239.38984697685,0.038047669969641096,0.04192533281340778,83379.99775623714,91877.74596186163,263670.7042094383,290542.9435218206,0.018842576941502293,0.02727982268758103,41292.77888390512,59782.67673936379,130579.23219084575,189049.42311795795,0.032346630847343294,0.03718097631993564,70886.390930781,81480.67213063517,224162.45045037117,257664.50921421187,0.03659912619810197,0.040149930608305844,80205.5700838694,87987.02066919755,253632.2824972895,278239.38984697685,0.023051281499502464,0.02990319246946929,50515.99220768358,65531.69019280673,159745.59363959773,207229.39992978802,0.034030520084166925,0.03931664741728856,74576.56909149716,86160.9127721103,235831.81841004515,272464.7296389608,0.03785597108348787,0.043375137066206604,82959.8970586101,95054.93593017782,262342.2291583112,300590.1003807379
2025-03-06,2179267.611391136,-37364.47676003911,2216632.088151175,0.013841016161988559,-1.2611280021407603,0.018520486620382713,0.02765026584413525,41053.10493091483,61290.466516020635,129821.31660358032,193817.47304491015,0.034553720203531944,0.03790608171685175,76592.88496814646,84023.83706965418,242207.96906261606,265706.70288699516,0.035921309580212946,0.039582262473511653,79624.32746391222,87739.31312040803,251794.23194506118,277456.0697991847,0.017733670366810977,0.025660579037764374,39309.02277576883,56880.06289564791,124306.04456686381,179870.55220387975,0.030538882971583057,0.03510305261659032,67693.46793110452,77810.55282199317,214065.54137785643,246058.57291434068,0.034553720203531944,0.03790608171685175,76592.88496814646,84023.83706965418,242207.96906261606,265706.70288699516,0.021763020432656318,0.02823200040868709,48240.60942611566,62579.95801859289,152550.2015011137,197895.20321647136,0.032128665121790786,0.03711936801016739,71217.43005842494,82279.98222322926,225209.28808836124,260192.1496635693,0.035740324120625375,0.04095104188725895,79223.14928670163,90773.39349052103,250525.59515752108,287050.6743727485
2025-03-07,2187033.908328119,7766.296936983243,2179267.611391136,0.015258833981762534,0.20330485316157604,0.020417650503001244,0.030482647453728737,44495.524441894544,66429.84630536551,140707.20292007923,210069.61893987632,0.03809326380861743,0.04178902770195631,83015.41603029812,91069.47458240035,262517.7955621957,287986.9649951967,0.039600943520119156,0.04363690964862576,86301.05359392536,95096.50385845147,272907.8938290642,300721.5497116972,0.019550235968772527,0.028289145163232565,42605.19604179997,61649.61780817494,134729.45965007832,194953.2091527103,0.03366716285843217,0.03869886761642735,73369.75758481186,84335.18879399342,232015.54534242005,266691.28348932805,0.03809326380861743,0.04178902770195631,83015.41603029812,91069.47458240035,262517.7955621957,287986.9649951967,0.02399233638897062,0.031123972558624365,52285.721614084636,67827.46533483658,165341.96940600284,214489.2783741989,0.035419795874193645,0.04092172621910413,77189.2139507156,89179.39255150908,244093.72688230535,282010.00081302354,0.03940141864068552,0.045145901299786684,85866.23548650891,98385.0004896861,271532.8782417445,311120.68914418947
2025-03-10,2137474.083332904,-49559.82499521552,2187033.908328119,0.014386542435165777,-1.624896180871243,0.01925044834611155,0.028740066354572866,42101.38328346492,62855.49964505098,133136.2638194876,198766.54234626621,0.03591561169953414,0.03940010233265994,78548.66062522728,86169.35979312511,248392.67473130382,272491.4414648109,0.037337102894345116,0.041142347649222845,81657.51006866874,89979.70937707405,258223.71987512565,284540.8248315645,0.018417320446251953,0.026258331421794415,40279.304316497786,57427.861195582096,127374.34420718472,181602.84253003984,0.03174253469913724,0.036486595359908745,69421.99972329506,79797.42125156784,219531.63884919137,252341.60256287846,0.03591561169953414,0.03940010233265994,78548.66062522728,86169.35979312511,248392.67473130382,272491.4414648109,0.022620782557254613,0.029344729256557758,49472.418485633105,64177.91791480002,156445.52377161875,202948.39609809214,0.03339497611665716,0.038582381293028184,73035.9451349369,84380.97615189714,230959.93768949443,266836.0758283451,0.03714898412011412,0.042565075784916855,81246.08793063242,93091.2640521693,256922.6888391147,294380.4246690107
2025-03-11,2124777.5301456805,-12696.553187223151,2137474.083332904,0.017168270840206418,-0.37353095416618187,0.023927385525017657,0.03461019289832962,51144.16644164012,73978.3903393321,161732.05498633187,233940.21110528614,0.04286012096569353,0.0470183597641583,91612.39777268315,100500.52543671097,289703.83887101535,317810.56642369507,0.044556466417664684,0.04909747916339068,95238.29221265114,104944.58926872486,301169.92385665484,331863.93020003487,0.021978425114795926,0.03153737135302871,46978.3140753493,67410.31392354444,148558.47311285083,213170.12978536205,0.03788015329780373,0.043541507905663364,80967.84594673292,93068.8446975902,256042.8104293084,294309.52844486985,0.04286012096569353,0.0470183597641583,91612.39777268315,100500.52543671097,289703.83887101535,317810.56642369507,0.027042346456653772,0.035019972191500166,57802.31470360683,74854.28295837062,182786.96849323815,236710.02676717806,0.03985210464965958,0.04604252722180836,85182.84085491809,98414.70866776512,269371.7946651858,311214.63465205306,0.044331973696034026,0.05079530072653928,94758.44483826876,108573.63885807875,299652.513224355,343339.9926440919
2025-03-12,2128076.9377346886,3299.4075890081003,2124777.5301456805,0.016385913788256302,0.06691306945533856,0.022837016030357378,0.03303300852516904,48523.578516880065,70187.7942673899,153445.02833535612,221953.29382826132,0.040906987875177686,0.0448757359859692,86918.24866311935,95350.95547173728,274859.63600834244,301526.1963639847,0.042526030968673405,0.04686011004136496,90358.3550485166,99567.30887604624,285738.20757948677,314859.47654180584,0.0209768696268053,0.030100215269713165,44571.18123583131,63956.26105763444,140946.45070938542,202247.45557045427,0.036153957029273064,0.04155732405397572,76819.11552165188,88300.06836287021,242923.37288801375,279229.33357524517,0.040906987875177686,0.0448757359859692,86918.24866311935,95350.95547173728,274859.63600834244,301526.1963639847,0.025810028382890968,0.03342411420101732,54840.568360388985,71018.80681934474,173421.10419699494,224581.18625662764,0.03803604667865543,0.04394437207287935,80818.13731837929,93372.0143568154,255569.39017833126,295268.2350854786,0.042311768366634514,0.04848056197974206,89903.09468615383,103010.40874339092,284298.54790602677,325747.5143340386
2025-03-13,2101820.717475105,-26256.220259583555,2128076.9377346886,0.015415702751381164,-0.8348589329278763,0.021484834803953832,0.03107712191021084,45721.38145733373,66134.50642828908,144583.70317456324,209135.67224444065,0.038484882423221796,0.04221864069643544,81898.79073628939,89844.51560859144,258986.71634017298,284113.304597698,0.040008061868294566,0.044085519833042264,85140.23378538026,93817.37804474247,269237.0592810211,296676.5987264605,0.019734827791725987,0.02831797953697525,41997.23189373766,60262.83917587986,132806.9082064776,190567.83006420473,0.03401327884740385,0.03909671215395092,72382.87429189925,83200.81147607445,228894.74635204911,263104.0674386712,0.038484882423221796,0.04221864069643544,81898.79073628939,89844.51560859144,258986.71634017298,284113.304597698,0.024281814898874696,0.0314450701931791,51673.5702926378,66917.52868355293,163406.17695754895,211611.80602967617,0.03578392984442811,0.04134242290210978,76150.9558434435,87979.85672805423,240810.4664641901,278216.73547594063,0.03980648576906376,0.04561002470519801,84711.26433740866,97061.64170464128,267880.53877880576,306935.86122185463
2025-03-14,2152472.1568678124,50651.43939270731,2101820.717475105,0.015635098907149834,1.4939371932500112,0.021790606797571836,0.03151941125565399,45799.94881349034,66248.15157975157,144832.15496975576,209495.04976809694,0.039032598955840304,0.04281949604633162,82039.5251422823,89998.90390202314,259431.75760826143,284601.5232490086,0.04057745627834652,0.04471294459157728,85286.53826826898,93978.59328189357,269699.7146788426,297186.4060693822,0.020015693699825664,0.02872100079067655,42069.39969292952,60366.39448846284,133035.1228256455,190895.30071577764,0.03449735555441869,0.03965313624230476,72507.2566023821,83343.78326693908,229288.07775380914,263556.18393895664,0.039032598955840304,0.04281949604633162,82039.5251422823,89998.90390202314,259431.75760826143,284601.5232490086,0.024627393490380834,0.03189259617558309,51762.365855493976,67032.51937590785,163686.9731822911,211975.43852723745,0.03629320644198445,0.04193080792750688,76281.81320336387,88131.04080250332,241224.2737701349,278694.8214971442,0.04037301134971628,0.046259146204633894,84856.83168169123,97228.4318656094,268340.8631396805,307463.29802181997
2025-03-17,2176127.519612871,23655.362745058723,2152472.1568678124,0.014729866958512628,0.7111211049694075,0.02052898679948326,0.029694518542132013,44188.072494594584,63916.62437353414,139734.9544955573,202122.11336980076,0.03677271202944471,0.04034035753394533,79152.2387758978,86831.49638991001,250301.35643333496,274585.30123280373,0.03822812609273501,0.04212418028619564,82284.97702384403,90671.12519691611,260207.94460997035,286727.2736325381,0.018856836597685236,0.027058128834000557,40588.81574312344,58241.868932128324,128353.10527716989,184176.9610105242,0.032500047537577396,0.03735732180560916,69955.44742151565,80410.59504172452,221218.5485881426,254280.6283412917,0.03677271202944471,0.04034035753394533,79152.2387758978,86831.49638991001,250301.35643333496,274585.30123280373,0.023201530850717064,0.030046097016571027,49940.649152878046,64673.38725071818,157926.19915045315,204515.2077103646,0.034191923285102975,0.039503122167822174,73597.16286094437,85029.3705755849,232734.66396693833,268886.4790293507,0.03803551799879523,0.04358086080907654,81870.39346445128,93806.58946386889,258896.9162818296,296642.4822381791
2025-03-18,2161029.508128601,-15098.011484269984,2176127.519612871,0.013904355738893212,-0.5334577658942107,0.01937847342566094,0.02803033798389825,42170.02930966748,60997.589870810945,133353.34161460726,192891.31577257847,0.03471184573366347,0.038079548400941916,75537.4027575817,82865.95320972,238870.24124744197,262045.15262365577,0.03608569350434419,0.03976339973458115,78527.07069911882,86530.22843578918,248324.40139028637,273632.6083117628,0.017800036137656433,0.02554170041022133,38735.148489257765,55581.99716039,122491.29473088478,175765.70792784358,0.030678635711116224,0.03526369201436104,66760.6234351382,76738.2906356037,211115.62806785112,242667.78215647794,0.03471184573366347,0.038079548400941916,75537.4027575817,82865.95320972,238870.24124744197,262045.15262365577,0.0219012391316161,0.028362212819733893,47659.889187932095,61719.79183413989,150713.80286509814,195175.11890734336,0.03227569305901076,0.03728923451687583,70236.02388029145,81146.12941747166,222105.8092556985,256606.5922660028,0.035903879814928555,0.04113844298820319,78131.42092613911,89522.49790065411,247073.24695194195,283094.99519370915
2025-03-19,2189469.2952966955,28439.787168094423,2161029.508128601,0.013567599578869488,0.9301028088040908,0.01890913702342165,0.027351457986803458,40863.20308086121,59107.307799821974,129220.7942255311,186913.71900807324,0.033871143144049286,0.03715728182953446,73196.53980833828,80297.98247547467,231467.78263753362,253924.51613878558,0.035211717046569585,0.03880035117227705,76093.55956951175,83848.70380904287,240628.96350935881,265152.8828894116,0.01736892865374522,0.024923093902149692,37534.7673453238,53859.54135640549,118695.35625573505,170318.82441827602,0.02993561534031661,0.03440962399898382,64691.748094411414,74360.21282541411,204573.26979619756,235147.63982317326,0.033871143144049286,0.03715728182953446,73196.53980833828,80297.98247547467,231467.78263753362,253924.51613878558,0.021370802674995963,0.02767529498921315,46182.93519305992,59807.12911785323,146043.26424201744,189126.74832819306,0.031493992801856524,0.0363861089307689,68059.44777360171,78631.45508537322,215222.87125785724,248654.49380300907,0.03503430678878624,0.040142091603772564,75710.17076739724,86748.24447375388,239416.5816652734,274322.035558177
2025-03-20,2184203.9427588545,-5265.35253784107,2189469.2952966955,0.0128470953345708,-0.22284713815907034,0.017904971665931343,0.025898965123000113,39202.385695714,56704.98891676875,123968.82851086083,179316.91967159338,0.032072423904682595,0.03518405295370019,70221.5873650423,77034.40362621957,222060.1569860354,243604.17365158815,0.033341806939507605,0.03673986747820898,73000.8625437622,80440.81175680821,230848.9967951618,254376.18198436455,0.01644655570625385,0.02359955875260706,36009.22873222946,51670.50927138354,113871.17957982255,163396.4971584193,0.028345891396666125,0.032582308858094634,62062.45886081525,71337.96481467174,196258.72719067516,225590.45245531434,0.032072423904682595,0.03518405295370019,70221.5873650423,77034.40362621957,222060.1569860354,243604.17365158815,0.02023591113121948,0.02620560483613687,44305.90608415767,57376.367153400264,140107.57702345008,181440.00407081645,0.029821511582777033,0.034453833013740554,65293.283949825076,75435.60948886456,206475.49319356246,238548.34266782223,0.033173818012518404,0.03801035509375722,72633.0559461695,83222.50538110579,229685.89020833187,263172.66958991357
2025-03-21,2175028.1884676176,-9175.754291236866,2184203.9427588545,0.012260970005711722,-0.3804754454581656,0.017088089940327098,0.024717372003738393,37323.873421880366,53987.781385202725,118028.45111296461,170724.35499648086,0.030609177970961358,0.03357884461118954,66856.68720878127,73343.04479304711,211419.40839319405,231931.07207778166,0.03182064771648954,0.03506367793130363,69502.784203497,76586.22358518004,219787.1018062223,242186.90392007548,0.015696211552895918,0.022522871861557145,34283.727160212344,49194.54552226557,108414.66450604741,155566.81230719681,0.027052661722253526,0.031095800351922893,59088.530395867696,67919.56973191215,186854.33964303267,214780.53805147426,0.030609177970961358,0.03357884461118954,66856.68720878127,73343.04479304711,211419.40839319405,231931.07207778166,0.0193126845373736,0.02501002183838333,42182.841711789384,54626.98830788192,133393.85798761045,172745.70476829426,0.028460959424617627,0.0328819396261907,62164.5397899496,71820.86217708435,196581.53543240594,227117.50799662597,0.03166032297837043,0.03627620186307108,69152.60227837546,79234.62313763595,218679.7293274157,250561.87866000677
2025-03-24,2221589.703916996,46561.51544937771,2175028.1884676176,0.011849343783729739,1.7491440354890153,0.016514407279024732,0.023887558501994047,35919.301347713605,51956.11309550635,113586.8042207307,164299.65575110153,0.02958156430904949,0.032451533073898024,64340.736231150244,70582.9991947174,203463.27282255268,223203.04154113756,0.030752362499703555,0.03388651745632229,66887.25529882972,73704.13067650098,211516.0731814683,233072.92590043,0.015169257139179982,0.02176673228628388,32993.56187583011,47343.25629349563,104334.8036493207,149712.52173654726,0.02614444769562265,0.03005184976625102,56864.91070989652,65363.62035718995,179822.6367853754,206697.9164432689,0.02958156430904949,0.032451533073898024,64340.736231150244,70582.9991947174,203463.27282255268,223203.04154113756,0.018664317616261677,0.02417038347402677,40595.416933881876,52571.265382080084,128373.98007523578,166244.93808453513,0.027505465919904677,0.031778024636311165,59825.16371272806,69118.0993577952,189183.77872467594,218570.62151245418,0.03059742019594416,0.035058334441994646,66550.25142056693,76252.8656520635,210450.37334584777,241132.73357534115
2025-03-25,2218129.5103163198,-3460.1936006760225,2221589.703916996,0.011291200492870614,-0.17836309321209878,0.015736524065107088,0.022762375474457967,34960.09983848393,50568.65899074856,110553.54271649392,159912.14063111704,0.02818817477174156,0.03092295851366293,62622.55884511386,68698.12624860597,198029.91885848332,217242.54993139362,0.029303824494515,0.03229035038462361,65101.07478240519,71735.90995035203,205867.67443735097,226848.86546784878,0.014454734946721049,0.020741447189382756,32112.490330484667,46078.98552027084,101548.61078446476,145714.54651397472,0.024912957721083658,0.028636308228164275,55346.370367278876,63618.1275178833,175020.59058385118,201178.1834315456,0.02818817477174156,0.03092295851366293,62622.55884511386,68698.12624860597,198029.91885848332,217242.54993139362,0.017785166513372395,0.023031878454698684,39511.34280855745,51167.38403682628,124945.83668675578,161805.4754689119,0.02620986748463699,0.03028117455151008,58227.57174489839,67272.34560614816,184131.74933474374,212733.83565744877,0.029156180485825103,0.03340697091379971,64773.07037285468,74216.58262115199,204830.4334205927,234693.44123690974
2025-03-26,2196128.4347730177,-22001.07554330165,2218129.5103163198,0.010825931562303293,-0.9628232748488263,0.015088079665661494,0.021824421525198107,33467.31476040735,48409.39343062462,105832.94181265963,153083.94338796617,0.02702664354758396,0.029648736888892913,59948.59561769613,65764.73823685745,189574.1046803085,207966.36255323552,0.02809632144001657,0.030959783559547392,62321.27971743387,68672.8095464381,197077.19060354587,217162.49148969905,0.013859108372333194,0.01988676827740028,30741.297267344235,44111.427580924006,97212.51759311793,139492.5819972913,0.023886386170655843,0.02745631106903786,52983.09805994335,60901.65382665749,167547.26736146948,192587.9393633471,0.02702664354758396,0.029648736888892913,59948.59561769613,65764.73823685745,189574.1046803085,207966.36255323552,0.017052305077702792,0.022082819276771554,37824.22111176939,48982.55310878907,119610.68943501753,154896.43343393487,0.025129855042860933,0.029033398488300565,55741.27306054122,64399.837971672714,176269.38254869502,203650.16893628394,0.027954761299031544,0.032030392255013924,62007.280991230444,71047.55828785368,196084.23944635145,224672.1063831905
2025-03-27,2183921.7218227875,-12206.71295023011,2196128.4347730177,0.011375767705605347,-0.5299845318845594,0.015854385224260133,0.02293285784701984,34818.26620684286,50363.5012084478,110105.0253916948,159263.37475933766,0.02839929451707164,0.031154560849717756,62368.498216434484,68419.4169549314,197226.5086080822,216361.19375832521,0.029523300073000535,0.032532194016040815,64836.958778652785,71444.87632417984,205032.4662989918,225928.53633344668,0.014562995945720698,0.020896793503355156,31982.2094918814,45892.04240829832,101136.62659900165,145123.38048726166,0.02509954721586595,0.028850784339132074,55121.82934069114,63360.027852672014,174310.5295116815,200362.000626151,0.02839929451707164,0.031154560849717756,62368.498216434484,68419.4169549314,197226.5086080822,216361.19375832521,0.01791837130067634,0.023204379311998032,39351.044718236095,50959.79721833763,124438.9296167649,161149.02831025983,0.02640617038801046,0.03050797014616559,57991.34164257102,66999.42072520059,183384.7241594946,211870.77140352415,0.02937455026140688,0.03365717764937881,64510.28508774483,73915.48487000768,203999.43338406883,233741.28654493915
2025-03-28,2147573.893151088,-36347.828671699855,2183921.7218227875,0.011195999014767038,-1.5397126373867482,0.015603841951087714,0.022570455067793923,34077.569380870125,49292.10709398037,107762.73636596359,155875.32908592143,0.027950506872300208,0.03066223235264089,61041.719094373526,66963.91527450987,193030.864630411,211758.49330999068,0.029056750021988622,0.032018095092811234,63457.66753859571,69925.01336457806,200670.76442369338,221122.30764978056,0.014332860205997762,0.020566566189644662,31301.844739727945,44915.770644871096,98985.12434250079,142036.13809952256,0.02470290473331884,0.02839486190255238,53949.21023921397,62012.155697142465,170602.38232319354,196099.6546199569,0.027950506872300208,0.03066223235264089,61041.719094373526,66963.91527450987,193030.864630411,211758.49330999068,0.017635211321144578,0.0228376857403125,38513.921073182784,49875.717964430994,121791.7122152141,157720.86870377886,0.025988879634229786,0.030025859576115182,56757.67875903229,65574.1269446787,179483.53958270117,207363.59672220287,0.028910350870111717,0.03312530086357209,63137.94325075531,72343.06409787023,199659.70745084243,228768.85546482416
2025-03-31,2164844.049301757,17270.156150669325,2147573.893151088,0.013204906904789314,0.5720868967842665,0.018531143016473992,0.02671460367592907,39796.99895242865,57371.58542030336,125849.16072900953,181424.88290306722,0.03296569075288347,0.03616398350657293,70796.25683058478,77664.82685106258,223877.4213989013,245597.74693196052,0.034270428077925144,0.037763129883417665,73598.27664726407,81099.11186130147,232738.1860685353,256457.90969849008,0.016971950671138995,0.024365846848785278,36448.5181771862,52327.45657696897,115260.33477795702,165473.94694677994,0.029135368523265454,0.0334897767946396,62570.35680790086,71921.77033162514,197864.84152238938,227436.60759945912,0.03296569075288347,0.03616398350657293,70796.25683058478,77664.82685106258,223877.4213989013,245597.74693196052,0.020799512704034136,0.02693547165589277,44668.4904734481,57845.915727906424,141254.16953762903,182924.8470383412,0.03065208702476114,0.03541342580648018,65827.62186497223,76052.94872903985,208165.21804561323,240500.5407557739,0.0340977603982545,0.03906900255347227,73227.4600462124,83903.56991529025,231565.56101501005,265326.3847514981
2025-04-01,2175881.242268385,11037.192966627888,2164844.049301757,0.01251788843003729,0.3698895682491272,0.017567013719509996,0.025324709267481184,38029.84511468354,54824.0461580037,120260.92962582735,173368.85640549517,0.031250567825967676,0.03428246135963286,67652.60579534707,74216.18246981861,213936.3239588039,234692.1758472875,0.03248742291197008,0.035798408126465446,70330.20416812798,77497.97080705439,222403.63347595217,245070.10179152933,0.01608894227526583,0.02309815241831395,34830.0509441687,50003.89781265194,110142.29200327126,158126.20897429175,0.027619527738584712,0.031747386974012075,59791.97026939993,68728.14177157015,189078.8118403753,217337.46734912152,0.031250567825967676,0.03428246135963286,67652.60579534707,74216.18246981861,213936.3239588039,234692.1758472875,0.019717365772098695,0.025534086035593838,42685.021959634,55277.31420851441,134981.89136674732,174802.2158356933,0.029057335147481343,0.03357095331055612,62904.599082591776,72675.87850374455,198921.8084007283,229821.30702550276,0.03232373870236716,0.03703633948830259,69975.85338100445,80177.89914917154,221283.07789796832,253544.7793186585
2025-04-02,2197984.4287903723,22103.18652198743,2175881.242268385,0.01189539305724524,0.811392403503858,0.016693433098042765,0.024065350356877437,36322.92794709346,52363.3444301464,114863.18359899936,165587.4343031543,0.029696525067277657,0.03257764719040878,64616.111854442344,70885.09143884781,204334.08700424424,224158.34109606128,0.030871873248808596,0.03401820825197434,67173.52991576977,74019.58123105054,212421.3530072911,234070.46814196982,0.01528886387742365,0.021949516761365286,33266.75212648081,47759.541797910235,105198.7070759292,151028.9320874095,0.026246051028669715,0.030168638161860994,57108.290116901284,65643.3738811755,180592.2700470916,207582.57476252178,0.029696525067277657,0.03257764719040878,64616.111854442344,70885.09143884781,204334.08700424424,224158.34109606128,0.01873685144451228,0.024264315139770006,40769.163597283565,52796.26816911434,128923.41526743975,166956.4593714492,0.027612358482601365,0.03190152134422753,60081.21287708263,69413.9218927292,189993.47727701918,219506.09450605034,0.0307163288036433,0.03519457918779517,66835.08367519555,76579.2246842528,211351.09202155523,242164.77145202755
2025-04-03,2086126.619524241,-111857.80926613136,2197984.4287903723,0.011332762562808714,-4.649078790658232,0.01590386402095588,0.022927102977835914,34956.44547566046,50393.41534255671,110541.9866065751,159357.97155735357,0.028291933348345552,0.031036783625992593,62185.228960038585,68218.3671296677,196646.96033278576,215725.41838731308,0.029411689694841914,0.03240920876481612,64646.43597367679,71234.9362144823,204429.9802890636,225264.64741457684,0.014565728374348505,0.020911344469902587,32015.244160808117,45962.80952991755,101241.09139455967,145347.16577503257,0.0250046604671134,0.028741716350719492,54959.85435390545,63173.84499559109,173798.31962946305,199773.23873649767,0.028291933348345552,0.031036783625992593,62185.228960038585,68218.3671296677,196646.96033278576,215725.41838731308,0.017850632389649793,0.023116657087736373,39235.41203651132,50810.05232453114,124073.2669705613,160675.49337785126,0.026306344059129905,0.030392637304767572,57820.93462036965,66802.54354575252,182845.84984005138,211248.19109715856,0.02926350221952781,0.03352993949118137,64320.722210394626,73698.28489990003,203399.98293182705,233054.43993167847
2025-04-04,1964083.120407459,-122043.49911678188,2086126.619524241,0.0260007587678764,-2.3360361406196564,0.038414198543797795,0.05745032225602133,80136.88214990591,119848.64655853204,253415.07217819366,378994.6976134618,0.06747924387129231,0.08849077497642649,140770.24690527088,184602.9612606529,445154.6070049251,583765.8203954914,0.0812336607327698,0.09899654052899357,169463.70205603214,206519.31843834385,535891.2792212208,653071.4270907745,0.03395683480466149,0.0499819972911527,70838.25700079156,104268.77504606215,224010.23759886948,329726.8179812845,0.05617486175928836,0.07731147468280475,117187.87446414579,161281.5253304734,370580.5974605847,510016.9645504367,0.06747924387129231,0.08849077497642649,140770.24690527088,184602.9612606529,445154.6070049251,583765.8203954914,0.04088247840385187,0.05425141844365193,85286.02647040029,113175.32816225066,269698.09623187594,357891.81192971056,0.062409444416262456,0.07678042853670297,130194.00330648362,160173.69582889474,411709.5881439813,506513.70006631897,0.06747924387129231,0.0893327857176703,140770.24690527088,186359.50228188693,445154.6070049251,589320.4908261092
2025-04-07,1955256.7465272704,-8826.37388018868,1964083.120407459,0.036480398864247074,-0.13594168426389833,0.04442801311849328,0.07020873502843886,87260.31063927381,137895.79137451667,275941.33095392876,436064.7804948736,0.08933563486890883,0.1122285758887198,175462.61249690785,220426.2515304021,554861.4996937528,697049.0109292467,0.09467684206677478,0.12367504639862528,185953.1873968352,242908.07104714922,588035.6103421162,768142.7665469935,0.042857668257014314,0.05885872585098577,84176.02280362438,115603.42993261131,266187.9564337255,365570.14391473733,0.06641570315110146,0.09703667150790876,130445.96148907086,190588.08856920703,412506.34987607354,602692.4547765959,0.08933563486890883,0.1122285758887198,175462.61249690785,220426.2515304021,554861.4996937528,697049.0109292467,0.048424368832403974,0.0683395882452528,95109.48544010971,134224.63172809704,300762.6010773687,424455.55435808917,0.0820819267222829,0.10017111036383101,161215.7267657578,196744.38701807318,509808.8912191654,622160.3798307745,0.08948924939605574,0.11403024029833518,175764.32419672646,223964.87018596655,555815.5958619006,708239.1056515932
2025-04-08,1925759.501945018,-29497.244582252344,1955256.7465272704,0.03400211180151471,-0.4604497935432777,0.04350435149304477,0.06864801605755397,85062.17676006952,134224.49653224478,268990.22129366174,424455.1268312658,0.0882449937279563,0.11008462644244697,172541.6193338432,215243.70854052878,545624.5082686889,680660.371009508,0.08933563486890883,0.1210044427996923,174674.10278273086,236594.75314387155,552368.0130397852,748178.3023799175,0.041409806805996645,0.05774418492205477,80966.80412981582,112904.70714156587,256039.51591494546,357036.03312162706,0.06641570315110146,0.09463505867716886,129859.75166154362,185035.83693653852,410652.591634313,585134.6934749748,0.0882449937279563,0.11008462644244697,172541.6193338432,215243.70854052878,545624.5082686889,680660.371009508,0.047900617196047504,0.06628735027911745,93658.00493539206,129608.78884266072,296172.61670313013,409858.9775186267,0.07650571090740195,0.09714114302251163,149588.30739956265,189935.87526013635,473039.76271203725,600629.9751996571,0.0882449937279563,0.11238387458184383,172541.6193338432,219739.32897702476,545624.5082686889,694876.7710844356
2025-04-09,2088599.489766296,162839.98782127816,1925759.501945018,0.03240873816381473,2.4906281503375967,0.04321946523365816,0.06698441509273358,83230.29584269956,128995.87384706097,263197.305192574,407920.77012045943,0.08410974332098416,0.10632685752545627,161975.13740654176,204759.95619160158,512210.3585234106,647507.8351617578,0.08933563486890883,0.11743541462769232,172038.94771109187,226152.36558413145,544034.9210256618,715156.5734809311,0.039948149281642455,0.056606327946516065,76930.528064241,109010.17391321913,243275.6902825059,344720.4376968427,0.06641570315110146,0.09166337019874812,127900.6714215933,176521.606140543,404457.4359570408,558210.3316352806,0.08410974332098416,0.10632685752545627,161975.13740654176,204759.95619160158,512210.3585234106,647507.8351617578,0.045655945420503836,0.06442523857384448,87922.3707138184,124067.51534865571,278034.94873735047,392335.9321396515,0.0733916867455674,0.09327396345110148,141334.73811404867,179623.221400031,446939.6849438045,568018.5002807969,0.08410974332098416,0.10836958065837829,161975.13740654176,208693.74967466903,512210.3585234106,659947.5824129779
2025-04-10,2021622.9944836013,-66976.4952826947,2088599.489766296,0.03016588935391846,-1.095551261384889,0.04300411626454814,0.06461133555481317,89818.37528798572,134947.20247290173,284030.6416458169,426740.52368227625,0.07828892312259772,0.10102932662877402,163514.20488821037,211009.80004828988,517077.3172381829,667271.5767693038,0.08933563486890883,0.11239952838186217,186586.3614051511,234757.59762832962,590037.8823636129,742368.7065348641,0.03860792395133333,0.055010751169448396,80636.49026569075,114895.42682417059,254994.97176157887,363331.2415015854,0.06641570315110146,0.08747555704009531,138715.80371386028,182701.40380096558,438657.8871966423,577752.5677211958,0.07828892312259772,0.10102932662877402,163514.20488821037,211009.80004828988,517077.3172381829,667271.5767693038,0.043484980254758,0.061422054276458,90822.70757258502,128286.07122220792,287206.6191927911,405676.17713675776,0.07002302040616902,0.08780554386186673,146250.04469221956,183390.614108547,462483.249128833,579932.0420800182,0.07828892312259772,0.10241547644591353,163514.20488821037,213904.9118491071,517077.3172381829,676426.7241407179
2025-04-11,2047582.6893946505,25959.69491104898,2021622.9944836013,0.031767431517676796,0.3873174716306753,0.04321946523365816,0.06630407241933205,87373.46472564791,134041.8374308276,276299.1555934263,423877.50803542783,0.08244537314019976,0.10481211352792373,166673.4621290085,211890.57880847636,527067.765833484,670056.8437661922,0.08933563486890883,0.11599548372178571,180602.9736777771,234499.13714821025,571116.7490212125,741551.3827325463,0.03980682010139125,0.056181226002542724,80474.38285424458,113577.25834502038,254482.34311581493,359162.8267676306,0.06641570315110146,0.09046593219063195,134267.51268506367,182888.0087339758,424591.1558503514,578342.6643321312,0.08244537314019976,0.10481211352792373,166673.4621290085,211890.57880847636,527067.765833484,670056.8437661922,0.04475250200083465,0.06364391741297054,90472.6871055607,128664.00690107651,286099.7572893184,406871.3146910245,0.0733916867455674,0.09183075858675435,148370.3215287764,185647.173159855,469188.1532024492,587067.9083568202,0.08244537314019976,0.10666710005139163,166673.4621290085,215640.66221877624,527067.765833484,681915.6487583516
2025-04-14,2075209.017669227,27626.32827457646,2047582.6893946505,0.029573434945295338,0.437783767113708,0.04300411626454814,0.06394884543233108,88054.48403600372,130940.54891401528,278452.7277447078,414070.37264097546,0.07675133816675041,0.09962996991747534,157154.7114181131,204000.6017479323,496966.83310770756,645106.5455683927,0.08933563486890883,0.11106928579283781,182922.09950365886,227423.5469128419,578450.4688115178,719176.4017987354,0.037859230634355936,0.054531366143018706,77519.90528070687,111657.48134348664,245139.4646875481,353091.95884317544,0.06641570315110146,0.0863693351862698,135991.6440761691,176848.35562193033,430043.33803163905,559243.6042207433,0.07675133816675041,0.09962996991747534,157154.7114181131,204000.6017479323,496966.83310770756,645106.5455683927,0.043484980254758,0.0605365025460439,89039.09281831066,123953.49468977467,281566.3341010026,391975.3671572743,0.06864777677724704,0.08630037125816353,140561.99939451914,176707.14627654728,444496.07055388915,558797.0610624315,0.07675133816675041,0.10084268416740082,157154.7114181131,206483.73445326192,496966.83310770756,652958.9006496901
2025-04-15,2070110.8291684184,-5098.188500808552,2075209.017669227,0.027547302876451036,-0.10581516142197997,0.04095035177488066,0.0614316495749151,84980.53927995938,127483.51316815974,268732.06091407704,403138.26573145296,0.07149295854754065,0.09375427085840354,148362.8322777086,194559.70833036225,469164.47011110606,615251.8192219803,0.08606549816281558,0.10488492701383499,178603.8978976692,217658.14635668907,564795.1163407936,688295.4937774175,0.036747109948738976,0.05273526320363106,76257.93393890568,109436.69374933535,241148.76090559753,346069.2118462117,0.061982208706534515,0.08193214488656933,128626.0384428565,170026.32590559032,406751.2478838043,537670.4520517564,0.07149295854754065,0.09375427085840354,148362.8322777086,194559.70833036225,469164.47011110606,615251.8192219803,0.04321946523365816,0.05738458163228022,89689.42399172905,119085.0012784838,283622.86184241466,376579.83920407225,0.06612160372065301,0.08105296085840262,137216.14830385023,168201.835282148,433915.56039561686,531900.9061120582,0.07149295854754065,0.09464636501309129,148362.8322777086,196410.99016478026,469164.47011110606,621106.086409636
2025-04-16,2037076.792147923,-33034.037020495394,2070110.8291684184,0.0257106651552349,-0.6433711462320408,0.038414198543797795,0.05847871327951259,79521.6483993415,121057.41763575401,251469.53223300222,382817.1673872185,0.06672636977989753,0.08750347268930735,138130.98067246217,181141.88640397807,436808.5143576773,572820.9406960582,0.0803273269476505,0.09789202414401224,166286.4693924834,202647.33926973603,525843.9873481233,640827.1538652487,0.03440311205736323,0.05057588847474815,71218.25482704221,104697.69442639034,225211.89623573446,331083.1801557096,0.057849722013907035,0.07690922319948375,119755.3360053716,159210.61580818225,378699.6237357446,503468.17363186536,0.06672636977989753,0.08750347268930735,138130.98067246217,181141.88640397807,436808.5143576773,572820.9406960582,0.04049777180417073,0.054190300228998664,83834.87596900527,112179.92733993796,265109.1554197723,354744.07814639783,0.061713134691023575,0.07592378000220353,127753.0284258171,157170.63917396212,403990.54780981736,497017.20109420555,0.06672636977989753,0.08833608901479617,138130.98067246217,182865.49447591492,436808.5143576773,578271.46799683
2025-04-17,2061560.671579889,24483.879431965997,2037076.792147923,0.02510570031877844,0.4577557848045112,0.038414198543797795,0.05743889201114773,78252.67234253303,117007.43388259977,247456.6775972682,370009.99424057396,0.06515631676347411,0.08544454019085812,132728.4207407118,174057.08983854754,419724.1197777823,550416.8467903596,0.07843724717272195,0.09558865190455013,159782.69585552218,194721.42438746543,505277.2495853965,615763.2102966482,0.033593616350670534,0.04973447391717956,68432.77623227195,101312.9425863727,216403.43950261525,320379.65502680803,0.056488534063074525,0.07509957045989309,115071.48176234654,152983.59208412594,363887.9760995416,483776.5956199436,0.06515631676347411,0.08544454019085812,132728.4207407118,174057.08983854754,419724.1197777823,550416.8467903596,0.03977918774180967,0.05311409769628478,81033.26015933562,108197.49575297919,256249.66833247943,342150.5237058092,0.0602610417089807,0.07413731446835337,122756.3695360226,151023.40273565508,388189.7250271385,477577.9326335742,0.06515631676347411,0.0862575652846095,132728.4207407118,175713.28438846237,419724.1197777823,555654.1938164479
2025-04-21,2017496.1008748803,-44064.57070500869,2061560.671579889,0.023425923522047677,-0.941747452776089,0.036898995003428754,0.05408059625700376,76069.51691989155,111490.43033902951,240552.93397557363,352563.69718367193,0.06079682598369056,0.07972760124083896,125336.34540486276,164363.28715751754,396348.3250809452,519762.351130058,0.07318915346781849,0.08919298886941317,150883.88037547944,183876.75803384496,477136.7241908968,581469.3641546145,0.03134592851294376,0.04692593904479201,64621.53343643953,96740.67041169835,204351.2315518767,305920.86087262584,0.05290440170461109,0.0701138772056747,109065.63390769027,144544.0117792006,344895.81759839185,457088.2993604812,0.06079682598369056,0.07972760124083896,125336.34540486276,164363.28715751754,396348.3250809452,519762.351130058,0.037117634560140056,0.04973285858985872,76520.25563125924,102527.3053540968,241978.2949331047,324219.8072785222,0.05622908488944293,0.06917692144865642,115919.67000700255,142612.42063952136,366570.1828372347,450980.0718508943,0.06079682598369056,0.08048622830265725,125336.34540486276,165927.24287255836,396348.3250809452,524708.0133492242
2025-04-22,2064847.082886096,47350.98201121576,2017496.1008748803,0.024013561290999807,0.947122928863596,0.03782460389479148,0.055340924847352896,76310.99087487863,111650.10009834425,241316.54166894173,353068.6172965574,0.062321910411922476,0.08172756293596604,125734.2112551272,164885.03955731788,397606.4873709804,521412.2770880859,0.07502509862553428,0.09143038919798782,151362.84394476874,184460.4537084132,478651.33998609486,583315.1719466386,0.03213223909232147,0.04796829313098164,64826.667081137966,96775.84435737875,204999.9210938555,306032.09065527096,0.0542315051827807,0.07187267925823619,109411.85025083592,145002.8501629224,345990.6498059066,458539.2737309524,0.062321910411922476,0.08172756293596604,125734.2112551272,164885.03955731788,397606.4873709804,521412.2770880859,0.03782460389479148,0.05037028608742729,76310.99087487863,101621.85578133678,241316.54166894173,321356.5243221742,0.055741837165031165,0.0706750011939292,112458.93913605287,142586.53933807966,355626.39091617544,450898.22798952914,0.062321910411922476,0.08250522010832209,125734.2112551272,166453.9598703636,397606.4873709804,526373.6387446147
2025-04-23,2092218.163290356,27371.08040425973,2064847.082886096,0.022419668930302408,0.5670674607828191,0.035314008050063156,0.051917582330956676,72918.02650718902,107201.86842657461,230587.04624724956,339002.0736536668,0.05818531377363623,0.07630292239042252,120143.77541230495,157553.86671354814,379927.976994619,498229.0729813997,0.0700453319799003,0.08536172669881567,144632.8994084853,176258.91236416972,457369.3867248335,557379.6209747901,0.02999947211949646,0.04504843618976656,61944.32249406504,93018.13205501993,195885.1471972475,294149.1609881818,0.05063190657379168,0.0671021534280882,104547.1445898551,138555.6857613632,330607.09977089224,438151.54977246886,0.05818531377363623,0.07630292239042252,120143.77541230495,157553.86671354814,379927.976994619,498229.0729813997,0.035314008050063156,0.047200673984953256,72918.02650718902,97462.17398808837,230587.04624724956,308202.4555139756,0.052041990759413646,0.06598397085777062,107458.75280716043,136246.80974290884,339814.4133916396,430850.24271921214,0.05818531377363623,0.07702896281958753,120143.77541230495,159053.02917576686,379927.976994619,502969.840944637
2025-04-24,2146698.3381505683,54480.174860212486,2092218.163290356,0.020952247063419412,1.2051686365397167,0.0330026203225707,0.04859439336213564,69048.68167505786,101670.0724263365,218351.10352511323,321508.9987415051,0.05437694345254378,0.07130871051464208,113768.4287556247,149193.37933954815,359767.3606863699,471790.8905304798,0.06546069461795162,0.07977459404569123,136958.05426128162,166905.8546315099,433099.3953705796,527802.6554525348,0.02736350883721137,0.0414643951233223,57250.430200569805,86752.56060686297,181041.756458291,274335.6843694862,0.04731792512744047,0.06271015426157837,98999.4224008441,131203.3237688144,313063.6618277623,414901.3396939608,0.05437694345254378,0.07130871051464208,113768.4287556247,149193.37933954815,359767.3606863699,471790.8905304798,0.0330026203225707,0.04413691348115177,69048.68167505786,92344.05205684071,218351.10352511323,292017.53286877327,0.048635715873112,0.06166515946044475,101756.52813435401,129016.96666533864,321782.3956955629,407987.47146848886,0.05437694345254378,0.07198722983163947,113768.4287556247,150612.98977871344,359767.3606863699,476280.092908394
2025-04-25,2146730.875155144,32.537004575598985,2146698.3381505683,0.019602676119982402,-0.02244755437169195,0.03087686372425402,0.045464343344255434,66283.31204415768,97598.23030221999,209606.2369192095,308632.7033566789,0.05087442925183093,0.06671559153159318,109212.05272926412,143218.2494696032,345358.83456688304,452895.8708261481,0.061244256585019544,0.0746361726714743,131472.94383232846,160221.34783977273,415753.95319754444,506664.38895578054,0.025600977289859734,0.03879360078435489,54957.57540317233,83278.15833465123,173791.1129544711,263348.65968163277,0.04427009466503565,0.058670883352176115,95034.53864720036,125948.68778994231,300525.5985084502,398284.72172565653,0.05087442925183093,0.06671559153159318,109212.05272926412,143218.2494696032,345358.83456688304,452895.8708261481,0.03087686372425402,0.04129397755228179,66283.31204415768,88645.7129871102,209606.2369192095,280322.3578488366,0.04550300419989932,0.057693198497101444,97681.2234967822,123849.89333631854,308895.1508817889,391647.75091167673,0.05087442925183093,0.0673504062305604,109212.05272926412,144581.00512890972,345358.83456688304,457205.2826038411
2025-04-28,2152594.6325654155,5863.757410271559,2146730.875155144,0.01836401523912494,0.12375124790847002,0.028925805461356254,0.04259152622328102,62095.919672624754,91432.54436349733,196364.53956835147,289135.0924530419,0.04765975769553476,0.06249994297077188,102312.67334741744,134170.5572707917,323541.08127864293,424284.55590976676,0.057374332685612234,0.06992003560839044,123167.25141762673,150099.49923247885,389489.0476223032,474656.29322532867,0.023983293618172464,0.03634229692027693,51485.67689804215,78017.13087281417,162812.00587332592,246711.83006953305,0.04147274015497779,0.054963566677203826,89030.81176797734,117991.98559460188,281540.14712053083,373123.4201247188,0.04765975769553476,0.06249994297077188,102312.67334741744,134170.5572707917,323541.08127864293,424284.55590976676,0.028925805461356254,0.038684678990394225,62095.919672624754,83045.5947841448,196364.53956835147,262613.2291612968,0.042627744163008054,0.05404766012098874,91510.29453294385,116025.78071161792,289380.96007695695,366905.7343479446,0.04765975769553476,0.063094644772429,102312.67334741744,135447.22198991943,323541.08127864293,428321.7242305895
2025-04-29,2162906.364675025,10311.732109609526,2152594.6325654155,0.01722661419856862,0.25099228743399365,0.02713424512979099,0.03995356030926722,58409.03042510235,86003.81947360725,184705.57206539635,271967.95701054245,0.04470788375676393,0.05862892134265794,96237.95060816857,126204.3013953054,304331.12126859935,399093.04291953135,0.053820772919510165,0.06558944013560494,115854.30690705965,141187.47678887384,366363.48656648595,446474.0037449974,0.022497854689807858,0.03409138578809365,48428.761249517054,73384.93406416728,153145.18980897588,232063.5375840457,0.038904067825274294,0.05155932108508804,83744.68758564632,110986.31782647736,264823.9547098696,350969.5534470169,0.04470788375676393,0.05862892134265794,96237.95060816857,126204.3013953054,304331.12126859935,399093.04291953135,0.027086389640850868,0.036104282195804215,58306.01695647105,77717.88406731524,184379.81487484713,245765.52858162703,0.039987535040099255,0.05070014248605041,86076.95329683913,109136.8545857739,272199.2264659513,345121.03715763777,0.04470788375676393,0.05918678945412163,96237.95060816857,127405.16529772156,304331.12126859935,402890.5080110445
2025-04-30,2173922.875915973,11016.511240948455,2162906.364675025,0.016184701279940025,0.28578019884626266,0.02549309149320967,0.037537059298006915,55139.16984590593,81189.14446684298,174365.3650039383,256742.61779568074,0.04200382821144451,0.05508288322698163,90850.3473792497,119139.11871628974,287294.0239359382,376750.9735686715,0.05056554482018504,0.061622410734750194,109368.53872483846,133283.50438480978,345853.686734817,421479.44838503824,0.021137122675231976,0.03202944518519111,45717.61716517603,69276.69084805969,144571.7994375666,219072.1318392104,0.036551043000597805,0.04844087180102985,79056.48354150352,104773.0699288544,249998.55179476575,331321.5384232757,0.04200382821144451,0.05508288322698163,90850.3473792497,119139.11871628974,287294.0239359382,376750.9735686715,0.025448130435617417,0.03392059609219677,55041.923288277125,73367.07318138317,174057.84438722042,232007.05651342662,0.03756897914384804,0.047633658682348826,81258.1841045722,103027.14353681004,256960.94029973797,325800.43439741543,0.04200382821144451,0.05560700994355919,90850.3473792497,120272.75572747157,287294.0239359382,380335.84856387187
2025-05-01,2171433.750723809,-2489.1251921644434,2173922.875915973,0.015231811364091298,-0.10509828183161467,0.022642798691605414,0.03513388343802188,49223.69805044127,76378.3529256811,155659.00069578426,241529.55917733753,0.039530812266483174,0.051839825288808906,85936.93708964753,112695.78207882904,271756.4563418878,356375.3540630851,0.0475884495426669,0.05799433179997177,103453.6190901766,126075.2045734198,327149.06851243443,398684.8029236838,0.01957708244120154,0.03010238426269326,42559.06736262095,65440.26176828185,134583.58795841743,206940.2778654086,0.03439906505014954,0.045588868699104605,74780.91442264171,99106.68455211316,236478.01508568326,313402.85453250207,0.039530812266483174,0.051839825288808906,85936.93708964753,112695.78207882904,271756.4563418878,356375.3540630851,0.023949847183435406,0.03192348824344741,52065.12066676196,69399.20137146494,164644.36795847237,219459.54413051033,0.03535706922004395,0.04482918103223315,76863.54160279808,97455.18215455007,243063.86049195123,308180.3453949738,0.039530812266483174,0.052333093538849754,85936.93708964753,113768.10921155589,271756.4563418878,359766.35019929963
2025-05-02,2209896.355818948,38462.60509513924,2171433.750723809,0.014379846087914691,1.189356528630014,0.02137631253447096,0.03316872985313721,46417.24650337065,72023.6994717425,146784.22166413782,227758.93584217242,0.03731972399962758,0.0489402534641967,81037.30826048867,106270.51814113453,256262.46955232183,336056.8854522282,0.044926671137702164,0.05475051819648126,97555.2900160757,118887.12308145745,308496.91424908355,375954.0934021814,0.018482071870884808,0.028418658965096658,40132.594643742406,61709.23522712064,126910.40748649978,195141.7359847992,0.03247501227302823,0.04303893342329253,70517.33770482343,93456.1926304924,222995.40167851245,295534.4301597989,0.03731972399962758,0.0489402534641967,81037.30826048867,106270.51814113453,256262.46955232183,336056.8854522282,0.022610253507917195,0.030137902614283996,49096.667579512796,65442.458912683585,155257.29507540647,206947.22584606637,0.03337943212076471,0.04232173758470355,72481.22548702291,91898.84938070162,229205.76013923952,290609.67839177145,0.03731972399962758,0.049405931599652356,81037.30826048867,107281.70736143707,256262.46955232183,339254.546533794
2025-05-05,2204251.680780457,-5644.675038491376,2209896.355818948,0.013585618177787789,-0.22175861690644091,0.02019565566744503,0.0313367539869309,44630.30586286105,69250.97843891347,141133.41919660737,218990.8220621782,0.035258480352267,0.04623718453061352,77917.58724218882,102179.38559753104,246397.04547019445,323119.5884048031,0.042445280453232724,0.051726536619786774,93799.67059531221,114310.28477520215,296620.6028547087,361480.8598721074,0.01746126975470884,0.026849039097090754,38587.59639890267,59333.59365790131,122024.69405184373,187629.29772188954,0.030681351828315287,0.0406618063012157,67802.60759699297,89858.37756607251,214410.6713051337,284157.13995616656,0.035258480352267,0.04623718453061352,77917.58724218882,102179.38559753104,246397.04547019445,323119.5884048031,0.021002440198629513,0.02839130589972913,46413.21605825674,62741.8434447524,146771.47627759358,198407.1298831224,0.03153581874323501,0.039984222635702255,69690.89091844192,88360.98789289189,220381.9474686203,279421.9780441007,0.035258480352267,0.04667714232316331,77917.58724218882,103151.64672000098,246397.04547019445,326194.14803224
2025-05-06,2182530.958288778,-21720.72249167878,2204251.680780457,0.01293429127326333,-0.8008226086178171,0.019227427816597187,0.029834395337876355,42382.09008181926,65762.51606858258,134023.9366569809,207959.33544014278,0.03356810479735663,0.04402046373954278,73992.55142018787,97032.18118662233,233984.9923749202,306842.6988838663,0.04041035257821877,0.049246643210635856,89074.5875914696,108551.99606983956,281678.5784292158,343271.5521383394,0.01662413487946292,0.02556183219228049,36643.777249577164,56344.71157366226,115877.79818052417,178177.6226780229,0.029210414720305347,0.0387123824263533,64387.10574352726,85331.8340303051,203609.9060956554,269842.9524552297,0.03356810479735663,0.04402046373954278,73992.55142018787,97032.18118662233,233984.9923749202,306842.6988838663,0.01999553317511261,0.02703015904979693,44075.18760934336,59581.27351727796,139377.98114475666,188412.53020806998,0.030023916455471727,0.0380672837361748,66180.26831058557,83909.87415820986,209280.38402251407,265346.320518047,0.03356810479735663,0.04443932890727471,73992.55142018787,97955.46543661582,233984.9923749202,309762.380041606
2025-05-07,2195729.6579009136,13198.699612135531,2182530.958288778,0.01312303546369266,0.4247513678328859,0.019508004867214854,0.030269755009003918,42576.82455714458,66064.67740696786,134639.74113796678,208914.85349028514,0.034057948781102444,0.0446628342115932,74332.52759056963,97478.01835172133,235060.09142350804,308252.5597911317,0.041000042351024966,0.04996527692683858,89483.86172226301,109050.76373229719,282972.8168699087,344848.7939749435,0.016866723268198085,0.025934844305668992,36812.145697732,56603.600595522,116410.22596280141,178996.3016483128,0.029636668927977762,0.039277294498169454,64682.94743586656,85723.91120008033,204545.4396702864,271082.80933027196,0.034057948781102444,0.0446628342115932,74332.52759056963,97478.01835172133,235060.09142350804,308252.5597911317,0.020008522327148302,0.027380166514386916,43669.2194086134,59758.06106075119,138094.19697284955,188971.58150739144,0.030462041721493836,0.0386227821781714,66484.34910984468,84295.41779910318,210241.97194089732,266565.51656066393,0.034057948781102444,0.04508781168693536,74332.52759056963,98405.544848231,235060.09142350804,311185.6561102585
2025-05-08,2210251.915102422,14522.257201508151,2195729.6579009136,0.012443628576911437,0.49317604377446866,0.0184980348118251,0.028702626727502588,40616.68364920792,63023.20876523688,128441.23133401648,199296.88515043657,0.03229469781561187,0.04235054623291041,70910.42578668683,92990.3503919052,224238.45533826755,294061.30765555176,0.03887738473810635,0.047378470441559684,85364.22669108445,104030.31269451439,269945.3870427657,328972.7338141938,0.01599349786409464,0.024592143382729314,35117.39759376751,53997.69857681045,111050.9618940218,170755.71590995358,0.028102316831876865,0.03724382713080461,61705.090523480074,81777.37580484238,195128.62928106863,258602.7686148472,0.03229469781561187,0.04235054623291041,70910.42578668683,92990.3503919052,224238.45533826755,294061.30765555176,0.018972639440068512,0.025962638249485265,41658.78710721902,57006.934801747455,131736.6518188692,180271.7563982413,0.02888495835627246,0.03662320027723848,63423.55973010027,80414.64701597749,200562.90606285093,254293.44180895147,0.03229469781561187,0.042753521738946525,70910.42578668683,93875.17566191632,224238.45533826755,296859.37084006035
2025-05-09,2209126.1526371045,-1125.762465317268,2210251.915102422,0.011828200635830234,-0.08155553807454112,0.017583172446082942,0.027283073069070133,38863.24057253096,60302.46450079157,122896.35746426403,190693.13634394994,0.03069749011516837,0.040256003687647986,67849.18631588855,88975.90924499411,214557.9661473365,281366.53009861405,0.036954615290584546,0.04503526047388779,81679.00921788772,99539.2707095469,258291.7061544135,314770.81207425287,0.015202503067010344,0.02337588302303901,33601.361518210055,51666.59021888216,106256.83488027712,163384.10402624516,0.02671245286409953,0.035401848988542796,59041.25009995916,78247.00452509345,186704.82621951494,247438.75438479712,0.03069749011516837,0.040256003687647986,67849.18631588855,88975.90924499411,214557.9661473365,281366.53009861405,0.018034304423452684,0.02467859695042532,39860.35588947637,54545.916171718345,126049.51295565222,172489.33216324207,0.02745638707261966,0.03481191664697605,60685.532109050975,76943.10543736469,191904.5024838828,243315.46342855855,0.03069749011516837,0.04063904912389352,67849.18631588855,89822.53615402704,214557.9661473365,284043.7994595463
2025-05-12,2278220.970606018,69094.81796891335,2209126.1526371045,0.011280427306098635,2.689848659134709,0.016768881818575363,0.02601957236930321,37044.575375895685,57480.51780146151,117145.23314161858,181769.3573384726,0.029275865060563577,0.03839171630695606,64674.079146365846,84812.14453832102,204517.39567651437,268199.54998450424,0.0352432178185672,0.0429496419301523,77856.71418608281,94881.17723429861,246204.54796476424,300040.6271384991,0.014498463121995785,0.022293327385611093,32028.93405584549,49248.772556854434,101284.3826438064,155738.29324725433,0.025475378037490524,0.033762361352497286,56278.32387093723,74585.315438586,177967.68632878564,235859.47678805224,0.029275865060563577,0.03839171630695606,64674.079146365846,84812.14453832102,204517.39567651437,268199.54998450424,0.017199121517144582,0.02353571160033338,37995.02914590765,51993.356017220955,120150.83186555022,164417.42821043901,0.026184860064225043,0.033199749244413684,57845.65917102243,73342.43431682822,182924.03573423836,231929.1415824726,0.029275865060563577,0.03875702260598953,64674.079146365846,85619.15223723894,204517.39567651437,270751.53240237624
2025-05-13,2288991.8559018867,10770.885295868851,2278220.970606018,0.010778457236449214,0.39536566415746704,0.01602267987551046,0.024861722032604887,36503.20529769495,56640.49650005812,115433.27063744077,179112.97674297908,0.02797311228137115,0.03668331537624445,63728.9310125365,83572.6983615143,201528.574847356,264280.0770286072,0.03367492257380361,0.04103841692368111,76718.91479117336,93494.58203600321,242606.510356489,295655.82811923284,0.013853293010467907,0.021301291995744043,31560.862648397757,48529.05012570619,99804.21088867086,153462.33108171218,0.024341743917007268,0.032259963046142405,55455.87145284743,73495.32432269682,175366.8634205088,232412.6222324939,0.02797311228137115,0.03668331537624445,63728.9310125365,83572.6983615143,201528.574847356,264280.0770286072,0.016433774248676983,0.022488391098132124,37439.76911954106,51233.5241949543,118394.94548858664,162014.62901340015,0.025019654556177204,0.031722386730712475,57000.3016872013,72270.60668758323,180250.78064829466,228539.72501495996,0.02797311228137115,0.03703236583466185,63728.9310125365,84367.91243568045,201528.574847356,266794.7647303943
2025-05-14,2270291.452883783,-18700.403018103912,2288991.8559018867,0.010327291282598927,-0.8384052502791576,0.01535200062237702,0.023821057094280555,35140.604396421695,54526.20568778205,111124.34824761907,172427.0021402192,0.02680221039738839,0.03514782076796724,61350.04131979089,80453.07549057622,194005.86511598175,254414.96331568935,0.032265353631741385,0.03932062595325667,73855.1316908504,90004.59257596888,233550.43303476993,284619.5124155432,0.013273420212541005,0.020409659964305993,30382.75076646985,46717.54544002321,96078.69400327132,147733.85028288656,0.023322844284919115,0.03090962164944706,53385.800624647716,70751.87222459297,168820.7246855266,223737.06495091802,0.02680221039738839,0.03514782076796724,61350.04131979089,80453.07549057622,194005.86511598175,254414.96331568935,0.015745887358038158,0.021547069330297236,36042.20792649782,49321.06621560369,113975.46894910773,155966.90586928895,0.023972378859366903,0.030394547267809484,54872.5799756854,69572.87115984086,173522.33381291272,220008.73622253767,0.02680221039738839,0.035482260630493305,61350.04131979089,81218.60561218733,194005.86511598175,256835.78211744616
2025-05-15,2288073.332985016,17781.88010123279,2270291.452883783,0.010656313835707277,0.6894240227231556,0.01584110800802871,0.024579984562135178,35963.932114836425,55803.72886343083,113727.93909855938,176466.8851389207,0.027656115981397115,0.03626761350052596,62787.44373252846,82338.05294673657,198551.3306544539,260375.78541522627,0.03329331234214852,0.04057336226009038,75585.52244856994,92113.35755384063,239022.40907126828,291288.01279561245,0.013641967663357306,0.021048897385379448,30971.242586637043,47787.13182665476,97939.66853937786,151116.1794189517,0.02406589893132988,0.031894387388344166,54636.60464976319,72409.55508272207,172776.11431139795,228979.11842082374,0.027656115981397115,0.03626761350052596,62787.44373252846,82338.05294673657,198551.3306544539,260375.78541522627,0.016247543786401666,0.02223354863731576,36886.65978862272,50476.63543857385,116645.8602077929,159621.13660786563,0.024736127366168446,0.03136290298364733,56158.21853685686,71202.93058139781,177587.87991395622,225163.43671607424,0.027656115981397115,0.03661270845686301,62787.44373252846,83121.5190765419,198551.3306544539,262853.32285500824
2025-05-16,2309546.112466274,21472.779481258243,2288073.332985016,0.010217704415754678,0.8696380158389653,0.01518909462873743,0.02356828267933995,34753.76237220006,53925.95910285038,109901.04635640867,170528.8557740974,0.026517801816127673,0.034774853699549725,60674.67518486336,79567.41540839506,191870.16987506615,251614.260223305,0.031922973532703985,0.03890337964126075,73042.10444976646,89013.78552016089,230979.41515318185,281486.3053974244,0.013080469980754557,0.020182533573729344,29929.074545875526,46179.11686212489,94644.04382593627,146031.18961940246,0.023075356598057106,0.030581627744829348,52798.108081134305,69973.00692221873,166962.2776841266,221274.07660493968,0.026517801816127673,0.034774853699549725,60674.67518486336,79567.41540839506,191870.16987506615,251614.260223305,0.01518909462873743,0.02107227601975401,34753.76237220006,48214.912826098785,109901.04635640867,152468.94171693805,0.023075356598057106,0.029888593746453723,52798.108081134305,68387.29431168348,166962.2776841266,216259.61304119678,0.026517801816127673,0.035105744691836804,60674.67518486336,80324.51826397207,191870.16987506615,254008.42966994588
2025-05-19,2309297.6227385364,-248.48972773738203,2309546.112466274,0.009824873055704375,-0.05728186266621362,0.014605132472644956,0.02266217303256844,33731.22692425209,52339.33362740647,106667.50535263255,165511.50547804713,0.025498294524752926,0.03343789458246261,58889.4869941632,77226.3594419836,186224.9091404186,244211.19123951814,0.030695658218085373,0.03740769461131745,70893.0381071725,86394.7956658938,224183.4706677772,273204.3322890679,0.012577576316624475,0.019406592932815492,29048.492486307932,44820.42126419948,91859.3988510206,141734.61688311383,0.022188198059581124,0.029405882006771987,51244.666571137306,67914.2404723822,162049.86430068486,214763.68545311745,0.025498294524752926,0.03343789458246261,58889.4869941632,77226.3594419836,186224.9091404186,244211.19123951814,0.014605132472644956,0.020262128210483687,33731.22692425209,46796.319438815815,106667.50535263255,147982.95553947054,0.022188198059581124,0.028739492494972353,51244.666571137306,66375.18316601706,162049.86430068486,209896.75891548002,0.025498294524752926,0.03375606409121098,58889.4869941632,77961.1865940187,186224.9091404186,246534.91872648388
2025-05-20,2304140.8085042736,-5156.814234262798,2309297.6227385364,0.0094774028912545,-0.283912368128535,0.01408860185150521,0.021860694077494705,32534.774763390724,50482.84886457292,102883.99141288047,159640.7851860956,0.024596512227773204,0.03225531739662508,56800.667215256006,74487.12778470325,179619.48101746256,235548.98016367448,0.029610063997329246,0.03608471998105102,68378.45039816835,83330.35806942689,216231.64613105942,263513.7297367805,0.01213275301088406,0.01872025205089824,28018.137685308382,43230.63355820552,88601.1308817725,136707.2667360388,0.02140348188208988,0.028365902497748795,49427.00982863749,65505.311204884405,156301.92899002327,207145.98224558338,0.024596512227773204,0.03225531739662508,56800.667215256006,74487.12778470325,179619.48101746256,235548.98016367448,0.01408860185150521,0.01954553014540095,32534.774763390724,45136.44629993881,102883.99141288047,142733.97579368623,0.02140348188208988,0.027723080768651272,49427.00982863749,64020.84451403482,156301.92899002327,202451.68639184567,0.024596512227773204,0.03256223440257765,56800.667215256006,75195.89049692755,179619.48101746256,237790.2846549017
2025-05-21,2258633.8582148617,-45506.950289411936,2304140.8085042736,0.009243770922261989,-2.207205450767929,0.013741297022462217,0.021321795704230338,31661.883231233463,49128.41959270824,100123.6660209894,155357.70375739978,0.023990171899303497,0.0314601762170931,55276.73407621767,72488.67586453982,174800.38129629134,229229.32030162108,0.028880132218226145,0.0351951783759879,66543.89119901392,81094.6467587009,210430.26055931696,256443.78980428595,0.01183366274240467,0.018258770208575872,27266.4252388512,42070.777550681756,86224.00740547042,133039.47999443428,0.02087585446424289,0.02766664113587148,48100.90818345816,63747.83687540451,152108.42738236013,201588.36043514972,0.023990171899303497,0.0314601762170931,55276.73407621767,72488.67586453982,174800.38129629134,229229.32030162108,0.013741297022462217,0.019063703980019053,31661.883231233463,43925.45830160724,100123.6660209894,138904.4954998303,0.02087585446424289,0.02703966591113844,48100.90818345816,62303.19767417597,152108.42738236013,197020.0101621012,0.023990171899303497,0.03175952726586934,55276.73407621767,73178.42283209371,174800.38129629134,231410.49172828562
2025-05-22,2247285.479581906,-11348.37863295572,2258633.8582148617,0.012807560611799097,-0.42883243748638206,0.020173638600676894,0.030182489543120174,45564.86318687912,68171.19280730723,144088.74894449644,215576.240081579,0.03323920327231803,0.04358914961727569,75075.18993094373,98451.92917637226,237408.59595152142,311332.3362349215,0.040014410457847115,0.04876412278975452,90377.90227660033,110140.29879908651,285800.02134217415,348294.20637662144,0.016461250994676754,0.025736888609735074,37179.93884514999,58130.20801905206,117573.29001644436,183823.8581995891,0.028924210002865512,0.03833307707996069,65329.20003458903,86580.3857823593,206589.0698260522,273791.2197683148,0.03323920327231803,0.04358914961727569,75075.18993094373,98451.92917637226,237408.59595152142,311332.3362349215,0.01952752190348641,0.026632502116375852,44105.52213824673,60153.07100902546,139473.90734783953,190220.71264236342,0.028924210002865512,0.037464381472897795,65329.20003458903,84618.32047176453,206589.0698260522,267586.6244688296,0.03323920327231803,0.044003910728693314,75075.18993094373,99388.72266569093,237408.59595152142,314294.7373583851
2025-05-23,2240689.7393148933,-6595.740267012734,2247285.479581906,0.012404916817697096,-0.27364031366569885,0.019539420217237355,0.02923361313539191,43910.65533364664,65696.27431488111,138857.68440494427,207749.86062224227,0.032194229969114294,0.04221879494041312,72349.62553591118,94877.68483503645,228789.60455375965,300029.58320233197,0.0387564383479467,0.04723107742606253,87096.78113965198,106141.71448459907,275424.20527049614,335649.57252661814,0.015943742566877018,0.02492777290126382,35830.14116073467,56019.82207932551,113304.85495327077,177150.2318880584,0.02801489135820279,0.03712796268988233,62957.45856135375,83437.13143943132,199088.96474954544,263851.37677944644,0.032194229969114294,0.04221879494041312,72349.62553591118,94877.68483503645,228789.60455375965,300029.58320233197,0.01891361612181975,0.025795230131210458,42504.29487695177,57969.246116342925,134410.38215059388,183314.85197051382,0.02801489135820279,0.03628657711520963,62957.45856135375,81546.29785473968,199088.96474954544,257872.03597547993,0.032194229969114294,0.04262051680160902,72349.62553591118,95780.4685405326,228789.60455375965,302884.43594618654
2025-05-27,2290353.972064655,49664.23274976155,2240689.7393148933,0.011891124019127603,1.8053341252400295,0.018730127132618072,0.028022801315702558,41968.4036821208,62790.403374954614,132715.74539689897,198560.6898655802,0.03086079390044005,0.04047015662840763,69149.46423982766,90681.0647057396,218669.80597821926,286758.70511924365,0.03715120558306677,0.04527483799239142,83244.32515315588,101446.86493869555,263241.66976761754,320803.1546897558,0.01528337698494738,0.023895302439005395,34245.30599225299,53541.95899290553,108293.16610493197,169314.5408049166,0.026854557142013874,0.03559017891140476,60172.730641955975,79746.54870716594,190282.8818603867,252180.72945220044,0.03086079390044005,0.04047015662840763,69149.46423982766,90681.0647057396,218669.80597821926,286758.70511924365,0.018130242891582892,0.02472683090906081,40624.24921845656,55405.15630370691,128465.15576463794,175206.48803734966,0.026854557142013874,0.034783642248291884,60172.730641955975,77939.35028174765,190282.8818603867,246465.8662440087,0.03086079390044005,0.04085523978074771,69149.46423982766,91543.91657397104,218669.80597821926,289487.2823061865
2025-05-28,2271961.6688568145,-18392.303207840305,2290353.972064655,0.011328909157849594,-0.7518762513427435,0.01784456275614318,0.02669787733635575,40870.365188289536,61147.58940301732,129243.44279785143,193365.6559423104,0.02940168903081158,0.03855671905445415,67340.27525712909,88308.53463615003,212948.6480752088,279256.1062821028,0.035394688717243425,0.04313423406627544,81066.3658935305,98792.66432566049,256354.35785614734,312409.8353855498,0.014560775685219105,0.02276552748044541,33349.33042698402,52141.1162909852,105459.84259082518,164884.68722322406,0.025584867994546096,0.033907467717126674,58598.404036058506,77660.10336857513,185304.4240047484,245582.80996881225,0.02940168903081158,0.03855671905445415,67340.27525712909,88308.53463615003,212948.6480752088,279256.1062821028,0.01727304116903491,0.02355774110838086,39561.37845113542,53955.56592045091,125104.06328149226,170622.48075198426,0.025584867994546096,0.033139064278210124,58598.404036058506,75900.18750010447,185304.4240047484,240017.46733417164,0.02940168903081158,0.038923595393819684,67340.27525712909,89148.81131727241,212948.6480752088,281913.29445917654
2025-05-29,2276060.688856097,4099.019999282435,2271961.6688568145,0.01147713417874677,0.11739535175124494,0.018078037193141168,0.02704718664504146,41072.60755098457,61450.171307950135,129882.9893033416,194322.50394065064,0.02978637443258168,0.03906118690814977,67673.50096504223,88745.5193953679,214002.40028713632,280637.97342401155,0.03585778524327809,0.043698593145933814,81467.51360282734,99281.52861053075,257622.89829568448,313955.7599924492,0.01475128575553115,0.02306338676588122,33514.355802920305,52399.13068610167,105981.69865050938,165700.60038090273,0.02591961492739757,0.03435110576214172,58888.371586576184,78044.39557443243,186221.38191192423,246798.04862637163,0.02978637443258168,0.03906118690814977,67673.50096504223,88745.5193953679,214002.40028713632,280637.97342401155,0.01749903794000063,0.023865965547241384,39757.14344155255,54222.558913589775,125723.12653733144,171466.78672960878,0.02591961492739757,0.03357264869721371,58888.371586576184,76275.77096206522,186221.38191192423,241205.16652545883,0.02978637443258168,0.0394328633789588,67673.50096504223,89589.954090262,214002.40028713632,283308.31039514625
2025-05-30,2281233.248419436,5172.559563338757,2276060.688856097,0.010955582500125145,0.1656530600463958,0.01725652282401174,0.025818090132182343,39276.89322608112,58763.540011203746,124204.44200965507,185826.62980984032,0.028432801899280376,0.03728614208566925,64714.782676985036,84865.52224029467,204646.11154208143,268368.3450990066,0.03422831156160614,0.04171281217886369,77905.71439129038,94940.89202194948,246359.5002190358,300229.46187746915,0.014080947870846365,0.02201532477626713,32049.09191066537,50108.21527566126,101348.12737778023,158456.08975713156,0.02474175828966272,0.03279009962648719,56313.74341628078,74632.25674352248,178079.69276575887,236007.91822799202,0.028432801899280376,0.03728614208566925,64714.782676985036,84865.52224029467,204646.11154208143,268368.3450990066,0.016703834845767273,0.02278143223088969,38018.94184559554,51851.92233656728,120226.45046156755,163970.17564171253,0.02474175828966272,0.03204701773297609,56313.74341628078,72940.95725710111,178079.69276575887,230659.55964542748,0.028432801899280376,0.03764092858340351,64714.782676985036,85673.03784072454,204646.11154208143,270921.93364248343
2025-06-02,2283404.7172937947,2171.4688743590377,2281233.248419436,0.010486346777164512,0.04732269720875861,0.016517413154305056,0.024712282185548835,37680.07206548125,56374.479765997334,119154.85012620596,178271.7579676277,0.027215003908634707,0.03568914896934869,62083.771772242406,81415.27323667248,196326.1245343544,257457.69975283396,0.03276228759426816,0.03992622149970568,74738.41975432415,91081.02396888752,236343.63514538636,288023.4873620737,0.013477850431338052,0.021072392089895885,30746.120521192603,48071.04145920122,97227.77006101194,152013.98050746,0.02368205043403437,0.031385675342884736,54024.28084086515,71598.04611628674,170839.77640973046,226412.90174523898,0.027215003908634707,0.03568914896934869,62083.771772242406,81415.27323667248,196326.1245343544,257457.69975283396,0.01598839721203314,0.021805686594104232,36473.26330902662,49743.85726308455,115338.5857555739,157303.88855365687,0.02368205043403437,0.030674420197930055,54024.28084086515,69975.50723150674,170839.77640973046,221281.98327714464,0.027215003908634707,0.036028739698281145,62083.771772242406,82189.95889836819,196326.1245343544,259907.47091446703
2025-06-03,2301960.1087448657,18555.391451071016,2283404.7172937947,0.010065345863319553,0.7588578021029679,0.015854279826742385,0.023720145113945747,36201.73734567941,54162.69124807708,114479.94526752533,171277.46854839154,0.026122388743477307,0.034256317817592,59647.98568383841,78221.03770180505,188623.49260204553,247356.64007960667,0.03144696269514558,0.038323282354649345,71806.14296265741,87507.56371078835,227070.96175366844,276723.2138183872,0.012936748037069026,0.020226387612334227,29539.831494284655,46185.02888781675,93413.14921951469,146049.88508617415,0.022731274621797994,0.030125618024375134,51904.69970151426,68788.97830824915,164137.07232384692,217529.84936998354,0.026122388743477307,0.034256317817592,59647.98568383841,78221.03770180505,188623.49260204553,247356.64007960667,0.01534650256748065,0.020930242153994177,35042.27635654665,47792.21366853174,110813.40768375408,151132.2496139918,0.022731274621797994,0.02944291801614881,51904.69970151426,67230.09788896865,164137.07232384692,212600.2366452189,0.026122388743477307,0.03458227481780539,59647.98568383841,78965.32945372723,188623.49260204553,249710.29725935776
2025-06-04,2298558.8897148804,-3401.2190299853683,2301960.1087448657,0.009688684896291409,-0.1995950054200584,0.015260987906905058,0.02283250022642867,35130.18538173325,52559.504704146915,111091.40043022884,166207.74755543863,0.025144848146381692,0.03297439288712148,57882.43737341794,75905.73703623409,183040.33862205484,240035.01650829864,0.030270168222337957,0.03688916525749137,69680.71973281847,84917.38686764216,220349.78335554583,268532.35545142053,0.012452634714783762,0.019469484588732086,28665.46836220372,44817.9768610842,90648.17022006029,141726.8870017499,0.02188063481298322,0.028998270333449455,50368.348493501544,66752.86153020032,159278.70322057558,211091.0827692657,0.025144848146381692,0.03297439288712148,57882.43737341794,75905.73703623409,183040.33862205484,240035.01650829864,0.014772212465971832,0.02014699979382985,34005.04381457078,46377.589836287356,107533.39038786411,146658.8162717436,0.02188063481298322,0.028341118026095062,50368.348493501544,65240.12313330086,159278.70322057558,206307.3839310716,0.025144848146381692,0.03328815206715292,57882.43737341794,76627.99815241895,183040.33862205484,242319.0067008183
2025-06-05,2299081.931757902,523.0420430214144,2298558.8897148804,0.009392812217696472,-0.02423795013049728,0.014794948457965059,0.0221352422318376,34007.06030092905,50879.15780798256,107539.76707762691,160894.02410436483,0.02437697576188701,0.03196742217303738,56031.91434184956,73479.00241710365,177188.47097969908,232361.00783506522,0.02934577901479023,0.035762645378612554,67453.00123005446,82202.54645473068,213305.11890111145,259947.27626274826,0.012072356645255704,0.018874926233517542,27749.02268676101,43385.12948676435,87750.11453384989,137195.82575950734,0.02121244484697937,0.028112722293646662,48758.05367561103,64618.747742147236,154186.5038916755,204342.42241304813,0.02437697576188701,0.03196742217303738,56031.91434184956,73479.00241710365,177188.47097969908,232361.00783506522,0.014321099222238044,0.01953175150590857,32917.88992776412,44894.881055608144,104095.50793845019,141970.07941806622,0.02121244484697937,0.02747563807762799,48758.05367561103,63154.372153920485,154186.5038916755,199711.66020430272,0.02437697576188701,0.032271599787559835,56031.91434184956,74178.1725770165,177188.47097969908,234571.978012414
2025-06-06,2322219.625620006,23137.693862104323,2299081.931757902,0.009089964250840415,1.0515323583883738,0.014317921987469548,0.02142154616825097,32918.075741710425,49249.889745743516,104096.09553374154,155741.82610872047,0.023591000552707606,0.030936711818528886,54237.64312282073,71126.0351699809,171514.48718748114,224920.27207438106,0.028399597050916593,0.034609567451439525,65293.00044896733,79570.23119356099,206474.59668513335,251623.16451783106,0.011683113404739442,0.018266350984497956,26860.434935514993,41995.837507607415,84940.15333898536,132802.49877036826,0.02052850209958253,0.02720629718984449,47196.708263204346,62549.50629920725,149249.09617421546,197798.9064245444,0.023591000552707606,0.030936711818528886,54237.64312282073,71126.0351699809,171514.48718748114,224920.27207438106,0.013859350846769902,0.01890199855273468,31863.783117702256,43457.24334670632,100762.1295215602,137423.86980779032,0.02052850209958253,0.02658975417650991,47196.708263204346,61132.02339709814,149249.09617421546,193316.43190953415,0.023591000552707606,0.031231081979225354,54237.64312282073,71802.81628768683,171514.48718748114,227060.4418837263
2025-06-09,2322338.264827569,118.63920756289735,2322219.625620006,0.00882062596436395,-0.04581323193812204,0.013893677791607918,0.020786819520332664,32264.171239712734,48271.560244337554,102028.26793519071,152648.07658214073,0.022891992339936676,0.030020048042909708,53160.2338813438,69713.14472730037,168107.42001229967,220452.32019122702,0.027558108724314127,0.033584075894396215,63995.98092457218,77989.60015027865,202373.06081833635,246624.7702806907,0.011336939354071223,0.017725113688225037,26326.863062487988,41161.60687314199,83252.85092481786,130164.42987157013,0.019920236607348183,0.026400166685447323,46259.16439657804,61306.98519658524,146284.3221493552,193869.70969943507,0.022891992339936676,0.030020048042909708,53160.2338813438,69713.14472730037,168107.42001229967,220452.32019122702,0.013112272287975247,0.01831246668736653,30449.57604360946,42525.56953491514,96290.01408430446,134477.65852619917,0.019920236607348183,0.0258018920210488,46259.16439657804,59917.66002940777,146284.3221493552,189476.27776056004,0.022891992339936676,0.03030569593006539,53160.2338813438,70376.48185687019,168107.42001229967,222549.97637722586
2025-06-10,2337537.616268845,15199.351441275794,2322338.264827569,0.008584164968856656,0.7069219801152168,0.013521219771606375,0.020229571989707693,31400.846062744567,46979.90911278215,99298.19401460336,148563.51706409187,0.022278309896115116,0.029215278577105114,51737.77154743484,67847.75935720834,163609.1991513484,214553.45370778008,0.026819338273149276,0.03268376291760012,62283.5755090891,75902.75326209511,196957.95942780288,240025.58098599597,0.011033021698283536,0.01724994355346013,25622.408466596706,40060.2039803161,81025.16989362791,126681.488108742,0.019386220201035906,0.025692438036571386,45021.36098323889,59666.531969041025,142370.04406767266,188682.14110542086,0.022278309896115116,0.029215278577105114,51737.77154743484,67847.75935720834,163609.1991513484,214553.45370778008,0.012748572499793848,0.017740630096065354,29606.49773819971,41199.74411424416,93623.9663933346,130285.03041712799,0.019386220201035906,0.025110201760298823,45021.36098323889,58314.38238548254,142370.04406767266,184406.2686841279,0.022278309896115116,0.029493268891653796,51737.77154743484,68493.3469019362,163609.1991513484,216594.9807781559
2025-06-11,2341416.1868134835,3878.570544638671,2337537.616268845,0.008373519080662105,0.14363029110380718,0.01318942403391995,0.01973316072838787,30830.77481620825,46127.00549048576,97495.47044697723,145866.3989930273,0.021731624878694525,0.028498368041595543,50798.490616592324,66616.00729950347,160638.93204712294,210658.31169283352,0.026161221455516623,0.03188173962304605,61152.839239809684,74524.76564095904,193382.25738391842,235668.0015156888,0.010762283581817184,0.016826649069452974,25157.242709450264,39332.92515560148,79554.1866115284,124381.63052863344,0.01891050385730326,0.025061974100972308,44204.014109043455,58583.307198978335,139785.36630679597,185256.6836141106,0.021731624878694525,0.028498368041595543,50798.490616592324,66616.00729950347,160638.93204712294,210658.31169283352,0.012160221816064474,0.01721184344198193,28424.975917223754,40233.33149096299,89887.66633386086,127228.96536802124,0.01891050385730326,0.02449402525719895,44204.014109043455,57255.70541254171,139785.36630679597,181058.43814326244,0.021731624878694525,0.02876953678212624,50798.490616592324,67249.87443085022,160638.93204712294,212662.77556180637
2025-06-12,2348377.9052883936,6961.718474910129,2341416.1868134835,0.008188040397099125,0.3069957519465662,0.01289727004427717,0.019296058879191544,30197.876847375217,45180.10460144513,95494.07133897058,142872.03546522054,0.021250255798937672,0.02786711136956435,49755.692901559756,65248.505640432035,157341.31612880083,206333.89174610874,0.02558173404177502,0.03117553915487769,59897.48617216955,72994.91200986817,189412.4824224962,230830.17955476267,0.010523892270869207,0.016453928270931593,24640.81171129447,38525.49399022722,77921.08840304188,121828.30899224672,0.018491624372205348,0.024506835703488623,43296.588625556324,57380.701803726864,136915.83497209713,181453.7114387089,0.021250255798937672,0.02786711136956435,49755.692901559756,65248.505640432035,157341.31612880083,206333.89174610874,0.011890865299103015,0.016830590347248618,27841.464486538553,39407.416672674684,88042.44117215216,124617.19338894609,0.018491624372205348,0.02395146728174087,43296.588625556324,56080.35319140162,136915.83497209713,177341.64807152183,0.021250255798937672,0.028132273552931623,49755.692901559756,65869.36066869897,157341.31612880083,208297.20773220045
2025-06-13,2318701.5918263085,-29676.31346208509,2348377.9052883936,0.008025109464102233,-1.641429974989812,0.012640631808567997,0.0189120933973574,29684.98044812675,44412.742277104626,93872.15051364635,140445.42272970369,0.02082740444063585,0.02731259353194108,48910.61641289461,64140.291186533126,154668.94962756152,202829.40993586852,0.025072692122956278,0.030555188077593696,58880.15620764887,71755.12857335238,186195.40260267255,226909.640090022,0.010314481043848517,0.016126517345407022,24222.299387889823,37871.15702320389,76597.6362322342,119759.11381920648,0.01812366604939848,0.024019182808250644,42561.216913232776,56406.11820997864,134590.3854342966,178371.80751223228,0.02082740444063585,0.02731259353194108,48910.61641289461,64140.291186533126,154668.94962756152,202829.40993586852,0.011654253157080656,0.0164956843556835,27368.59061672572,38738.10067349854,86547.08269756568,122500.6303571581,0.01812366604939848,0.023474865467191797,42561.216913232776,55127.85539277072,134590.3854342966,174329.58556155176,0.02082740444063585,0.027572479346380463,48910.61641289461,64750.60129106045,154668.94962756152,204759.37994519027
2025-06-16,2345215.9596387343,26514.36781242583,2318701.5918263085,0.009852083121750618,1.1078806462583926,0.015518362191385837,0.023217566936692254,35982.45111570354,53834.609414442195,113786.50132129008,170239.9826951809,0.025568912259369074,0.0335305011041833,59286.67755706629,77747.2262850036,187480.93598431675,245858.31682112275,0.03078067009383292,0.03751129552659041,71371.18874405084,86977.50064897227,225695.5157449729,275047.00723952573,0.013182946360570219,0.019911881934968036,30567.318711215008,46169.7123388679,96662.34909172212,146001.44990560235,0.022249648455044273,0.029487321836784625,51590.29529028692,68372.30008164718,163142.8382779643,216212.19712252152,0.025568912259369074,0.0335305011041833,59286.67755706629,77747.2262850036,187480.93598431675,245858.31682112275,0.014307427373930271,0.020221167048188948,33174.65462687142,46886.85222322141,104907.46921035707,148269.24534110917,0.022249648455044273,0.028819086753797882,51590.29529028692,66822.86233101164,163142.8382779643,211312.44473786524,0.025568912259369074,0.03384955178598071,59286.67755706629,78487.00960876053,187480.93598431675,248197.7170992044
2025-06-17,2325947.851772695,-19268.1078660395,2345215.9596387343,0.009498306753095136,-0.9164839789919804,0.01496111660629444,0.022383852237133465,35087.04943909782,52494.96750472059,110954.99260248251,166003.66301144293,0.02465076359803471,0.032326461433258485,57811.36420739256,75812.53327192384,182815.58553689535,239740.28032657673,0.029675373522944512,0.03616431035087037,69595.1595942502,84813.11780418947,220079.21844075047,268202.6277214174,0.012709562728500962,0.019196870378833504,29806.669350910073,45020.80678755641,94256.96461240845,142368.29154704657,0.021450690535484224,0.028428467834856606,50306.501789089154,66670.89647438213,159083.12676885724,210831.88650433737,0.02465076359803471,0.032326461433258485,57811.36420739256,75812.53327192384,182815.58553689535,239740.28032657673,0.013793664991031124,0.019495049438351633,32349.12327887627,45720.10107676839,102296.90987082332,144579.65425570495,0.021450690535484224,0.027784228264102737,50306.501789089154,65160.015551219345,159083.12676885724,206054.06151384514,0.02465076359803471,0.032634055391616956,57811.36420739256,76533.90753215457,182815.58553689535,242021.46603432487
2025-06-18,2325498.5157473907,-449.336025304161,2325947.851772695,0.00997930008830457,-0.06497364500772364,0.015718746104054538,0.023517368349241088,36560.98373328607,54700.172391264474,115615.98209355006,172977.1331602548,0.025899075882180968,0.03396347031331338,60239.89991105683,78997.26081399695,190495.28973951418,249811.2730865975,0.031178131567659747,0.03799566752887958,72518.70814208464,88375.941265467,229324.290701985,279469.2647601391,0.013353173755681477,0.02016899803791226,31058.78581137486,46912.03765868972,98216.50452326535,148348.88868105222,0.022536951429284673,0.029868082696139747,52419.77376245025,69471.60278365544,165765.879520077,219688.497498845,0.025899075882180968,0.03396347031331338,60239.89991105683,78997.26081399695,190495.28973951418,249811.2730865975,0.0144921748519214,0.020482276856161646,33708.04296434085,47640.707853002765,106594.191234131,150653.14615815892,0.022536951429284673,0.02919121889583993,52419.77376245025,67897.25288140538,165765.879520077,214709.96597367138,0.025899075882180968,0.03428664079996969,60239.89991105683,79748.93851319153,190495.28973951418,252188.28668240728
2025-06-20,2324923.260249242,-575.2554981485009,2325498.5157473907,0.009616238292600075,-0.07306267259050912,0.015146874716656402,0.022661771472950527,35224.034671796144,52699.91592455301,111388.17794361738,166651.76682096583,0.024956828939643225,0.032727828694041984,58037.06865690184,76108.5170516295,183529.32567537916,240676.26322091217,0.03004382471913319,0.03661332857124136,69866.869791719,85144.24124899332,220938.441528246,269249.7319936786,0.0128673654124918,0.01943521985904111,29923.039168328993,45196.57493542431,94624.95828635019,142924.1192344184,0.021717023580315537,0.028781437376131824,50502.906102474866,66931.18989927103,159704.21174143758,211655.00658695228,0.024956828939643225,0.032727828694041984,58037.06865690184,76108.5170516295,183529.32567537916,240676.26322091217,0.013964927952956164,0.019737101127431954,32475.419227118808,45898.59937699916,102696.29272652046,145144.11544290275,0.021717023580315537,0.028129198888690594,50502.906102474866,65414.41026481313,159704.21174143758,206858.5282335077,0.024956828939643225,0.033039241757215086,58037.06865690184,76832.70766782289,183529.32567537916,242966.3550282041
2025-06-23,2346259.5154275065,21336.255178264342,2324923.260249242,0.00929347744858411,0.9340038331945187,0.014638482773882461,0.02190114842421275,34033.349095757185,50918.48939762326,107622.89954622467,161018.40151162454,0.024119174242720844,0.03162934701225716,56075.22921490609,73535.80457529155,177325.4446351188,232540.63203095217,0.029035429343648667,0.03538443339702532,67505.14505237217,82266.09225548428,213470.01214554254,260148.22572886889,0.012435483257076248,0.018782893265786124,28911.544276816578,43668.78544840501,91426.33058754604,138092.8246701772,0.02098811018954701,0.027815412956098316,48795.74556835198,64668.70057507111,154305.6961220597,204500.3871406654,0.024119174242720844,0.03162934701225716,56075.22921490609,73535.80457529155,177325.4446351188,232540.63203095217,0.013496207046134754,0.019074642146645195,31377.645686698404,44347.07920766595,99224.82798372507,140237.77787211968,0.02098811018954701,0.02718506629769675,48795.74556835198,63203.192966932926,154305.6961220597,199866.04517064322,0.024119174242720844,0.03193030776132895,56075.22921490609,74235.51522123058,177325.4446351188,234753.3113751872
2025-06-24,2374649.763148717,28390.247721210588,2346259.5154275065,0.009001153742592553,1.2856579840479803,0.014178033436351994,0.021212253991718867,33265.345860090216,49769.4527717355,105194.26007113798,157384.82865886443,0.02336051243511486,0.030634454843220405,54809.82458615083,71876.38117584014,173323.88384653238,227293.0744861063,0.028122128121608844,0.03427142604727318,65981.81069939623,80409.6594706848,208652.80595215966,254277.6698058933,0.012044328646585604,0.01819208266780754,28259.120693987577,42683.34706478726,89363.18606659886,134976.59488419033,0.020327935116619678,0.02694048700464502,47694.611196361875,63209.37398489946,150823.60349667183,199885.5912656759,0.02336051243511486,0.030634454843220405,54809.82458615083,71876.38117584014,173323.88384653238,227293.0744861063,0.013071687668713059,0.01847465467009307,30669.571575414415,43346.33431394309,96985.70103986813,137073.14465117228,0.020327935116619678,0.026329967722192094,47694.611196361875,61776.93730909231,150823.60349667183,195355.8287661651,0.02336051243511486,0.030925948957008113,54809.82458615083,72560.30201400566,173323.88384653238,229455.8220739608
2025-06-25,2361570.9715429647,-13078.791605752427,2374649.763148717,0.008741954516639724,-0.6838383514584815,0.013769759630867889,0.020601421205989255,32698.356446055197,48921.159987329345,103401.28211358307,154702.29133745478,0.022687817921255883,0.029752298265305694,53875.6214530715,70651.28802883816,170369.6741487363,223418.98979571657,0.027312317062969174,0.033284538437330605,64857.187244622415,79039.12131672149,205096.43432502705,249943.64761920672,0.011697497478982717,0.01766821940751759,27777.459617899025,41955.833031321214,87840.04000591137,132675.99350870165,0.019742567373980772,0.02616470274652779,46881.68293857103,62132.0051798988,148252.89862774024,196478.65196186,0.022687817921255883,0.029752298265305694,53875.6214530715,70651.28802883816,170369.6741487363,223418.98979571657,0.01269527244211882,0.017942654403552274,30146.82569778589,42607.52002965469,95332.63342909834,134736.8087449538,0.019742567373980772,0.025571764113174578,46881.68293857103,60723.98359464487,148252.89862774024,192026.09675777666,0.022687817921255883,0.030035398449734536,53875.6214530715,71323.55181473946,170369.6741487363,225544.87454761247
2025-06-26,2386688.513839524,25117.542296559084,2361570.9715429647,0.008925329760033998,1.134366359630038,0.014058600418015068,0.021033566056517298,33200.382647706174,49672.25902710268,104988.82835588315,157077.47505150392,0.023163727985244006,0.030376396105846356,54702.78760266965,71736.01526365751,172985.403184858,226849.19849776203,0.027885232739841025,0.03398273016614753,65852.95617312806,80252.62909415143,208245.33216233022,253781.096154214,0.011942869545747586,0.018038836073164845,28203.934036162012,42599.99163080818,89188.67053141772,134713.00185746464,0.020156696513012617,0.026713545539675577,47601.46936733189,63085.933693488885,150529.06317150308,199495.23878978356,0.023163727985244006,0.030376396105846356,54702.78760266965,71736.01526365751,172985.403184858,226849.19849776203,0.012961574293678328,0.018319027743419,30609.677597448244,43261.684145748535,96796.2996513671,136805.45731536116,0.020156696513012617,0.026108169153872145,47601.46936733189,61656.2943939179,150529.06317150308,194974.32237065147,0.023163727985244006,0.0306654347294567,54702.78760266965,72418.60048683043,172985.403184858,229007.7225001628
2025-06-27,2397039.9221939067,10351.408354382962,2386688.513839524,0.00867484113085902,0.44641457131547674,0.013664046979485985,0.020443260793875852,32611.823978502838,48791.69572216936,103127.642424563,154292.88938394925,0.022513639907200407,0.029523885103518905,53733.045771234334,70464.31746048639,169918.81025517936,222827.7369443088,0.027102636027895966,0.03302900770167816,64685.55010255256,78829.95330511243,204553.6700250044,249282.20028887354,0.011607693916234655,0.01753257765567619,27703.94974204217,41844.80170880185,87607.5813676875,132324.88163791972,0.019591000520372753,0.025963832130474745,46757.61591659778,61967.579921061646,147860.5642557906,195958.6936390719,0.022513639907200407,0.029523885103518905,53733.045771234334,70464.31746048639,169918.81025517936,222827.7369443088,0.012597808801078674,0.01780490577026628,30067.045565080934,42494.76409188959,95080.3464977202,134380.24316190789,0.019591000520372753,0.025375445582032155,46757.61591659778,60563.28450419603,147860.5642557906,191517.9216140409,0.022513639907200407,0.029804811882463193,53733.045771234334,71134.80217702266,169918.81025517936,224947.9957848958
2025-06-30,2407113.523897716,10073.601703809109,2397039.9221939067,0.008453498357891566,0.44224561519523836,0.013315402202852766,0.019921641093370142,31917.55066030677,47752.9690164269,100932.15742038061,151008.14712735958,0.02193919348086487,0.028770568875704797,52589.1226343694,68964.20217929386,166301.40767452164,218083.95590291644,0.026411099142937693,0.03218625657312476,63308.459034642925,77151.74195175609,200198.92570493632,243975.23001711385,0.011311517983970358,0.017085225445182126,27114.160188191283,40953.96747178472,85742.50303734416,129507.81643128731,0.019091126653523416,0.025301352378519715,45762.19274815579,60648.35173680751,144712.75980781246,191786.92782334052,0.02193919348086487,0.028770568875704797,52589.1226343694,68964.20217929386,166301.40767452164,218083.95590291644,0.01227636960798207,0.017350604976030904,29426.94804994098,41590.09280176233,93056.18042526382,131519.42135134275,0.019091126653523416,0.024727978797835774,45762.19274815579,59273.95237357684,144712.75980781246,187440.69542084652,0.02193919348086487,0.02904432767182215,52589.1226343694,69620.4129426389,166301.40767452164,220159.0765402045
2025-07-01,2419440.8917013034,12327.367803587578,2407113.523897716,0.008258410491781255,0.5634215510253303,0.013008112452245544,0.01946189410037606,31312.003404182527,46846.98848968038,99017.24886016265,148143.18514708147,0.021432885883801506,0.028106608388446728,51591.38946705505,67655.7971627271,163146.29836871443,213946.41594857516,0.025801589948603543,0.03144346964076934,62107.35610334696,75688.00101056314,196400.70473773635,239346.47473850555,0.011050473406620777,0.016690936591857563,26599.743982548935,40176.97919677959,84115.77616221277,127050.76376702583,0.018650546079328274,0.024717453661532027,44893.98169562861,59497.71698498886,141967.2353920945,188148.30125265103,0.021432885883801506,0.028106608388446728,51591.38946705505,67655.7971627271,163146.29836871443,213946.41594857516,0.011993058409587275,0.01695019175570574,28868.65309061276,40801.03580781886,91290.69674759558,129024.20404679568,0.018650546079328274,0.024157312262792642,44893.98169562861,58149.3930487883,141967.2353920945,183884.5265905337,0.021432885883801506,0.02837404944283133,51591.38946705505,68299.55814158174,163146.29836871443,215982.16691049532
2025-07-02,2427468.205483817,8027.313782513607,2419440.8917013034,0.008086880778939699,0.3533077536253686,0.012737929976360515,0.01905766460491655,30818.668660434447,46108.893045463665,97457.1874210232,145809.1224127629,0.02098771828591169,0.02752282553209461,50778.54384444193,66589.84954751038,160575.85481515928,210575.59361806556,0.02526568303054176,0.030790379155186072,61128.82668085645,74495.50239904462,193306.32300517714,235575.46301951873,0.01082095169271623,0.01634426073171387,26180.653012482086,39543.972758936405,82790.49414999208,125049.02164989155,0.018263168530524038,0.02420406458587921,44186.65675478226,58560.303604455534,139730.4775331762,185183.93986104758,0.02098771828591169,0.02752282553209461,50778.54384444193,66589.84954751038,160575.85481515928,210575.59361806556,0.011743958916756808,0.01659813108648144,28413.814433661566,40158.197076451776,89852.37062373782,126991.36948750258,0.018263168530524038,0.02365555749538499,44186.65675478226,57233.22312032571,139730.4775331762,180987.34289283838,0.02098771828591169,0.02778471175394742,50778.54384444193,67223.46778163423,160575.85481515928,212579.27040491073
2025-07-03,2450500.831185902,23032.625702084973,2427468.205483817,0.007936408653649203,1.132554118763731,0.012500916046300352,0.01870305973629485,30345.57624181657,45401.08285512029,95961.13783443287,143570.8300602005,0.020597201019513536,0.027010709901232454,49999.05059682797,65567.63949278872,158110.88073197758,207343.08159801972,0.024795565920317703,0.03021746434209191,60190.4479085493,73351.93394076907,190338.90877673402,231959.18203104075,0.01061960686726645,0.016040144012816795,25778.75802502691,38936.93960249438,81519.59060942892,123129.41426029343,0.017923346804638925,0.023753700948963674,43508.35450412096,57661.35381618009,137585.497479068,182341.21102797103,0.020597201019513536,0.027010709901232454,49999.05059682797,65567.63949278872,158110.88073197758,207343.08159801972,0.011525439749004175,0.016289290616502288,27977.63854492702,39541.735061445186,88473.06135488849,125041.94542910486,0.017923346804638925,0.023215399898338186,43508.35450412096,56354.64513080819,137585.497479068,178209.03534387148,0.020597201019513536,0.027267723221225604,49999.05059682797,66191.53115545792,158110.88073197758,209316.00026524387
2025-07-07,2439507.555507165,-10993.275678737087,2450500.831185902,0.007804689658415258,-0.6344154784819137,0.012293440830118602,0.018392648775396,30125.086972340338,45071.201111818256,95263.88954326134,142527.6523928591,0.020255353372634306,0.026562418523606624,49635.76027560453,65091.228670405835,156962.0558650173,205836.5382973359,0.024384038846572635,0.029715951099092787,59753.10746119556,72818.96286780649,188955.91685017926,230273.77951349522,0.01044335536518526,0.01577392893431217,25591.45100275623,38654.02596459932,80927.2737973097,122234.76278342093,0.01762587658411909,0.02335946550083734,43192.225219763954,57242.389625860305,136585.80890542082,181016.32992851225,0.020255353372634306,0.026562418523606624,49635.76027560453,65091.228670405835,156962.0558650173,205836.5382973359,0.011334154318827875,0.016018940501391615,27774.35457907699,39254.42701337766,87830.2210110105,124133.39760711434,0.01762587658411909,0.022830098525637665,43192.225219763954,55945.17541313113,136585.80890542082,176914.17840314587,0.020255353372634306,0.026815166244668495,49635.76027560453,65710.58717094829,156962.0558650173,207795.1218472367
2025-07-08,2440301.944917928,794.3894107630476,2439507.555507165,0.00800411254558111,-0.01619250670471998,0.012607558824663261,0.018862611744066008,30756.235009267057,46015.48386624721,97259.75488069383,145513.73665207205,0.020772911562251743,0.027241132786943647,50675.674705995276,66454.94925432297,160250.5540367287,210149.00143456884,0.025007091862179046,0.030475243399289597,61004.98953904752,74344.58652848683,192914.71557813566,235098.22513348897,0.010710200578739481,0.0161769792268549,26127.615232832173,39463.86304919499,82622.77396426024,124795.6925044137,0.018076247239593394,0.02395633895214815,44097.141716203616,58441.66987605601,139447.40612642982,184808.78707198726,0.020772911562251743,0.027241132786943647,50675.674705995276,66454.94925432297,160250.5540367287,210149.00143456884,0.01162376093699838,0.01642825124966475,28356.252629216593,40076.84304732718,89670.34421546251,126734.10545863719,0.018076247239593394,0.023413445764480727,44097.141716203616,57117.27784290796,139447.40612642982,180620.69173225822,0.020772911562251743,0.02750033863542182,50675.674705995276,67087.28388011712,160250.5540367287,212148.6190954686
2025-07-09,2452931.602519608,12629.65760168014,2440301.944917928,0.007864137345656474,0.598528882325443,0.012387078970464042,0.01853274408729073,30228.212903475367,45225.4914408818,95590.0023714737,143015.56125363678,0.020409636754159712,0.02676474230813521,49805.67626624437,65314.0527097695,157499.37740632304,206541.1697791641,0.024569770090026463,0.029942295085122955,59957.65773687791,73068.24093153205,189602.76161735083,231062.0659655846,0.010522901554805881,0.01589407766986645,25679.05713037268,38786.348650451706,81204.30869756505,122653.2038568254,0.01776013145450912,0.023537392652331242,43340.083330436675,57438.34506778088,137053.37730567588,181635.9954448861,0.020409636754159712,0.02676474230813521,49805.67626624437,65314.0527097695,157499.37740632304,206541.1697791641,0.011420485651728839,0.016140955470152818,27869.433347821174,39388.80502664759,88130.88647736656,124558.33819649565,0.01776013145450912,0.02300399353187598,43340.083330436675,56136.690156716395,137053.37730567588,177519.80119837844,0.020409636754159712,0.027019415188060558,49805.67626624437,65935.53143396918,157499.37740632304,208506.4580649707
2025-07-10,2467254.6088346173,14323.006315009205,2452931.602519608,0.007741522823243605,0.6932702666981818,0.01219394452922837,0.01824378886367448,29910.911895115354,44750.76625340242,94586.60848118793,141514.3483985515,0.020091417761632372,0.026347437020680115,49282.87356693181,64628.460913421324,155846.1301096112,204373.13815757754,0.02418668794217378,0.029475446650203983,59328.29121363801,72301.25458666607,187612.52992085143,228636.6421815607,0.01035883263130815,0.015646263490507014,25409.50792654711,38379.214177213405,80351.91927199128,121365.73160741951,0.017483222501807887,0.023170406925600035,42885.14898856649,56835.42339104352,135614.7485995364,179729.3896957083,0.020091417761632372,0.026347437020680115,49282.87356693181,64628.460913421324,155846.1301096112,204373.13815757754,0.01124242195162279,0.015889292069671476,27576.89209399571,38975.346659361356,87205.78980571663,123250.8680382167,0.017483222501807887,0.022645324353487636,42885.14898856649,55547.43175597674,135614.7485995364,175656.40252165287,0.020091417761632372,0.026598139141681625,49282.87356693181,65243.41606884462,155846.1301096112,206317.79710757802
2025-07-11,2463427.7872093986,-3826.821625218727,2467254.6088346173,0.007634505125321322,-0.262942698226457,0.012025377194105114,0.01799158935071708,29669.66730513054,44389.83174581653,93823.72610364248,140372.97326842876,0.019813676892563425,0.025983213841276744,48885.38563113707,64107.20410222547,154589.16289006104,202724.7793883223,0.023852334647216807,0.0290679823156334,58849.78258981129,71718.11333776965,186099.35278952628,226792.58763745287,0.01021563361908844,0.015429971794664937,25204.569128861815,38069.66902457522,79703.84589036931,120386.86388641836,0.017241536948832584,0.02285010255322833,42539.26150039954,56377.02083679625,134520.9563227743,178279.79353904803,0.019813676892563425,0.025983213841276744,48885.38563113707,64107.20410222547,154589.16289006104,202724.7793883223,0.01108700832773974,0.015669640781709685,27354.47239480366,38660.9934374561,86502.43695978024,122256.79586718374,0.017241536948832584,0.022332278647061846,42539.26150039954,55099.417417742254,134520.9563227743,174239.65678841883,0.019813676892563425,0.02623045029222,48885.38563113707,64717.19937528713,154589.16289006104,204653.7538131335
2025-07-14,2474258.635387443,10830.848178044427,2463427.7872093986,0.007594859270851478,0.5176964413958932,0.011962929616121151,0.017898159335101013,29469.813232783108,44090.82304598913,93191.73203536452,139427.42473676856,0.019710784807523137,0.025848283456438376,48556.095002557355,63675.379718255295,153547.85449160062,201359.23078577744,0.023728469881568393,0.028917032780896003,58453.37205421689,71235.02207610429,184845.79260856073,225264.91893286593,0.010162584008520187,0.015349844215181607,25034.791836438504,37813.23276901381,79166.9629513352,119575.94124419929,0.017152001942504186,0.02273144236169324,42252.71819143439,55997.26675714396,133614.82681816307,177078.90569660577,0.019710784807523137,0.025848283456438376,48556.095002557355,63675.379718255295,153547.85449160062,201359.23078577744,0.011029433683220917,0.015588268605277985,27170.21341242971,38400.57403672568,85919.75889613375,121433.27741397951,0.017152001942504186,0.022216307506210183,42252.71819143439,54728.269239986905,133614.82681816307,173065.9831972909,0.019710784807523137,0.02609423601272274,48556.095002557355,64281.26607974138,153547.85449160062,203275.2116913056
2025-07-15,2448839.3389581707,-25419.296429272275,2474258.635387443,0.0075067557497778435,-1.436282987516988,0.011824154665335504,0.017690533255153577,29256.016786863092,43770.95467117247,92515.64831060826,138415.91212089147,0.019482131519458618,0.025548432635638867,48203.832147774374,63213.430069343834,152433.90153541326,199898.41773090212,0.02345320977842477,0.028581583193728992,58029.30682182071,70718.22903012857,183504.78059770018,223630.67582864655,0.01004469381432086,0.015171779648734722,24853.17040990622,37538.90681007735,78592.62557160425,118708.44639265025,0.016953031598129782,0.02246774819176519,41946.184827668796,55591.01998118563,132645.48320983085,175794.24059247732,0.019482131519458618,0.025548432635638867,48203.832147774374,63213.430069343834,152433.90153541326,199898.41773090212,0.010901487672862392,0.015407438216907586,26973.100013149535,38121.9870573821,85296.4315970702,120552.30803278752,0.016953031598129782,0.02195858911449964,41946.184827668796,54331.22873747544,132645.48320983085,171810.43088601684,0.019482131519458618,0.02579153204014609,48203.832147774374,63814.92087020338,152433.90153541326,201800.49865325703
2025-07-16,2457990.1659473595,9150.82698918879,2448839.3389581707,0.008866240595127929,0.36933899665117026,0.013965526998793248,0.020894315643737983,34199.33190392734,51166.82210899469,108147.78327247317,161803.69849708345,0.023010375069490874,0.030175292513373194,56348.7116743516,73894.44337131825,178190.27210707124,233674.7474836971,0.02770062162068812,0.033757751235314354,67834.3719383363,82667.30921980158,214511.11897215372,261416.98517201006,0.012134046584657918,0.017930221680936203,29714.330617261345,43908.23220851727,93964.96389782285,138850.02181047987,0.020023251318690247,0.026536691446879156,49033.725523054745,64984.0939409125,155058.2548163841,205497.74853563093,0.023010375069490874,0.030175292513373194,56348.7116743516,73894.44337131825,178190.27210707124,233674.7474836971,0.012875763615364688,0.01819774863325136,31530.67646043133,44563.362733578215,99708.75378081898,140921.7264343745,0.020023251318690247,0.02593532288891545,49033.725523054745,63511.438958958424,155058.2548163841,200840.8045850619,0.023010375069490874,0.030462417588537277,56348.7116743516,74597.56655058138,178190.27210707124,235898.21820582746
2025-07-17,2476848.5814174525,18858.415470093023,2457990.1659473595,0.008622575451757548,0.8336047346280144,0.013581721472438166,0.020320090710144924,33383.73781588911,49946.58313669452,105568.64830810446,157944.96405491178,0.022377995846283836,0.029346004508200563,55004.89372377653,72132.19049100386,173940.7466226344,228102.01456871151,0.026939343391630968,0.03283000883915893,66216.6411337079,80695.83887461753,209395.40498851112,255182.6485417501,0.011800574447398498,0.017437457020461188,29005.695944235205,42861.097875423344,91724.06430209156,135538.69230174163,0.019472965281337407,0.02580740075635441,47864.3571633617,63434.33726778159,151360.38737601906,200596.9876294922,0.022377995846283836,0.029346004508200563,55004.89372377653,72132.19049100386,173940.7466226344,228102.01456871151,0.012521907349715302,0.01769763170295105,30778.725124504177,43500.604686411905,97330.87486968278,137560.9904036563,0.019472965281337407,0.025222559220675123,47864.3571633617,61996.80252444435,151360.38737601906,196051.10362492097,0.022377995846283836,0.029625238711032183,55004.89372377653,72818.54541556013,173940.7466226344,230272.45941358237
2025-07-18,2483969.2879371694,7120.706519716885,2476848.5814174525,0.008407388568920789,0.28731780623761377,0.013238906623563359,0.019404424615474522,32790.76709009102,48061.821582059965,103693.51022877934,151984.8246959467,0.0218195256772215,0.02861363918775028,54043.66122082775,70871.65163137011,170901.06255233177,224115.8406931176,0.026267039233488457,0.03201069594301467,65059.47886350245,79285.64683664129,205736.13659225067,250723.2297635105,0.01150607672508501,0.01700228402118425,28498.809814207176,42112.083058726836,90121.14961685472,133170.09947976714,0.018986993691767224,0.025163345606712666,47027.90839083577,62325.79686970336,148715.30410878506,197091.47509325526,0.0218195256772215,0.02861363918775028,54043.66122082775,70871.65163137011,170901.06255233177,224115.8406931176,0.012209407885392643,0.017255965727273816,30240.854600881827,42740.41423258633,95629.97892876876,135157.0571140504,0.018986993691767224,0.024593099504581092,47027.90839083577,60913.38362057993,148715.30410878506,192625.0322286264,0.0218195256772215,0.028885904760614554,54043.66122082775,71546.0122292878,170901.06255233177,226248.35614681046
2025-07-21,2480644.013713763,-3325.274223406333,2483969.2879371694,0.00821783245126315,-0.21840058507572296,0.012940417298248779,0.018966925222489783,32143.59914194085,47113.259739265486,101646.98548396704,148985.2087711896,0.021327574515145477,0.027968505409047977,52977.04008181283,69472.90846557978,167528.11035256155,219692.62642762563,0.025674812772365094,0.03128897085599923,63775.44640009187,77720.84265746325,201675.6694182764,245774.88446515767,0.011246656428806493,0.01661894418575877,27936.34916113645,41280.94695536677,88342.49285892546,130541.81634755223,0.01855890585204181,0.02459600343364856,46099.75215418926,61095.71713518019,145780.21637649182,193201.6214285468,0.021327574515145477,0.027968505409047977,52977.04008181283,69472.90846557978,167528.11035256155,219692.62642762563,0.01193413002251272,0.016866906289508925,29644.01245417052,41896.87720565445,93742.59834157665,132489.55881825887,0.01855890585204181,0.024038614312771434,46099.75215418926,59711.179677491105,145780.21637649182,188823.32955643025,0.021327574515145477,0.028234632380782915,52977.04008181283,70133.95969006108,167528.11035256155,221783.05394702978
2025-07-22,2487340.0989624155,6696.08524865238,2480644.013713763,0.008091427351820673,0.2768989770783202,0.012741370317781218,0.018675179669987274,31606.804005314207,46326.4726533829,99949.49021532558,146497.1695461941,0.020999517914643794,0.027538299301968643,52092.32840583605,68312.71731128641,164730.40638393004,216023.77985887876,0.025279887799033604,0.030807689995631063,62710.40233602831,76422.91176401159,198307.70436739328,241670.4665963531,0.011073662548399484,0.016363314820608234,27469.81471057347,40591.55895425552,86867.1813882112,128361.78007244997,0.01827343637408837,0.02421767249561149,45329.89055136164,60075.42430231909,143345.70022844864,189975.17219636022,0.020999517914643794,0.027538299301968643,52092.32840583605,68312.71731128641,164730.40638393004,216023.77985887876,0.011750561557080782,0.016607462819535942,29148.960184347517,41197.203226255726,92177.10560809972,130276.99542380517,0.01827343637408837,0.023668857025714772,45329.89055136164,58714.008492286295,143345.70022844864,185669.99739409346,0.020999517914643794,0.027800332760416956,52092.32840583605,68962.72904137893,164730.40638393004,218079.29743179772
2025-07-23,2515434.533166315,28094.434203899466,2487340.0989624155,0.007940392751124698,1.3571709388493278,0.012503539871483922,0.018326588725307104,31100.55610131733,45584.45901364886,98348.59377800918,144150.71638972292,0.020607540867190906,0.02702426934679847,51257.96273997065,67218.54879145267,162091.91047835237,212563.71519214901,0.02480801335793058,0.030232633586602248,61705.96640077598,75198.84181719368,195131.3990482745,237799.6175490473,0.010866961538983245,0.01605787715027718,27029.829189795346,39941.40174009676,85475.82500505699,126305.80243851841,0.017932344370650593,0.023765625367691896,44603.83922152216,59113.192953978454,141049.72432796168,186932.32949958893,0.020607540867190906,0.02702426934679847,51257.96273997065,67218.54879145267,162091.91047835237,212563.71519214901,0.01153122554928386,0.016297467882121414,28682.07969891365,40537.345374752666,90700.69987904363,128190.34168111034,0.017932344370650593,0.02322705408855999,44603.83922152216,57773.583015244185,141049.72432796168,182696.11091699,0.020607540867190906,0.02728141168813667,51257.96273997065,67858.14924820427,162091.91047835237,214586.30942796808
2025-07-24,2519322.90496173,3888.371795414947,2515434.533166315,0.007808173722352826,0.13952339278134224,0.012295337840446627,0.018021424505109247,30928.11740080599,45331.713537001466,97803.2947276337,143351.46501521225,0.020264395493374134,0.026574276159018546,50973.76021777314,66845.85194429355,161193.18319144368,211385.14427836254,0.02439492403920883,0.02972921649184075,61363.834362194975,74781.89780755375,194049.48254584192,236481.12482182193,0.010686010905252674,0.015790490260548466,26879.96085286441,39719.94449700997,85001.8997112137,125605.49314602259,0.01763374488941532,0.023369893317305938,44356.53084388031,58785.43668676404,140267.66657017238,185895.8731777966,0.020264395493374134,0.026574276159018546,50973.76021777314,66845.85194429355,161193.18319144368,211385.14427836254,0.011339213958615407,0.01602609146002823,28523.050370462708,40312.583890236776,90197.80498637164,127479.58345975947,0.01763374488941532,0.02284029002926504,44356.53084388031,57453.254287147545,140267.66657017238,181683.14253621985,0.020264395493374134,0.026827136708297655,50973.76021777314,67481.90610202562,161193.18319144368,213396.52413201588
2025-07-25,2536502.978784868,17180.073823137674,2519322.90496173,0.007692654087730467,0.8242911507076887,0.011435489433861428,0.017368623050986885,28809.69046017494,43757.16987999754,91104.2405385773,138372.3207837089,0.01996458971977358,0.02618111755607209,50297.248169189064,65958.68913650808,159053.86425337152,208579.68915037028,0.024034008310146335,0.02928938147422135,60549.42763379222,73789.4096201676,191474.10234232308,233342.60159886972,0.010527914515592256,0.015556874599541269,26523.216180610645,39192.79050824166,83873.77400376153,123938.48586387192,0.017372858818090135,0.02302414261641539,43767.84114508084,58005.24986064078,138406.06628688757,183428.70580678937,0.01996458971977358,0.02618111755607209,50297.248169189064,65958.68913650808,159053.86425337152,208579.68915037028,0.011171453621821915,0.015788990148541387,28144.498991173627,39777.564527435425,89000.72041641985,125787.70368101523,0.017372858818090135,0.022502374653317905,43767.84114508084,56690.74788013406,138406.06628688757,179271.88555958588,0.01996458971977358,0.02643023710786551,50297.248169189064,66586.30172941505,159053.86425337152,210564.37443216034
2025-07-28,2532149.862661081,-4353.116123786662,2536502.978784868,0.007591906781999204,-0.2862062520577585,0.011285723860492227,0.017141153837280813,28626.272189881995,43478.58776807245,90524.22103996319,137491.36679464567,0.01970312227286142,0.025838234979431246,49977.02833647547,65538.75999187073,158041.24023003847,207251.75659742998,0.023719245478546768,0.02890579133271616,60163.936810863386,73319.62581956836,190255.0733247753,231857.01478112573,0.01039003505158429,0.01535313305811375,26354.35485802274,38943.267735585956,83339.78761567532,123149.4255741995,0.0171453341304061,0.02272260555145416,43489.19109403694,57635.95666701705,137524.89745546668,182260.8981905408,0.01970312227286142,0.025838234979431246,49977.02833647547,65538.75999187073,158041.24023003847,207251.75659742998,0.01102514600930422,0.015582208691902107,27965.315694138255,39524.318763057156,88434.09307912958,124986.87025778956,0.0171453341304061,0.0222076709537855,43489.19109403694,56329.823526151114,137524.89745546668,178130.5425379749,0.01970312227286142,0.026084091922070285,49977.02833647547,66162.3768592296,158041.24023003847,209223.8062855831
2025-07-29,2515983.051446894,-16166.811214186717,2532149.862661081,0.007567252589655416,-0.9065742416609771,0.011249074252589352,0.017085489125393045,28484.34182375843,43263.01894236139,90075.39781387112,136809.67831287088,0.01963913774562248,0.025754327097880687,49729.239945360016,65213.815823827135,157257.664536365,206224.1929140237,0.02364221886888605,0.02881192177400979,59865.64126185302,72956.1037630607,189311.77997401217,230707.4571028531,0.010356294131157313,0.015303274820076368,26223.688761887748,38750.185233921155,82926.58513892622,122538.84509261548,0.01708965584330545,0.022648815461045538,43273.56969655103,57350.19495912262,136843.0427271427,181357.2403255347,0.01963913774562248,0.025754327097880687,49729.239945360016,65213.815823827135,157257.664536365,206224.1929140237,0.010989342609955821,0.015531606546583084,27826.662380535196,39328.3553838363,87995.6328030143,124367.17964146835,0.01708965584330545,0.022135553077878442,43273.56969655103,56050.53768607696,136843.0427271427,177247.36316510703,0.01963913774562248,0.025999385637097902,49729.239945360016,65834.34077024994,157257.664536365,208186.46508967373
2025-07-30,2506922.9909785003,-9060.060468393844,2515983.051446894,0.00809112067878741,-0.5021171172878351,0.012027828623926685,0.01826828862018468,30261.81296350736,45962.70454732482,95696.25509069319,145346.83379092487,0.020998722012317058,0.027537255573413633,52832.42868503454,69283.26830607023,167070.8089631238,219092.9315877378,0.025278929666489765,0.030806522353961925,63601.358599606334,77508.68811658808,201125.15545589317,245103.99290004483,0.01107324284572709,0.016362694634926272,27860.091324404933,41168.26237747553,88101.3444054166,130185.47642424123,0.018272743792925948,0.02421675462206955,45973.91368643312,60928.94419017522,145382.28020111678,192674.2390702371,0.020998722012317058,0.027537255573413633,52832.42868503454,69283.26830607023,167070.8089631238,219092.9315877378,0.011750116199272008,0.016606833380405337,29563.09320989997,41782.51132330236,93486.70922314218,132127.9021434114,0.018272743792925948,0.023667959952817452,45973.91368643312,59548.18610361254,145382.28020111678,188307.89861900307,0.020998722012317058,0.027799279100536853,52832.42868503454,69942.51505939258,167070.8089631238,221177.6528683076
2025-07-31,2475695.136081008,-31227.854897492565,2506922.9909785003,0.008146683314452365,-1.5945225490985866,0.012110425075790743,0.018393739012673164,30359.90305302236,46111.687220928536,96006.4431894504,145817.95837141405,0.021142922597986096,0.02772635700439954,53003.67875737023,69507.841830407,167612.3492411732,219803.09542681323,0.025452522919491363,0.031018074207606258,63807.51488528012,77759.92336692536,201777.07887258267,245898.46851963323,0.011149284049695254,0.016475059099206338,27950.396517130914,41301.70443352991,88386.91449897116,130607.45725702895,0.018398224779586695,0.02438305379958414,46122.93269313624,61126.43816044316,145853.51967695451,193298.76984043335,0.021142922597986096,0.02772635700439954,53003.67875737023,69507.841830407,167612.3492411732,219803.09542681323,0.01183080556868318,0.016720874372907552,29658.918481928336,41917.944394705155,93789.73534015704,132556.17911955644,0.018398224779586695,0.023830490495618382,46122.93269313624,59741.20450976036,145853.51967695451,188918.27641276564,0.021142922597986096,0.027990179876551856,53003.67875737023,70169.22545415162,167612.3492411732,221894.57408498207
2025-08-01,2451819.325676037,-23875.810404970776,2475695.136081008,0.009889013130128556,-1.0259949518820424,0.015120748106742955,0.022359933278959555,37434.36254176964,55356.37806181603,118377.84838848212,175052.2376927158,0.02566475596392213,0.033656188400097424,63538.11150858805,83322.46192114723,200925.1505928954,263488.75992347434,0.030896049794795277,0.037651904618185066,76489.20020109128,93214.6371274268,241880.08904005768,294770.5645887638,0.013782298277378683,0.020062056009900627,34120.76880932406,49667.534483495736,107899.3449534955,157062.5347328012,0.022333050076173207,0.029597853490752436,55289.823447435585,73275.26192549408,174841.7735224794,231716.72382997657,0.02566475596392213,0.033656188400097424,63538.11150858805,83322.46192114723,200925.1505928954,263488.75992347434,0.014686437329459762,0.02031695685974294,36359.14146290208,50298.59127763326,114977.7007910371,159058.11153519977,0.022333050076173207,0.028927113564180006,55289.823447435585,71614.71435170338,174841.7735224794,226465.61133373145,0.02566475596392213,0.033976435026367297,63538.11150858805,84115.2949361499,200925.1505928954,265995.91805506125
2025-08-04,2489169.578254078,37350.25257804105,2451819.325676037,0.01056263452469508,1.3882552152852128,0.016150745669949843,0.02388305082765588,39598.7103576616,58556.92557534976,125222.1171355115,185173.25759507096,0.02741299195836681,0.035948786080728934,67211.70345812554,88139.92844732491,212542.06834749223,278722.926697815,0.033000631907843414,0.040216683141909994,80911.58707117174,98604.0409419246,255864.90424393507,311813.3558729764,0.014721123098801378,0.021428646383422092,36093.53410929713,52539.1693259522,114137.77659035572,166143.44144326242,0.023854336390517525,0.03161400485815962,58486.52296344803,77511.82807325188,184950.62498823664,245113.92231485667,0.02741299195836681,0.035948786080728934,67211.70345812554,88139.92844732491,212542.06834749223,278722.926697815,0.015686850440950487,0.02170091061054862,38461.32307011206,53206.712019711274,121625.38272513408,168254.39679094535,0.023854336390517525,0.030897575360870316,58486.52296344803,75755.27238631359,184950.62498823664,239559.20550721,0.02741299195836681,0.03629084731844229,67211.70345812554,88978.60080051518,212542.06834749223,281375.04154450947
2025-08-05,2470914.655078469,-18254.923175609205,2489169.578254078,0.010133710341744763,-0.7712824696243294,0.015064233516448585,0.022048939917432932,37497.43178885927,54883.55047522604,118577.29085959731,173557.02557853094,0.025298532107340517,0.03415522840955366,62972.336496076045,85018.15549538039,199136.0129101472,268851.01383176295,0.03166055249443358,0.038583576560660235,78808.48409986033,96041.06499503258,249214.30870072328,303708.5142925709,0.014123332303095825,0.020558478564943496,35155.369112439235,51173.539419045905,111171.03837924007,161824.94049659482,0.02288566690543751,0.030330233165418514,56966.305839071196,75497.09369671265,180143.27633721437,238742.7728047534,0.026299813692994087,0.03448898893810485,65464.69615835092,85848.94204947201,207017.54619126386,271478.1915921352,0.015049843689205212,0.020819686770876283,37461.61306864874,51823.73093884413,118464.02212085972,163881.02661448368,0.02288566690543751,0.029642896214694923,56966.305839071196,73786.19546896157,180143.27633721437,233332.43756031446,0.026299813692994087,0.034817159859291374,65464.69615835092,86665.81512295712,207017.54619126386,274061.3710636102
2025-08-06,2474265.318992446,3350.663913977798,2470914.655078469,0.010361302793905474,0.08685534809372765,0.01540256032176556,0.022544135865819274,38058.41202478066,55704.63569693297,120351.2661274475,176153.5250322292,0.025866710470862277,0.034922318836030274,63914.43398112528,86290.06940127006,202115.18674081922,272873.15876201534,0.03237161512953653,0.039450123018614267,79987.4982321317,97477.88711134244,252942.6787522278,308252.1447726134,0.014440527458980725,0.02102020032247335,35681.310925458514,51939.12102948456,112834.21242509938,164245.9221203207,0.02339965485996641,0.031011418230703813,57818.550117269115,76626.56778101365,182838.30937916596,242314.4834692776,0.026890479785461833,0.03526357527423012,66444.08058398897,87133.28493555795,210114.63168117587,275539.6404088009,0.01538784731417086,0.02128727498936741,38022.05743869464,52599.03973791329,120236.30283202301,166332.76830951206,0.02339965485996641,0.030308644416600437,57818.550117269115,74890.07366454024,182838.30937916596,236823.20691773988,0.026890479785461833,0.035599116568376,66444.08058398897,87962.37883664698,210114.63168117587,278161.4655303966
2025-08-07,2454273.17631614,-19992.14267630689,2474265.318992446,0.009953360932191981,-0.860818883764166,0.014796135699515229,0.021656535441552764,36609.56541641657,53584.01457256477,115769.61086480701,169447.53222495847,0.024848294714101056,0.03354736859621082,61481.27384720356,83005.09066106073,194420.85880570626,262485.14387772337,0.03109709037089484,0.03789690553726569,76942.45222627904,93766.9990679893,243313.397793735,296517.2864137318,0.013871979683385705,0.02019259979542533,34322.958236369064,49961.849374114856,108538.72406176217,157993.24013646095,0.02247837121862329,0.02979044670433839,55617.454333677575,73709.4691178373,175877.8333548236,233089.80753420797,0.025831756514436227,0.033875189196322535,63914.61927232675,83816.20580276844,202115.77268304626,265050.1151701699,0.014782001967695883,0.02044915928493326,36574.594813948024,50596.64562126273,115659.0241098581,160000.64212757538,0.02247837121862329,0.02911534227349611,55617.454333677575,72039.0816379061,175877.8333548236,227807.57852259657,0.025831756514436227,0.03419751966718313,63914.61927232675,84613.73690807332,202115.77268304626,267572.12996776495
2025-08-08,2462582.8573455303,8309.681029390544,2454273.17631614,0.01033063172514297,0.28312823011485144,0.015356966346167688,0.022477401715193104,37690.19057298904,55165.684102880834,119186.8476564521,174449.21044644597,0.025790140982324773,0.03481894333743988,63296.051226331285,85455.19866075028,200159.6887699008,270233.0656701414,0.03227579011087426,0.03933334451499744,79213.60591352843,96534.7723779598,250495.4163617328,305269.7541202618,0.014397781250374433,0.02095797725822014,35336.08832126143,51436.601414693374,111742.52269606179,162656.81556867014,0.023330388239976203,0.030919619606544678,57259.14605041512,75885.19302224122,181069.31839554623,239970.0506317988,0.026810879780427548,0.03515918960347414,65801.2230785401,86290.25594481989,208081.73775302336,272873.7486645156,0.015342296891365202,0.021224261342536316,37654.18772355612,52090.13530011047,119072.99664998797,164723.47117468764,0.023330388239976203,0.03021892611230123,57259.14605041512,74165.49977450029,181069.31839554623,234531.90309212526,0.026810879780427548,0.03549373764317026,65801.2230785401,87111.32822483522,208081.73775302336,275470.2071929916
2025-08-11,2454809.2829084736,-7773.574437056668,2462582.8573455303,0.009925906951310619,-0.36438553160699916,0.014755324075242795,0.021596801034851405,36336.2081222707,53183.91200192728,114905.17920028545,168182.2968040556,0.02477975659791469,0.03345483615191036,61022.203807219514,82385.30600299797,192969.1518738121,260525.21269941636,0.0310113164368112,0.037792375928908196,76367.93624100894,93066.85710088718,241496.61872810574,294303.24311221845,0.013833717123873513,0.020136903307323942,34066.67464261823,49588.792884640454,107728.28417857624,156813.5319338152,0.02241636997322644,0.029708276836306884,55202.16841998251,73159.09325836464,174564.58398736312,231349.3662491016,0.02576050575257692,0.03378175253679777,63437.37986284684,83190.36468820708,200606.609159896,263071.03179477766,0.014741229327964026,0.02039275513844715,36301.49863924338,50218.849217984935,114795.41817751217,158805.94500139807,0.02241636997322644,0.029035034520609786,55202.16841998251,71501.17827288936,174564.58398736312,226106.57872807473,0.02576050575257692,0.03410319393565095,63437.37986284684,83981.94076666408,200606.609159896,265574.2151440059
2025-08-12,2495857.1270831004,41047.84417462675,2454809.2829084736,0.009700878335959461,1.6625243312957916,0.014420808533036242,0.021107183485873135,35400.33465394309,51814.10995717381,111945.68743864876,163850.60239907872,0.024217978783220268,0.03269638702549877,59450.51913032957,80263.39438776256,187999.04853125408,253815.13900170563,0.030308263946774425,0.036935591146638025,74401.00768538206,90669.83201647906,235276.64449749963,286723.18423693144,0.013520095182340623,0.019680382861289644,33189.255159415894,48311.586539086646,104953.64014824902,152774.6508398451,0.02190817211070181,0.029034765344235092,53780.38426890733,71274.81149409755,170068.5077288366,225390.7441204971,0.02517649353397734,0.033015891942417795,61803.49003829274,81047.71802375028,195439.79586853212,256295.38811413164,0.014407033325471014,0.019930434317336286,35366.51914653798,48925.415174594724,111838.75341501433,154715.74742108394,0.02190817211070181,0.028376785995120314,53780.38426890733,69659.59767992851,170068.5077288366,220282.98955955502,0.02517649353397734,0.03333004599581677,61803.49003829274,81818.90631029742,195439.79586853212,258734.09960446318
2025-08-13,2518108.548896814,22251.42181371385,2495857.1270831004,0.00936351286450124,0.8993042548618313,0.013919299009767353,0.020373143261755385,34740.58163752859,50848.45481093722,109859.36521361247,160796.93270270812,0.02337575506419058,0.031559311428648,58342.54487790894,78767.53235502625,184495.32630478256,249084.80791288955,0.02925423962017489,0.03565108961087671,73014.40245341031,88980.02609358491,230891.81374896274,281379.548716943,0.013049909583945606,0.018995962192094585,32570.709842880697,47411.20762294038,102997.62811196798,149927.40270762914,0.021146276068204566,0.02802502921933936,52778.08383609517,69946.46891380027,166898.9554613776,221190.15605377263,0.024300935742548237,0.03186770498810055,60651.66366782747,79537.23861833243,191797.40106881698,251518.83283423434,0.01390600285979194,0.019237317659547566,34707.39634684969,48013.59638654338,109754.4241102524,151832.32323750737,0.021146276068204566,0.027389932284129417,52778.08383609517,68361.3577016679,166898.9554613776,216177.594278764,0.024300935742548237,0.03217093376992462,60651.66366782747,80294.05433458477,191797.40106881698,253912.09426660347
2025-08-14,2484366.4103495013,-33742.138547312934,2518108.548896814,0.009063356382582325,-1.538676256461176,0.013473102386554645,0.019720062404648634,33926.73429974532,49657.25772592439,107285.75395855294,157030.03677191437,0.022626422575006307,0.030547647107010845,56975.78811707525,76922.29132884704,180173.2619331141,243249.64343817686,0.02831646660990922,0.03450825937301312,71303.9366449636,86895.54293473296,225482.84593442988,274787.8341907083,0.012631582081569103,0.018387028209223666,31807.694825690975,46300.53292245299,100584.76276873593,146415.14091456367,0.020468411689507363,0.027126659740076647,51541.68245768797,68307.87379450204,162989.11100343915,216008.46331395488,0.023521945689843327,0.030846154811956517,59230.81252828106,77673.96613258231,187304.27525180456,245626.64787774035,0.01346023245755606,0.018620646793195958,33894.32642151029,46888.80987593479,107183.27124919684,148275.43598255108,0.020468411689507363,0.026511921452791756,51541.68245768797,66759.89605795578,162989.11100343915,211113.3278992366,0.023521945689843327,0.03113966330122736,59230.81252828106,78413.05236858901,187304.27525180456,247963.84377080225
2025-08-15,2474433.110291235,-9933.300058266148,2484366.4103495013,0.0107953969756042,-0.41328046999894297,0.01604786158859804,0.023488638541345173,39868.76828865096,58354.384616958654,126076.11529763044,184532.7668470817,0.026950414782803776,0.036385414328912256,66954.70523138435,90394.70118539906,211729.36859636565,285853.1441561836,0.033727847068650195,0.041102914101966495,83792.33035075944,102114.6991624064,264974.61436165543,322915.0319360925,0.01514975052205596,0.021937457482527574,37637.531322170646,54500.68249806183,119020.32448398789,172346.29072755072,0.02438000011485506,0.03231066374914312,60568.85336966289,80271.52771446845,191535.53191289923,253840.85883905052,0.028017075644123764,0.036740967949352256,69604.68164648219,91278.02665709834,220109.32981380264,288646.4645619959,0.01603253216904056,0.02217912058069021,39830.6843936122,55101.06218175809,125955.68344713718,174244.85798892236,0.02438000011485506,0.03157844672410183,60568.85336966289,78452.43233236983,191535.53191289923,248088.3741505246,0.028017075644123764,0.037090566985695766,69604.68164648219,92146.55876008072,220109.32981380264,291393.00422839617
2025-08-18,2473609.105167463,-824.0051237721927,2474433.110291235,0.010534445509773354,-0.07482613918391477,0.015659945052090975,0.02292086000836613,38749.48654223531,56716.13492105139,122536.63563550598,179352.1664319365,0.02629895654942757,0.035505888802852485,65075.008852014114,87856.94686409702,205785.2467279838,277828.06035893434,0.032912561521321784,0.04010935492956494,81439.93197285589,99247.91587013846,257535.67752339473,313849.4671744096,0.014783543553045364,0.021407174835247064,36580.88965508798,52970.62221012865,115678.9301453693,167507.81526030882,0.023790675166332584,0.03152963503048086,58868.43434775678,78017.97287482025,186158.3348270002,246714.49271366667,0.027339833577514294,0.035852847812214726,67650.58943405344,88715.47372477679,213929.94766453022,280542.9606711165,0.015644986182547813,0.021642996338158943,38712.47182014518,53554.14674505244,122419.58480674303,169353.08186125848,0.023790675166332584,0.030815117503329523,58868.43434775678,76249.94704775355,186158.3348270002,241123.50413813294,0.027339833577514294,0.036193996174516976,67650.58943405344,89559.62252797911,213929.94766453022,283212.3935733411
2025-08-19,2478484.66890168,4875.563734217081,2473609.105167463,0.010114630663378879,0.14967463892743438,0.015035870683820696,0.022007426328851228,37192.8666276194,54437.77014834855,117614.17125414287,172147.3444095037,0.025250900209500625,0.034090921186375675,62460.856671895745,84327.61305016524,197518.571688515,266667.32688386104,0.03160094222947548,0.038510931674813204,78168.37843070153,95260.9912393,247190.11684299525,301241.7044815341,0.01419439521485046,0.02055406398030352,35111.38524579957,50842.71980987337,111031.94918035762,160778.79703696287,0.022842577933183606,0.030273127616311336,56503.60876102033,74883.88411360429,178680.09970386894,236803.63383908867,0.026250296589246026,0.034424053312957476,64932.97265650537,85151.65171170178,205336.08883999116,269273.1659343531,0.014954060338096436,0.02077871267430395,36990.499811538975,51398.41286481682,116974.23119249236,162536.05277052126,0.022842577933183606,0.029587084778751285,56503.60876102033,73186.88230408083,178680.09970386894,231437.24292756733,0.026250296589246026,0.03475160635624794,64932.97265650537,85961.88990201039,205336.08883999116,271835.3640629813
2025-08-20,2480169.417552696,1684.748651016038,2478484.66890168,0.009732723004479244,0.023049023383513192,0.014468147119462949,0.02117647115635163,35859.08082300292,52485.55910245614,113396.37020075449,165973.9110311442,0.02429747813161556,0.03280371809084797,60220.927042183,81303.51237113938,190435.29226012516,257104.28086447754,0.030407755620143573,0.03705683807046418,75365.15612023475,91844.80503561758,238325.54955412057,290438.77516665374,0.013658444034188288,0.01977798478207714,33852.24413978728,49019.43206414893,107050.19538981527,155013.05493059973,0.021980089153115747,0.029130076556881636,54477.31398708949,72198.44815016337,172272.3930073515,228311.5396840867,0.02525913935874849,0.03312427183322562,62604.389650309146,82097.99990718144,197972.4628196491,259616.67105098555,0.014134089797693854,0.019867024275400044,35031.124872463864,49240.11508327652,110778.14359476135,155710.9159119654,0.021980089153115747,0.028469937286413366,54477.31398708949,70562.30308896782,172272.3930073515,223137.5947082732,0.02525913935874849,0.03343945714702681,62604.389650309146,82879.18187530067,197972.4628196491,262086.98533729537
2025-08-21,2475579.324898836,-4590.092653859872,2480169.417552696,0.009391888093613033,-0.24570361599443605,0.013961480112542904,0.02043488212153432,34626.835998899085,50681.969689123776,109499.66992163281,160270.46052124706,0.023446593051515002,0.0316549488999002,58151.523032171055,78509.63617572583,183891.26218940152,248269.26858644505,0.029342891792038802,0.03575912682409279,72775.34284517266,88688.6927475032,230135.84089038422,280458.27178496675,0.013180132409289355,0.019085370014636397,32688.961320814593,47334.951032978446,103371.57211892023,149686.2581967519,0.021210357832920388,0.02810995638678933,52605.28083255843,69717.45415925498,166352.50438368338,220465.94781162508,0.024374577401325676,0.031964277016503756,60453.08143653901,79276.82231051516,191169.42891510707,250695.32416168024,0.013639121304893337,0.019171291391091458,33827.331542687876,47548.050603176314,106971.41484055104,150360.1382069801,0.021210357832920388,0.02747293485113236,52605.28083255843,68137.53282819611,166352.50438368338,215469.79788159416,0.024374577401325676,0.03226842470411479,60453.08143653901,80031.16010374742,191169.42891510707,253080.74971343935
2025-08-22,2510087.749833414,34508.42493457766,2475579.324898836,0.009147356995001237,1.4636014038881502,0.01359797321849371,0.019902831044543788,33662.861360231116,49271.03704082731,106451.3144568042,155808.69972753694,0.02283612781806639,0.030830767504866657,56532.64588715233,76324.01060581078,178771.92315915163,241357.7136732099,0.028578908076002635,0.034828087348266784,70749.3539611365,86219.69296513998,223729.1015026472,272650.608930239,0.01283696900851542,0.018588455395278293,31778.935071847885,46017.19585835517,100493.81644164599,145519.15044646943,0.020658116148273346,0.027378073888970195,51140.80522802428,67776.5936750873,161721.42589560343,214328.40806103803,0.023739950781977666,0.031132041826170413,58770.13132997987,77069.83908675329,185847.47338995713,243716.2304168117,0.013284007478627326,0.018672139687095052,32885.61426589132,46224.36296099553,103993.44333394269,146174.27034707085,0.020658116148273346,0.026757638110554042,51140.80522802428,66240.65568961274,161721.42589560343,209471.34568216786,0.023739950781977666,0.0314282705982822,58770.13132997987,77803.1769104334,185847.47338995713,246035.2482339918
2025-08-25,2495201.8940662304,-14885.855767183471,2510087.749833414,0.008871502048110234,-0.7217781143520431,0.013187901961619982,0.019302625498420083,33102.79115986636,48451.283803206345,104680.21697406472,153216.41237735745,0.022147463449780417,0.02990101044637299,55592.07669517711,75054.16002908177,175797.58221552576,237342.0935626678,0.027717059875061453,0.03377778394466927,69572.252453791,84785.20169603411,220006.77970221802,268114.34923623886,0.0124498471976994,0.0180278872028865,31250.208938243122,45251.57882334397,98821.83760100044,143098.05680040916,0.020035133625992404,0.02655243899544336,50289.94348087904,66648.95185066141,159030.7648007142,210762.49151098455,0.023024030012105432,0.030193199300481328,57792.33568518271,75787.57969241698,182755.41206620514,239661.37017956097,0.012883404421425236,0.018109047844878795,32338.475614369127,45455.29915657745,102263.23899921941,143742.27705911544,0.020035133625992404,0.02595071357006118,50289.94348087904,65138.568231646306,159030.7648007142,205986.23913428883,0.023024030012105432,0.030480494762977768,57792.33568518271,76508.71651341202,182755.41206620514,241941.80503851842
2025-08-26,2515362.5353546618,20160.64128843136,2495201.8940662304,0.009093048393738843,0.8349354250055453,0.0135172409473138,0.019784666320483976,33728.245214287,49366.73687633997,106658.07635782084,156111.32917946042,0.022700547872872807,0.03064772273467234,56642.450048733364,76472.2558163711,179119.15440631285,241826.50619079173,0.028409232778092826,0.03462131016557211,70886.77143686566,86387.15870018996,224163.65371626226,273180.18208303116,0.012760754881125163,0.01847809422617801,31840.659749098402,46106.575711893645,100689.0070095964,145801.79436058327,0.020535467235222083,0.027215528041138852,51240.136740861155,67908.23711626227,162035.53971959822,214744.70117417336,0.02359900476645517,0.030947208365866462,58884.28139133694,77219.53293057228,186208.44757889342,244189.60391498526,0.012760754881125163,0.018279193546868012,31840.659749098402,45610.27836014828,100689.0070095964,144232.36433235818,0.020459615442103486,0.026221214789660163,51050.87120300331,65427.224807877494,161437.02953739063,206899.0513767654,0.02359900476645517,0.03124167840370387,58884.28139133694,77954.29512672995,186208.44757889342,246513.1259934309
2025-08-27,2519897.477031303,4534.941676641349,2515362.5353546618,0.00882335921436251,0.1525593310259668,0.0131163353917002,0.01919787625920157,32992.338645429096,48289.61870077033,104330.93545515032,152705.1824354952,0.022027276175402937,0.029738747126474938,55406.585247518866,74803.73037032117,175211.0067544438,236550.16544732556,0.027566648163684454,0.033594482602010936,69340.11401623525,84502.3029317223,219272.69350706908,267219.7447937664,0.012382285817386008,0.017930055564937864,31145.93784710614,45100.590024872065,98492.10345889657,142620.58829606578,0.01992640929700743,0.026408347312972685,50122.14340983531,66426.56745168543,158500.13438467798,210059.25029413286,0.022899085888431186,0.03002935036415102,57599.50273762843,75534.70286702435,182145.6207440098,238861.70344384754,0.012382285817386008,0.017737054047125504,31145.93784710614,44615.121237700274,98492.10345889657,141085.4011956834,0.019852807179350198,0.025443524229501777,49937.007400557544,63999.687614277354,157914.68291844617,202384.78240038423,0.022899085888431186,0.0303150867651027,57599.50273762843,76253.43350496529,182145.6207440098,241134.52928388675
2025-08-28,2527566.074693072,7668.597661768552,2519897.477031303,0.008584665674519647,0.3009328741829898,0.012761506301288136,0.018678526550043754,32157.68753173505,47067.97192811747,101691.53688428098,148841.9961377183,0.021431384248567997,0.02893424096848521,54004.891097254906,72911.32081630164,170778.4606566754,230565.84099076042,0.026820902618033108,0.032685669328443814,67585.9248388839,82364.53567582501,213725.46025982176,260459.53115780294,0.012047314571028167,0.017445003519747673,30357.997592536336,43959.620356214364,96000.41759432311,139012.5254019398,0.019387350979658387,0.025693936650503853,48854.13681996153,64746.08614060679,154490.34547257383,204745.1017857784,0.022279609367405254,0.029216982674764292,56142.331434167485,73623.80092860584,177537.64048403682,232818.90093321423,0.012047314571028167,0.017257223167067827,30357.997592536336,43486.43311926037,96000.41759432311,137516.1759734434,0.019315739980074974,0.024755214401366077,48673.684442783604,62380.60231337136,153919.7049514998,197264.7851234222,0.022279609367405254,0.029494989204206935,56142.331434167485,74324.34888074658,177537.64048403682,235034.2280721456
2025-08-29,2512702.3971195654,-14863.677573506257,2527566.074693072,0.00837396049808515,-0.7586824018432592,0.012448283219722607,0.018220073957772753,31463.858354341908,46052.44081406514,99497.45637663765,145630.60478254472,0.020905364509356344,0.028224068367779465,52839.69011294168,71338.19769621725,167093.77161437547,225591.18889142317,0.026162600567315057,0.031883420296991025,66127.70161969126,80587.45148785503,209114.15355023002,254839.897529947,0.011751620872695248,0.017016826968220572,29702.998240479505,43011.15454379648,93929.12777588902,136013.2131518973,0.01891150074114633,0.02506329526497964,47800.067694854355,63349.13483177806,151157.08622597417,200327.5538695263,0.02173277048041348,0.02849987035813184,54931.013375384166,72035.30545036473,173707.1164473878,227795.63716909388,0.011751620872695248,0.01683365556524739,29702.998240479505,42548.17671978753,93929.12777588902,134549.14872188043,0.018841647388147413,0.02414761335831142,47623.50872961073,61034.68830927319,150598.7577544818,193008.63133575476,0.02173277048041348,0.028771053393561195,54931.013375384166,72720.73849074826,173707.1164473878,229963.16676024004
2025-09-02,2501986.9630529154,-10715.434066649992,2512702.3971195654,0.008670421989916128,-0.545396012117848,0.012888987067668556,0.018865115250722157,32386.18870137386,47402.42031242643,102414.12102835214,149899.6147918979,0.021645472556334998,0.029223278886597263,54388.630779088715,73429.40291004653,171991.95207985857,232204.16042194312,0.027088829392509277,0.0330121820517284,68066.166549721,82949.78897552544,215244.11789348297,262310.26459298545,0.012167660935954198,0.017619269971191735,30573.71080111021,44271.98189211025,96682.5626547995,140000.29930879927,0.019581020465267898,0.02595060562501241,49201.27706112592,65206.14896067316,155588.09930215342,206199.94816394834,0.022502171000002378,0.02950884503448639,56541.259012100345,74146.94565438374,178799.160251759,234473.2298125766,0.012167660935954198,0.01742961379110518,30573.71080111021,43795.432353778226,96682.5626547995,138493.31734976836,0.019508694109292176,0.025002506032094588,49019.5424530908,62823.85684084047,155013.40401108452,198666.47901340624,0.022502171000002378,0.029789628703601682,56541.259012100345,74852.47145284175,178799.160251759,236704.29828371285
2025-09-03,2502213.442450374,226.47939745849,2501986.9630529154,0.008711921367902477,-0.04185908657340898,0.01295067783044855,0.018955409650401465,32402.427094480685,47426.18782463189,102465.47133611089,149974.77426478302,0.021749074624187428,0.029363150728812768,54415.90116818193,73466.22031764725,172078.18862207214,232320.58728750423,0.027218485085331947,0.03317018878112544,68100.29483755075,82991.37989237992,215352.04101566676,262441.7866202203,0.012225899204054431,0.01770360136189318,30589.040420143203,44294.179806542576,96731.03916660644,140070.49527771093,0.019674741413405333,0.02607481341940346,49225.94651777743,65238.84323938467,155666.110973811,206303.33655113305,0.022609873497173638,0.029650083686474843,56569.60872620407,74184.12283698798,178888.80991934135,234590.794386594,0.012225899204054431,0.01751303742743043,30589.040420143203,43817.391326888704,96731.03916660644,138562.75771987587,0.01960206888064738,0.025122175922399653,49044.120788245,62855.35664136578,155091.1275312668,198766.0901289072,0.022609873497173638,0.029932211274909234,56569.60872620407,74890.0023851684,178888.80991934135,236822.98151257468
2025-09-04,2527766.79557434,25553.353123965677,2502213.442450374,0.008487804476909114,1.1434426348052582,0.012548865550298093,0.01780310603596621,31399.940067458298,44547.171240564036,99295.32900594937,140870.52443773096,0.01916860256177192,0.02793411774863246,47963.93500305437,69897.12493361972,151675.28015392701,221034.11668758388,0.026518281077826944,0.032316875342062734,66354.39938361596,80863.7198989024,209831.03482469925,255713.53495441232,0.011911384138605602,0.017248170702104226,29804.825509809103,43158.6045884839,94251.13387488596,136479.49113420316,0.01916860256177192,0.02540403072176351,47963.93500305437,63566.30716441893,151675.28015392701,201014.3130854432,0.022028227458377975,0.028887326047501147,55119.326859707806,72282.2555525042,174302.6159719729,228576.56196026583,0.011911384138605602,0.017062509084217078,29804.825509809103,42694.039592459594,94251.13387488596,135010.40762557928,0.019097799552557,0.024475900121121146,47786.77076163086,61243.92629914207,151115.03763109277,193670.29995677568,0.022028227458377975,0.02916219581583901,55119.326859707806,72970.03838176242,174302.6159719729,230751.52223627653
2025-09-05,2522729.336616548,-5037.45895779226,2527766.79557434,0.00828861516652152,-0.2955893923626501,0.012254372447645854,0.01738530795594343,30976.195773760242,43946.00418186821,97955.3318923642,138969.467277988,0.018718759409074363,0.027278568051914875,47316.65848860293,68953.85855244542,149628.41209232557,218051.24648280852,0.025895957821568304,0.03155847237333513,65458.94232095398,79772.45858436669,206999.35095980327,252262.66367805004,0.01163185126307987,0.016843395682021436,29402.607393872746,42576.176329734,92979.2085123454,134637.69126290758,0.018718759409074363,0.0248078563666285,47316.65848860293,62708.47559294102,149628.41209232557,198301.61147077146,0.02151127546585361,0.028209406737507953,54375.487853037695,71306.80167392368,171950.3904984182,225491.90595150605,0.01163185126307987,0.016662091116624485,29402.607393872746,42117.88066943755,92979.2085123454,133188.4331346,0.018649617984149852,0.023901506863182063,47141.88509048006,60417.43541294382,149075.7300798499,191056.70629101817,0.02151127546585361,0.02847782594259939,54375.487853037695,71985.30282784827,171950.3904984182,227637.51499296026
2025-09-08,2526523.57144492,3794.234828372486,2522729.336616548,0.00818754508763409,0.12796278703148464,0.012104944543814328,0.017173314225834367,30537.498718796818,43323.62360444666,96568.04999587168,137001.32708188516,0.018490505780194167,0.026945937453249955,46646.541380573675,67977.30691594824,147509.31573190802,214963.11905871262,0.025580186556126636,0.03117365328977785,64531.88706126488,78642.68968363554,204067.74482234684,248690.02072211498,0.011490014285352299,0.016638009945548825,28986.196115801464,41973.19579255391,91662.40043025842,132730.89938066664,0.018490505780194167,0.02450535324039693,46646.541380573675,61820.37352370071,147509.31573190802,195493.18613726352,0.021248970332291055,0.027865425637282254,53605.400830165316,70296.92673247881,169515.1615096033,222298.4009846111,0.011490014285352299,0.016458916179707545,28986.196115801464,41521.39069546098,91662.40043025842,131302.16621537946,0.0184222074550072,0.023610055621248717,46474.243191982736,59561.77995487257,146964.46101923942,188350.8861511583,0.021248970332291055,0.02813057178050648,53605.400830165316,70965.81868648129,169515.1615096033,224413.6230678195
2025-09-09,2520262.586688531,-6260.9847563887015,2526523.57144492,0.008024674873860499,-0.3659172568847569,0.011864147713449853,0.016831695177728343,29975.048853135402,42525.67461390645,94789.42735072589,134477.99081514595,0.018122684583856512,0.026409917126477157,45787.389778974946,66725.27813995142,144792.43981547447,211003.8564304899,0.025071334341186517,0.03055353339778748,63343.31718058423,77194.22232043966,200309.1568411214,244109.56473799763,0.011261449915582493,0.016307039403390657,28452.31866036557,41200.11943314759,89974.13167966595,130286.21727971175,0.018122684583856512,0.024017882078022648,45787.389778974946,60681.74520630871,144792.43981547447,191892.52724593968,0.0208262765573626,0.027311114450979185,52618.07862760737,69002.17442282889,166392.97456506605,218204.03468035374,0.011261449915582493,0.0161315082487614,28452.31866036557,40756.63583345384,89974.13167966595,128883.79899974914,0.018055744878708216,0.023140394109149448,45618.2650360522,58464.751169291245,144257.62041914815,184881.77652995285,0.0208262765573626,0.027570986191611923,52618.07862760737,69658.74650108992,166392.97456506605,220280.29789572893
2025-09-10,2535745.946198698,15483.359510167036,2520262.586688531,0.007991278938825057,0.7094692483504493,0.011814773213857368,0.016761647455231475,29776.33090109454,42243.75297268291,94161.02601031266,133586.47630718673,0.018047264207761062,0.026300008140691306,45483.84477490324,66282.92654658809,143832.5462302428,209605.01786885716,0.024966996076263483,0.030426380107156425,62923.386113006214,76682.46743243052,198981.2182073088,242491.25368816435,0.011214583636798947,0.01623917511765991,28263.69556511379,40926.9854877216,89377.65307935944,129422.49190585747,0.018047264207761062,0.023917927918860476,45483.84477490324,60279.458885017135,143832.5462302428,190620.38619912803,0.020739604761947517,0.027197454992086794,52269.249944243624,68544.72826970156,165289.88141243893,216757.46292958924,0.011214583636798947,0.01606437446328503,28263.69556511379,40486.441938371914,89377.65307935944,128029.3708814177,0.01798060308262748,0.023044091752915555,45315.84123524251,58077.162289090804,143301.27238994444,183656.1128727653,0.020739604761947517,0.027456245235973037,52269.249944243624,69196.94763916807,165289.88141243893,218819.96167118227
2025-09-11,2566832.0905358936,31086.14433719544,2535745.946198698,0.007852690247231266,1.4936852468710846,0.01160987560313442,0.016470958717225984,29439.69499651927,41766.166797211896,93096.4898096637,132076.2162136895,0.017734279671424904,0.025843900458175546,44969.62778556968,65533.56582078132,142206.44933239423,207235.33118623085,0.02453400614489895,0.02989871085155087,62212.00662594147,75815.53483838715,196731.6387474619,239749.77211314917,0.011020094809054233,0.015957547352023458,27944.160738784587,40464.286009167256,88367.19523641282,127959.30768145353,0.017734279671424904,0.023503131443692406,44969.62778556968,59597.97028131817,142206.44933239423,188465.33001199143,0.0203799283309114,0.026725783344671045,51678.32064892859,67769.79677523428,163421.19890312516,214306.91437647445,0.010944279054243394,0.01534370678200581,27751.91124586501,38907.7422721327,87759.24895977454,123037.08419475415,0.01732621258913645,0.021342352342013104,43934.8733358796,54118.78343360402,138934.26845237947,171138.61984757657,0.019604027513023977,0.02494534438675928,49710.8332953183,63255.05590525529,157199.45759813953,200030.05018189075
2025-09-12,2551025.342543432,-15806.747992461547,2566832.0905358936,0.007731523740052316,-0.8578262860236852,0.011430735966739124,0.016216812879962298,29340.77989786881,41625.83570650303,92783.692802948,131632.45034051378,0.017460640872813328,0.02544513073062878,44818.53331365991,65313.37810725898,141728.64665929903,206539.03649871558,0.02415544800264542,0.029437375659536504,62002.97909446142,75560.80050405851,196070.6356543024,238944.23141842385,0.010850055452508268,0.01571132341921659,27850.270519592166,40328.32913723327,88070.28829375231,127529.3743025903,0.017460640872813328,0.023140479632002258,44818.53331365991,59397.72570981562,141728.64665929903,187832.10107695893,0.020065467343062745,0.02631340622071192,51504.685487773444,67542.09549863017,162872.1163119845,213586.85971627745,0.010775409529934579,0.015106954369848827,27658.666970102364,38777.01526678942,87464.38466959175,122623.68910617639,0.017058870239448604,0.021013041213361876,43787.2555589044,53936.94850621055,138467.46005400707,170563.60731884188,0.019301538625062214,0.024560439321799493,49543.80873952774,63042.52380885456,156671.27957666348,199357.96468137397
2025-09-15,2563160.237544497,12134.895001065452,2551025.342543432,0.008185852482994749,0.524124116118994,0.012102442098322484,0.017169764000336932,30873.636499485165,43800.50309034941,97631.01099048102,138509.35242674802,0.018486683252741512,0.02694036694117868,47159.99747731684,68725.5588043661,149133.0064761162,217329.2992896352,0.025574898384644624,0.031167208785397263,65242.21391220152,79508.33946789072,206313.99555448152,251427.4456963947,0.011487638963900346,0.016634570383076575,29305.25812289916,42435.21060955075,92671.36308751194,134191.91851512252,0.018486683252741512,0.024500287268345546,47159.99747731684,62500.853721143685,149133.0064761162,197645.0534638244,0.021244577549670535,0.027859665040155024,54195.455720838785,71070.71155220675,171381.0789086531,224745.32343381416,0.011408606611263332,0.015994686700409537,29103.644588441304,40802.85111878712,92033.80511150829,129029.94456411687,0.018061303308593436,0.0222478338520248,46074.842459585394,56754.78797321093,145701.4450057244,179474.39811527793,0.020435757968521154,0.026003688272246556,52132.13647178135,66336.06778210039,164856.29054156336,209773.06521075146
2025-09-16,2556662.863108198,-6497.374436299317,2563160.237544497,0.008023189783807734,-0.37308287794861683,0.011861952069634904,0.016828580212515105,30404.08388454684,43134.34765504684,96146.15524598792,136402.78397549095,0.018119330701110117,0.02640502956332533,46442.74798400471,67680.32184790242,146864.86442664813,214023.96981262774,0.0250666945034579,0.03054787899443294,64249.95463793849,78299.10877985129,203176.19621838466,247603.52250561755,0.011259365810305679,0.01630402153383349,28859.558744943493,41789.81970759124,91261.9379014518,132151.01328378005,0.018119330701110117,0.024013437197909347,46442.74798400471,61550.28739245318,146864.86442664813,194639.09879809816,0.020822422333155687,0.027306060107340522,53371.20497370317,69989.80751113525,168774.56918460905,221327.20473194806,0.01118190392523203,0.015676853106810815,28661.011521197473,40182.28653320339,90634.07645131131,127067.54703843381,0.01770240356624964,0.021805742730427815,45374.09692997698,55891.61271675755,143485.49307198086,176744.7982849853,0.02002967496641505,0.025486963822109153,51339.266444855464,65327.1722445653,162349.01536799854,206582.65739096067
2025-09-17,2557350.455382191,687.592273992952,2556662.863108198,0.007994249579188428,-0.023302203669211544,0.011819165181959326,0.01676787835104531,30217.620693656856,42869.81187323348,95556.50686299281,135566.24838234737,0.018053973012686332,0.026309784781744356,46157.92233309278,67265.24968785503,145964.16663372642,212711.39639355202,0.024976277189695268,0.030437690666273373,63855.920349590284,77818.91336523616,201930.1503910008,246085.01127346486,0.011218752493256707,0.016245211792069808,28682.567869911927,41533.52969211226,90702.24361128583,131340.55309330666,0.018053973012686332,0.02392681905664053,46157.92233309278,61172.80971442238,145964.16663372642,193445.4095696491,0.02074731440485923,0.02720756524580199,53043.88824813336,69560.57165953523,167739.50281554015,219969.84178748995,0.011141570018600187,0.015620305605265538,28485.238303274815,39935.855251383226,90078.23273101858,126288.26290116724,0.017638549763053464,0.02172708789693901,45095.8251382847,55548.83874959157,142605.52040165733,175660.85182612904,0.01995742653311037,0.02539503056762908,51024.41126041348,64926.53155975478,161353.35585204946,205315.7203036298
2025-09-18,2588130.029749444,30779.57436725311,2557350.455382191,0.007855734666456737,1.4650043878891954,0.011614376650212392,0.01647734436364803,29702.031415400947,42138.34411186447,93926.07040654181,133253.14422143679,0.017741155096315193,0.025853919912010973,45370.35106456774,66117.53386039595,143473.6476054792,209082.00027215653,0.024543517764182763,0.02991030231985886,62766.376330913685,76491.12525831007,198484.70968096968,241886.17660549522,0.011024367203284353,0.01596373395335629,28193.170487619733,40824.862295215855,89154.63320231833,129099.55001561149,0.017741155096315193,0.02351224340188421,45370.35106456774,60129.0463708655,143473.6476054792,190144.74006581656,0.020387829450613182,0.02673614469677697,52138.824929780065,68373.69181546674,164877.4413028737,216216.59817128803,0.01094852205536946,0.015349655402726405,27999.20786406105,39254.44823412208,88541.26953093107,124133.46471300034,0.01733292980999328,0.021350626585073907,44326.37594269387,54601.034620033875,140172.30839980592,172663.6320010134,0.019611627822774935,0.02495501547827646,50153.80534335953,63818.720197439936,158600.25820973935,201812.51318090086
2025-09-19,2584152.635700772,-3977.394048672635,2588130.029749444,0.007734182891278851,-0.2577070918446757,0.011434667411120352,0.016222390429654975,29594.40610691792,41985.65582531003,93585.7292978572,132770.3014638963,0.017466646220032595,0.02545388223329069,45205.951601075976,65877.95698168548,142953.77085473554,208324.39166071752,0.02416375593667542,0.029447500239919735,62538.94237124606,76213.95967199023,197765.50035114912,241009.7020637085,0.010853787179815144,0.01571672711276335,28091.012536589104,40676.93340992011,88831.58139596561,128631.75780634714,0.017466646220032595,0.02314843848162426,45205.951601075976,59911.16877609938,142953.77085473554,189455.75061523644,0.020072368584511426,0.02632245635478363,51949.899901773366,68125.9397485846,164280.0079073614,215433.1373449261,0.010779115583803301,0.015112150198975452,27897.752736581537,39112.20974405241,88220.44024779307,123683.66711343694,0.017064737403185756,0.02102026835980731,44165.7593229736,54403.187775409395,139664.39405141276,172037.9853441226,0.019308177123737832,0.02456888654702218,49972.07303366713,63587.47306985523,158025.57018666828,201081.24555536165
2025-09-22,2589980.487748608,5827.852047836408,2584152.635700772,0.007680349115115344,0.2340387734474902,0.011355076414299144,0.016109474489147305,29343.250644594806,41629.34096088436,92791.50599012355,131643.53492813706,0.017345069637715583,0.025276710498680643,44822.307420716155,65318.87805701096,141740.58143373008,206556.42886694832,0.023995564125510543,0.02924253092916317,62008.200280064964,75567.16337515836,196087.14649289608,238964.35258355743,0.010704087555149703,0.015371755944926646,27660.99606841194,39722.963640431204,87471.74992514445,125615.0405158164,0.017345069637715583,0.022987313787099693,44822.307420716155,59402.72751061437,141740.58143373008,187847.91815988545,0.019932654872973975,0.026139238910433443,51509.02262650953,67547.78312560875,162885.83154891868,213604.8455720112,0.010704087555149703,0.01500696208504059,27660.99606841194,38780.28062591919,87471.74992514445,122634.01507840489,0.016945958306988272,0.020873956792355923,43790.942823479134,53941.49046247059,138479.12020839888,170577.97024565644,0.01917378256648257,0.02439787482444572,49547.98075552945,63047.83253308892,156684.47264966354,199374.75234142426
2025-09-23,2594046.597929958,4066.1101813497953,2589980.487748608,0.007581185641833945,0.14687922661548292,0.011208467347479312,0.015901479849953368,29029.711727538815,41184.522537706885,91800.00887712401,130236.89556569162,0.01712112182964022,0.024950354708259005,44343.371467134915,64620.93185679743,140226.05296706868,204349.3291900137,0.023685749630574474,0.028864971147568398,61345.62938088668,74759.7120516287,193991.91334014694,236410.9673014862,0.010565883616192314,0.015173286228630418,27365.432401760794,39298.51526717745,86537.09554493608,124272.81690718124,0.01712112182964022,0.02269051713861766,44343.371467134915,58767.99664594512,140226.05296706868,185840.7229263225,0.019675297914416787,0.02580174673651786,50958.63768898036,66826.02059741259,161145.361556477,211322.4320531498,0.010565883616192314,0.014813202340340162,27365.432401760794,38365.90502255303,86537.09554493608,121323.64436496128,0.016727163554482092,0.020604446380051607,43323.027221488264,53365.1140851961,136999.44115337892,168755.30810395256,0.018926223653894493,0.024082865965862017,49018.5499703529,62374.15294064766,155010.26550509434,197244.39041613592
2025-09-24,2593292.644667526,-753.9532624320127,2594046.597929958,0.007494860322198894,-0.09951867592137782,0.01108083895634073,0.015720413141450305,28744.212596905414,40779.484227632565,90897.18135432451,128956.05196623124,0.016926167321957595,0.024666250420756385,43907.266757517325,63985.40298765149,138846.96878635077,202339.6104447214,0.02341604512731415,0.028536291970155777,60742.31219948363,74024.47110271857,192084.0568954003,234085.9312739067,0.01044557218688745,0.015000511303245033,27096.30099482718,38912.02531339265,85686.02730914022,123050.62836044807,0.016926167321957595,0.022432145132283053,43907.266757517325,58190.02976466992,138846.96878635077,184013.03116934875,0.01945125955661633,0.025507947832309294,50457.47367829317,66168.80529457677,159560.54180140054,209244.13478307132,0.01044557218688745,0.01464452761223534,27096.30099482718,37988.58703081041,85686.02730914022,120130.460108894,0.016536694964389746,0.02036982800982648,42896.957313380684,52840.28304930874,135652.08980130032,167095.64664380293,0.018710714842529775,0.023808639584864413,48536.466182101925,61760.72051645805,153485.78271117897,195304.5467650982
2025-09-25,2568278.9294928624,-25013.715174663343,2593292.644667526,0.007427364876488448,-1.3662384044928366,0.010981049749864302,0.015578841951845631,28477.07554705127,40400.49624615916,90052.41982936747,127757.58673894558,0.016773737635685612,0.02444411691931896,43499.210434206354,63390.748612262876,137556.58139105403,200459.1481979086,0.023205170429894798,0.028279306561135635,60177.797794102546,73336.51770129114,190298.90560242048,231910.4316013359,0.010351503916079736,0.014865423235853261,26844.47896681667,38550.392737407994,84889.6961356243,121907.04574422265,0.016773737635685612,0.022230131009423365,43499.210434206354,57649.23523673309,137556.58139105403,182302.8887149128,0.019276089990144914,0.025278234370805397,49988.542389392125,65553.85926399147,158077.65086235479,207299.5046883422,0.010351503916079736,0.01451264537882278,26844.47896681667,37635.53651556927,84889.6961356243,119014.016351636,0.01638777269643323,0.020186386216188755,42498.290396143595,52349.206896860225,134391.3943150733,165542.72749747356,0.018542214299015033,0.023594229352857803,48085.38795748471,61186.74143736478,152059.34811848353,193489.46554587752
2025-09-26,2597096.4406838687,28817.511191006284,2568278.9294928624,0.008655524995564448,1.2365375056484698,0.012796833354499737,0.0181548985620725,32865.83746859314,46626.84344405107,103930.90360965698,147447.02538729116,0.019547377540896922,0.028486100859191333,50203.11786512757,73160.25262006963,158756.198095693,231353.03247272136,0.027042287005192588,0.03295546251833854,69452.13592073477,84638.81999754065,219626.93787311742,267651.4496612355,0.012063188274341509,0.017323511706672047,30981.63226749666,44491.610101068756,97972.52359505651,140694.82468753154,0.019547377540896922,0.025906018864890697,50203.11786512757,66533.88239774338,158756.198095693,210398.60995065406,0.022463509131563055,0.029458144722746705,57692.5571850639,75656.73239338172,182439.8847443143,239247.5946889284,0.012063188274341509,0.01691239987762015,30981.63226749666,43435.760252849504,97972.52359505651,137355.93430001562,0.019097590943003274,0.023524328395045313,49047.940422989035,60417.03694746552,155103.20627688785,191055.4462325378,0.021608282615316422,0.02749567919588914,55496.09694344409,70616.57353089732,175494.06759079194,223309.2129143943
2025-09-29,2604746.156868357,7649.716184488498,2597096.4406838687,0.008436454211547772,0.2946699662000017,0.012472946320803037,0.017695399240682454,32393.444494598523,45956.65838445643,102437.0658611733,145327.7141451564,0.019052634665617983,0.027765119468461236,49481.52967572655,72108.69294670307,156474.3358845088,228027.70880930033,0.026357848450758586,0.03212136186988286,68453.87439554995,83422.27458219131,216470.15775301986,263804.39527169603,0.011757869750698514,0.01688505473341537,30536.32167956364,43852.11554890537,96564.32787099946,138672.5653514259,0.019052634665617983,0.025250339184410227,49481.52967572655,65577.56602189223,156474.3358845088,207374.4720392468,0.021894959152244743,0.02871256096400349,56863.320483213516,74569.28988253206,179817.60804706113,235808.7995301511,0.011757869750698514,0.016484348118461417,30536.32167956364,42811.441825449976,96564.32787099946,135381.66608421865,0.01861423213774796,0.02292892914801994,48342.95603100851,59548.6402790152,152873.84988336044,188309.3348477327,0.02106137836442267,0.026799765314108284,54698.43078613836,69601.57510843362,172971.62572127164,220099.5060779312
2025-09-30,2617377.2199789155,12631.063110558316,2604746.156868357,0.008243408546669613,0.5316175473876629,0.012187536342260967,0.01729048741089664,31745.43844919769,45037.330633913734,100387.89082014818,142420.54453724241,0.018616666137314893,0.02712978905430763,48491.68957487225,70666.21377585702,153344.18664643844,223466.18915207565,0.025754719665685627,0.031386350512803994,67084.50707041654,81753.4758763494,212139.83805218592,258527.19040489424,0.011488822384748553,0.016498685467870783,29925.46595361695,42974.887565816236,94632.63245525231,135898.52689762856,0.018616666137314893,0.02467255278339102,48491.68957487225,64265.73704266945,153344.18664643844,203226.1045642891,0.02139395163877544,0.02805555088812781,55725.81331132782,73077.58835467554,176220.4945291257,231091.62511297138,0.011488822384748553,0.016107147950853606,29925.46595361695,41955.03172309596,94632.63245525231,132673.45954960203,0.018188295277412808,0.022404261999792556,47375.892223827905,58357.415341431435,149815.72560995584,184542.3508393761,0.020579445115256785,0.026186524444910052,53604.2305744484,68209.24890961875,169511.460836093,215696.58404375176
2025-10-01,2640735.074130788,23357.85415187245,2617377.2199789155,0.008073707377158994,1.044052142285969,0.011936640228229298,0.016934540484521962,31242.69021645129,44324.08049499849,98798.06131504511,140165.04955683873,0.018233418115819293,0.026571287446019342,47723.733218696296,69547.08246672276,150915.6954173189,219927.18521440538,0.0252245256296942,0.03074022211111936,66022.09876793591,80458.75709073598,208780.20801127402,254432.93011294858,0.011252310196379667,0.01615903880309197,29451.540380140617,42294.30005996828,93133.94820166561,133746.32023209584,0.018233418115819293,0.024164636544804798,47723.733218696296,63247.96922144209,150915.6954173189,200007.64011998355,0.02095352962244573,0.027477991281561486,54843.29111194286,71920.26843113828,173429.71429340795,227431.85817310173,0.011252310196379667,0.01577556158954864,29451.540380140617,41290.59553685898,93133.94820166561,130572.32784125734,0.017813865821137902,0.0219430414449866,46625.60660000734,57433.216815161155,147443.11414300257,181619.77848619103,0.020155790763520257,0.025647441152051177,52755.30759509935,67129.02822212855,166826.93066329393,212280.62629564977
2025-10-02,2652167.003196884,11431.929066095969,2640735.074130788,0.007924866344201469,0.4876471550586012,0.011716584957631023,0.016622347537635127,30940.396846649437,43895.21615702462,97842.1257449037,138808.86144162106,0.01789727999984264,0.026081438398273874,47261.975027123925,68874.16916210334,149455.48780370984,217799.2465039773,0.02475950450925964,0.030173517597489492,65383.29197570134,79680.26622959305,206760.1235630268,251971.12585411104,0.011044870739566335,0.015861142444616404,29166.57755121368,41885.07516928309,92232.81661377157,132452.2375022972,0.01789727999984264,0.023719154773376327,47261.975027123925,62636.00393879157,149455.48780370984,198072.4359778592,0.020567245497022248,0.026971426897333745,54312.64656224516,71224.39300714375,171751.6688884088,225231.30686554362,0.011044870739566335,0.015484734739777465,29166.57755121368,40891.082140941835,92232.81661377157,129308.95555441055,0.01748546226798387,0.021538515394892016,46174.47349845548,56877.51304799729,146016.50601420266,179862.48887761735,0.019784213175037757,0.02517462346675975,52244.86564540264,66479.51116670849,165212.77148895522,210226.67302139656
2025-10-03,2653675.998251673,1508.9950547888875,2652167.003196884,0.007794597088306235,0.014576281503776278,0.011523987286229201,0.016349108753419654,30563.538825797492,43360.566767496945,96650.39604450832,137118.15162109502,0.017603083827078914,0.025652710716916008,46686.31808068742,68035.27290595972,147635.10070207293,215146.42361397544,0.024352506827700515,0.029677524161834556,64586.915053554134,78709.75031859588,204241.75861304704,248902.08506992675,0.010863314732157441,0.01560041637881716,28811.32487797056,41374.909556031096,91109.40902145977,130838.95218052434,0.017603083827078914,0.023329258400543184,46686.31808068742,61873.08933897434,147635.10070207293,195659.8881822409,0.02022916032935604,0.026528069551008383,53651.1115278975,70356.87072169641,169659.71142787248,222487.9605225753,0.010863314732157441,0.015230196078218601,28811.32487797056,40393.023490869964,91109.40902145977,127733.95581183466,0.017198035570838235,0.02118446445551768,45612.062460783454,56184.73760932123,144238.00615394028,177671.74058437868,0.019458999522611858,0.024760802043909253,51608.516449095085,65669.78215354608,163200.45864140574,207666.0850522829
2025-10-06,2666531.6621362343,12855.663884561509,2653675.998251673,0.007680804644007766,0.5699387662453914,0.011355749894801767,0.016110429957572184,30134.48093798441,42751.86129992402,95293.59587095797,135193.25591936684,0.01734609839047703,0.025278209684689634,46030.924962120866,67080.17831903388,145562.5656846018,212126.1493383921,0.023996987325496027,0.02924426533179593,63680.22929601841,77604.80499749036,201374.566497199,245407.94116528716,0.010704722424877017,0.015372667658555184,28406.864966842586,40794.079194607635,89830.39448006608,129002.2053042474,0.01734609839047703,0.022988677186787942,46030.924962120866,61004.50088213495,145562.5656846018,192913.17030929754,0.019933837097904278,0.026140789253832047,52897.945059767364,69369.18501824937,167277.98993131664,219364.624087297,0.010704722424877017,0.01500785216239447,28406.864966842586,39825.97706865567,89830.39448006608,125940.797578588,0.016946963388072857,0.020875194846808345,44971.749986178795,55396.00352380231,142213.16031997083,175177.54440592887,0.019174919781966546,0.024399321885865674,50884.02439380582,64747.894862138484,160909.41359999502,204750.82146547153
2025-10-07,2642107.9418151714,-24423.720321062952,2666531.6621362343,0.007581582501513986,-1.2737119794469451,0.011209054087993978,0.015902312260146646,29889.297628233533,42404.019142858255,94518.25816788663,134093.28243681297,0.017122018085615507,0.02495166080868369,45656.403344962986,66534.39356923886,144378.22434141333,210400.22641685474,0.023686989531490236,0.028866482170217783,63162.10756640824,76973.3886813768,199736.12172640493,243411.22745457548,0.010566436718752964,0.015174080519365717,28175.738066513677,40462.166148693315,89099.50704649201,127952.6040940341,0.017122018085615507,0.022691704941132596,45656.403344962986,60508.149693383304,144378.22434141333,191343.57003351022,0.019676327876325637,0.02580309740558707,52467.551276796126,68804.77621318324,165916.96528635133,217579.80673183408,0.010375905579344437,0.014770902202672275,27667.680750657946,39387.07840174347,87492.88874647632,124552.87812913387,0.016728039187541333,0.020605524980996645,44605.84613903466,54945.28477676668,141056.07075837726,173752.24658115904,0.01892721440328628,0.02408412665501187,50470.016482403844,64221.08628048838,159600.20563063558,203084.9064565344
2025-10-08,2656040.8306543925,13932.888839221094,2642107.9418151714,0.008657469948278741,0.5549374537429158,0.012799708886114508,0.018158978085758712,33818.212500925365,47977.98021563075,106942.57789850331,151719.69501588962,0.019551769963658677,0.02849250187117086,51657.886697525915,75280.26547600416,163356.5810750955,238057.10176631287,0.027048363582816523,0.03296286782492695,71464.6962352638,87091.45486524329,225991.212395494,275407.3621119216,0.012065898951139188,0.017327404412329103,31879.407443944197,45780.87280885797,100811.53797939028,144771.83134646155,0.019551769963658677,0.025911840115679485,51657.886697525915,68461.87855668172,163356.5810750955,216495.46913295524,0.022468556828043672,0.029464764159299193,59364.352436499685,77849.08738899542,187726.56552030527,246180.42991471614,0.011848329912839961,0.016867011854459543,31304.56655996072,44564.4659753582,98993.73149381789,140925.2151912091,0.019101882295793553,0.023529614464508145,50469.23491733477,62167.7812445261,159597.73410487766,196591.78581179967,0.02161313813684116,0.027501857653684684,57104.24391889638,72662.87652147067,180579.47484553207,229780.19114742015
2025-10-09,2627512.5097671994,-28528.320887193084,2656040.8306543925,0.008438170233507876,-1.3337261648359275,0.01247548338782871,0.01769899858383402,33135.39326022364,47009.262900357426,104783.3138676991,148656.3418907825,0.019056510078044132,0.027770767049013215,50614.86885706214,73760.2911807707,160058.26905903983,233250.52100846593,0.026363209784516638,0.032127895534497755,70021.76161478358,85333.00234262497,221428.25248006586,269846.6469831789,0.011760261367151387,0.016888489247963018,31235.73437032153,44856.51701065747,98776.0649982214,141848.76165576503,0.019056510078044132,0.02525547524459072,50614.86885706214,67079.57344721418,160058.26905903983,212124.23656574942,0.021899412709364678,0.028718401259453397,58165.734323424316,76277.24633622475,183936.20223825384,241209.8320682039,0.011548203503401657,0.01643975875270836,30672.5000257409,43664.67049330133,96994.9616129145,138079.81203958023,0.018618018376648556,0.022933593020418586,49450.216994252376,60912.559455842355,156375.31649140303,192622.42599088847,0.021065662366549297,0.02680521653622737,55951.25937033457,71195.74959475221,176933.41756509573,225140.7284424269
2025-10-10,2558396.352123562,-69116.15764363762,2627512.5097671994,0.009668367614069947,-2.8042103348467267,0.01429427899875494,0.020279328334701453,37558.39688733116,53284.188889104495,118770.07942854494,168499.40016420733,0.021834750873373384,0.031819455797224595,57371.08106743885,83606.01816119206,181423.28799927095,264385.44348676945,0.03020669133592381,0.036811808259150196,79368.45936381629,96723.48670806865,250985.1059681781,305866.5212305187,0.013474785052765705,0.019350655174883147,35405.16629256596,50844.088544196864,111960.96642152788,160783.12535493678,0.021834750873373384,0.028937460631347937,57371.08106743885,76033.53980976254,181423.28799927095,240439.16436393524,0.025092119114353682,0.03290524521088469,65929.85686953296,86458.94342855675,208488.51351662286,273407.18532588676,0.013231811359956663,0.018836504444605447,34766.74987516587,49493.151068486266,109942.11644689883,156511.08595521288,0.021332331646515844,0.026277072149171243,56050.968263723094,69043.3357920027,177248.72477117836,218334.19835855404,0.024136816650712236,0.030713138070841577,63419.787695703635,80699.15449534348,200550.97784274508,255193.13345510134
2025-10-13,2600285.2714643613,41888.91934079956,2558396.352123562,0.015333552380055866,1.0294635168994166,0.022794041461627897,0.033627247032855474,58316.19252558203,86031.8261408153,184411.9928497263,272056.52186859027,0.04171809034333672,0.05282716707554782,106731.41015195385,135152.83153910347,337514.35396179225,427390.7798846073,0.04790631700366131,0.05838170544165337,122563.34666584207,149363.54223267827,387579.333116865,472328.9928460148,0.02151838359438582,0.03150309104056143,55052.55409147218,80597.39319878884,174091.46193867378,254871.33598033682,0.03827979625670273,0.04731123123056632,97934.89110318145,121040.8813947552,309697.3182866137,382764.8752017248,0.04171809034333672,0.05282716707554782,106731.41015195385,135152.83153910347,337514.35396179225,427390.7798846073,0.021370341991950863,0.030419371202536086,54673.80499584006,77824.80831846084,172893.75213474737,246103.65275235497,0.034500925484275365,0.042659894076309775,88267.04190385692,109140.91738680848,279124.89474171295,345133.88486258715,0.039794858669485386,0.04956908997403221,101811.02125328411,126817.37896764863,321954.71806818846,401031.7644305026
2025-10-14,2624709.702445972,24424.4309816109,2600285.2714643613,0.0144546982130219,0.615298407531097,0.021487583712922982,0.031699875902657014,55873.84744807112,82428.72041692706,176688.61957269133,260662.50113071362,0.03932698640145895,0.04979933798766262,102261.38351079293,129492.48509799477,323378.8885740916,409491.19278507563,0.04516053016429328,0.05503551378076445,117430.26143773382,143108.03589159567,371347.092372278,452547.34489056765,0.020285041142420208,0.029697467519722295,52746.893713683865,77221.88739132514,166800.3236340584,244197.04937362578,0.03608576074428146,0.04459955218295224,93833.2721729419,115971.5586552369,296726.8603729934,366734.2691503625,0.03932698640145895,0.04979933798766262,102261.38351079293,129492.48509799477,323378.8885740916,409491.19278507563,0.019782226706137402,0.02850679233311879,51439.43274073803,74125.79224050196,162665.7690077698,234406.33684442198,0.032523478811981595,0.040214809940231994,84570.32293157896,104569.97798232385,267434.84291975776,330679.305297802,0.03751398620749185,0.04672800004261993,97547.06580925825,121506.13027581065,308470.9070235921,384236.12134470476
2025-10-15,2636460.4785726685,11750.776126696264,2624709.702445972,0.013653757183285417,0.2938239298034108,0.020296947480194647,0.02994337217813651,53273.594981303206,78592.65947990566,168465.89928623344,248531.81132652628,0.03714786121180671,0.047039935303481974,97502.35174774544,123466.17459347994,308329.5087457748,390434.3257034104,0.04265816581187469,0.051985972349319606,111965.30169497654,136448.08601634717,354065.37226403714,431486.7341822281,0.01916103830947138,0.02805191810282863,50292.16315980849,73628.1416167141,159037.78404180557,232832.62739424876,0.03408623325893337,0.04212827186116598,89466.46715455898,110574.48390128397,282917.81041705,349667.2202256784,0.03714786121180671,0.047039935303481974,97502.35174774544,123466.17459347994,308329.5087457748,390434.3257034104,0.01868608503683431,0.02692721873917111,49045.548696909515,70676.1322845874,155095.64297493733,223497.5542306559,0.0307213388968906,0.03798649006737782,80634.5962747996,99703.5090417141,254988.9824364952,315290.17928300856,0.03543532013645063,0.044138781511724144,93007.42857142109,115851.48808796523,294115.3136011112,366354.5726778356
2025-10-16,2607147.934228157,-29312.54434451135,2636460.4785726685,0.012925352375688356,-0.9002153186808033,0.019109595372277566,0.02822388244053298,50381.69296052497,74411.15060634632,159320.90213053062,235308.71922987374,0.03516608576821284,0.044530434470549614,92713.99531398993,117402.7305752741,293187.3961663862,371260.03214095643,0.04038242495582079,0.049212608821718004,106466.66742494816,129747.09820591618,336677.16395049007,410296.3501282416,0.0181388293866222,0.02655539580979758,47822.30680540195,70012.25154538556,151227.41246844086,221398.17900006185,0.032267790478284215,0.0398807999494057,85072.7543268598,105144.15292047101,269023.6704968216,332495.00587773335,0.03516608576821284,0.044530434470549614,92713.99531398993,117402.7305752741,293187.3961663862,371260.03214095643,0.017689214066208006,0.025490697251236573,46636.913782569136,67205.21587414618,147478.87059381718,212521.5528056058,0.029082407528189556,0.03595997519550882,76674.61806981602,94807.05341341248,242466.43182412194,299806.22703562456,0.033544905857095415,0.041784052317186064,88439.81854967288,110162.0025688738,279671.2624689756,348362.83972296125
2025-10-17,2614260.5490891137,7112.614860956557,2607147.934228157,0.01332936126024485,0.1702420344234751,0.019706905688180548,0.029106078834969476,51378.818454969034,75883.85330807256,162474.08980599543,239965.81408361223,0.03626527522722958,0.04592232620675496,94548.93739288716,119726.29790489275,298989.9925101858,378607.7971993066,0.04164466199105818,0.05075085169651765,108573.79448161718,132314.97816089555,343340.4847689309,418416.699543867,0.018577104744246866,0.027197883906252104,48433.26025790331,70908.90684156242,153159.41692268866,224233.65201203362,0.033276387664598055,0.04112735764736725,86756.46535833215,107225.10553059613,274348.03227782564,339075.5558286011,0.03626527522722958,0.04592232620675496,94548.93739288716,119726.29790489275,298989.9925101858,378607.7971993066,0.018242127397763434,0.026287462234016463,47559.9247610058,68535.30285951673,150397.6875910176,216727.6571655238,0.029991438917367098,0.037083979326703195,78192.11801794359,96683.42009457393,247265.18800939244,305739.8194737457,0.034593421951973326,0.04309010014305955,90190.16857997024,112342.26557366212,285206.35526726,355257.43671629496
2025-10-20,2641810.420416612,27549.871327498466,2614260.5490891137,0.012630810129747008,0.7939295921200774,0.018674126924193474,0.027580718101055827,48819.033306601836,72103.18324713827,154379.33841648305,228010.2856094523,0.0343647228666785,0.04351567728633774,89838.33927073816,113761.31839656597,284093.7733024829,359744.8757567627,0.03946219239292233,0.04809115449616737,103164.45275338137,125722.8079594799,326234.64426551416,397570.42698390264,0.01760353539856675,0.02577252584303217,46020.22811696676,67376.09756181865,145528.73929013673,213061.92814906433,0.03153247377644207,0.038971998390607956,82434.10220893953,101882.95791173082,260679.51985136632,322182.2017561416,0.0343647228666785,0.04351567728633774,89838.33927073816,113761.31839656597,284093.7733024829,359744.8757567627,0.017286113192161567,0.024909816591215855,45190.40376535687,65120.75079946108,142904.60428117705,205929.8954665279,0.028419679164447105,0.035140521183717036,74296.44605738393,91866.47820502173,234945.99159717027,290507.3117460856,0.032780486317584505,0.04083187954414943,85696.73216001665,106745.17183742863,270996.8616590538,337557.8722323354
2025-10-21,2654592.02349756,12781.603080947418,2641810.420416612,0.011997604142056684,0.3643513439351862,0.017737958233363407,0.02619804544055425,46860.32289781409,69210.26943940413,148185.3522480343,218862.088902462,0.03264195543838407,0.04133415550483182,86233.85801989774,109197.00273178537,272695.4027664545,345311.2422960704,0.037483879343014545,0.045680255538055686,99025.30304601481,120678.57508772917,313145.50361381646,381619.1620608783,0.016721037450740002,0.024480501221169026,44173.81097754136,64672.843223105934,139689.85561877978,204513.48734399988,0.029951692259118194,0.037018259677120954,79126.69271925003,97795.22416070623,250220.57270909235,309255.6526345603,0.03264195543838407,0.04133415550483182,86233.85801989774,109197.00273178537,272695.4027664545,345311.2422960704,0.01641952820950942,0.023661041187595606,43377.2807222065,62507.98516729673,137171.00578668615,197667.60507667885,0.026994947826527272,0.0333788615438746,71315.53446672253,88180.62424825125,225519.52146708473,278851.61811994703,0.031137139611991122,0.03878490153162164,82258.41988892501,102462.35702107027,260123.96357549788,324014.42261592724
2025-10-22,2628252.332175204,-26339.691322356,2654592.02349756,0.011425043912501804,-0.9126490424907984,0.01689145177109998,0.024947799246920335,44839.91313685574,66226.22888469316,141796.25559656956,209425.72411926303,0.031084187297542788,0.03936157053835978,82515.83565696127,104488.91118346644,260937.983708134,330422.9495707939,0.035695040645960754,0.043500262158768274,94755.7701771886,115475.44894671901,299644.0552033727,365165.43250212376,0.015923061377531248,0.023312221185184417,42269.23172245652,61884.43640820139,133667.04718840483,195695.77076576598,0.028522311226673324,0.03525164169177199,75715.09987404192,93578.72685017195,239432.16886910045,295921.91738529765,0.031084187297542788,0.03936157053835978,82515.83565696127,104488.91118346644,260937.983708134,330422.9495707939,0.015635941025809594,0.022531868144922196,41507.04432699241,59812.91745200923,131256.79901486676,189145.05264798418,0.025706671155504443,0.03178592612097231,68240.7242000769,84378.66594021583,215796.1176516149,266828.770297555,0.02965118561710729,0.03693397430804666,78711.80082641859,98044.63359420448,248908.56934500652,310044.35451434704
2025-10-23,2639838.830222853,11586.498047649397,2628252.332175204,0.011869587387577103,0.3322410793337149,0.017548690791527287,0.02591850723348407,46122.38749945312,68120.37708290441,145851.79562314993,215415.54665151465,0.032293659466487414,0.04089311207864191,84875.8858072674,107477.4171905926,268401.11757532414,339873.43535440793,0.03708391910745585,0.04519283838471916,97465.89688036745,118778.1828822552,308214.2283330609,375609.59424394986,0.01654262075015295,0.02421928954279886,43478.181566879415,63654.40422448763,137490.0822736874,201292.90045042496,0.02963210191518089,0.036623267693368516,77880.64096582751,96255.18872697261,246280.21108583067,304385.6329865967,0.032293659466487414,0.04089311207864191,84875.8858072674,107477.4171905926,268401.11757532414,339873.43535440793,0.0162443286707866,0.02340857330612703,42694.19471361541,61523.63738472259,135010.89816174493,194554.8240740084,0.026706906517014187,0.033022702641440804,70192.4893385277,86791.99523209507,221968.1409468333,274460.38760389475,0.03080490031573598,0.03837105913791543,80963.05109725776,100848.8256672589,256027.64778392922,318911.9884617883
2025-10-24,2655199.155896816,15360.325673962943,2639838.830222853,0.01130947044126733,0.4727549905855905,0.016720581205496333,0.02469543227304181,44139.63953016366,65191.961043514384,139581.79601412165,206155.0820304728,0.030769745842963474,0.038963396721681406,81227.16987234319,102857.08762327238,256862.8646860129,325262.6703810558,0.035333956716226786,0.04306022216104037,93275.95096490903,113672.04649873698,294964.45596729306,359462.5732285772,0.01576198685649005,0.023076399393584177,41609.10494522468,60917.975180914604,131579.54302788567,192639.55201729806,0.028233785200747985,0.03489504309764546,74532.64249710586,92117.28975146444,235692.91032191424,291300.4474963136,0.030769745842963474,0.038963396721681406,81227.16987234319,102857.08762327238,256862.8646860129,325262.6703810558,0.015477770957124527,0.022303940249427927,40858.82077791286,58878.807537410226,129206.93616681744,186191.13773290595,0.02544662758437438,0.0314643860160644,67174.99559545144,83060.90797432773,212425.9878934054,262661.65372051817,0.0293512401224351,0.03656035757186983,77482.54339039915,96513.45156505409,245021.31601648638,305202.33178991347
2025-10-27,2665186.213325561,9987.057428745087,2655199.155896816,0.010804598136958094,0.30534005021904703,0.015974148522688712,0.02359298986759473,42414.54567361344,62644.08678151966,134126.57024985916,198097.9961708489,0.029396136656978843,0.03722401025007347,78052.59723823768,98837.1605950895,246823.98456459917,312550.544944326,0.03375659407662956,0.041137947046620785,89630.48009821826,109229.44227351542,283436.4648847622,345413.82513418945,0.015058347312441137,0.022046233127400137,39982.911073194795,58537.139590577266,126437.06647526282,185110.6888174405,0.026973385231739682,0.033337274242846264,71619.70969899485,88517.10242950606,226481.40800887602,279915.6555556632,0.029396136656978843,0.03722401025007347,78052.59723823768,98837.1605950895,246823.98456459917,312550.544944326,0.014786819251713077,0.021308257757715932,39261.94999554735,56577.66801191912,124157.1873655674,178914.29561851497,0.024310650654938027,0.030059767015192272,64549.61909829383,79814.66800519347,204123.81844691274,252396.1415865792,0.02804095523227123,0.034928246495622914,74454.32066326698,92741.45061213388,235445.23493646213,293274.21744236007
2025-10-28,2637960.302607651,-27225.91071791016,2665186.213325561,0.01035075515405972,-1.035973857357214,0.015303160567107073,0.022601975416036903,40785.772563761144,60238.47327274481,128975.93743109028,190490.77831305095,0.02816136325985853,0.03566043003790935,75055.27710862792,95041.68649829671,237345.62607836124,300548.2019982904,0.032338661345210046,0.03940996342693476,86188.55437465805,105034.8911931311,272552.14006118884,332149.48995825497,0.014425827233936664,0.02112018959691589,38447.51585970441,56289.238136522166,121581.72049211271,178002.20026702204,0.025840378575012125,0.03193695487952618,68869.42072523553,85117.93184051367,217784.2306281495,269166.5343389912,0.02816136325985853,0.03566043003790935,75055.27710862792,95041.68649829671,237345.62607836124,300548.2019982904,0.014165704604809055,0.020413212598373077,37754.240614779505,54405.01278686758,119389.39167273893,172043.75653708636,0.023289491138445015,0.028797118080500297,62070.83069755148,76749.68209165764,196285.2012629607,242703.8051034741,0.026863105708890746,0.033461098955654696,71595.17898244278,89180.05961933322,226403.83507193552,282012.1102667016
2025-10-29,2630439.373279505,-7520.929328145925,2637960.302607651,0.011046734635052959,-0.29966324614800666,0.016332137254365883,0.02412172067957988,43083.52973375671,63632.141583321776,136242.08359825896,201222.49979760984,0.030054918917773125,0.03805821910937101,79283.6830031772,100396.07119846463,250717.0195768187,317480.25311957876,0.03451309638922979,0.04205986920516995,91044.17819485963,110952.26529610834,287906.97079399374,350861.86989095877,0.015395812476726948,0.02254030034007988,40613.54213999727,59460.41750598446,128431.29700962045,188030.34994345947,0.027577872410160183,0.034084379386311,72749.33264838134,89913.23976010695,230053.58942613445,284330.6294467495,0.030054918917773125,0.03805821910937101,79283.6830031772,100396.07119846463,250717.0195768187,317480.25311957876,0.015118199335098535,0.021785786569852642,39881.20969289932,57470.040132354174,126115.45847234616,181736.22403952383,0.02485546460742174,0.030733421567295343,65567.728937248,81073.54605783093,207343.36444623515,256377.06352931095,0.028669367193281805,0.03571100613034871,75628.65255675952,94204.21653803835,239158.79844887683,297899.8894519033
2025-10-30,2625769.2004322438,-4670.172847261652,2630439.373279505,0.010672124544117222,-0.20916184445817865,0.015778291830884895,0.023303719679661716,41503.840075053995,61299.02178925063,131246.66628054436,193844.527194322,0.02903571493751935,0.03676761212075249,76376.68780297076,96714.97458389611,241524.29359698918,305839.6035304073,0.033342709428379136,0.04063356071236905,87705.97569222626,106884.11797435876,277350.647594798,337997.2584971163,0.014873719124938144,0.02177592749696635,39124.416413337676,57280.25707770011,123722.2679910228,181136.07732551277,0.02664266851211391,0.03292853081356823,70081.92426349851,86616.50395625728,221618.50348007368,273905.43546275847,0.02903571493751935,0.03676761212075249,76376.68780297076,96714.97458389611,241524.29359698918,305839.6035304073,0.014605520229932476,0.02104700033503693,38418.93548004471,55362.85837070807,121491.34139599573,175072.7302287561,0.024012581333364383,0.02969120862125804,63163.63939335815,78100.92419761304,199740.96578854788,246976.80782861574,0.027697149193469783,0.03449999638893181,72855.67176609961,90750.14887944698,230389.86324249694,286977.1684584297
2025-10-31,2624458.9325458305,-1310.2678864127956,2625769.2004322438,0.010280787806848156,-0.09282525809394951,0.015199716757172767,0.022449194267409225,39910.948116278116,58946.40288188323,126209.49962424555,186404.89298066433,0.027971002667628635,0.03541937847664259,73445.3973098674,93003.11310242083,232254.73915518448,294101.6668898985,0.03212006373440577,0.03914356638114956,84339.87406972334,102781.97099869754,266706.0996321005,325025.1307572555,0.014328313878836676,0.020977424782493443,37622.8452771752,55081.87589825534,118973.88313198255,174184.18563321995,0.025665706996665785,0.03172107265859862,67392.22293916336,83292.21559162161,213112.9210696033,263393.11263131344,0.027971002667628635,0.03541937847664259,73445.3973098674,93003.11310242083,232254.73915518448,294101.6668898985,0.01391048089892762,0.02001328061091166,36525.71230760517,52550.25582773964,115504.44405207706,166178.50004019425,0.022683578431997597,0.02845485332386035,59561.84160232842,74715.87746060957,188351.08109753078,236272.3501535638,0.026681520866399546,0.03323491407408183,70059.51571168216,87267.21375473616,221547.6414172681,275963.1605217409
2025-11-03,2624604.705202515,145.77265668427572,2624458.9325458305,0.009890576175689624,-0.040406790794209176,0.013784476690923118,0.021333472006346058,36176.792981962964,55988.82116927133,114401.0642633977,177052.19840274917,0.02690935148085823,0.03407502104901571,70622.48786295376,89428.49336877649,223327.9156745312,282797.726762598,0.030900933187389748,0.03765785583309446,81098.23012764692,98831.49612168786,256455.1214118521,312532.63230663136,0.013784476690923118,0.02018121778983189,36176.792981962964,52964.77729817712,114401.0642633977,167489.33202581885,0.024691554278005963,0.03051708598590755,64801.97018335296,80090.83891098425,204921.8226457145,253269.47067234988,0.02690935148085823,0.03407502104901571,70622.48786295376,89428.49336877649,223327.9156745312,282797.726762598,0.01338250273774483,0.019253668116350174,35121.82884989345,50530.461272228065,111064.97475627535,159791.34883917027,0.021822613658990003,0.027374837381649756,57272.55334883296,71844.13649326022,181111.7159958162,227191.1078467246,0.025668812504484616,0.03197346891288294,67366.74426523877,83913.05609289206,213032.35042824087,265356.3826790087
2025-11-04,2604147.830281114,-20456.87492140057,2624604.705202515,0.0095343333678454,-0.8684395104861481,0.013287981785691239,0.02056507430801106,34875.699517370536,53975.19079164518,110286.64546652598,170684.5400437456,0.02594011948076804,0.032847693038976306,68082.55964273922,86212.2097051451,215295.9574053155,272626.9447843319,0.02978793076891184,0.036301479818080434,78181.54325433278,95277.03473634804,247231.74767066442,301292.43847384007,0.013287981785691239,0.019454322453962922,34875.699517370536,51059.90624919802,110286.64546652598,161465.60086213073,0.02380220380238298,0.02941790913253426,62471.37609392356,77210.38272646946,197551.83702179143,244160.66842896488,0.02594011948076804,0.032847693038976306,68082.55964273922,86212.2097051451,215295.9574053155,272626.9447843319,0.012900486294355492,0.01856018164304154,33858.67702756598,48713.14006974016,107070.53796712821,154044.47459919244,0.021036597857050515,0.026388839320476344,55212.75371706792,69260.27184535534,174598.05763586255,219020.21039375616,0.024744262743359408,0.030821835465072077,64943.90842298839,80895.13438460592,205370.67077003722,255812.8762807582
2025-11-05,2633636.447087944,29488.61680682981,2604147.830281114,0.009935926859045605,1.0874565440685937,0.01384768184970593,0.02143129113403465,36061.410643334864,55810.25030681921,114036.19327157608,176487.50775365983,0.027032737364212807,0.03423126326003478,70397.24435357399,89143.2699464012,222615.63315672163,281895.7711058638,0.03104262143805305,0.037830526207945775,80839.57526414386,98516.28274281482,255637.18291530246,311535.8400804349,0.01384768184970593,0.020273753553316967,36061.410643334864,52795.85132752441,114036.19327157608,166955.14120260152,0.02480477102491108,0.030657014204335892,64595.290645142035,79835.39702311861,204268.24455921617,252461.69249688112,0.027032737364212807,0.03423126326003478,70397.24435357399,89143.2699464012,222615.63315672163,281895.7711058638,0.01344386474875302,0.019341950840296218,35009.81121605793,50369.29931416137,110710.74389525237,159281.70997950697,0.021922675619432844,0.027500357630416264,57089.88814830272,71614.9966552032,180534.07791288922,226466.5040557823,0.025786510216664036,0.032120074999192096,67151.88463124743,83645.42361761276,212352.9046075981,264510.0544812974
2025-11-06,2611928.2871144023,-21708.15997354174,2633636.447087944,0.009573117729783342,-0.9121379085795617,0.013342035475143624,0.0206487302128835,35138.07090567856,54381.248474735985,111116.33664643981,171968.60718372336,0.02604564033302275,0.032981312954129115,68594.7476687925,86860.78786880818,216915.63815790953,274677.9290221567,0.029909103990337065,0.03644914926468229,78769.70636869516,95993.807968816,249091.68274774763,303559.0744542802,0.013342035475143624,0.01953345997246595,35138.07090567856,51444.032121219796,111116.33664643981,162680.31352591788,0.023899027906552194,0.02953757715663562,62941.35094466774,77791.23975838785,199038.02799314074,245997.49964475216,0.02604564033302275,0.032981312954129115,68594.7476687925,86860.78786880818,216915.63815790953,274677.9290221567,0.012952963705235956,0.018635681919222918,34113.39731191671,49079.61111880328,107876.03423192227,155203.3578107432,0.021122171855121774,0.026496185503564425,55628.12163930388,69781.3198509905,175911.56633709988,220667.90886185155,0.024844919014238562,0.03094721446915647,65432.48424084695,81503.71196181787,206915.68316414984,257737.36755765497
2025-11-07,2633199.923279908,21271.63616550574,2611928.2871144023,0.010045297677668343,0.7621339912415478,0.014000111745921475,0.02166719845186455,36567.2878919349,56593.168538946404,115635.91759361142,178963.31258885417,0.02733030322365206,0.03460806769291284,71384.79208527075,90393.79096948911,225738.53328701624,285850.26580074563,0.031384326541868776,0.038246949927543225,81973.61026674238,99898.29041159828,259223.31646986876,315906.13205761026,0.014000111745921475,0.020496919147643303,36567.2878919349,53536.482920426366,115635.91759361142,169297.2239432503,0.025077812297379213,0.030994474693691716,65501.44731847018,80955.34519670489,207133.76356389426,256003.2795867594,0.02733030322365206,0.03460806769291284,71384.79208527075,90393.79096948911,225738.53328701624,285850.26580074563,0.013441484285521482,0.019465862296225055,35108.19302615728,50843.43636458393,111021.85449549646,160781.0629819164,0.02216399190657069,0.027803070871880844,57890.75741614666,72619.62727891207,183066.64890730754,229643.4250338579,0.026070358092340838,0.03247364029276984,68093.9057565869,84818.81966626357,215331.83696766576,268220.6585924757
2025-11-10,2665405.824231484,32205.900951575957,2633199.923279908,0.009670775394456228,1.2099680266996102,0.013478140771585519,0.02085937285073355,35490.63924569479,54926.89899021858,112231.25563175578,173694.10561909335,0.026311338142412426,0.033317763219534835,69283.01357799211,87732.33155353727,219092.12606682695,277433.9921462363,0.030214213916967096,0.036820975758096036,79560.06576812049,96956.99054130983,251591.01862005444,306604.925185941,0.013478140771585519,0.019732725471725148,35490.63924569479,51960.211198250145,112231.25563175578,164312.6150898573,0.024142827608925523,0.02983889704913395,63572.89180758273,78571.78142053659,201035.13555542027,248465.7891057958,0.026311338142412426,0.033317763219534835,69283.01357799211,87732.33155353727,219092.12606682695,277433.9921462363,0.012940340810643216,0.018740109866998186,34074.50442980158,49346.455864036674,107753.04413967002,156047.1949873281,0.02133764418445217,0.026766479432047872,56186.28302947343,70481.49158694169,177676.62763200156,222882.04630073128,0.02509836797813973,0.031262914409186056,66089.02063448844,82321.50382377506,208991.83353484984,260323.4524933897
2025-11-11,2659440.913810235,-5964.910421248991,2665405.824231484,0.009336696192610064,-0.2887098493396712,0.013012535240727801,0.020138780928292726,34683.687218653315,53678.02397919336,109679.44926381494,169744.81607138575,0.025402406801585238,0.032166793282826095,67707.72303844275,85737.55816289486,214110.61998533542,271125.9648159095,0.029170456818071382,0.03554898652344652,77751.10549838046,94752.4757251209,245870.5839709234,299633.63723119645,0.013012535240727801,0.019051053846963553,34683.687218653315,50778.789881444274,109679.44926381494,160576.6328524754,0.023308807972555617,0.028808105359373577,62127.43252594299,76785.29180994855,196464.1919604079,242816.41292011034,0.025402406801585238,0.032166793282826095,67707.72303844275,85737.55816289486,214110.61998533542,271125.9648159095,0.012493313705441782,0.018092728380869876,33299.751114435545,48224.463602608834,105303.05903834662,152499.14392413304,0.020600530266729956,0.02584182512873147,54908.773355198995,68878.95120689238,173636.78732839454,217814.3686573836,0.024231338975833995,0.030182929706078068,64586.35203511529,80449.75663094995,204239.97819241564,254404.468160036
2025-11-12,2675444.099472308,16003.185662072618,2659440.913810235,0.009120088875356725,0.6079193333807297,0.012710650045899517,0.019671569912785677,33803.22277318912,52315.37786494067,106895.17621735096,165435.7507055692,0.02481308194024677,0.0314205375780351,65988.9253096181,83561.06316893849,208675.3043251251,264243.28331905295,0.02849371482453647,0.03472426539692926,75777.35099081352,92347.13209859867,239629.0241849878,292027.27281601686,0.012710650045899517,0.01860907762973311,33803.22277318912,49489.742416783025,106895.17621735096,156500.30685208042,0.022768053699400128,0.02813976976310727,60550.293536013174,74836.05501320762,191476.8405655723,236652.3849433983,0.02481308194024677,0.0314205375780351,65988.9253096181,83561.06316893849,208675.3043251251,264243.28331905295,0.012203474225874908,0.01767298490035742,32454.418646920414,47000.259113161024,102629.88306090851,148627.8694156744,0.02012260686609447,0.025242305952077222,53514.88399221039,67130.42120786977,169228.92213506933,212285.0313033402,0.023669182382030935,0.029482698779034054,62946.79202320946,78407.49538250623,199055.23419426044,247946.2710378548
2025-11-13,2631521.0526636657,-43923.04680864187,2675444.099472308,0.008847326645323311,-1.9224505324556516,0.012330501858850382,0.01908323559378928,32989.568441793584,51056.13006824345,104322.17530207963,161453.65952945736,0.024070976062056104,0.030480816922264804,64400.55087376718,81549.72178176904,203652.42333065116,257882.86338343495,0.027641529138223986,0.033685737352369155,73953.36603325323,90124.30723576999,233861.07730121174,284998.08340982685,0.012330501858850382,0.018052520168230043,32989.568441793584,48298.508564695905,104322.17530207963,152733.294653589,0.022087110214589405,0.027298169811822613,59092.828698017765,73034.7273494339,186867.93206789848,230956.0867136034,0.024070976062056104,0.030480816922264804,64400.55087376718,81549.72178176904,203652.42333065116,257882.86338343495,0.011838494576060395,0.017144423957733954,31673.230460155708,45868.94791657098,100159.54910951504,145050.34929199933,0.019520783002545016,0.024487362907467367,52226.763701238386,65514.57060242063,165155.52811531897,207175.2630315588,0.022961288077729236,0.028600934711130913,61431.64270384454,76520.20201228792,194263.91134981342,241978.12537502957
2025-11-14,2620192.0284151854,-11329.024248480331,2631521.0526636657,0.011502205700541484,-0.4146688530799886,0.017005532262275854,0.025218359804213206,44750.416159930086,66362.64473843422,141513.24130578496,209857.10892604117,0.03129412184921783,0.039627408392992995,82351.14047083873,104280.35944866191,260417.17180032143,329763.45107883215,0.03593611570715833,0.04379405166488058,94566.64503434458,115244.96893757352,299045.9889891809,364436.59071808757,0.016141652521937073,0.023682181839072638,42477.09843625896,62320.160082528775,134324.37945375493,197073.65000709795,0.028714943530770302,0.03548972215125231,75563.97842727038,93391.9509942045,238954.2808940025,295331.28026851296,0.03129412184921783,0.039627408392992995,82351.14047083873,104280.35944866191,260417.17180032143,329763.45107883215,0.015563127622023283,0.02244571686096759,40954.69798264568,59066.376461764026,129510.12650946344,186784.28275213178,0.02537852060086354,0.03183545680144903,66784.11124663096,83775.67479417782,211189.90304942091,264921.9448671597,0.02985144204651224,0.03718341680637281,78554.69819776631,97848.94413593803,248411.76721206566,309425.5301121406
2025-11-17,2588181.073417272,-32010.954997913446,2620192.0284151854,0.011184815253733145,-1.1397109509500194,0.016536283700438425,0.024522487491161468,43328.23873150072,64253.62624125238,137015.92139506707,203187.80684752116,0.030430595706946676,0.038533934568653685,79734.00429126705,100966.30818025873,252141.0605260435,319283.5007881081,0.034944498958353866,0.04258560399950719,91561.29760764155,111582.46012475458,289542.2459606734,352854.72091914044,0.015696241751207995,0.023028698631504394,41127.167512592794,60339.6125790435,130055.52305107494,190810.6088819242,0.027922586917214137,0.03451042313122526,73162.53965321463,90423.93558567144,231360.26470654382,285945.5914470733,0.030430595706946676,0.038533934568653685,79734.00429126705,100966.30818025873,252141.0605260435,319283.5007881081,0.01513368059609706,0.021826352515648968,39653.14925847509,57189.234870883156,125394.26805539812,180848.23983431628,0.024678228830523917,0.030956993129208858,64661.69845714457,81113.26662085671,204478.24449957247,256502.6709784167,0.02902772503295112,0.03615738218472804,76058.21373436645,94739.28456878565,240517.19016449884,299591.92313220573
2025-11-18,2596096.296722796,7915.223305523861,2588181.073417272,0.012126089627581032,0.2142787145683609,0.01792791867453476,0.026586213045388347,46400.699799194925,68809.93341791349,146731.89639117353,217596.11524514147,0.03299152668971942,0.041776813803596685,85388.04496147258,108125.95879414637,270020.7070271179,341924.3039790158,0.03788530402578439,0.04616945736053532,98054.02684019433,119494.91571048327,310074.05856629723,377876.10245496477,0.01701718177488895,0.024966712214488353,44043.54779266892,64618.37201899458,139277.92725931527,204341.23427211607,0.03027245277735354,0.03741469791691988,78350.58932426457,96836.01301619665,247766.31828114897,306222.3606608931,0.03299152668971942,0.041776813803596685,85388.04496147258,108125.95879414637,270020.7070271179,341924.3039790158,0.01640727746863822,0.023663180914821096,42465.00501063509,61244.596980588765,134286.13668406964,193672.42083773165,0.02675506102338228,0.03356222385165496,69246.94255884216,86865.1125546471,218978.05948878956,274691.60487957235,0.03147059539645579,0.039200259201811465,81451.5993742796,101457.3689391797,257572.57308626914,320836.3712558292
2025-11-19,2609896.4838090045,13800.187086208723,2596096.296722796,0.011541104673666001,0.41993189533723757,0.017063042774577614,0.025303645037829076,44297.30215790361,65690.69917629621,140080.36901966712,207732.23048604288,0.031399954524833316,0.039761423166698596,81517.30565918397,103224.48343549421,257780.35460315488,326424.4779504843,0.0360576470060662,0.043942157487631237,93609.12386098628,114078.07232364932,296018.04117353173,360746.5396241489,0.016196241504605552,0.023762271917347335,42047.00259093451,61689.146126345506,132964.2969703542,195078.20867020512,0.028812053758647975,0.035609743804846376,74798.86606380412,92446.3240190092,236534.7831594945,292340.94521000027,0.031399954524833316,0.039761423166698596,81517.30565918397,103224.48343549421,257780.35460315488,326424.4779504843,0.015615760108249296,0.0225216253744881,40540.016987537565,58468.30823088671,128198.79006253665,184893.02494637202,0.025464347477594372,0.03194312020191038,66107.89818504521,82927.41606195067,209051.52959125422,262239.51522819506,0.029952395765488134,0.037309166316395984,77759.3037247593,96858.18850781048,245896.50903905422,306292.48572262673
2025-11-20,2568638.507376024,-41257.97643298097,2609896.4838090045,0.011013222116884396,-1.4881887354728562,0.016282590391464725,0.02414627291304958,42495.87540998607,63019.272772860706,134383.7574582977,199284.4384496748,0.029963741203311647,0.037942761754641154,78202.26280828606,99026.68048944073,247297.26865325953,313149.8594723903,0.03440839388591018,0.0419322720303059,89802.34621635223,109438.88933001805,283979.95327067707,346076.1548819557,0.015455436042957505,0.02267540118795427,40337.08818424975,59180.44982940038,127557.07284129488,187145.0144142284,0.027494209320502613,0.0339809774832886,71757.04023068852,88686.83365002787,226915.68528130997,280452.39280255244,0.029963741203311647,0.037942761754641154,78202.26280828606,99026.68048944073,247297.26865325953,313149.8594723903,0.014901505484873425,0.02149150100409836,38891.386768431745,56090.592902374,122985.36355077982,177374.02888077637,0.024299624928641187,0.030482062838637167,63419.50565913827,79555.02862180426,200550.08596481505,251575.08976478764,0.028582392832016953,0.035602669523985095,74597.08655112874,92919.2820048627,235896.70031428148,293836.569682863
2025-11-21,2619183.684573377,50545.17719735345,2568638.507376024,0.012850362948351067,1.4810099039690987,0.0189987266259593,0.028174168058130923,48800.86080254922,72369.25298739866,154321.87191288813,228851.67200512456,0.03496206157167237,0.044272080834767254,89804.89765024917,113718.97163384724,283988.02161309076,359610.9635350368,0.04014813695856479,0.0489270904663147,103126.05059117606,125676.0086256463,326113.2059658702,397422.43449600984,0.018445296345307678,0.026474404991533126,47379.29847251955,68003.17612112,149826.4971140984,215044.9246683136,0.032080581413565984,0.039649422245879085,82403.41675789715,101845.03277597658,260582.48393504284,322062.27194658713,0.03496206157167237,0.044272080834767254,89804.89765024917,113718.97163384724,283988.02161309076,359610.9635350368,0.017586585991218987,0.02510439062793628,45173.581990324834,64484.10447112689,142851.40915778888,203916.6430050085,0.028353101075035404,0.03556684562734891,72828.86722486049,91358.36926430697,230305.0998405454,288900.5301939314,0.033350287311527685,0.04154163245395737,85664.83222044402,106705.43678049644,270895.98519278254,337432.21894947323
2025-11-24,2644383.546414126,25199.861840749625,2619183.684573377,0.012196454062486381,0.747765467069813,0.01803194956209256,0.02674048568518123,47228.98809408288,70038.24382419462,149351.17396227666,221480.37380267662,0.03318296764088201,0.0420192334117076,86912.28745072447,110056.09059022507,274840.7849995586,348027.91663893615,0.0381051422498833,0.046437366297120405,99804.366879242,121627.99215997539,315609.11976947595,384621.482458625,0.017506681363685557,0.025127217465272217,45853.21419879001,65812.79802376819,145000.59490774918,208118.34094373582,0.03044811567432178,0.03763180534041198,79749.20780018652,98564.61056864834,252189.1382426557,311688.6660844328,0.03318296764088201,0.0420192334117076,86912.28745072447,110056.09059022507,274840.7849995586,348027.91663893615,0.01669166769996892,0.023826918219428773,43718.54370807902,62407.07545399198,138250.17410315317,197348.50054460127,0.02691031344255345,0.03375697640487022,70483.05391549162,88415.72184016454,222886.9868174026,279595.0619828138,0.03165321079261531,0.03942772775693453,82905.57327237994,103268.4612607638,262170.44226269977,326563.54804487707
2025-11-25,2684066.0192613164,39682.47284718976,2644383.546414126,0.011604691300031784,1.2442944474351096,0.017157052954387016,0.025443057465686536,45369.8285375369,67281.20253273057,143471.99522992276,212761.8437185181,0.03157295505058273,0.03998049186334092,83491.00284743376,105723.75486096258,264021.73312949436,334327.86814594007,0.03625630945586059,0.04418426026972001,95875.58817877666,116840.13086772698,303185.230653249,369480.93565416295,0.016657270373236176,0.023908063804391252,44048.211703157234,63222.09055095135,139292.6758392615,199925.80457841585,0.02897079604103645,0.03580593849663066,76609.8963774363,94684.63462440627,242261.76386218125,299419.1048339654,0.03157295505058273,0.03998049186334092,83491.00284743376,105723.75486096258,264021.73312949436,334327.86814594007,0.015701796370071498,0.022603882447708622,41521.57197016212,59773.33482979974,131302.73945631724,189019.88140604025,0.025604645308217194,0.03211911334179332,67708.5027648192,84935.25484644869,214113.08569663673,268588.85896163277,0.030117420852094092,0.03751472411052921,79642.01216170733,99203.31918614876,251850.15586982548,313708.4400769114
2025-11-26,2704276.145719697,20210.12645838084,2684066.0192613164,0.011070533472393002,0.6364890132680858,0.01636732284456722,0.024271926932957703,43930.97507338234,65147.45430274532,138921.9410639709,206014.3393584119,0.030119668561013637,0.038140210883045166,80843.17889603009,102370.84399864217,255648.57859991177,323725.03302948835,0.034587450630026176,0.042150482044060925,92835.00092893167,113134.6765499482,293570.04951927136,357763.2602442766,0.015890544992360655,0.02280758822131666,42651.271841538306,61217.07252614069,134875.16412226524,193585.38087032217,0.02763728555996024,0.03415781000881163,74180.29903611074,91681.81713703538,234578.70246650296,289923.3621760895,0.030119668561013637,0.038140210883045166,80843.17889603009,102370.84399864217,255648.57859991177,323725.03302948835,0.01497905095425497,0.02156343764548994,40204.761667099556,57877.6902427198,127138.61965226295,183025.3268766982,0.02442607697221489,0.03064068747377483,65561.20318498333,82241.6280551649,207322.7282056328,260070.863134725,0.02873113183496242,0.03578794112102447,77116.25465313967,96057.19666226652,243863.00932547942,303759.52710348606
2025-11-28,2710070.1026267093,5793.956907012034,2704276.145719697,0.010589655748330469,0.15912094529742926,0.015656365149699165,0.023217611979551057,42339.13480300864,62786.834236875795,133888.10013841177,198549.40325996748,0.028811341577200517,0.03648349055873189,77913.82375340546,98661.43323056842,246385.14427369053,311994.8462252207,0.03308505378695001,0.040319565049497574,89471.12173590202,109035.2379691499,282932.5294956485,344799.6972009858,0.015200297396877083,0.021816880669366014,41105.8016582199,58998.869968179686,129987.95828710111,186570.80847555373,0.02643678740759187,0.03267407573557546,71492.37355581355,88359.72359515546,226078.7357679618,279417.97998361295,0.028811341577200517,0.03648349055873189,77913.82375340546,98661.43323056842,246385.14427369053,311994.8462252207,0.014328396498490804,0.020626773044476267,38747.94085728231,55780.49030735122,122531.74775050946,176393.39837217558,0.023365066106616924,0.029309728663809258,63185.59091528794,79261.60006305622,199810.38259595315,250647.1871886033,0.02748311959408973,0.03423339781757135,74321.94472825844,92576.56110499093,235026.62547444075,292752.79103752575
2025-12-01,2690688.545611996,-19381.55701471353,2710070.1026267093,0.010157932949594663,-0.751389651838164,0.015018080965482551,0.022271068233277333,40700.05222338153,60356.15617256435,128704.86591368579,190862.9243181341,0.027636750701288116,0.034996118822955655,74897.53180930867,94841.93533006395,236846.7916423274,299916.5333413954,0.03173623071312359,0.038675802883789426,86007.41002569978,104814.13709044158,271979.3113332123,331451.4041909294,0.014580606342724454,0.02092744242830244,39514.465327586906,56714.83604938414,124955.71095892608,179348.05903907973,0.025359003188686693,0.031342007559054016,68724.67637407519,84939.03764209262,217326.50880003962,268600.82121179055,0.027636750701288116,0.034996118822955655,74897.53180930867,94841.93533006395,236846.7916423274,299916.5333413954,0.013744251405889469,0.019785853528367012,37247.88481808617,53621.050102178626,117788.15404875884,169564.64885288887,0.02241251089878724,0.028114819368394085,60739.47571159857,76193.13141103515,192075.08713312805,240943.8373193901,0.02636267813771643,0.03283775865164585,71444.70584619607,88992.62795909698,225927.99723472705,281419.39931472833
2025-12-02,2694337.512648288,3648.967036292423,2690688.545611996,0.010354174268318894,0.08692520020391219,0.01530821558519287,0.02270132346543754,41189.64032883749,61082.19101868562,130253.07944225335,193158.84809252716,0.028170665665069206,0.03567220957312356,75798.48742726685,95982.80569507416,239695.86346579975,303524.28220981534,0.03234934361683973,0.039422981527150736,87042.0083278972,106074.96482897781,275250.99843149935,335438.4915818231,0.014862289381064386,0.02133174012548495,39989.79179920075,57397.06881361416,126458.8252413972,181505.46846843927,0.025848914300718437,0.031947504457426334,69551.37762544923,85960.78430448523,219940.76769889297,271831.86785662634,0.028170665665069206,0.03567220957312356,75798.48742726685,95982.80569507416,239695.86346579975,303524.28220981534,0.014009776885743787,0.02016809684575829,37695.94619305051,54266.06716967526,119205.0485251929,171604.3719158608,0.022845498664755385,0.028657970150735818,61470.12157605147,77109.67202507536,194385.59222778186,243842.19322780645,0.026871979267042583,0.03347215199660331,72304.12681175453,90063.13597424424,228645.7249547929,284804.64289605967
2025-12-03,2714858.155630715,20520.64298242703,2694337.512648288,0.009946979622066613,0.717018187154627,0.014706195253254,0.021808557211130692,39623.45353917244,58759.613790685755,125300.36194564472,185814.2140104074,0.027062808684597355,0.03426934224814433,72916.34063653453,92333.1743529581,230581.71505614094,291983.1345487914,0.031077153368810305,0.03787260902991782,83732.34010790972,102041.59121116987,264784.9085568637,322683.84429511655,0.014277805818184957,0.020492834950697633,38469.22781424371,55214.61394817456,121650.37972091096,174603.94020313382,0.02483236394702273,0.030691117184132262,66906.76971019825,82692.22833429206,211577.78316859034,261495.78633107446,0.027062808684597355,0.03426934224814433,72916.34063653453,92333.1743529581,230581.71505614094,291983.1345487914,0.013309926153372587,0.019225454431387727,35861.43332561029,51799.86307219822,113403.80946719526,163805.54979299344,0.021947062487597785,0.027530949133372555,59132.79375277077,74177.66900885756,186994.3126677313,234570.38559007458,0.02581519522920558,0.03215580549340964,69554.84890238772,86638.59299031549,219951.74484040783,273975.2871216954
2025-12-04,2714876.1801553774,18.02452466217801,2714858.155630715,0.00958298323473644,-0.04680688530598433,0.014168041748678462,0.021010502290004222,38464.223690716186,57040.533495915784,121634.55529287113,180378.00479822065,0.026072481473073977,0.03301530159978175,70783.08896470562,89631.86080877528,223835.78095079953,283440.83107491175,0.02993992659399537,0.036486711663135635,81282.65389269327,99056.24673081012,257038.3205640623,313243.3561369679,0.0137553286508153,0.019742927122228825,37343.76617104676,53599.24671380577,118091.35750925283,169495.7004849214,0.023923656871205245,0.029568016886091224,64949.334969302356,80272.97178903146,205387.83101621777,253845.42540378077,0.026072481473073977,0.03301530159978175,70783.08896470562,89631.86080877528,223835.78095079953,283440.83107491175,0.012822867245087376,0.01852192469435263,34812.265718895425,50284.398314441176,110086.05018270851,159013.22944476584,0.021143939151517657,0.026523490949575013,57402.795647657294,72007.51572025119,181523.57830779735,227707.75832637373,0.02487052275990563,0.03097910688981272,67519.94154952912,84103.88099396374,213516.80277795068,265959.8240006715
2025-12-05,2722548.5439267573,7672.363771379925,2714876.1801553774,0.00926071238553227,0.25558195867567995,0.013691577715082318,0.02030392979067416,37170.938207423176,55122.65535224843,117544.82750083358,174313.14158957617,0.02519567718996405,0.03190501380915659,68403.14384591757,86618.16201800761,216309.7336692293,273910.6787143907,0.02893306209969233,0.03525968211875286,78549.68111341103,95725.67110405263,248395.9017982898,302711.1512369714,0.013292743948661994,0.01907898253069561,36088.15391512698,51797.07521418607,114120.7629225241,163796.7338118819,0.023119116465874508,0.028573659525992397,62765.53859944067,77573.94762698656,198482.06054144734,245310.36159189147,0.02519567718996405,0.03190501380915659,68403.14384591757,86618.16201800761,216309.7336692293,273910.6787143907,0.012391640745459643,0.017899041793075297,33641.770292891204,48593.68221162572,106384.61864572609,153666.71568314556,0.0204328792384437,0.025631519447298485,55472.73713644215,69586.40160865997,175420.19739496385,220051.5232585704,0.024034139736617697,0.02993729529102187,65249.71348146922,81276.04988387301,206337.71127483764,257017.43685450245
2025-12-08,2710418.384483424,-12130.15944333328,2722548.5439267573,0.00897206648238921,-0.5484340441218964,0.0132648267643458,0.019671079324338724,36114.13479271034,53555.46837194613,114202.92167129752,169357.26121245947,0.024410356504574883,0.030910570709927726,66458.3805582634,84155.52927825881,210159.8521703649,266123.1502162838,0.028031251364968823,0.03416067781260415,76316.4425881408,93004.10363825652,241333.78150000033,294104.7992392433,0.012878424194135844,0.01848431228132831,35062.135037815664,50324.43748701787,110876.20634789148,159139.84442573675,0.02239851982337567,0.027683050961918265,60981.057531246035,75368.45008782079,192839.03592450204,238335.96599423123,0.024410356504574883,0.030910570709927726,66458.3805582634,84155.52927825881,210159.8521703649,266123.1502162838,0.012005407355900381,0.017341148958412912,32685.304316054164,47212.11984674408,103360.0076544632,149297.83188055098,0.019796009564053665,0.024832614053005842,53895.59701417447,67607.99723190619,170432.84241936155,213795.2592951826,0.02328502285643248,0.029004183746553912,63394.60507308151,78965.29822696447,200471.34339780267,249710.1985116635
2025-12-09,2711776.6656780983,1358.2811946743168,2710418.384483424,0.008991473152049227,0.005095838001931588,0.013293518717489296,0.019713628065930505,36030.997526357496,53432.17993476644,113940.01855118245,168967.38894180907,0.02446315635017315,0.03097743058395426,66305.38871400173,83961.79735880872,209676.0494790683,265510.51609534526,0.028091883242414743,0.03423456770084481,76140.75679500274,92790.0016812122,240778.2142411509,293427.74940348376,0.012906280354650008,0.018524294033920145,34981.41954854063,50208.58710911377,110620.96155932748,158773.49336376853,0.022446968046083208,0.027742929678405033,60840.67486801589,75194.94663977981,192395.10696469442,237787.29991652904,0.02446315635017315,0.03097743058395426,66305.38871400173,83961.79735880872,209676.0494790683,265510.51609534526,0.01203137517224985,0.01737865803728807,32610.060457483418,47103.434241916206,103122.06568144006,148954.1378204219,0.019838828531005173,0.024886327245910438,53771.5255770507,67452.3588895864,170040.49408548005,213303.08764219907,0.02333538859407918,0.02906692008648549,63248.66625445701,78783.51458272079,200009.84433191508,249135.3481544877
2025-12-10,2743672.085225129,31895.419547031168,2711776.6656780983,0.008733383219407165,1.2867859921631397,0.01291194349701601,0.019147770964026454,35014.30708376208,51924.47849999557,110724.96107725627,164199.6183764293,0.023760969481807816,0.030088258939037004,64434.44259465585,81592.638501761,203759.59836248207,258018.5779683132,0.027285537927112198,0.0332519036676516,73992.28506121761,90171.73645531358,233984.15007389899,285148.0677712288,0.012535820367608615,0.017992575402433538,33994.34515801328,48791.84613177299,107499.55826523852,154293.3650208787,0.02180265355244411,0.02694660067525818,59123.927153381635,73073.16293051082,186966.2740185614,231077.63069299853,0.023760969481807816,0.030088258939037004,64434.44259465585,81592.638501761,203759.59836248207,258018.5779683132,0.011686028335831877,0.01687982357419112,31689.898955561945,45774.31168925456,100212.2595201668,144751.08326451402,0.019269377693230318,0.02417199374193489,52254.248790640035,65549.04859229607,165242.44359952153,207284.29200870942,0.022665573006735783,0.028232587455961695,61463.97199388947,76560.47187479312,194366.1455414916,242105.46986160782
2025-12-11,2773372.8888064246,29700.80358129507,2743672.085225129,0.008505176451331293,1.2124192684473625,0.01257454929124196,0.01864743211277264,34500.439874667994,51162.438948944946,109099.97028164497,161789.8377279772,0.023140085923218152,0.02930204079687999,63488.807797244604,80395.19137452752,200769.23856795064,254231.91766863,0.026572555996842502,0.032383018233710904,72906.38012161838,88848.38316316897,230550.21714233782,280963.25721896964,0.012208254408414871,0.017522422269472825,33495.446829694505,48075.78084627975,105921.9032269007,152028.9677653413,0.02123294156595705,0.0262424753098366,58256.229061732694,72000.74695480835,184222.3717275692,227686.35361062692,0.023140085923218152,0.02930204079687999,63488.807797244604,80395.19137452752,200769.23856795064,254231.91766863,0.011380667779542872,0.016438747087933532,31224.82049795283,45102.531501239115,98741.55230344394,142626.72778340906,0.018765861209900748,0.02354036995637386,51487.36955681375,64587.05592517525,162817.35853034563,204242.20408822747,0.022073312592585995,0.02749485874580649,60561.93158872652,75436.87642807727,191513.64331967555,238552.34908139138
2025-12-12,2744120.547657032,-29252.341149392538,2773372.8888064246,0.00830391482891956,-1.3317546736200898,0.012276992361537637,0.01820616996350332,34048.677771572045,50492.49818578196,107671.37307531397,159671.2990189907,0.0225925121882929,0.0286086540923829,62657.46079304024,79342.46564505571,198140.28850870728,250902.9066120368,0.02594375825676575,0.0316167250444279,71951.71578306195,87684.96807106343,227531.30343156142,277284.2156637015,0.011919365270945163,0.017107781708548826,33056.84449422016,47446.257978107766,104534.9208597325,150038.24166275593,0.020730497402383096,0.025621488410013864,57493.39946724129,71057.94132720047,181810.09274239372,224704.9404365615,0.0225925121882929,0.0286086540923829,62657.46079304024,79342.46564505571,198140.28850870728,250902.9066120368,0.011111362177884106,0.016049749995602106,30815.950621852888,44511.94150992391,97448.59222833726,140759.11824755397,0.01832179662233222,0.022983324129435066,50813.17402660129,63741.328035225735,160685.36506656941,201567.77767525878,0.021550982370537538,0.026844236161921557,59768.91023359402,74449.07679219027,189005.8896043036,235428.65236010347
2025-12-15,2755257.588768892,11137.04111185996,2744120.547657032,0.009521896431344278,0.37756216484099525,0.014077727453061595,0.02087657067485669,38630.98116826182,57287.82655348847,122161.88873877971,181160.01410969748,0.025906282231076112,0.032804845295272285,71089.96138369822,90020.4500374668,224806.19674590166,284669.658111785,0.029749074292094894,0.03625412682737037,81635.04603871318,99485.69436435107,258152.68237503985,314601.38879472663,0.01366764519814671,0.0196170756751419,37505.66602632035,53831.62044509983,118603.329804769,170230.53074420258,0.023771155328844665,0.02937953532560288,65230.9157794296,80620.9865676025,206278.26772161527,254945.94476346436,0.025906282231076112,0.032804845295272285,71089.96138369822,90020.4500374668,224806.19674590166,284669.658111785,0.012527134105624307,0.01821468023213774,34375.96610249886,49983.27829401153,108706.34965263763,158061.00433113173,0.021009156942027533,0.02635441674405648,57651.65925356913,72319.69650888193,182310.5541292013,228694.96066019445,0.024711985413352875,0.030781630324792433,67812.66694618248,84468.50426464572,214442.48176035154,267112.86402392667
2025-12-16,2741559.4525767965,-13698.136192095466,2755257.588768892,0.009204166084313542,-0.5909523843560337,0.01360797636289626,0.02017995313725158,37493.48014165763,55600.969022413025,118564.79465393069,175825.7022232908,0.02504183132017769,0.03171020044641155,68996.6957815901,87369.77042135812,218186.70969555623,276287.4731775008,0.028756395599691176,0.03504438500952847,79231.27720168949,96556.30774124213,250551.29788151092,305337.85491847317,0.013211577892309919,0.018962485457013355,36401.30024739823,52246.5319573558,115111.01857342912,165218.04083001957,0.02297795016363273,0.028399187553295957,63310.17156270248,78247.07702108975,200204.34119416148,247438.98363726665,0.02504183132017769,0.03171020044641155,68996.6957815901,87369.77042135812,218186.70969555623,276287.4731775008,0.012109123817928008,0.017606885691109114,33363.755292688285,48511.505415014806,105505.4580213927,153406.84983503868,0.020308115214243142,0.025475012306268502,55954.08855763641,70190.2209808272,176942.36424089677,221960.96776995173,0.023887386263612427,0.029754496900711764,65815.90227867193,81981.30338568657,208128.1574596694,259247.64424804295
2025-12-17,2709346.1761715338,-32213.27640526276,2741559.4525767965,0.00924965772199623,-1.3270489088553998,0.013675233855277944,0.020279692658264566,37491.46664213548,55597.98310261749,118558.42740937303,175816.25991582632,0.025165600698836558,0.03186692827339112,68992.9904756686,87365.0784325022,218174.9924894166,276272.63580596,0.028898524231193237,0.0352175920606684,79227.02227154742,96551.122410919,250537.84261097707,305321.4574642317,0.013276876183234707,0.019056207637824917,36399.34540083885,52243.72617974505,115104.83680582535,165209.1681821617,0.023091518799178798,0.028539550682212013,63306.77163824343,78242.87494511291,200193.58968899836,247425.69550627877,0.025165600698836558,0.03186692827339112,68992.9904756686,87365.0784325022,218174.9924894166,276272.63580596,0.012168973223983252,0.017693907813183318,33361.96357036522,48508.900218255156,105499.79209791723,153398.6114795253,0.02040848817697348,0.025600922684154214,55951.08367438344,70186.45157943072,176932.8619657145,221949.04787612346,0.024005449791707892,0.02990155865297031,65812.36778981447,81976.90077183026,208116.98042451532,259233.7219605988
2025-12-18,2733933.6211001067,24587.44492857298,2709346.1761715338,0.010519258546633605,0.8155449132172626,0.015552285817804271,0.023063267499212153,42136.52611119478,62486.37560901166,133247.39519853285,197599.2696532679,0.028619811477226573,0.03624095806244432,77540.97678857399,98189.30114727643,245206.09864614237,310501.8334855777,0.03286511319020694,0.04005153135505319,89042.96875133182,108513.46332662765,281578.5908774077,343149.7009052953,0.015099249881534672,0.021671847876480375,40909.094929594445,58716.53817471328,129365.91699356404,185677.99695231963,0.026261042709220275,0.03245686721109829,71150.25564650328,87936.88906889639,224996.86394620643,278080.859807276,0.028619811477226573,0.03624095806244432,77540.97678857399,98189.30114727643,245206.09864614237,310501.8334855777,0.013839277023811313,0.020122559837490568,37495.39228544175,54518.98055048795,118570.84138350224,172404.15424996242,0.023209741390643284,0.02911488541966019,62883.22408666956,78882.30348142868,198854.21472863728,249447.7460819443,0.027300419158938265,0.034005823336567806,73966.28625614947,92133.5474244947,233901.93463344092,291351.8587725435
2025-12-19,2752308.8906142525,18375.269514145795,2733933.6211001067,0.010094835383704974,0.6184853947083038,0.014490036659503776,0.020821261940443873,39614.798394390455,56923.94805271155,125272.99197465513,180009.32925567508,0.022797872868440365,0.03186499391888037,62327.87112459505,87116.77821097749,197098.03446316073,275487.44156241755,0.027465080765386344,0.03639855444410037,75087.70771071958,99511.2317541687,237448.1806468615,314682.1451120459,0.014166615453786398,0.020509536359114094,38730.586286302976,56071.711005357094,122476.8677783997,177314.31907965822,0.025201481832468363,0.031147321849187087,68899.17848332878,85154.71041071853,217878.3329217845,269282.8383899229,0.027465080765386344,0.03477873503786157,75087.70771071958,95082.75301934205,237448.1806468615,300678.0657403729,0.013280900242686255,0.019310669868764438,36309.09969195652,52794.08960017988,114819.4548167007,166949.57013157662,0.02227329213349247,0.027940179835294517,60893.702216339596,76386.59703129492,192562.79416367644,241555.62932834818,0.026198922299882355,0.03263378185336677,71626.1145122377,89218.59339256596,226501.66180671146,282133.96475695755
2025-12-22,2782231.715251941,29922.824637688696,2752308.8906142525,0.009715033214074827,1.0661863837596477,0.013944872013215103,0.020037894985081413,38380.595220449795,55150.47651663432,121370.09884959368,174401.11983619354,0.021940139062066197,0.030666124064580632,60386.03980183784,84402.64590362496,190957.4246513904,266904.6016001354,0.02643175066466978,0.03502911656583785,72748.34234886982,96410.9489545185,230050.4578241123,304878.19007450785,0.013633619017376027,0.019737897584313092,37523.93083277159,54324.7910033385,118661.08819417706,171790.0729831735,0.024253316051249522,0.029975453268191166,66752.61739473142,82501.7065302346,211090.31074512636,260893.3034863286,0.02643175066466978,0.03347024029552097,72748.34234886982,92120.43993635777,230050.4578241123,291310.4092556272,0.012781227436237526,0.018584136544109425,35177.885905719355,51149.2842347416,111242.24273160842,161748.23886912604,0.021435294845219527,0.02688897488563969,58996.55257543556,74006.76463724948,186563.48023624916,234029.93851371325,0.025213229403143408,0.031405987572426575,69394.59544736828,86438.97881411039,219444.97891963503,273344.05167162913
2025-12-23,2782846.933143451,615.2178915096447,2782231.715251941,0.009376124704132249,-0.024966535097944886,0.013458405761252963,0.019338873892498717,37444.40334568743,53805.22828096768,118409.60019840149,170147.07139316402,0.02117475826782607,0.02959633766411993,58913.08401553894,82343.86930442,186299.52947396162,260394.17835319214,0.025509680195578744,0.03380712736226686,70973.84128607351,94059.26194886056,224438.99275528648,297441.50279280747,0.013158010812598138,0.019049341887971524,36608.6349924385,52999.683155391656,115766.66860584667,167599.71403829742,0.023407240178633153,0.028929760888338252,65124.36599151266,80489.29825818984,205941.32770758987,254529.5097645034,0.025509680195578744,0.032302632422648116,70973.84128607351,89873.40841241722,224438.99275528648,284204.6716657759,0.012335354874589782,0.017935829751332982,34319.81555097132,49901.634373517954,108528.78601793594,157802.82358526633,0.020687525519464837,0.025950954169542385,57557.489610338955,72201.56773155041,182012.7635701485,228321.40466661603,0.024333666995113752,0.03031039106576452,67701.90006218487,84330.53132485913,214092.20611759945,266676.55527873174
2025-12-24,2793563.5731520746,10716.640008623712,2782846.933143451,0.009075169623762537,0.37336801100335537,0.013026417523538827,0.01871813424469821,36250.52605522613,52089.70247702582,114634.22871379337,164722.10246791627,0.020495090358386443,0.02864635369297791,57034.69934833362,79718.41752024615,180359.55560365543,252091.77082824995,0.024690869855942103,0.032721985360273646,68710.91145525256,91060.27660620242,217282.98030475277,287957.8784405472,0.012735664659302441,0.01843789564554282,35441.40533868323,51309.84135081783,112075.56434749032,162255.96505047497,0.022655914010148104,0.028001172714869394,63047.940820702395,77922.97761399437,199375.09477692522,246414.09132253513,0.024690869855942103,0.031265781736071085,68710.91145525256,87007.88481655794,217282.98030475277,275143.0904139047,0.0119394143517387,0.017360125048735436,33225.56261226494,48310.570750860206,105068.45439529116,152771.43863542916,0.02002349681871419,0.02511797980708289,55722.32671276642,69899.49307289974,176209.468936385,221041.60540152524,0.023552604355985593,0.029337487391049716,65543.29279959558,81641.73681231737,207266.09059403613,258173.8404589376
2025-12-26,2796260.508027696,2696.9348756209947,2793563.5731520746,0.008807515689357314,0.0578773582170964,0.012642229453681594,0.01816608040074576,35316.87168523515,50748.1004744752,111681.7543572523,160479.58442641326,0.019890628756252953,0.027801486920216667,55565.7359405594,77665.22113978113,175714.28543564622,245598.99378236686,0.023962662149110248,0.03175691600219853,66941.2200955044,88714.96373939201,211686.72485242816,280541.3479557272,0.012360051762282607,0.017894106877257912,34528.59036538679,49988.32514639772,109188.9899495678,158076.96387968675,0.021987723246365064,0.027175334261616578,61424.10271759452,75916.0238814836,194240.067819737,240067.5463692248,0.023962662149110248,0.030343660184535298,66941.2200955044,84766.94376762277,211686.72485242816,268056.6125971027,0.011587285261239987,0.016848122963518845,32369.81801752195,47066.30258687322,102362.35238052557,148836.7172171944,0.019432943922595716,0.024377175348500285,54287.16426127038,68099.18906991112,171671.08677730657,215348.54427136263,0.02285796750811194,0.02847223701542946,63855.185386955214,79539.00417245588,201927.82623507883,251524.41600659676
2025-12-29,2784044.505146095,-12216.002881600522,2796260.508027696,0.008570663279171244,-0.5639530989195215,0.012302253616925713,0.017677556726385494,34400.305948750254,49431.05375241111,108783.31900469035,156314.71699983202,0.019355728390792616,0.02705384712983097,54123.65890328386,75649.60431936478,171154.03743642796,239225.0537397046,0.023318256338814673,0.030902906499350152,65203.91931629396,86412.57702740525,206192.89740933786,273260.5618913429,0.012027664270375132,0.017412897136453588,33632.482603065735,48690.996593013726,106355.24839167645,153974.450777422,0.021396427649617068,0.026444533018167914,59829.98564949606,73945.8033319374,189199.02702759614,233837.16193979015,0.023318256338814673,0.02952765606917973,65203.91931629396,82567.0185608716,206192.89740933786,261099.83826175221,0.011275679067344183,0.01639504190504935,31529.7360772091,45844.80820654866,99705.78002796334,144974.0128262728,0.018910351653967764,0.02372162241638373,52878.26952290628,66331.83594927835,167215.770420649,209759.68298035674,0.02224326923368329,0.027706559360305624,62197.97532757606,77474.75775254772,196687.26788609783,244996.69566783865
2025-12-30,2776455.5149336816,-7588.990212413482,2784044.505146095,0.008638282984905484,-0.3686841014470274,0.01239931433933983,0.017817026816972704,34520.24295401824,49603.39560783348,109162.5931170768,156859.70979914613,0.01950843870216817,0.02726729305837936,54312.36157275071,75913.35740938931,171750.76767249714,240059.11424408955,0.023502229688426735,0.031146720236484952,65431.253422745875,86713.85532770862,206911.7909755651,274213.28752988577,0.012122558573434444,0.0175502791501898,33749.74258468185,48860.75823186599,106726.05701197284,154511.28421551807,0.021565238404899822,0.02665317165939345,60038.58348332689,74203.61610304996,189858.67129747887,234652.43750638553,0.023502229688426735,0.0297606195341279,65431.253422745875,82854.88928373232,206911.7909755651,262010.1654176712,0.011364640455238221,0.01652439337680932,31639.664812366984,46004.64658157852,100053.40521136367,145479.46614886736,0.019059548089823537,0.02390877819127374,53062.63013004097,66563.10254817245,167798.76985000612,210491.01217958267,0.02241876128968372,0.027925154973016855,62414.829180725945,77744.87425798073,197373.01998143515,245850.8790586122
2025-12-31,2749179.12771068,-27276.38722300157,2776455.5149336816,0.00854162253086465,-1.2091309613176373,0.012260568785862371,0.017617658272923418,34040.92382173133,48914.644472075226,107646.85293295461,154681.6874691222,0.01929014363752692,0.026962178149306223,53558.22568627448,74859.28821726567,169365.98060596208,236725.85478556523,0.023239244996141828,0.030798195405195877,64522.72993243294,85509.81948276126,204038.7874384103,270405.7918753668,0.011986909855061552,0.017353895452854918,33281.12197409854,48182.318735661574,105244.14852403077,152365.87015289496,0.02132392821173309,0.026354928631383473,59204.93808351625,73173.28694428822,187222.45307315557,231394.2506250132,0.023239244996141828,0.029427604859599176,64522.72993243294,81704.43580372335,204038.7874384103,258372.11207877583,0.01123747267104619,0.01633948911176698,31200.342971442722,45365.86465556427,98664.14756818484,143459.46033451316,0.018846276010708426,0.02364124431219517,52325.846965893754,65638.86315048882,165468.85690963521,207568.31057964024,0.022167900366386748,0.027612678736296067,61548.18922675487,76665.37415948122,194632.46381558306,242437.2000129776
2026-01-02,2794008.289106149,44829.161395469215,2749179.12771068,0.009537471673973895,1.6482010354904828,0.013690001762479408,0.019671662629974572,37636.26710373081,54080.92430969227,119016.32667425802,171018.89878579692,0.021539139415843157,0.030105639700003836,59214.95251088642,82765.79628962856,187254.1214731076,261728.42863273935,0.02594865788956911,0.03438888984208417,71337.50866210846,94541.21817899962,225589.00997425386,298965.5822125552,0.013292355636810605,0.0193190712442489,36543.06667482712,53111.58743144467,115559.32337984939,167953.58643053717,0.023810038498232464,0.02942759228509,65458.06086932844,80901.72248894926,206996.56356501929,255833.70969594605,0.02594865788956911,0.032858505133791314,71337.50866210846,90333.9164815933,225589.00997425386,285660.9260452587,0.012547625102828032,0.018244474513779217,34495.6690350334,50157.32852933128,109084.88356204826,158611.39950203043,0.02104352223041049,0.02639752542919188,57852.412089360216,72571.52593314623,182945.3903370389,229491.31522271852,0.02475240752584357,0.03083198073180438,68048.8021306379,84762.63789385445,215189.20677893463,268042.9962286777
2026-01-05,2819364.8657956324,25356.57668948313,2794008.289106149,0.009218023357622038,0.9307004314343662,0.013231468498804107,0.019012779466616378,36968.83266270557,53121.86342867335,116905.71365177694,167986.08198700938,0.020817706938005758,0.029097280645988977,58164.845744970684,81298.04331534113,183933.39230646062,257086.98619150452,0.025079532888964067,0.03323706749998059,70072.4227786759,92864.64210052635,221588.45714688068,293663.78313402645,0.012847141142479108,0.018671997785640614,35895.01884340327,52169.71658725154,113510.01619981718,164975.1293011813,0.023012544469360127,0.02844194376825996,64297.24000081606,79467.02664680932,203325.72566506534,251296.80308521044,0.025079532888964067,0.031757941535634396,70072.4227786759,88731.95189551097,221588.45714688068,280595.0692223096,0.012127354631750178,0.017633393625114017,33883.92936603985,49267.84795364009,107150.39287295112,155798.6149483685,0.020338689967059023,0.02551336604791457,56826.46835752299,71284.5562208727,179701.07139326024,225421.55965228265,0.02392334976503649,0.02979929359298492,66842.0375466976,83259.47330830763,211373.08209405784,263289.5724402467
2026-01-06,2864462.0022826293,45097.1364869969,2819364.8657956324,0.008934182151802373,1.7252531900337977,0.012824045363955996,0.01842733831069595,36155.6629365069,51953.390203306,114334.24519269365,164291.0452099253,0.020176688488557144,0.028201317715085616,56885.446632741194,79509.80433505235,179887.57707541806,251432.07801309502,0.024307284373157108,0.032213632328349846,68531.10354458237,90821.98318620792,216714.37776571888,287204.32848193345,0.012451552208523814,0.018097049972977924,35105.468821332055,51022.18686836176,111013.23980343594,161346.32170675683,0.022303942622982634,0.027566159958451887,62882.95219995892,77719.06287176163,198853.35494736614,245769.25628859355,0.024307284373157108,0.030780051583514517,68531.10354458237,86780.19600193805,216714.37776571888,274423.075161962,0.011753929350805058,0.017090426492674865,33138.61544670385,48184.14799491039,104793.50331602237,152371.65477855213,0.019712421399376463,0.024727758949450163,55576.508313159975,69716.5747919433,175748.35066886802,220463.1670080203,0.023186702418733246,0.0288817142923192,65371.77415303512,81428.09053971231,206723.70100971565,257498.2316239004
2026-01-07,2842748.444375027,-21713.557907602284,2864462.0022826293,0.008682673954854461,-0.9287913226911333,0.012463032741618078,0.01790858611219311,35699.883721569284,51298.464432983565,112892.94476332734,162219.9880773661,0.019608689934698137,0.02740741599587279,56168.347232484666,78507.50170093073,177619.9096618667,248262.51878448433,0.023623004473607535,0.03130677902646012,67667.19869440135,89677.07893515377,213982.47075748033,283583.8233457931,0.012101025725857816,0.017587595796709342,34662.92838036429,50378.99987117959,109613.80405324251,159312.3858342569,0.0216760592534003,0.026790138709934,62090.24809059193,76739.33437048692,196346.60445119123,242671.0827359823,0.023623004473607535,0.029913555339740067,67667.19869440135,85686.24262386408,213982.47075748033,270963.690833213,0.011423041808124083,0.01660931000330753,32720.869209857297,47576.73738860719,103472.4737236231,150450.8537876902,0.019157492534104287,0.024031642174319925,54875.90942295489,68837.72586079212,173532.8624496337,217684.00266637807,0.022533968277049454,0.02806865857406742,64547.69589025033,80401.60594046065,204117.73672908093,254252.20230717998
2026-01-08,2852957.327202002,10208.88282697508,2842748.444375027,0.009201700446563533,0.3401088618422584,0.013208038737878104,0.01897911238896117,37547.131575348074,53952.84221933817,118734.45538412599,170613.86765280247,0.02078084376619462,0.02904575633262996,59074.711289150226,82569.7786302799,186810.63979057653,261108.56636758262,0.02503512304437445,0.03317821261584763,71168.55708913287,94317.31230084474,225054.73818938283,298257.52965608565,0.012824391933230104,0.018638934150703345,36456.520218245525,52985.8010617205,115285.63945363468,167555.81500360474,0.022971794766085327,0.028391579899516184,65303.03383579145,80710.11959269892,206506.3250401431,255227.80813751,0.02503512304437445,0.03170170582923875,71168.55708913287,90119.97493010318,225054.73818938283,284984.3834563997,0.012105879991976636,0.017602169109332724,34413.971514982346,50038.53885318176,108826.53331949963,158235.75356288417,0.020302675019548147,0.025468187988731322,57715.39782847222,72399.65178601671,182512.1132007083,228947.80144689034,0.023880987243779333,0.029746526182873902,67887.63933739356,84561.8910319258,214679.56527820774,267408.1789118518
2026-01-09,2877511.4029060733,24554.075704071205,2852957.327202002,0.008919700311144689,0.9097301886521431,0.012803258259060195,0.01839746856183406,36527.14946224533,52487.192735452954,115508.98873408986,165979.07703227494,0.02014398313481281,0.028155604858268134,57469.92428349776,80326.73918220036,181735.85769327325,254015.45283004423,0.02426788354013938,0.0321614157199958,69235.2361615255,91755.14663155166,218941.04061007407,290155.25039842975,0.012431368895495178,0.018067715604187386,35466.16497755403,51546.42161876835,112153.86120036528,163004.09754665155,0.02226778910186386,0.027521476659042997,63529.05207875139,78517.5984898356,200896.50216030906,248294.4476344776,0.02426788354013938,0.030730158734354526,69235.2361615255,87671.83152725735,218941.04061007407,277242.67426469177,0.011734876847837488,0.017062723807747083,33479.10288685109,48679.22290933609,105870.21914156791,153937.2191205503,0.01968046859823223,0.024687676549198748,56147.53709009556,70432.88770262961,177554.1022134847,222728.3473231738,0.02314911799028755,0.028834898548337783,66043.44578865456,82264.73509260664,208847.71321800374,260143.9340030197
2026-01-12,2882196.238859229,4684.8359531555325,2877511.4029060733,0.008669860411849748,0.13513173605932774,0.01244464029629142,0.01788215733696841,35809.59435764298,51456.1116456871,113239.88025686605,162718.5123362863,0.019579752214238896,0.027366969227361482,56340.96026254786,78748.76601471227,178165.7599906895,249025.46353415152,0.023588142588283158,0.03126057773392278,67875.14927115916,89952.6688907945,214640.06822078067,284455.31530588266,0.01208316751600845,0.017561640726155917,34769.45231053857,50533.82144325334,109950.66229790596,159801.97463293787,0.021644070591974072,0.026750602894556517,62281.059933709395,76975.16486369859,196950.00447997716,243416.84423625204,0.023588142588283158,0.02986941011100494,67875.14927115916,85949.56819249467,214640.06822078067,271796.3993962446,0.011406184139828109,0.01658479864780661,32821.42492600178,47722.94722396475,103790.45881838904,150913.2098837383,0.019129220672725575,0.02399617723781815,55044.55061447443,69049.27362797689,174066.15272216013,218352.97544460493,0.022500713547793687,0.028027235970202125,64746.059807299505,80648.69109619588,204745.01851254905,255033.55417532072
2026-01-13,2884144.777721795,1948.538862565998,2882196.238859229,0.008449103133743235,0.026114396181772928,0.012127767268547042,0.017426830931137692,34954.60520716634,50227.54656496073,110536.16716662743,158833.44842744234,0.019081200611388675,0.02667013475141078,54995.76463506286,76868.56207038496,173911.8779093375,243079.7366044448,0.02298752690290712,0.030464601821421834,66254.56358023423,87804.96078804602,209515.32629398024,277663.6659519985,0.011775498528847681,0.017114475509921078,33939.29757053717,49327.27694474292,107325.48250911666,155986.54591929927,0.021092956054478303,0.026069462714417145,60794.038606640366,75137.307384574,192247.63015719282,237605.02858744297,0.02298752690290712,0.029108856957722303,66254.56358023423,83897.43804103852,209515.32629398024,265306.99406253686,0.011115752916639255,0.016162506380859573,32037.781248426163,46583.51510145175,101312.35992325947,147310.0091374372,0.018642140779001105,0.02338517192512108,53730.30803752124,67400.65456766041,169910.15278101893,213139.58422003838,0.021927786644440516,0.027313589379401856,63200.18419311409,78723.1245790574,199856.53059241144,248944.3781950055
2026-01-14,2873767.5278117694,-10377.249910025392,2884144.777721795,0.008254541609039063,-0.49181542781873006,0.01184849539155902,0.017025534989656883,34172.7761074257,49104.10782833859,108063.80647044805,155280.82320805435,0.018641808710807953,0.026055988847500943,53765.675240565426,75149.24416289717,170021.9936971082,237642.77599486872,0.02245818216505607,0.029763078915847438,64772.64880847121,85841.02862406305,204829.1003169605,271453.167143749,0.011504338512020033,0.016720372325593244,33180.1778405863,48223.97452442378,104924.93514569996,152497.59732311437,0.0206072385025067,0.025469148771783516,59434.259310272195,73456.7124231589,187947.6304655283,232290.52068516845,0.02245818216505607,0.028438553435272462,64772.64880847121,82020.90537630329,204829.1003169605,259372.87673826842,0.010859785176458763,0.01579032464337523,31321.1927038641,45541.58235872243,99046.30797725829,144015.12850170632,0.018212859318436737,0.02284667042582585,52528.52309065104,65893.1051969766,166109.77509120468,208372.29452352403,0.021422845050593504,0.02668462633910272,61786.58667661245,76962.32570138057,195386.3427455088,243376.24324007847
2026-01-15,2898655.427774354,24887.899962584488,2873767.5278117694,0.008286175780871744,0.9857259788554162,0.011893902799617254,0.017090782549717194,34180.31164448956,49114.93591626931,108087.63593096245,155315.06462862002,0.018713250373829423,0.026155844135354805,53777.53126412245,75165.81553868855,170059.48573554103,237695.17928633204,0.02254424945107969,0.029877141016117492,64786.93201140112,85859.95767597159,204874.26777050144,271513.02606172755,0.01154842699549343,0.0167844503999802,33187.494496953856,48234.608531630365,104948.07244467821,152531.22500654182,0.020686212351650725,0.02556675509165432,59447.36532959259,73472.9105739124,187989.0753376389,232341.7437354323,0.02254424945107969,0.028547539509685017,64786.93201140112,82038.99204185633,204874.26777050144,259430.07179669372,0.01082169580762699,0.015803150853601133,31099.038007815205,45414.58176018978,98343.79314484137,143613.5173461385,0.018282657103526702,0.02293422652915493,52540.106306232214,65907.63547496466,166146.40443506994,208418.24329700173,0.021504944577565816,0.02678689077665522,61800.21141440043,76979.29688499236,195429.42794944136,243429.9108348807
2026-01-16,2908974.787043899,10319.359269544948,2898655.427774354,0.008111268343165829,0.3820043241225916,0.011642842223783631,0.01673002445536676,33748.58780669085,48494.57619434654,106722.40528332944,153353.31493871537,0.018318244672696275,0.02560373761484011,53098.2793478097,74216.41300856667,167911.50257495866,234692.9048748203,0.02206837770870199,0.02924648408591203,63968.62282750358,84775.47983894518,202286.54691915162,268083.6060247512,0.011304658841313254,0.016430158469613536,32768.31070951,47625.36802713805,103622.49691813973,150604.63736951607,0.02024956069303879,0.02502708326453005,58696.499012923094,72544.89074609072,185614.62755866203,229407.0873657185,0.02206837770870199,0.02794494826367574,63968.62282750358,81002.7759633772,202286.54691915162,256153.26884061188,0.010593267744380455,0.015469572530309445,30706.233045115394,44840.960380330514,97101.63478649249,141799.5672712146,0.01789674051268927,0.022450123016984503,51876.48402657593,65075.170937384086,164047.84652532285,205785.75928692828,0.021051010838584232,0.02622146390740286,61019.62682739893,76006.98867938263,192961.0027480948,240355.20231748262
2026-01-20,2864408.418607832,-44566.3684360669,2908974.787043899,0.007957781930471024,-1.9972974863140336,0.011422529196166218,0.01641344863401397,33227.84943592034,47746.308244786764,105075.68596664938,150987.0839180025,0.01797161557072028,0.025119247930635306,52278.976577670845,73071.25889972273,165320.63972803447,231071.60961897307,0.021650786280925278,0.028693064110592817,62981.59141088757,83467.40006074868,199165.27952050246,263947.0945644424,0.011090745127836655,0.016119256897033595,32262.69794640679,46890.5118993542,102023.60897268246,148280.81825318735,0.0198663860404533,0.024553505388916624,57790.81610135952,71425.52810990496,182750.6067202283,225867.3519076811,0.021650786280925278,0.02741615675037963,62981.59141088757,79752.90874449773,199165.27952050246,252200.8416561726,0.010392815411155594,0.015176847756187056,30232.437997452893,44149.06746955191,95603.36329177095,139611.60977623053,0.017558087371896947,0.022025307969491068,51076.03347356209,64071.06556012657,161516.59962345776,202610.49928397188,0.02065267065299093,0.025725285226032454,60078.09821467207,74834.20611204131,189983.6278496593,236646.53820454425
2026-01-21,2918525.490322819,54117.07171498705,2864408.418607832,0.010585982496717137,1.7250630912491056,0.015650934400115626,0.022233137519761952,44830.66825477012,63684.78628367179,141767.0207124793,201388.97695745295,0.02390706474889709,0.0334153312126089,68479.59753094336,95715.15603596599,216551.5014494239,302677.89967206586,0.02880134773892609,0.038169464444464805,82498.82293063153,109332.9352884773,260884.18474372293,345741.0987833868,0.014855868127734114,0.021667989010565943,42553.27373080937,62065.970136167074,134565.26688596842,196269.83081827895,0.026427617234896544,0.03266274202423845,75699.4892913831,93559.43322904444,239382.80387229624,295860.9055982224,0.02880134773892609,0.03647083546929936,82498.82293063153,104467.36815192222,260884.18474372293,330354.82452340925,0.013927059943608874,0.02036177134664642,39892.78774892917,58324.42926310174,126152.07150027754,184438.03970077753,0.02335696142703041,0.029299561949171944,66903.8769446843,83925.91190872982,211568.63544082947,265397.03633823566,0.02747358647839762,0.03422152322157392,78695.57239807244,98024.41921345975,248857.25054858785,309980.4310297039
2026-01-22,2911455.872101223,-7069.618221595883,2918525.490322819,0.01015463990236804,-0.28365877307533643,0.01501321233225589,0.021327213178656306,43816.442883317715,62244.01529945718,138559.7584779594,196832.8590606523,0.022932933596190287,0.032053770709297005,66930.3512683619,93549.74687604625,211652.35460316323,295830.2746605277,0.027627791287428885,0.03661418926585037,80632.4131136799,106859.44467988845,254982.07867485782,337919.23468921,0.014250542292223608,0.02078509253902505,41590.570930777976,60661.82239386324,131520.9333280476,191829.52578121566,0.025350782185896575,0.03133184695732714,73986.90400916079,91442.7940038527,233967.13369319148,289167.50466176245,0.027627791287428885,0.03498477361398407,80632.4131136799,102103.95356558567,254982.07867485782,322881.0513753211,0.013359579866101227,0.01953209877908557,38990.27437921995,57004.92816626445,123298.07363324278,180265.4108596813,0.022405245103942643,0.028105704971950682,65390.27895278714,82027.21638413085,206782.21832457735,259392.83389733467,0.02635413175878692,0.032827113150184786,76915.20531334578,95806.76650252572,243227.2354896576,302967.5974039053
2026-01-23,2893484.8750121472,-17970.997089075856,2911455.872101223,0.00985361046655205,-0.6745577967957719,0.014568152844020297,0.02069497815974627,42414.53414339103,60252.51568619985,134126.5337880944,190535.18432341464,0.022253097764645253,0.031103552030430345,64788.91215931902,90556.61920220235,204880.52954802604,286365.1738834994,0.02680877864847187,0.03552877916332289,78052.57601995532,103440.47272364402,246823.91746649888,327107.4960512361,0.01382809179200453,0.02016892842680017,40259.879047786315,58720.94510219664,127312.91611389567,185691.93288065025,0.02459927039106327,0.03040302936228493,71619.69022946691,88517.07836649036,226481.3464408228,279915.5794617262,0.02680877864847187,0.03394766675796332,78052.57601995532,98837.13372660779,246823.91746649888,312550.4599787265,0.012963541520232038,0.018953079066687962,37742.779082307585,55181.05334310744,119353.14712465169,174497.81225146833,0.02174105234498661,0.027272524810737483,63298.11451547133,79402.75250724795,200166.21346305482,251093.55040954897,0.025572876146471423,0.03185396910509035,74454.30042316152,92741.42540074624,235445.1709316288,293274.13771695213
2026-01-26,2900083.720826418,6598.845814270899,2893484.8750121472,0.009956812077376765,0.18307086986720877,0.014720732129080025,0.020911726638825887,42594.21576459842,60507.76473983131,134694.7369647814,191342.35270349254,0.02248616518119748,0.03142931451950041,65063.37884881969,90940.2461941741,205748.46942869437,287578.3089500493,0.02708955990628159,0.03590088918865187,78383.23185956126,103878.67986685131,247869.54304128897,328493.2287107267,0.013972920061034557,0.020380167333525753,40430.4328563573,58969.70592977341,127852.25461259634,186478.58368842126,0.024856910404141522,0.030721454939872928,71923.09429391558,88892.06520688953,227440.79433583308,281101.39196997765,0.02708955990628159,0.03430321703114034,78383.23185956126,99255.83964386366,247869.54304128897,313874.52434704505,0.013099314937643084,0.019151583797153003,37902.66964509095,55414.81804958992,119858.76547941328,175237.0411605137,0.021968756863106474,0.027558163105581707,63566.26570621789,79739.12812911846,201014.18198310022,252157.26352401532,0.0258407132018021,0.03218759107380578,74769.7128089411,93134.30793513302,236442.59247291996,294516.5413785138
2026-01-27,2919951.960143465,19868.239317046944,2900083.720826418,0.00959176019123124,0.6643587200551939,0.013767927015873717,0.019537812293387975,39928.14100826161,56661.29137261673,126263.86832247865,179178.73590391723,0.021581731057386075,0.030250334240849042,62588.82690677928,87728.50188144429,197923.24910345368,277421.8816597309,0.02609636099263436,0.03458463583258053,75681.63168754845,100298.33936877681,239326.3331706258,317171.1979378696,0.013460623476183759,0.01963295844103603,39036.93501545443,56937.2231665102,123445.62752081631,180051.30885147673,0.02394556830425398,0.029595097930844184,69444.15282510403,85828.26172550482,219601.69310814532,271412.79466564866,0.02609636099263436,0.033045539977404455,75681.63168754845,95834.83253438926,239326.3331706258,303056.34998947696,0.012619047801129976,0.018449419114974257,36596.295100387455,53504.86003404059,115727.64644088477,169197.22359608253,0.021163304669490065,0.026547783544109756,61375.35535087786,76990.79488029618,194085.91511097687,243466.27068856664,0.024893301417753574,0.031007480337491733,72192.65819925234,89924.28895060503,228293.23025166726,284365.5700550245
2026-01-28,2911162.56626523,-8789.393878235016,2919951.960143465,0.00926633777809571,-0.3744569108424597,0.013300818586966637,0.01887494730331912,38837.75130452587,55113.93937593127,122815.75332147749,174285.57925238187,0.02084952144618696,0.029224022430446098,60879.601014846834,85332.74157905768,192518.20224921434,269845.8223763755,0.025210982230137496,0.03341127292257567,73614.85698003204,97559.31186116309,232790.61768444563,308509.63243995607,0.013003941023057687,0.01896686540018704,37970.88307986731,55382.335803053415,120074.4753003299,175134.32327793923,0.023133160105329675,0.028591016511623317,67547.71619386999,83484.39470560868,213604.63391526893,264000.83635022567,0.025210982230137496,0.03192439441617111,73614.85698003204,93217.69805189193,232790.61768444563,294780.2440818193,0.012190917728542206,0.017823480354033135,35596.89411740453,52043.70639633759,112567.26303884755,164576.65008950056,0.020445291130977712,0.025647089238572188,59699.267913602176,74888.26849414322,188785.6612515911,236817.4984677206,0.024048739204273587,0.02995548061319673,70221.16317849765,87468.56433354336,222058.8155904015,276599.88695896487
2026-01-29,2917618.4331406136,6455.866875383537,2911162.56626523,0.009111062566292832,0.19316966525667376,0.013077937933066351,0.01855866146197854,38072.003354682834,54027.28052810107,120394.24568636913,170849.2622536641,0.02050014783861158,0.0287343180422307,59679.26299066909,83650.27105170162,188722.40013070643,264525.38341382577,0.024788524005616815,0.03285140314404026,72163.4231581187,95635.7750822179,228200.7809341963,302426.8750553854,0.012786035120533768,0.01864903929533551,37222.226813850444,54290.38509339004,117707.0163151597,171681.2719427657,0.022745519764448087,0.02811191934823303,66215.9056885072,81838.36727244324,209393.07930658266,258795.6405703023,0.024788524005616815,0.031389440130739445,72163.4231581187,91379.76308463224,228200.7809341963,288968.1833940117,0.011986635586265296,0.01752481385241056,34895.044814198205,51017.582067903975,110347.82066651345,161331.76004913967,0.0201026911754442,0.025217323207048885,58522.20203114353,73411.72734177217,185063.45210694577,232148.26536725837,0.023645756584498724,0.029453519244179268,68836.64141981227,85743.98266842726,217680.5733628937,271146.2808862322
2026-01-30,2877111.4913032628,-40506.94183735084,2917618.4331406136,0.008839325459199398,-1.6331597718083941,0.012687888913556114,0.018005150064102533,37018.41857183175,52532.15771848845,117062.5180644658,166121.26879361793,0.01988873168071347,0.027877318059815314,58027.73016343732,81335.37703784088,183499.79476611668,257205.0457881364,0.02404920718571891,0.03187161124936623,70166.41018747119,92989.20047504266,221885.67143005115,294057.67129914626,0.01231935062138295,0.01793193613791399,35943.164457269166,52318.54741787816,113662.2659989804,165445.77371201615,0.022067135471161146,0.02727348238405345,64383.48121727084,79573.61493965016,203598.44433724604,251633.8648624965,0.02404920718571891,0.030453251229352035,70166.41018747119,88850.96713581955,221885.67143005115,280971.42845795705,0.011629134619249078,0.017002136921596477,33929.37752659476,49605.74808523049,107294.11257576969,156867.14898586474,0.01950312914795715,0.024465217466684973,56902.68910600177,71380.16945159379,179942.10256341603,225723.91523580844,0.022940522761050006,0.028575069112276523,66931.6920735213,83371.14837024498,211656.59460136542,263642.7199938091
2026-02-02,2899019.7638131287,21908.27250986593,2877111.4913032628,0.010765403346201711,0.6623664634372933,0.015916200656333878,0.022040465822547813,45792.683806226734,63412.87749172913,144809.1809995851,200529.12585908928,0.024222461269873114,0.033951750561682224,69690.72166720015,97682.97169087794,220381.4122491995,308900.67915692355,0.02928949914851148,0.038816395207586785,84269.15457469951,111679.09670271684,266482.46495284827,353160.3126107856,0.015107658878392872,0.02191548457568648,43466.41896571389,63053.292510186984,137452.8856627962,199392.01830502652,0.026875536503193912,0.03321633985252711,77323.91490827952,95567.11308874027,244519.68871121304,302209.7467673085,0.02928949914851148,0.03708897632522304,84269.15457469951,106709.11998597387,266482.46495284827,337443.86626787233,0.014405048466304714,0.020779135530050202,41444.930475185734,59783.88961285535,131060.37776891151,189053.2585607049,0.02375283643078333,0.029796157545856204,68339.5586460535,85726.86727186531,216108.6596121818,271092.15725003945,0.02793923378377251,0.034801540689860404,80384.29057750023,100127.91263385545,254197.44632171254,316632.26128133235
2026-02-03,2887324.4837070494,-11695.2801060793,2899019.7638131287,0.01031557555720075,-0.43599768159774743,0.015251148997766861,0.021119514355085522,44213.38236538492,61225.88951752801,139814.9913345393,193613.2626452162,0.02321033605293614,0.032533091139760786,67287.22294220627,94314.0741921003,212780.88192490814,298247.2898571419,0.028065649914142662,0.03719446868317311,81362.87378535981,107827.49981704733,257291.9981385428,340980.4938232588,0.014476391793296059,0.020999755396338644,41967.34591746746,60878.70592922713,132712.40045136597,192515.3717399552,0.025752553668768878,0.03182840925354602,74657.16205441927,92271.18747676258,236086.6757362605,291787.1148349747,0.028065649914142662,0.03553922926232544,81362.87378535981,103028.92802216733,257291.9981385428,325806.0774355957,0.013803139657719685,0.01991088821109288,40015.57467040215,57722.058439032095,126540.35783901239,182533.17590068487,0.02276033428752359,0.028551137806367692,65982.65893052449,82770.31278001216,208655.4882945072,261742.71102938178,0.026771804811984882,0.0333473731497403,77611.99126289159,96674.6938323484,245430.66613182554,305712.2246096532
2026-02-04,2908684.46125086,21359.977543810848,2887324.4837070494,0.010115761715129328,0.6836287828336327,0.014955732551020924,0.02071042702083335,43182.052766337205,59797.723005280175,136553.6407832003,189097.00358853428,0.022760749270619506,0.031902921557942575,65717.66863657707,92114.08651603304,207817.51540779584,291290.31797646865,0.027522015164100844,0.03647400770160411,79464.98822426505,105312.29545576104,251290.35702713672,333026.71926080505,0.014195982479486077,0.020592987806393223,40988.407783296454,59458.63788607988,129616.72625899011,188024.72229119163,0.025253723849417188,0.031211889437980977,72915.69517519888,90118.85255703994,230579.67392817873,284980.83420113544,0.027522015164100844,0.03485083045182908,79464.98822426505,100625.65604108931,251290.35702713672,318206.2641385241,0.013535771312408879,0.01952521209923154,39082.163916177655,56375.62294368434,123588.65386316735,178275.37301288894,0.022319464089287738,0.027998099102034935,64443.53512822075,80839.59703456183,203788.3514782487,255637.25175940886,0.02625323198500047,0.03270143083512193,75801.59948673287,94419.6419025002,239705.70466192625,298581.1242693746
2026-02-05,2909712.875303645,1028.4140527849086,2908684.46125086,0.009733733828559559,-0.010446612914123481,0.014390920225516657,0.01992828516265838,41858.64604306102,57965.09339200049,132368.6612668674,183301.7199030969,0.021901175747095877,0.03069808834405285,63703.609578701966,89291.05255645266,201448.50144281762,282363.1007521909,0.02648262954160666,0.03509654464253134,77029.61304073427,102084.77404532803,243589.02449012885,322820.4004068776,0.013659862576986953,0.019815281111496753,39732.230020504074,57636.40026432827,125644.34338251146,182262.30096840818,0.024300001626425292,0.03003315347190858,70681.03713915386,87356.9668261028,223513.06474267782,276246.9846542551,0.02648262954160666,0.0335346676676859,77029.61304073427,97541.76675820957,243589.02449012885,308454.1499528408,0.013024584685717449,0.018787830602597453,37884.407089592256,54647.870934388586,119801.01420814217,172811.74143158193,0.021476555968721018,0.026940733880400254,62468.52462740323,78362.0940126148,197542.8198929155,247802.69930010612,0.0252617627300599,0.0314664414332794,73478.49671673133,91525.94924784004,232359.4086700751,289430.46463214944
2026-02-06,3002454.8395698764,92741.96426623128,2909712.875303645,0.009392899713965472,3.2919160252749964,0.013887011176877306,0.019230481057016597,40407.21522084552,55955.178329884046,127778.83400249551,176945.81040333014,0.02113428937278091,0.029623171365146236,61494.713898373615,86194.92312849226,194463.35997927285,272572.2798291618,0.025555320068087542,0.0338676123613289,74358.64383461994,98545.0277435516,235142.67823863585,311626.7397541064,0.013181552069538728,0.019121433928902344,38354.53177322225,55637.88249719512,121287.67899267901,175942.4328799534,0.023449118534196418,0.028981519694741574,68230.20211347265,84327.90100165573,215762.84389220792,266668.2374664266,0.025555320068087542,0.032360425700108476,74358.64383461994,94159.54730991261,235142.67823863585,297758.6329497043,0.012568518918202091,0.018129960383279197,36570.78131979007,52752.97915597249,115646.96478247522,166819.56749226,0.020724537979832508,0.025997383534030652,60302.45499463804,75644.92159317597,190693.106282853,239210.24565928904,0.02437720283918604,0.030364619984877866,70930.6609650682,88352.3257237015,224302.44459081246,279394.5858599813
2026-02-09,2997654.613928277,-4800.225641599391,3002454.8395698764,0.009089468032023226,-0.22611170959731886,0.013438400067755638,0.01860925253447491,40348.18931950907,55873.44033291218,127592.17771332794,176687.3321615191,0.020451559527225084,0.02866621355813108,61404.88387926837,86069.01162975427,194179.29251664382,272174.11270954437,0.024729771623308233,0.03277354057358408,74250.0224918596,98401.07550499722,234799.18739300736,311171.52280599467,0.01275573037050338,0.018503728104835276,38298.50438316633,55556.60799844781,121110.50482874764,175685.42034822342,0.022691609597279384,0.028045290038936473,68130.53305298174,84204.71680454566,215447.66264880754,266278.6948318197,0.024729771623308233,0.03131504262378842,74250.0224918596,94022.00127713049,234799.18739300736,297323.6742029926,0.012162500867226547,0.017544283484752815,36517.35959007717,52675.91885558195,115478.03044003657,166575.8814258491,0.020055044893757427,0.02515755450869783,60214.36659905312,75534.42128638276,190414.54631737474,238860.8130076751,0.02358971272603772,0.029383710149350744,70827.04713835505,88223.26274243664,223974.78890131292,278986.4528775727
2026-02-10,2987666.8535774453,-9987.760350831784,2997654.613928277,0.008868261346749715,-0.4276610625888566,0.01311135519297369,0.018156366727069457,39303.31438907006,54426.51649157361,124287.99306313066,172111.7572220891,0.019953838244114487,0.027968575582157557,59814.7152780483,83840.12963885635,189150.7378731044,265125.76898257626,0.0241279332330867,0.03197594425117909,72327.21038071575,95852.83681926037,228718.72160923594,303113.28453731217,0.012445299350386392,0.01805341040253936,37306.709019404356,54117.88899031286,117974.17250646459,171135.79136953867,0.022139373127020575,0.027362763226015118,66366.19400369293,82024.11343429121,209868.3326882788,259383.02150837617,0.0241279332330867,0.030552941172570153,72327.21038071575,91587.16507503414,228718.72160923594,289624.0460749341,0.011866507032164176,0.017117315395807665,35571.689556179284,51311.799474308384,112487.5592179506,162262.157180645,0.019566973425952056,0.02454530534044612,58655.02817091717,73578.34780406668,185483.48524143832,232675.1655328992,0.023015619485344547,0.028668610750763754,68992.87794266063,85938.59329194078,218174.63662879946,271761.69371340045
2026-02-11,3008394.9295128286,20728.075935383327,2987666.8535774453,0.008790642328192592,0.7347285018827613,0.012996598705513448,0.017997454025829005,38829.50716171006,53770.39684175327,122789.68305282384,170036.92471106476,0.01977919326237594,0.027723782008508144,59093.64010050293,82829.42456262652,186870.49794785073,261929.63889899588,0.023916754691528454,0.03169607638157425,71455.29523702242,94697.31679368831,225961.48382877203,299459.2093745685,0.012336372483726037,0.01789539882143416,36856.97116301314,53465.48989034772,116551.97653026663,169072.72427020496,0.021945599359379068,0.027123271995031874,65566.13978790726,81035.30070012211,207338.33911477626,256256.1210890232,0.023916754691528454,0.030285528066988015,71455.29523702242,90483.06834882949,225961.48382877203,286132.5856629921,0.01176264601662528,0.016967496939922586,35142.867614236115,50693.22819558344,111131.5051707537,160306.06304471134,0.019395714459388973,0.02433047377017349,57947.93319176921,72691.35001498279,183247.45458526153,229870.23223986046,0.022814176414816256,0.028417690153945074,68161.15866621485,84902.59092817582,215544.50934136356,268485.5665825849
2026-02-12,2983666.79025215,-24728.139260678552,3008394.9295128286,0.008555753266217289,-1.0178961924748182,0.012649325006409919,0.017516555709614627,38054.16521104343,52696.71737933363,120337.83652323937,166641.65213287354,0.019250686245644327,0.026982992779773233,57913.666891038745,81175.49866175106,183139.09502796494,256699.46597108355,0.023277690574794948,0.030849146046837687,70028.48629598168,92806.41454710723,221449.51778919037,293479.6514426429,0.011924136610093736,0.017337623837604163,35872.51211662428,52158.41964284911,113438.84368052048,164939.40522626933,0.021359205208012176,0.0263985286055549,64256.92464620783,79417.19960355072,203198.23731982597,251139.23613944152,0.023277690574794948,0.029476288080477933,70028.48629598168,88676.31560216924,221449.51778919037,280419.1318147805,0.011448343968374304,0.0165141194401345,34441.139945776034,49680.99318906986,108912.44744126034,157105.09489677302,0.01887745413146099,0.023680354933810162,56790.83729119824,71239.85971193858,179588.3960682135,225280.21688059275,0.02220457357832853,0.027658359454940582,66800.12656503807,83207.26834288645,211240.5479330402,263124.4858443455
2026-02-13,3006395.149807421,22728.35955527145,2983666.79025215,0.009217703040538774,0.7738952887273335,0.013627990189097473,0.018871793493837878,40661.38174509225,56307.14352006067,128582.57912408358,178058.82206138258,0.020740091914477034,0.02907063900159867,61881.52347200226,86737.10016047888,195686.55925269797,274286.7941452695,0.025078661400303976,0.03323591254515949,74826.36916406546,99164.8885047172,236621.7555990363,313586.91159155534,0.012846694717186028,0.018679017848098695,38330.25639217569,55731.96522789926,121210.91349750341,176239.94859746675,0.023011744806478298,0.028440955439188016,68659.37876484668,84858.33422694654,217120.0196291139,268345.6146049748,0.025078661400303976,0.031756837978959764,74826.36916406546,94751.82284124046,236621.7555990363,299631.5726310867,0.012334090491260023,0.017791799767789416,36800.81618673736,53084.8021059692,116374.39890328243,167868.88379416574,0.020337983217944285,0.02551247948398653,60681.765108085914,76120.73777335991,191892.59018088513,240714.90853623138,0.02392251845258247,0.02979825809736544,71376.82384616457,88908.07309247149,225713.3355024999,281152.01334894
2026-02-17,3001812.719334192,-4582.430473229848,3006395.149807421,0.008933897942575741,-0.22169261634224163,0.013208396167284637,0.018290747307200934,39709.65817405946,54989.21399072203,125572.96493675093,173891.1629530788,0.0201015224366295,0.02817557918968978,60433.11955722798,84706.92461889827,191106.30391010683,267866.8153839089,0.024306511123364807,0.032212607566219915,73074.97715002409,96843.82714973339,231083.367758836,306247.0711208099,0.012451156106679972,0.018103907056731407,37433.09532861772,54427.498367921646,118373.84110864114,172114.86218772957,0.022303233102382313,0.027565283039124533,67052.3318240265,82872.13323189276,212038.09098931632,262064.69556971206,0.024306511123364807,0.030779072425656796,73074.97715002409,92534.05405606593,231083.367758836,292618.3719463105,0.0119543345211705,0.01724400565315704,35939.45332362241,51842.29495890307,113650.53036395536,163939.73120039896,0.019711794318805934,0.024726972323754832,59261.442834059635,74339.04966355886,187401.1367834923,235080.71602921988,0.023185964816269965,0.02888079552331009,69706.17216723954,86827.08358385933,220430.27102031247,274571.346714811
2026-02-18,3008400.899531758,6588.180197566282,3001812.719334192,0.008727781917684812,0.1990357042679254,0.012903662205615899,0.017868757247377416,38734.3773348097,53638.662783872554,122488.85612640114,169620.34504274523,0.019637755565155776,0.027525533888197996,58948.86443466043,82626.49773205709,186412.67709402097,261287.9279160374,0.023745729985734005,0.03146942304971911,71280.23430105166,94465.31438075542,225407.8925417835,298725.55332704564,0.012163892605518308,0.017686227631522694,36513.72753985998,53090.74306134466,115466.54488877414,167887.67074462964,0.02178867005511815,0.026929318021218857,65405.506908829695,80836.76935909025,206830.37334978074,255628.30986443488,0.023745729985734005,0.030068961329807704,71280.23430105166,90261.39057698473,225407.8925417835,285431.5789973315,0.01167853330566997,0.01684616521203368,35056.7698201281,50569.03300548789,110859.24003985616,159913.3233695718,0.019257018954841065,0.024156490628561997,57805.96443510154,72513.26082329462,182798.50995760947,229307.06476746753,0.022651036061553,0.02821448001274403,67994.16815566727,84694.58497165538,215016.43898039885,267827.79399309837
2026-02-19,3011234.783524953,2833.883993194904,3008400.899531758,0.008500230488301477,0.05721703193842028,0.012567236890815353,0.017402881576869925,37807.2867669576,52354.84459030014,119557.13833472962,165560.55544949346,0.01912575842878403,0.026807885963459246,57537.94886138097,80648.86824701559,181950.9702962557,255034.1143754004,0.023126629411158943,0.030648949730796855,69574.17272366818,92204.32793983289,220012.8521287521,291575.6864149727,0.011846754622998081,0.017225110887783116,35639.78726435944,51820.03908934101,112702.90307923738,163869.35196127524,0.021220594103843783,0.02622721468432977,63840.05439060195,78901.9762485502,201879.97782333483,249509.95683392638,0.023126629411158943,0.02928500096104485,69574.17272366818,88101.02323399571,220012.8521287521,278599.89761084004,0.011101249970035969,0.016247008121160433,33397.01039578311,48877.51384639882,105610.61989099605,154564.27012103764,0.01875494841387612,0.023526680669599075,56422.40367897664,70777.68728941827,178423.30668703,223818.69935371086,0.02206047643467049,0.02747886982945126,66366.75715016185,82667.45671303726,209870.1135137769,261417.45158657426
2026-02-20,3035230.519874002,23995.736349049024,3011234.783524953,0.008299558560293532,0.9014895055109673,0.012270551799736558,0.016992037446968897,36949.51239241143,51167.01420327128,116844.61759263735,161804.30595252296,0.018674240928899716,0.02617501016444319,56232.52384102815,78819.10106629053,177822.85391736912,249247.88249648426,0.022580660061427837,0.029925394782214922,67995.6690119242,90112.38967892171,215021.18510461124,284960.3967860418,0.011567078549025046,0.016818463536660194,34831.18927058956,50644.34240703727,110145.89170748192,160151.47260769206,0.020719622096301987,0.025608047269490126,62391.64675787674,77111.84267603986,197299.71072355052,243849.05742885952,0.022580660061427837,0.028593645872185176,67995.6690119242,86102.1810381187,215021.18510461124,272279.0035886162,0.010839173637182271,0.015863451646012963,32639.29668094993,47768.5773832404,103214.5187377759,151057.50511704563,0.018312184930805664,0.02297126698098284,55142.288225983495,69171.87815477376,174375.22618759348,218740.6850007302,0.0215396766345931,0.02683015356278716,64861.02350796644,80791.89165558064,205108.56565489838,255486.39410518674
2026-02-23,3002003.83393127,-33226.6859427318,3035230.519874002,0.008123026068617829,-1.4111186906707924,0.011659719158013473,0.016263948155186968,35389.93544156209,49364.83181427195,111912.80224165297,156105.30484424147,0.018277037841846075,0.025618264919452394,55475.02307046327,77757.3395497394,175427.42615305146,245890.2977722681,0.022100367024711805,0.029288878458255556,67079.70849382225,88898.49778937746,212124.6636206212,281121.73358187644,0.01132104556030236,0.01646073303175264,34361.98300151379,49962.11927747372,108662.13120477267,157994.0936458231,0.020278913534675817,0.025063361385464934,61551.17727033401,76073.0794077947,194641.91283904098,240564.19955148437,0.022100367024711805,0.027985455988923363,67079.70849382225,84942.31013017085,212124.6636206212,268611.16972773353,0.010608623263210368,0.015526034345405509,32199.617102341435,47125.09329778677,101824.12982871,149022.62976894173,0.017922682813268094,0.022482665693620243,54399.473872852555,68240.07308140036,172026.24095303507,215794.05863356995,0.021081525425878794,0.026259473348162213,63987.28937812708,79703.55494215988,202345.57573518073,252044.77122959524
2026-02-24,3033641.715191425,31637.88126015477,3002003.83393127,0.009483771459292462,1.057446919055804,0.013612920953354654,0.01898843682472876,40866.04089297399,57003.36014819745,129229.76817537911,180260.4523511773,0.02133875336367127,0.029909761168726175,64059.019409054934,89789.2177004846,202572.40600954703,283938.4372582377,0.025802555384943342,0.034195265071253624,77459.37019082386,102654.31684619942,244948.0359251548,324621.45288258296,0.013217513752533609,0.019218186523945406,39679.02696014518,57693.06962609038,125476.10053328595,182441.50522512448,0.023675977373582697,0.029261901829874353,71075.37484756525,87844.34148140326,224760.07006854913,277788.198638844,0.025802555384943342,0.03267349711068907,77459.37019082386,98085.96359423087,244948.0359251548,310175.05145012523,0.012690113237853368,0.0181373063763754,38095.76859305777,54448.26327906502,120469.39796877078,172180.5266023536,0.020925037824893435,0.026248895600337507,62817.043775486934,78799.28522867484,198644.9342090415,249185.21931587462,0.024613040443721868,0.030658382943947272,73888.44177675845,92036.58313986276,233655.76877529526,291045.23078141775
2026-02-25,3040358.689617144,6716.97442571912,3033641.715191425,0.009170253980170273,0.19154601846227445,0.013162900760533202,0.018360711149208946,39931.524840078455,55699.81926282054,126274.56893823882,176138.2941302338,0.02063333018989442,0.028920994941807266,62594.13118738232,87735.93670030672,197940.02271150795,277445.39262132696,0.02494956644969525,0.03306482731776369,75688.04555773592,100306.83945676891,239346.61560903487,317198.07757623645,0.012780565054460872,0.01858286571110742,38771.65529293026,56373.75660901583,122606.73938058248,178269.4711444603,0.022893289518462933,0.028294552739335687,69450.03808116376,85835.53550273254,219620.30392190738,271435.79636888095,0.02494956644969525,0.03159336643775807,75688.04555773592,95842.95434891159,239346.61560903487,303082.03342210094,0.012270599510726532,0.017537717637064687,37224.60254614749,53203.15181304782,117714.5290403292,168243.13842894795,0.020233291388620026,0.025381151410836203,61380.55679214114,76997.31969950239,194102.36351248441,243486.9039785791,0.023799374864941266,0.029644868544553872,72198.77638576411,89931.90985812472,228312.5776561942,284389.66948062426
2026-02-26,3052292.2552396776,11933.565622533672,3040358.689617144,0.008891806860158556,0.38936745218113716,0.012763220248336258,0.017803203456191994,38804.76758952662,54128.124331055296,122711.44965638602,171168.15835891268,0.020006816313610242,0.02804283303191542,60827.897830658934,85260.27109006673,192354.70242489738,269616.65056801797,0.0241919936563483,0.03206084139106801,73552.33813224138,97476.45771977062,232592.91572873775,308247.6246395782,0.012392493847356646,0.018018612479952498,37677.62635483777,54783.045028267494,119147.11611007484,173239.1994488887,0.022198153860519893,0.027435412224871836,67490.34998329001,83413.4939611175,213423.22602910336,263776.6285098319,0.0241919936563483,0.03063406019443141,73552.33813224138,93138.5311103942,232592.91572873775,294529.89623129717,0.011898012982374398,0.017005199456196524,36174.22716013959,51701.90593531983,114392.95042236567,163495.78212738884,0.01961892435716137,0.02461047389980859,59648.56715023701,74824.66817687897,188625.33136024795,236616.37660525623,0.023076726680545057,0.028744726815959822,70161.52649111496,87394.27995557438,221870.22782616477,276364.9791300141
2026-02-27,3032715.3799340287,-19576.875305648893,3052292.2552396776,0.008645185535879528,-0.7969375551221424,0.012409222199434253,0.017309417470753173,37876.57281288145,52833.40088869028,119776.24004991601,167073.88334102547,0.019451911375674848,0.027265042788871013,59372.91844158092,83220.87894324941,187753.65360681055,263167.5263418147,0.023521009501349225,0.031171608495469093,71792.99513638711,95144.85919408365,227029.3846763741,300874.46270931675,0.012048778189580842,0.017518851954182683,36776.39235315835,53472.6561404423,116297.16395997987,169095.3859427862,0.02158247043557274,0.026674469280265605,65876.007359438,81418.2759967834,208318.22641383854,257467.19531405155,0.023521009501349225,0.029784400208332767,71792.99513638711,90910.69408285315,227029.3846763741,287484.8569686082,0.011568012144057727,0.016533546745395134,35308.95387582594,50465.21668261274,111656.71604544007,159585.0273309829,0.019074777910664337,0.023927882862940637,58221.796887137636,73034.8915468359,184113.48763105625,230956.6059513796,0.022436675340756992,0.02794746899143882,68483.29037591962,85303.84315611975,216563.1792505948,269754.4375391048
2026-03-02,3029879.279997616,-2836.099936413113,3032715.3799340287,0.008976419853467131,-0.15493870264897083,0.012884672984147156,0.01797261585556153,39075.545924443555,54505.82852280763,123567.72593575143,172362.56388664304,0.02019719793587135,0.0283096840871621,61252.35281168886,85855.21433221013,193696.94692915553,271498.0262917162,0.024422200748062974,0.03236592716280747,74065.58382048692,98156.64509247076,234215.94110285438,310398.56597299647,0.012510418810806003,0.018190074676688615,37940.53953694735,55165.319234142065,119978.52059242375,174448.05663018447,0.022409387895806782,0.02769648316214135,67961.29532652069,83995.55045590994,214912.48596716207,265617.2527602699,0.024422200748062974,0.030925568947490368,74065.58382048692,93788.44858026424,234215.94110285438,296585.1157272204,0.012011232546035169,0.01716701817880567,36426.64967432502,52062.680058471014,115191.18049989778,164636.65007739668,0.019805614862416488,0.02484466318171212,60064.792802300464,75346.79214045905,189941.55244135723,238267.4775511241,0.023296321072428867,0.029018256978724993,70651.11121223622,88004.11423825724,223418.43065252632,278293.4444585469
2026-03-03,2979340.1788535407,-50539.10114407493,3029879.279997616,0.008742356709599674,-1.9761383568304607,0.012548700835383555,0.017503973898150192,38021.04865201741,53034.92783162437,120233.11276844973,167711.16749058798,0.019670549258185285,0.02757149962526036,59599.38962354807,83538.3154330384,188469.8183662172,264171.3486619967,0.023785383711809275,0.0315219748087979,72066.84127520371,95507.77833778357,227895.36220347718,302022.1138098865,0.012184205464532456,0.01771576240793204,36916.671680220614,53676.62144915396,116740.76614213233,169740.38088197444,0.021825055626521057,0.026974288119036387,66127.28382759154,81728.83666455421,209112.8323756065,258449.27437587015,0.023785383711809275,0.03011917441471419,72066.84127520371,91257.46248977685,227895.36220347718,288581.4349550752,0.011698035648236071,0.016719382449711627,35443.635827263955,50657.71045873704,112082.6177717004,160193.7460989422,0.019289176844075058,0.024196830296489676,58443.87724807282,73313.47475695264,184815.76739520373,231837.56341322974,0.02268886172451832,0.028261596242165222,68744.51202584904,85629.2248737949,217389.23463851892,270783.38487593614
2026-03-04,3004263.096112438,24922.91725889733,2979340.1788535407,0.01151345587305408,0.6840052008419997,0.01702216517396253,0.023470825292697502,50714.82063386804,69927.57282538558,160374.3443299273,221130.40137551425,0.025905600561249992,0.03631094621668651,77181.59660946294,108182.66099556409,244069.6387342322,342103.6120838414,0.03132473026282125,0.04151361904440477,93327.02746377279,123683.19318861466,295125.9740386095,391120.59875864605,0.016157440482980196,0.023568043435780447,48138.511618377655,70217.21874518612,152227.33988455165,222046.34219705846,0.028743029280305747,0.03552443423231054,85635.26199677869,105839.37423936292,270802.47593507945,334693.48872333806,0.03132473026282125,0.039666167496442806,93327.02746377279,118179.00656328641,295125.9740386095,373714.8323559729,0.015516122506397036,0.022191659965380594,46227.807203322394,66116.50417031397,146185.1619976373,209078.7441062134,0.02540334303425653,0.03186659468842115,75685.2005791597,94941.42591845397,239337.61899683962,300231.1502064582,0.02988063939191854,0.03721978547031174,89024.58951017674,110890.402300009,281520.4706136922,350666.24192040274
2026-03-05,2954643.8517159186,-49619.24439651938,3004263.096112438,0.010988307398677802,-1.5570533771119213,0.016245755017859142,0.022400280685525385,48806.52226863768,67296.33660608414,154339.77504062347,212809.70186059142,0.024724001677079954,0.03465474166619356,74277.40582667333,104111.96149305538,234885.7811009497,329230.9299857996,0.029895955576128907,0.039620111660750364,89815.31606038094,119029.2393262464,284020.9675187049,376403.5044282245,0.015420471903518243,0.022493064542318905,46327.15466437858,67575.08372296389,146499.3262543297,213691.17764113657,0.027432010404484817,0.033904103842732236,82412.97651036616,101856.84798148436,260612.71452671234,322099.63490701467,0.029895955576128907,0.037856925547302016,89815.31606038094,113732.1643540356,284020.9675187049,359652.68257936527,0.014703313526701796,0.02114645592724759,44172.622218841025,63529.51715579806,139686.09643369837,200897.972863064,0.0242446529775448,0.030413104635677108,72837.31621849038,91368.96789517085,230331.81790435212,288934.04600754066,0.028517732167270333,0.03552212720229409,85674.77033494884,106717.8158492639,270927.41227026534,337471.3650020903
2026-03-06,2902112.989597285,-52530.86211863346,2954643.8517159186,0.01301974043636175,-1.4127946511118998,0.019354451986747102,0.02656612737319954,57185.51256597327,78493.44490712599,180836.46887265542,248218.06729946198,0.029294783327820543,0.04106144149528453,86555.65144689496,121321.93565663534,273713.0029318368,383653.6468153635,0.03542288794587565,0.046944770579016526,104662.01807930341,138705.07776150553,330970.3616403202,438623.96875712683,0.01868841928067829,0.026703343448314737,55217.62312594534,78898.8695398217,174613.45605877382,249500.1325583176,0.03250342770324601,0.04017203157357467,96036.05282308868,118694.04609980017,303692.6644132038,375343.5303763938,0.03542288794587565,0.044855620293608844,104662.01807930341,132532.38271541515,330970.3616403202,419104.1931098432,0.017546068690363865,0.02511237843980736,51842.383977768775,74198.1345591402,163940.01270276934,234635.10334253646,0.02872681635893085,0.03603564351212749,84877.51133428731,106472.49254573413,268406.2579431052,336695.5845998194,0.03378986928380077,0.042089182541156824,99837.02952966651,124358.544418978,315712.4081392352,393256.2468671912
2026-03-09,2937273.772696677,35160.78309939196,2902112.989597285,0.01485388099975107,0.7801049020846503,0.022080987561290684,0.03030859920399501,64081.520824757776,87958.97944641186,202643.56173374632,278150.7157145979,0.03342165134488152,0.046845923590442505,96993.40850177224,135952.16336150508,306720.0888887401,429918.48904964956,0.04041304546641071,0.053558059713222986,117283.2241972562,155431.5407913715,370882.11979150283,491517.68913010426,0.021321128284045913,0.03046514543170027,61876.32334599972,88413.29428730774,195670.11501041008,279587.38538664585,0.037082309708698254,0.04583121909601343,107617.05268988272,133007.37626761972,340315.00157437957,420606.2546087037,0.04041304546641071,0.051174602847725514,117283.2241972562,148514.47966186644,370882.11979150283,469644.0212462514,0.02001785040293421,0.028402463167207525,58094.06367817062,82427.15729411141,183709.55975787822,260657.55810235362,0.032773672699768504,0.04111212224966365,95112.9012588081,119312.02401066045,300773.4028445298,377297.74811838486,0.038549977228192346,0.048018446442842214,111876.38966261655,139354.95716205394,353784.20773038495,440679.0678672847
2026-03-10,2932159.257401281,-5114.515295395628,2937273.772696677,0.01401735037041366,-0.15680225941223555,0.020724068944834827,0.028497457948341076,60872.26417522103,83704.8358201887,192495.00112516945,264697.9323622447,0.03153943382654421,0.044207687162961896,92639.9517844107,129850.08005534756,292953.2499669178,410622.0073301012,0.03813709143405886,0.05054181383117075,112019.0784361962,148455.144190816,354235.4292514327,469456.38601169304,0.020120379680907415,0.028749430375058636,59099.06353342849,84444.94782062892,186887.64834863265,267038.37200725934,0.03499393375641871,0.04325012809667585,102786.76382621359,127037.46692413763,325040.28700863855,401727.7436585798,0.03813709143405886,0.04829258684618238,112019.0784361962,141848.54875896804,354235.4292514327,448564.49686778977,0.018890498904976922,0.026802912828249315,55486.56698674401,78727.49288229203,175463.9312216169,248958.19198273722,0.030927947596026583,0.03879679809300156,90843.84931714613,113956.81750318194,287273.4752593137,360363.0982141972,0.03637894618841338,0.045314176681740134,106854.92451757037,133100.14269861864,337904.9406808912,420899.6078210652
2026-03-11,2921507.107797039,-10652.149604242297,2932159.257401281,0.013292454242709481,-0.30804487362110883,0.019652340199287185,0.02702373457193413,57623.79124493925,79237.8934946517,182222.42774807767,250572.22043693843,0.029908397086597937,0.041921521775612515,87696.18339150165,122920.57815871162,277319.6816209749,388708.998286275,0.03616486207744662,0.04792808412011981,106041.13513302563,140532.77554231664,335331.5126900632,444403.6566189251,0.019079870245585568,0.02726267644497436,55945.218170608976,79938.50911966742,176914.31361416285,252787.76157629056,0.03318425029964315,0.04101348211498133,97301.5067160199,120258.06126170437,307694.3809887933,380289.3805830481,0.03616486207744662,0.04579517412005801,106041.13513302563,134278.74374043167,335331.5126900632,424626.6715658417,0.017913591775971936,0.025416821505212978,52525.50395922356,74526.1684702262,166100.22775933845,235672.43765134137,0.029328533380233116,0.036790452531125756,85995.93065685302,107875.46597312277,271943.01038155536,341132.1761270603,0.034497637915089446,0.04297079006881587,101152.56837120694,125997.19989812549,319872.50722892233,398438.1304816119
2026-03-12,2869994.127090762,-51512.9807062773,2921507.107797039,0.012730586539343187,-1.433148520686848,0.01882164219183662,0.02588145012971829,54987.56144386333,75612.84051406659,173885.93714106514,239108.79637950734,0.028644178901184154,0.04014951272960792,83684.1722568195,117297.08681413725,264632.58843742276,370925.9572351772,0.03463618515842253,0.0459021796438198,101189.86112730575,134103.5440927961,319990.4372784197,424072.64163405437,0.01827337035627477,0.02611029200775445,53385.78137926446,76281.40368731086,168820.66382628106,241222.97876666897,0.03178156286786063,0.03927985560912835,92850.06181535329,114756.37735530987,293617.6762239448,362891.52847254893,0.03463618515842253,0.04385942705346877,101189.86112730575,128135.62788061476,319990.4372784197,405200.4335185166,0.0171563900970023,0.02434246075397416,50122.51561253095,71116.67211400598,158501.31139294745,224890.66349164068,0.02808882584447151,0.035235332107761655,82061.70435429669,102940.2731984149,259501.89443493466,325525.7262669772,0.03303943401737475,0.04115442879444527,96524.94131935161,120232.956240299,305238.66558324936,380209.99153469986
2026-03-13,2861474.360107523,-8519.76698323898,2869994.127090762,0.014599066164493262,-0.23482116467366126,0.0215841115280787,0.029680093820428508,61946.273324057875,85181.69495613263,195891.31626335264,269368.17101505573,0.032848310776067716,0.04604229278833775,94274.45901216652,132141.10990032268,298122.0156586338,417866.8798276451,0.03971976917565799,0.05263928379447276,113995.5042635391,151074.43534440073,360485.436492219,477739.31191215065,0.020955369342574602,0.029942523026524545,60141.786944206906,85934.86523640536,190185.02929627182,271749.90456666495,0.03644617140655625,0.04504499531087532,104600.2978917597,129278.87199704308,330775.18527006934,408815.68884801684,0.03971976917565799,0.050296714570968376,113995.5042635391,144351.2754306396,360485.436492219,456478.8135111243,0.019753353034685728,0.027929588625903622,56692.007199898515,80157.75532840434,179275.867878344,253481.07896425592,0.032211448052221855,0.040406853461101094,92446.66673496588,115967.43212757717,292342.02897301386,366721.21992413007,0.03788866143491524,0.04719470128695509,108740.23580153698,135448.51552336392,343866.81843664224,428325.8147425037
2026-03-16,2887645.706972641,26171.346865118016,2861474.360107523,0.013870763945251061,0.6235665591257686,0.020507347017996315,0.0281994458150576,58681.247685823924,80691.99116902871,185566.3986276884,255170.48102832364,0.031209610234059583,0.043745385325975446,89305.49947371085,125176.29848330261,282408.7859158948,395842.2122763169,0.03773827284483266,0.05001327287193338,107987.10014023064,143111.6979880985,341485.194359817,452558.92545652785,0.019909970833842876,0.02844878324041642,56971.87105152999,81405.4638187082,180160.8750842469,257426.67964954625,0.03462798473494335,0.04279783993250913,99087.0904612351,122464.92163486076,313340.8925766471,387268.08584019146,0.03773827284483266,0.04778756717551925,107987.10014023064,136742.8982046642,341485.194359817,432419.01217928843,0.0187679193986888,0.026536267905963352,53703.92015191261,75932.85022585827,169826.70695985967,240120.75594214312,0.030604518620084967,0.03839108062215829,87574.0453348064,109855.09285712671,276933.44717283116,347392.30599781475,0.03599851340104454,0.04484030373190057,103008.82309907602,128309.37942826716,325742.50008644466,405749.88415607746
2026-03-17,2899967.458030734,12321.751058093272,2887645.706972641,0.013122547436910392,0.28979060093078823,0.019401140060564172,0.026678311797626062,56023.61880626305,77037.51253169245,177162.23819283475,243614.00487391264,0.02952610197970737,0.04138567250887249,85260.92162533838,119507.15955042129,269618.7077411746,377914.8208764754,0.0357025955850783,0.047315457773455055,103096.44686903172,136630.27851296277,326019.59077667526,432062.87744412594,0.01883598753218322,0.026914199467907438,54391.65853389906,77718.67255010825,172001.5266812558,245768.0219831488,0.03276008258250827,0.04048923959259863,94599.51182944918,116918.57888815412,299149.9229211015,369729.01007664413,0.0357025955850783,0.04520981105514321,103096.44686903172,130549.91680642853,326019.59077667526,412835.0854538094,0.017755540615751342,0.025104849002479657,51271.710634052724,72493.90944620677,162135.38513668248,229245.87034000913,0.028953650207086935,0.03632018961659324,83607.88372168211,104879.83962278775,264391.34290703083,331659.1738411842,0.034056682215055256,0.042421528845121216,98343.6321920358,122498.34565283034,310989.8711006907,387373.7818655297
2026-03-18,2866070.894491331,-33896.563539403025,2899967.458030734,0.01244318598214411,-0.9814720183674386,0.018396732433231373,0.02529716101111301,53349.92539046955,73360.94371279159,168707.27723393167,231987.67343183077,0.02799751953861129,0.03924311361798017,81191.89556755239,113803.75244394524,256751.31753999498,359879.06399682065,0.03385425269340866,0.04486591065766461,98176.23112683445,130109.68088214168,310460.50245191605,411442.93722523353,0.017860838160207594,0.02552083664774663,51795.849437755554,74009.5957801834,163792.8575664593,234038.89137376595,0.03106407519762231,0.03839308952385218,90084.80718692436,111338.71023243203,284873.1732877868,352083.9160799804,0.03385425269340866,0.0428692744210945,98176.23112683445,124319.50077056339,310460.50245191605,393132.78001003823,0.016836326571308256,0.02380515724506674,48824.799169572114,69034.18134399812,154397.57167614554,218305.24945213797,0.027454703907212722,0.034439873544279964,79617.74790078614,99874.5125371055,251773.42553957392,315830.93981629546,0.03229354915835508,0.04022534310540964,93650.24166354553,116652.18599380892,296148.067082,368886.6017780287
2026-03-19,2886105.9471205454,20035.05262921425,2866070.894491331,0.013035469448392036,0.499476918660521,0.01927239887981714,0.02650128109992262,55236.06149647124,75954.55042722143,174671.76330597777,240189.37800413498,0.02933017404867555,0.04111104739260768,84062.35817127397,117827.17637400661,265828.5173060925,372602.2476082406,0.03546568196572355,0.047001484064573745,101647.15883524636,134709.58547537294,321436.5396042865,425989.11275931465,0.018710996564237022,0.02673560347779845,53627.042659687024,76626.13497437935,169583.59898362495,242313.11481452678,0.03254269475375818,0.04022056298408859,93269.67026206205,115274.98492875171,294944.59464098985,364531.5096164382,0.03546568196572355,0.04490980989859158,101647.15883524636,128714.69902749201,321436.5396042865,407031.6172699346,0.017637719227083563,0.024938259415838576,50550.95372195434,71474.81947100934,159856.15165514182,226023.22487774075,0.02876152092484059,0.03607917779555594,82432.558003989,103405.48137702078,260674.63664654858,326996.84369751025,0.03383069047091003,0.04214003004167119,96961.15729922046,120776.31359542412,306618.1016313971,381928.2383603002
2026-03-20,2853003.8941673846,-33102.05295316083,2886105.9471205454,0.012364225924936285,-0.9698077409551805,0.018279993275956904,0.025136634174698327,52757.997307062804,72546.98938219038,166835.43627934824,229413.72383577327,0.027819857182071875,0.03899409069887124,80291.05526122186,112541.07706857023,253902.61036390672,355886.1338652275,0.033639425579738924,0.04458120745727093,97086.94622340352,128666.08797224444,307015.88113623776,406877.895615888,0.017747499598449096,0.025358890444853795,51221.164137603424,73188.44452527091,161975.54308016106,231442.18310473693,0.030866953563481972,0.038149460556999255,89085.29824905904,110103.38499299623,281712.44850243663,348177.4746722704,0.033639425579738924,0.042597241168067096,97086.94622340352,122940.15106608658,307015.88113623776,388770.89325401135,0.01672948919773305,0.02365409813684406,48283.07826586627,68268.23330651865,152684.49976431034,215883.10908436685,0.027280486066681507,0.03422133028781905,78734.37307738868,98766.384862051,248979.9490699889,312326.7324248563,0.03208862571731301,0.03997008730537858,92611.17351766236,115357.90667898054,292862.2450968811,364793.73121472885
2026-03-23,2890764.5183393634,37760.6241719788,2853003.8941673846,0.012928984369059869,0.9817770706509823,0.019114965123268258,0.02628479553095238,54535.06993355808,74990.6240072006,172455.033346611,237141.17502005704,0.029090579615750487,0.040775216515142015,82995.53692732248,116331.85150321842,262454.93231895164,367873.61517465295,0.0351759673549348,0.04661753496483778,100357.17184473378,133000.0087911664,317357.2425622807,420582.95660250355,0.018558148831256262,0.026517203759353493,52946.470884112015,75653.68558786552,167431.442061583,239237.95984390963,0.03227685765090157,0.039892006359633955,92086.00056950851,113812.04949018575,291201.5024152094,359905.3015607924,0.0351759673549348,0.04454294741705402,100357.17184473378,127081.20243854818,317357.2425622807,401866.0474987563,0.017493638959121587,0.024734541970692834,49909.42007353216,70567.74456283326,157827.44413049,223154.80215951626,0.02852657174640703,0.035784451615957315,81386.42027974455,102093.17981097057,257366.45869171093,322846.98177178565,0.03355433189610617,0.04179579353681706,95730.63956577578,119243.56172035508,302726.86289248394,377081.2513471882
2026-03-24,2910879.784564621,20115.266225257423,2890764.5183393634,0.01226769970627425,0.5281488758319997,0.018137283280296207,0.024940395100654805,52430.61496575005,72096.8092303378,165800.1624150813,227990.12919851867,0.027602670466639296,0.038689667911049545,79792.82039637472,111842.71922359506,252327.0533812836,353677.73245325923,0.033376806102475384,0.04423316663325466,96484.48681652857,127867.6686372052,305110.7372127188,404353.071989247,0.017608946725236933,0.025160916239354215,50903.31839864305,72734.28391363386,160970.42660046698,230006.00114842868,0.030625978485285567,0.03785163170835805,88532.49194468824,109420.15390377062,279964.32147572463,346016.90826207976,0.033376806102475384,0.04226468896137411,96484.48681652857,122177.26322818962,305110.7372127188,386358.4300870157,0.0165988838252489,0.02346943306659446,47983.46440606668,67844.60437445187,151737.03754878926,214543.47677629106,0.027067510165135724,0.03395416794135904,78245.79798516439,98153.50393461662,247434.93897053335,310388.63275968726,0.03183811317238234,0.039658045014126175,92036.48788959597,114642.06939354124,291044.92957362696,362530.0549586686
2026-03-25,2913211.9862516937,2332.2016870728694,2910879.784564621,0.011669092982948824,0.02962458785668366,0.017252268161374575,0.02372341974691274,50219.27862883309,69056.02296202943,158807.3029177302,218374.3187129003,0.02625578844974286,0.03680179195310306,76427.44382616176,107125.59223204064,241684.79823524508,338760.8671476894,0.03174817310570807,0.04207479370478316,92415.1152902638,122474.66643498007,292242.25454428646,387298.90160391154,0.016749711974404627,0.023933180479063135,48756.39798357439,69666.61123684149,154181.26813373592,220305.16837389924,0.029131573089925627,0.03600464802176906,84798.5072000312,104805.20207693212,268156.42493428616,331423.1491973151,0.03174817310570807,0.0402023685934736,92415.1152902638,117024.2620303579,292242.25454428646,370063.2095162915,0.01578893544899301,0.022324233822834504,45959.69301826948,64983.16094078272,145337.31049987022,205494.7981301636,0.02574674148343717,0.03229736237052957,74945.66930254857,94013.7392191326,236999.01576181644,297297.54728155886,0.03028456123849888,0.03772291675472992,88154.71709355568,109806.87579615736,278769.6925034147,347239.83026307233
2026-03-26,2852305.743687683,-60906.2425640109,2913211.9862516937,0.011128597073033653,-1.9394840517966097,0.01645316746077957,0.02262458444230564,47931.56465854938,65910.21058128838,151572.91613664693,208426.38649820178,0.025039657402589455,0.03509718491489822,72945.83007685955,102245.53977777364,230674.96885449163,323328.78629111097,0.03027764255667668,0.040125948671052604,88205.19121155488,116895.39462823067,278929.30567918025,369655.6950094206,0.015973888966767998,0.022824629353530294,46535.32480504221,66492.9838144567,147157.61803966443,210269.2772743941,0.027782239758919747,0.03433696356487618,80935.55387060337,100030.85382868497,255940.69391836345,316325.33439001907,0.03027764255667668,0.03834025164698719,88205.19121155488,111693.28065390933,278929.30567918025,353205.1662027745,0.015057614253372643,0.021290206834544717,43866.02232727953,62022.8857401734,138716.54244600338,196133.58599532628,0.024554188772975827,0.03080139415022081,71531.55704611994,89730.99063168607,226202.64484400512,283754.307099359,0.02888182312449957,0.035975644516365285,84138.8733110935,104804.67881820536,266070.47942340845,331421.494507933
2026-03-27,2822009.606106568,-30296.137581114657,2852305.743687683,0.01438873826598509,-0.7737739901012629,0.02138953117230497,0.02969545333951667,61009.482617552196,84700.51212171298,192928.9239399164,267846.53728731396,0.03237506707011911,0.04537896414967305,92343.5897563747,129434.6800867099,292016.0709463373,409308.3972892437,0.03914752876755133,0.05188091268945003,111660.72115486544,147980.2252518775,353102.20402632176,467954.5604606969,0.02127315048661784,0.029766268825096497,60677.52931931249,84902.49953797435,191879.19544067373,268485.27758139244,0.0359210935314211,0.04439603467905838,102457.94139921488,126631.06471203576,324000.45919357816,400442.5870222071,0.03914752876755133,0.04957209272472276,111660.72115486544,141394.76480534513,353102.20402632176,447129.5060087051,0.01964851694733503,0.027726230997444423,56043.577743828486,79083.6879248222,177225.3538952186,250084.57960839308,0.03174737959055501,0.03982471426959096,90553.23315317316,113592.26125187511,286354.4662562982,359210.27012481494,0.03734280168970256,0.046514769965967706,106513.08774492872,132674.34554024102,336823.9578913425,419553.11897936446
2026-03-30,2794555.603227041,-27454.00287952693,2822009.606106568,0.014482548171606286,-0.7064605751874832,0.021411844526534652,0.029880047334818693,60424.43093834113,84321.78060977731,191078.82808470324,266648.88308791805,0.03258614200457027,0.045674820274468377,91958.40576285004,128894.7815717408,290798.01220855984,407601.08827659884,0.03940275795520489,0.05221915940941743,111194.9614566802,147362.96947618618,351629.3425377438,466002.62631061836,0.021411844526534652,0.02996033524131443,60424.43093834113,84548.35385316247,191078.82808470324,267365.3705938668,0.03615528740802798,0.044685482422578984,102030.56837699881,126102.8606500241,322648.98703286564,398772.2591168974,0.03940275795520489,0.04989528668752802,111194.9614566802,140804.97833164522,351629.3425377438,445264.43741865444,0.01977661890362562,0.027906997028837914,55809.80852234025,78753.81369296805,176486.11070847142,249041.42569433548,0.03195436220626849,0.04008435848703101,90175.51710309835,113118.44470502085,285160.02322925953,357711.9306436796,0.037586264642282874,0.04681803117621673,106068.79987818592,132120.9337182804,335418.9962956579,417803.0771379053
2026-03-31,2865374.3283643336,70818.72513729241,2794555.603227041,0.014428874451452673,1.702884839755413,0.02133249016586054,0.02976930899790296,59614.82992379132,83191.9892642869,188518.64488274272,263076.16915542213,0.03246537461984524,0.045505544985863795,90726.29455475349,127167.77571814586,286901.73446035304,402139.8162467955,0.03925672753440404,0.05202563016887308,109705.10789562608,145388.51629984207,346918.0119047,459758.8571400169,0.02133249016586054,0.029849299349674622,59614.82992379132,83415.52675003449,188518.64488274272,263783.05675281194,0.03602129242624594,0.04451987371546065,100663.50458524536,124413.26254650083,318325.95174417866,393429.28077946295,0.03925672753440404,0.04971036994339447,109705.10789562608,138918.39286380212,346918.0119047,439298.53033969586,0.019703324846803566,0.027803571006627944,55062.03685283749,77698.62514629302,174121.44906309602,245704.6265259195,0.031835936258401865,0.03993580198892883,88967.29405489586,111602.81921752667,281339.28647542826,352919.1020233949,0.03744696632087389,0.04664451903776432,104647.62955585243,130350.70203681468,330924.8611340484,412205.11303828395
2026-04-01,2898441.8935064767,33067.56514214305,2865374.3283643336,0.013630247975247528,0.8084319874308881,0.02015175416963549,0.028121601934954346,57742.31906918246,80578.91625689896,182597.2456387903,254812.90675977024,0.030668442515503824,0.04298685004800631,87876.56787484195,123173.41658480439,277890.10744288296,389508.5435927403,0.037083899564791335,0.04914605381425755,106259.25380859438,140821.84093978562,336021.26450507983,445317.761667669,0.02015175416963549,0.028197164885754383,57742.31906918246,80795.43239629683,182597.2456387903,255497.59091045405,0.03402754316080468,0.04205573488147857,97501.64863027909,120505.42308988512,308327.28529311845,381071.60736628255,0.037083899564791335,0.04695894136091413,106259.25380859438,134554.94506272944,336021.26450507983,425500.0968370529,0.018612761827153494,0.026264665944167775,53332.52991948525,75258.09953948333,168652.2679246499,237987.00692043634,0.030073843055894355,0.03772538780006369,86172.81784761767,108097.35772989152,272502.37679328036,341833.85947246564,0.035374307163845785,0.044062782811647036,101360.63163095825,126256.36670478663,320530.46102713567,399257.6878845736
2026-04-02,2887714.129255754,-10727.764250722714,2898441.8935064767,0.012903996943535343,-0.3226343664439282,0.0190780222549201,0.026623218159710596,55296.538948909314,77165.8508540676,174863.0098027666,244019.84628370302,0.02903435720331155,0.04069641158686344,84154.39726910973,117956.1842587474,266119.5704890406,373010.206360142,0.03510798391250462,0.04652743877863939,101758.45136855482,134857.07775356623,321788.47749611136,426455.5242956927,0.0190780222549201,0.026694754942309037,55296.538948909314,77373.19606167758,174863.0098027666,244675.52940167105,0.03221447722304308,0.03981490838275646,93371.79036067825,115401.19844270353,295267.5267474981,364930.63179201935,0.03510798391250462,0.04445686071840429,101758.45136855482,128855.62756000542,321788.47749611136,407477.2724199821,0.017621030972033967,0.024865223999005256,51073.5343761184,72070.40693013948,161508.69678344097,227906.63779442443,0.028471439373543374,0.03571529217588331,82522.81264870791,103518.69908140428,260960.0468932696,327354.8695148177,0.033489482535526416,0.04171501617268482,97067.31917282326,120908.55046320989,306953.81495265284,382346.4080531498
2026-04-06,2908152.0496602906,20437.92040453665,2887714.129255754,0.012386718907795892,0.5326209326332982,0.017779785825398714,0.0226448893337263,51342.938743145045,65391.966884434354,162360.62819484115,206787.55603311723,0.026465239211715032,0.02934544287216893,76424.0452058029,84741.25001122977,241674.05085400888,267975.36180525535,0.027870467028135188,0.030785544702395876,80481.94142610261,88899.8524139432,254506.24541874434,281126.01728087856,0.01831324821467495,0.025624651588942893,52883.42562208456,73996.66845064629,167232.0754378941,233998.0115683651,0.030923106683106827,0.03821886200336729,89297.09208929061,110365.1478111996,282382.1994319622,349005.2413845376,0.03370062237665656,0.04267473401082788,97317.76340178377,123232.43236529874,307745.7891430127,389695.167876995,0.01691466283440943,0.023868460416007774,48844.71085852129,68925.29038688733,154460.53796528574,217960.90601107216,0.027330114689550822,0.03428358568498423,78921.55834319614,99001.19478407926,249571.88085436454,313069.2665956721,0.03214700130124602,0.04004280083343241,92831.34987081125,115632.16174167686,293558.5038597412,365661.0018726815
2026-04-07,2898429.3555338387,-9722.694126451854,2908152.0496602906,0.011776720223456737,-0.3230139602879007,0.016311191153282556,0.02074611781509798,47435.42398481946,60332.86504647106,150003.9815678099,190789.27131040912,0.022672510573600504,0.026625144282989368,65935.10809556092,77429.9679190765,208505.11935137957,244855.05777804993,0.025161927073929564,0.0286014611376838,73174.70979345102,83177.39783083429,231398.75006913452,263030.0269913851,0.01741139055567073,0.024362735187008027,50634.97113190966,70850.53826942827,160121.83803370871,224049.07438031788,0.02940026156707674,0.036336728751411376,85500.4309368429,105672.73219636701,270376.1026863477,334166.52031352726,0.032040995201438036,0.04057316604961865,93180.08586821756,117992.9360084058,294661.3039136357,373126.42559705884,0.016081680173558356,0.022693029734214998,46767.971158714994,65994.78093455927,147893.3104066035,208693.82143706287,0.025984210731645415,0.032595249789260705,75566.03569803953,94791.94248382768,238960.78655539668,299758.44208057417,0.030563884041124183,0.038070845547495034,88884.42201977473,110715.80751124803,281077.22209011205,350114.12472032214
2026-04-08,3001597.066719133,103167.7111852942,2898429.3555338387,0.011354688250914968,3.0401825488139687,0.01572666133120064,0.020002657423922973,45582.616866890814,57976.28946618522,144144.8910101832,183337.12499837286,0.021860015738171517,0.025671002387134684,63359.71132794804,74405.58690485041,200360.9996870875,235291.1252609254,0.02426022120723065,0.027576495711616265,70316.5373187819,79928.5246933016,222360.4151035802,252756.18804784433,0.01678743385452835,0.02348966925758172,48657.19108804755,68083.14692795562,153867.54838427674,215297.81456423548,0.028346670232056014,0.03503456133809975,82160.82113222836,101545.20104059919,259815.32920753586,321114.1207479937,0.03089277021600188,0.0391191811560929,89540.5120678213,113384.18302726583,283151.9609921085,358552.2690035655,0.015505375134748447,0.021879799571660568,44941.23445911935,63417.0533716977,142116.6617504625,200542.33115102546,0.025053037408178404,0.03142716246927378,72614.4590691517,91089.41026207445,229627.0817195896,288050.0071496704,0.029468592990164036,0.03670653411461068,85412.63498897014,106391.2960176919,270098.46752173634,336438.81863310817
2026-04-09,3029384.0149492687,27786.94823013572,3001597.066719133,0.01084530511582318,0.8076870115391729,0.01502114693253203,0.019105317389251055,45087.43057144524,57346.46463431401,142578.9744504741,181345.44400272725,0.020879352676024625,0.024519374496703283,62671.403747349796,73597.2825670925,198184.38000163712,232735.04251101633,0.023171882429143666,0.02633938540704261,69552.65432967825,79060.22197696383,219944.80499215503,250010.37376570588,0.016034332096206045,0.022435898242095506,48128.60418677251,67343.52635268282,152196.00983491703,212958.92894204945,0.027075009096748825,0.033462874445724815,81268.26788619511,100442.06578027824,256992.82801709414,317625.70075813675,0.029506888384941556,0.03736425396662044,88567.78962424943,112152.43510635666,280075.94253925676,354657.14007031557,0.01480978786521016,0.020898248986148518,44453.01581494742,62728.122856389484,140572.7788387199,198363.74157305798,0.02392913207000046,0.030017307245432855,71825.61263044811,90099.86137869823,227132.53024917387,284920.77882212517,0.028146601232013915,0.03505984078296881,84484.7556961261,105235.515253799,267164.2555626428,332783.91894339735
2026-04-10,3011935.5325815245,-17448.482367744204,3029384.0149492687,0.010387300535841963,-0.5999235356911774,0.01438679372455884,0.018298486896902326,43583.122935551,55433.14370323455,137821.93601946507,175294.99196564208,0.019997603472057066,0.023483904706058083,60580.42029554367,71141.76552512427,191572.10974420884,224970.01582503747,0.022193318141095184,0.02522705532305859,67232.08321531737,76422.43813991455,212606.5147983796,241668.9688654517,0.015357191392595256,0.02148841506470844,46522.830119244565,65096.661103622806,147118.10637389572,205853.7171595383,0.025931613126150273,0.032049714595282455,78556.81428620828,97090.89307863494,248418.45887127263,307028.36218836403,0.028260792505021993,0.03578633621681681,85612.79306451173,108410.55488882493,270731.4229325238,342824.275851389,0.014184360493792066,0.020015701778206982,42969.8749421716,60635.24701489188,135882.6755898583,191745.48705398402,0.022918588616774267,0.02874965603135559,69429.20600085423,87093.74841667846,219554.42709972974,275414.61495838745,0.026957951199811585,0.0335792399625655,81665.98644049167,101724.41277674162,258250.52451638062,321680.8380176369
2026-04-13,3041165.431848369,29229.89926684461,3011935.5325815245,0.010361035919700057,0.8882039200249682,0.014350416264083477,0.018252218597196692,43222.52865312884,54974.50574134202,136681.636775777,173844.65138464418,0.019947038902644706,0.023424524914312437,60079.19524066157,70553.15892325882,189987.0969504385,223108.67831733072,0.022137201638075005,0.025163267920146302,66675.82420564003,75790.14076455744,210847.46935880958,239669.46900077682,0.015318360251091984,0.021434080931289935,46137.91354114839,64558.06996518025,145900.89327795373,204150.54243447675,0.0258660442266707,0.031968675883790654,77906.85769363468,96287.59082397114,246363.115658498,304488.0974140778,0.0281893342022176,0.03569584934001791,84904.45732347485,107513.5969928767,268491.4686427441,339987.84593492025,0.014148494892108319,0.01996509144665823,42614.35449808925,60133.56833942939,134758.4212318035,190159.03978598613,0.02286063824454264,0.028676961621747446,68854.7686262301,86373.15967501783,217737.89662279005,273135.9132784652,0.026889787172228848,0.03349433379807064,80990.30544759094,100882.77410655524,256113.83360713025,319019.3428529727
2026-04-14,3047548.246617577,6382.814769207966,3041165.431848369,0.009953122026476939,0.1649148179135227,0.013785440501715488,0.017533628911218898,41923.80511661958,53322.66613965607,132574.7123495389,168621.07591405127,0.01916172415611632,0.022502301574025465,58273.97311819481,68433.2216839534,184278.48336092013,216404.84814451615,0.02126566020387508,0.024172590282980036,64672.39069745843,73512.84596683267,204512.0563322541,232468.0305363141,0.0147152765424508,0.020590221353145075,44751.590340990566,62618.26941329095,141516.9543923215,198016.35448405493,0.024847698292484607,0.030710069394824586,75565.96110810194,93394.4014532051,238960.55068130337,295339.0293002677,0.027079520362084993,0.03429050406479237,82353.30123620691,104283.09560250255,260424.0047403741,329772.1035569972,0.013591468772382794,0.01917906597163047,41333.904998617145,58326.71244806194,130709.28438464912,184445.25976557122,0.02196061511749545,0.027547949894387698,66785.86355745388,83777.8729371028,211195.4443427899,264928.89600542525,0.025831136487261194,0.032175662170409576,78556.75935041586,97851.51153948087,248418.28514904354,309433.6489550088
2026-04-15,3027603.979699743,-19944.26691783406,3047548.246617577,0.009588466186954662,-0.7322403306964965,0.013280378736576373,0.01689124352164122,40472.59493307068,51476.87957756821,127985.58280589335,162784.18630332183,0.018459689699967266,0.021677877272803046,56256.79497823979,66064.37687312195,177899.60599236036,208913.90311881807,0.02048654314351845,0.023286971059220937,62433.728636285,70968.16782056303,197432.78530753887,224421.05168204693,0.014176148065263908,0.019835850570439188,43202.49518008618,60450.71162611021,136618.28537151864,191161.93491652925,0.023937344912214695,0.02958493437616742,72950.21351590008,90161.5148843851,230688.83050584418,285115.74432582984,0.02608739897492342,0.03303419147120359,79502.60700484105,100673.29229649581,251409.31805655497,318356.9032048101,0.01309351361395615,0.018476396157623018,39903.114456275434,56307.708713975764,126184.72741622172,178060.60936147397,0.02115603676300596,0.026538666498772453,64474.042742475816,80877.86655590263,203884.82502527253,255758.2706118102,0.024884752555011658,0.030996831742155603,75837.48401653804,94464.34022650636,239819.1815088748,298722.47278082627
2026-04-16,3025567.6128373505,-2036.366862392519,3027603.979699743,0.009784417296747809,-0.11528690902993233,0.01355177823897499,0.017236435114260592,41029.417728329056,52185.09954777176,129746.41109201143,165023.77449358164,0.01883693425739888,0.022120889119196643,57030.77712304327,66973.2919317765,180347.1524382416,211788.144903792,0.02090520873471167,0.023762866550095525,63292.69316166689,71944.54933614311,200149.06963703115,227508.6411365672,0.014465853623151751,0.02024121852577043,43796.87599920819,61282.393762594715,138497.88255746075,193791.9447570953,0.02442653152554722,0.030189535843298282,73953.864057008,91401.95886445792,233862.6521906057,289038.37261270446,0.026620524365479382,0.03370928239332713,80596.40551061936,102058.35752685969,254868.21263610327,322736.8640406658,0.013361094317034297,0.018853982130339876,40452.10232739666,57082.391331004845,127920.77949677176,180510.3708950258,0.02158838421062754,0.027081014049618463,65361.07795138303,81990.58591092951,206689.8766501826,259276.99817024867,0.025393300510962794,0.03163028692273605,76880.85768470247,95763.9825663204,243118.6187509191,302832.3027182291
2026-04-17,3084707.1755384747,59139.56270112423,3025567.6128373505,0.009451526609384968,1.999976466042445,0.013090712379236908,0.01665000788422223,39606.835403588164,50375.72460798932,125247.81078673291,159302.02854263913,0.018196053988030314,0.021368280378110532,55053.39162762443,64651.17705403908,174094.11046053763,204444.97290157832,0.02019396052297862,0.022954393573150638,61098.19293324011,69450.0697672464,193209.45058944277,219620.40412209867,0.01397368860096879,0.019552560944664926,42278.339662965634,59157.59514220667,133695.84902520696,187072.7415474856,0.023595478983242806,0.029162411280511995,71389.71702108381,88232.8470825597,225754.10730151564,279016.7612222313,0.025714826623322657,0.032562407127678696,77801.94660125268,98519.76440152875,246031.35765475454,311546.85005200637,0.012906516007849173,0.018212521849104556,39049.53682791527,55103.21625474336,123485.47795083886,174251.66976580204,0.02085389263683524,0.026159649280716315,63094.86216359599,79147.78762691918,199523.47309134275,250287.2806643578,0.024529356036281064,0.030554144354829286,74215.22518712835,92443.62959792865,234689.14865362164,292332.4247024102
2026-04-20,3086711.712289395,2004.536750920117,3084707.1755384747,0.009141580767680292,0.021268820934435217,0.012661425975613228,0.01610400077644554,39056.79155952336,49676.12674997873,123508.41942653364,157089.70586515058,0.017599347074734036,0.02066754599716951,54288.83220622414,63753.32743824027,171676.36128237224,201605.72311934698,0.019531735852793525,0.022201645458387244,60249.685735834275,68485.57505424831,190526.2352345942,216570.4040378343,0.013515446577839351,0.018911369821798217,41691.19503926797,58336.03818856273,131839.13469839987,184474.75034642138,0.022821707623743664,0.02820608237365571,70398.2852650032,87007.50469184507,222618.92480768042,275141.8883540171,0.024871555063980966,0.03149458146287051,76721.46437266238,97151.56142909771,242614.57284107446,307220.2123577117,0.01248326999343754,0.01761527490187803,38507.23252294091,54337.96488890596,121770.56116220531,171831.7324672011,0.020170026678110138,0.025301790561156688,62218.626024768804,78048.61489797168,196752.57112449734,246811.3912989408,0.023724959855923326,0.02955217606113372,73184.55390692894,91159.80954855552,231429.87988926988,288272.62924060127
2026-04-21,3067466.7326364145,-19244.979652980343,3086711.712289395,0.008866380435889908,-0.756733810118436,0.012280263382624144,0.015619202089056707,37905.632813144526,48211.97402490632,119868.13583955241,152459.64841157943,0.017069532125071896,0.020045365254007148,52688.7247337595,61874.26370666274,166616.37716832882,195663.60185894676,0.01894374780961673,0.021533281818474775,58473.888238600535,66467.03319311437,184910.67048010902,210187.21420425572,0.013108574344574552,0.018342057425853573,40462.38996081455,56616.643483866894,127953.31185010516,179037.54688274994,0.022134677484242842,0.027356959730099318,68323.36823836074,84443.04801152689,216057.46104762598,267032.36428337736,0.024122815827332816,0.030546461056952953,74460.17814762819,94288.11911348857,235463.75792840237,298165.2126918801,0.012107470650705845,0.017084980457101624,37372.271463733836,52736.409281171,118181.49915951374,166767.16894734345,0.01956282337540986,0.024540099412297754,60384.79603832636,75748.21227668558,190953.4915258235,239536.87948025498,0.023010737995394884,0.028662530291563435,71027.51447880798,88472.96795481842,224608.72229362058,279776.0900923152
2026-04-22,3079483.41800001,12016.685363595374,3067466.7326364145,0.009133116637091052,0.37825206884965773,0.012649702843079903,0.016089090186138997,38802.54264888387,49352.74890436839,122704.41377629625,156067.0953281836,0.017583051952948032,0.020648410049818083,53935.426923885825,63338.31090965238,170558.7956530483,200293.32562239288,0.019513651544718815,0.022181089098253105,59857.476945684146,68039.75290253565,189285.96213938078,215160.59060706515,0.013502932713146365,0.018893859906624788,41419.79689060443,57956.28671466449,130980.89839587011,183273.87074409696,0.022800577152055468,0.028179966544163115,69940.01189884006,86441.1099010275,221169.7371796126,273350.790760179,0.024848526651787394,0.03146542083331095,76222.02885938714,96519.1316345861,241035.21907474945,305220.2937469027,0.012471711814377444,0.01759896503261975,38256.561089631345,53984.23976639261,120977.86848860807,170713.1554144368,0.020151351380682855,0.025278363796695076,61813.59997791154,77540.54000184288,195471.76630473428,245204.71740522032,0.023702993068827272,0.02952481389219003,72708.14270253917,90566.38440157437,229923.33538057422,286396.0541553206
2026-04-23,3128415.015379372,48931.59737936175,3079483.41800001,0.008858876040121559,1.7281471243560982,0.012269869518157226,0.015605982187777975,37784.85972218895,48058.36336886579,119486.21779207412,151973.88886561865,0.017055084682220403,0.020028399102455803,52520.850471483696,61677.12292509893,166085.5121390168,195040.18796949935,0.018927714053573096,0.021515056312573503,58287.5815686241,66255.25915190653,184321.51705970216,209517.5258847406,0.013097479407858064,0.018326532933178725,40333.470654095494,56436.25427715496,127545.6332065031,178467.1061242293,0.02211594296441848,0.027333805134566458,68105.67963236068,84173.99966274094,215369.06923199882,266181.5587005064,0.02410239857157391,0.030520606906575428,74222.93673518898,93987.7028760956,234713.53470977908,297215.21313562046,0.011986554752155541,0.016893873354175328,36912.3965982122,52024.40285997513,116727.24714580174,164515.60694769933,0.019546265641392366,0.024519328972825175,60192.40092649112,75506.86699230234,190345.08476174134,238773.6786790629,0.022991261988687544,0.028638270677103454,70801.21005305722,88191.079670336,223893.08486367174,278884.68106763327
2026-04-24,3130135.0768924467,1720.0615130751394,3128415.015379372,0.008616063542426859,0.01096544317795013,0.01193356526797935,0.015178238589512057,37333.14477135636,47483.82951044014,118057.76969429216,150157.0532801089,0.016587622704952718,0.019479441696474666,51892.96793962188,60939.77789445838,164099.97323530022,192708.49825126858,0.018408925269963915,0.02092535119223564,57590.758231551874,65463.18287187662,182117.9681877947,207012.76075925273,0.012738491238916117,0.017824221893331705,39851.28726510376,55761.56340855265,126020.83544739026,176333.5462629286,0.021509768171392444,0.02658461421393888,67291.48172471342,83167.70628495427,212794.34937769003,262999.3796323562,0.023441777114507366,0.02968406909290917,73335.60751220137,92864.08746781579,231907.5533307108,293662.0292313962,0.011658015862465284,0.016430830010269487,36471.111873667294,51402.45531927307,115331.78231959982,162548.8361339405,0.019010523007733676,0.023847279890895814,59472.80562760906,74604.18848663302,188069.5246237244,235919.15860627062,0.02236109561957444,0.027853325724575488,69954.78729661058,87136.76242501449,221216.46108990238,275550.6371960228
2026-04-27,3121707.1716715684,-8427.90522087831,3130135.0768924467,0.008401645496795009,-0.3750843072634753,0.01163658837945242,0.014800515254665287,36424.09346188306,46327.61195470956,115183.09704639793,146500.7723333276,0.016174825651569722,0.018994679275910947,50629.38913459811,59455.91187585088,160104.1862083113,188016.1018899431,0.01795080355821797,0.020404606088081558,56188.43987598381,63869.17324647726,177683.44817953775,201972.05973075898,0.012421483085216093,0.017380651020803054,38880.9199120611,54403.78541944215,122952.26444470673,172039.87526049613,0.020974479355265044,0.025923033551776782,65652.95354947158,81142.59661987629,207612.8683335663,256595.42057908906,0.022858408617945147,0.028945355868481206,71549.9066169707,90602.87371706766,226260.67128198015,286511.4435025399,0.011367896254495118,0.016021934876016698,35583.050816669434,50150.820355106305,112523.48667818996,158590.8188480703,0.018537430026271118,0.023253820113972982,58024.6599606705,72787.59801049394,183490.08593249496,230174.59512590137,0.02180462079817525,0.027160172100904715,68251.40839870692,85015.00738747747,215829.9040542594,268841.05864046974
2026-04-28,3100608.048853944,-21099.122817624822,3121707.1716715684,0.008333608726468768,-0.8684082207094818,0.011542354947292513,0.014680660250371689,36031.85221694184,45828.72238845902,113942.72132012369,144923.14500308243,0.01604384144159054,0.01884085980902095,50084.174889374706,58815.64718627931,158380.06738063577,185991.40716551628,0.017805437427341843,0.02023936899273615,55583.36171168239,63181.38333473161,175770.02301791168,199797.0770579565,0.012320893552831927,0.017239902001807427,38462.22176527742,53817.925717957274,121628.22464877879,170187.22421449758,0.020804627409577617,0.025713108069846547,64945.954588433335,80268.79386760604,205377.1413133128,253832.21365619122,0.022673300558130462,0.02871095553226297,70779.40495778083,89627.1957906088,223824.13109800138,283426.07899217965,0.011275838699001416,0.015892188779998085,35199.86653328453,49610.759688078455,111311.75157911424,156882.9970655925,0.018387313377143603,0.023065510000328502,57399.80803720175,72003.76798628777,181514.1306539965,227695.90695098497,0.02162804634286621,0.02694022823491378,67516.42737777048,84099.50368739922,213505.68999110436,265945.9817419108
2026-04-29,3084178.024083094,-16430.024770849384,3100608.048853944,0.008775790467734017,-0.6572908463191641,0.012154792941013636,0.01545961689754602,37687.248825059985,47934.212584729634,119177.54503269421,151581.28961445251,0.016895128558382277,0.019840556875530272,52385.17159454222,61517.79034201362,165656.45785750804,194536.33410147176,0.01875019492484768,0.02131327103410427,58137.005301563084,66084.09971574933,183845.3530942236,208976.27222345365,0.012974640848146035,0.018154652158265953,40229.27584475076,56290.46060606304,127216.14028860674,178006.06605514136,0.021908522093896432,0.027077447010257067,67929.73994282974,83956.55014241922,214812.69908225813,265493.92294017866,0.023876347143360857,0.030234360425310382,74031.19412993555,93744.90128666852,234107.19135268367,296447.40709352185,0.011874135325805403,0.016735429198154038,36817.03956437318,51890.00647282172,116425.70172795268,164090.60825499674,0.01936294524482073,0.024289367240316537,60036.90387560936,75311.80756689477,189853.35991151587,238156.84661569126,0.02277563168145775,0.028369678239347225,70618.30690926079,87963.2526923166,223314.69433806973,278164.22890465887
2026-04-30,3184557.666191854,100379.64210875984,3084178.024083094,0.008926086217789602,3.5371640390636894,0.012362958089048635,0.01572438104907534,38129.56365090413,48496.79047386684,120576.2673252224,153360.31710537578,0.017184477538203954,0.020180349785136772,52999.98797867818,62239.79132562882,167600.6779741667,196819.5016825777,0.019071314101550864,0.021678285908603177,58819.3278423892,66859.69299910413,186003.04642210732,211428.9135367832,0.012812424532493273,0.018388450355852418,39515.79817833886,56713.25448446298,124959.92580308333,179343.05769166147,0.022283731344028144,0.027541180188819125,68726.99450582324,84941.90269566863,217333.8393762798,268609.88130670914,0.024285257715655494,0.030752159465098336,74900.05815581908,94845.1344153552,236854.7806514591,299926.6497373449,0.012029250711945218,0.017020773581203498,37100.35069196736,52495.09583204194,117321.61017762087,166004.06881806444,0.019694558492602272,0.02470535126832872,60741.524496902995,76195.70145903283,192081.5659611267,240951.96452475872,0.0231656912047725,0.028855542400016875,71447.11572645436,88995.62974312999,225935.61794523153,281428.89178931655
2026-05-01,3175184.6073869863,-9373.05880486779,3184557.666191854,0.008675510436952161,-0.3922320379388828,0.012015901405857525,0.015282961488091846,38265.33093822906,48669.472169017754,121005.60118491169,153906.38457227152,0.01670206970879748,0.01961384092765953,53188.70413242176,62461.4074896457,168197.4508512629,197520.31352718052,0.018535938427824108,0.021069726537090556,59028.76482038744,67097.75916825767,186665.34429884434,212181.7448651393,0.012452750291922773,0.017872244238873052,39656.50140731551,56915.192402956374,125404.86848078974,179981.641460054,0.02165817572589248,0.02676803588317215,68971.70954362123,85244.3538806545,218107.6962734156,269566.31593228143,0.023603514646357,0.02988887558206267,75166.7535161279,95182.8478687122,237698.14543143424,300994.593446434,0.011691561962756612,0.016542961298585467,37232.45327825365,52682.0142249255,117739.35523508445,166595.1566761547,0.019141686914609095,0.024011815206287666,60957.80580776269,76467.01019436552,192765.50751877026,241809.91807750982,0.022515376943780255,0.028045500922492066,71701.51625351472,89312.51496491283,226740.10304868958,282430.9708469979
2026-05-04,3160450.1308524464,-14734.476534539834,3175184.6073869863,0.008590851782425385,-0.5944113232609513,0.01189864605202688,0.015133825023307538,37780.39779314168,48052.688264894095,119472.10793352668,151955.94261110984,0.016539085091392538,0.019422442231858846,52514.648402453175,61669.83961246115,166065.89947467475,195017.1561126529,0.01835505828029909,0.020864120802091997,58280.69851929672,66247.43521746513,184299.75094658037,209492.78443164192,0.012331232014406588,0.01769784065056171,39153.93808226142,56193.911217651235,123815.62370515124,177700.7500810638,0.0214468276986169,0.02650682405953795,68097.63718592924,84164.05974455993,215343.63678331557,266150.1259192987,0.023373183323884907,0.029597209516937797,74214.17191563356,93976.6040797885,234685.81791670356,297180.1156600038,0.011577471626254046,0.016381529316501567,36760.609700141424,52014.37973121443,116247.25482892626,164483.91103153434,0.018954895662227994,0.023777499544646433,60185.292941332686,75497.95055631243,190322.60733906602,238745.48243272366,0.02229566404825946,0.027771823149768213,70792.84929750486,88180.6653842176,223866.64583316637,278851.74820329447
2026-05-05,3194825.1769505483,34375.046098101884,3160450.1308524464,0.008687017678352012,1.1928968376634026,0.012031839358917334,0.015303232886348602,38026.028276285906,48365.1043781259,120248.85972303004,152943.88910665942,0.016724223419453815,0.01963985682654791,52856.074094418356,62070.78807738666,167145.58231298378,196285.06648616563,0.018560524591325595,0.02109767353009496,58659.61237334502,66678.1450688708,185497.9817623656,210854.80857275653,0.012469267683578584,0.01789595007500896,39408.498682200116,56559.25775629092,124620.61500349645,178856.07727842394,0.021686903240909543,0.026803541142827597,68540.37618551691,84711.25511215841,216743.70043099695,267880.509606003,0.023634822468864326,0.029928520339451,74696.6777643966,94587.59602303802,236211.6353831475,299112.24183268455,0.011707069710320803,0.016564903967033008,36999.60999788209,52352.55291016768,117003.04013124517,165553.30852060634,0.01916707654600053,0.024043664600745248,60576.58957786624,75988.80293359765,191559.99595127508,240297.69393985326,0.022545241454875433,0.02808270061830711,71253.11130616107,88753.97484381878,225322.12210096413,280664.7118997545
2026-05-06,3260408.62885391,65583.45190336183,3194825.1769505483,0.008464244527103594,2.346928460265046,0.011723290341458761,0.014910791021878141,37453.86313959364,47637.37056494448,118439.51469334088,150642.59272668668,0.016295341138873362,0.019136204945394166,52060.76613747064,61136.82935083088,164630.59772777386,193331.62966965899,0.018084551512286374,0.02055663684865457,57776.98048531162,65674.860957511,182706.85466068535,207682.14564060155,0.012149501089508772,0.017437019595020527,38815.53196815074,55708.22921315164,122745.48961043466,176164.88872828893,0.02113075613097141,0.02611618104456461,67509.07169522962,83436.6327269737,213482.4292805301,263849.79971218284,0.023028722185022766,0.0291610220983876,73572.74142971038,93164.36758554,232657.43662051775,294611.5983394683,0.011406849207978298,0.016140107334460318,36442.889039327485,51564.82127081803,115242.5338810604,163062.28235528313,0.0186755488203217,0.023427079815380315,59665.113564532876,74845.42441660703,188677.65571653168,236682.0135984574,0.02196708279668886,0.027362537272962912,70180.98918301883,87418.52298490971,221931.77426197912,276441.64232009597
2026-05-07,3173602.171402237,-86806.45745167322,3260408.62885391,0.008267870612261566,-3.31892568813739,0.011451305238498867,0.014564854607000067,37335.93441124169,47487.37763866565,118066.59131018145,150168.27344673182,0.0159172825982818,0.01869223720931172,51896.84553134417,60944.33148982407,164112.23525697886,192722.89798416695,0.01766498256348555,0.02007971451482668,57595.06157854215,65468.07446906401,182131.576565846,207028.22934776096,0.011867627723884168,0.017032473650005982,38693.31583497783,55532.82405920636,122359.00826278981,175610.2089284894,0.02064051399633982,0.02551027502471582,67296.50993764625,83173.92081501985,212810.24998311806,263019.03170195105,0.02249444646616781,0.0284844745279673,73341.08735958587,92871.026539354,231924.88212967594,293683.97250230383,0.011142205667989515,0.015765650281253814,36328.14350437796,51402.46221649301,114879.67663928543,162548.85794486504,0.018242268493657395,0.02288356203751702,59477.24960659039,74609.76312603426,188083.57771917933,235936.78716391267,0.02145743754333736,0.026727715281809814,69960.01451939098,87143.27353436324,221232.9910197256,275571.2271316592
2026-05-08,3183661.7155164075,10059.544114170596,3173602.171402237,0.014735052013525422,0.18388492918487978,0.021150562217223202,0.028037700747683105,67123.47017895766,88980.50797397322,212263.05021989625,281381.07255652983,0.03148264518133033,0.039674195610676886,99913.3911089561,125910.11333868126,315953.8846555179,398162.7386001804,0.040089746712156184,0.043769970825350155,127228.90721666455,138908.4744535438,402333.13101889385,439267.1655725116,0.021785160944437207,0.0314073690493331,69137.43407761313,99674.49461299492,218631.76326500002,315198.42760324734,0.038241582761242954,0.04759748341685552,121363.57008893898,151055.47672501463,383785.3064505311,477679.35949359834,0.04603643404535166,0.05321869587029283,146101.3270499439,168894.96877315658,462012.9626509918,534092.7866661891,0.020121425093404186,0.028823761025364898,63857.39836813498,91475.1505780772,201934.82429602597,289269.8251335922,0.03315428277316845,0.04265056936208618,105218.50380021118,135355.93953905842,332730.1240037496,428033.06377546635,0.040089746712156184,0.049936458580758666,127228.90721666455,158478.45338403358,402333.13101889385,501152.8727543653
2026-05-11,3199836.107871495,16174.39235508768,3183661.7155164075,0.01390907941049604,0.33160973976580727,0.019964968510865117,0.02646604883574785,63561.705899531895,84258.94643935801,200999.7626082824,266450.18399450585,0.02971788708160969,0.037450260561681596,94611.69936776039,119228.9607863397,299188.46330123546,377035.07913973375,0.037842517966968615,0.04131644730171755,120477.77567017978,131537.59149562934,380984.178548587,415958.3870589829,0.02056399483819109,0.02964683054942349,65468.803084426,94385.47940660182,207030.53343184304,298473.0929717796,0.03609795275381075,0.04492940886649892,114923.67019082737,143040.03890905605,363420.5548690121,452332.3195517237,0.04345586403937365,0.0502355245372384,138348.77065684006,159932.916228091,437497.2267598839,505752.28811367304,0.01899351961700652,0.027208046543911818,60468.941247573515,86621.21613584056,191219.582041236,273920.33668298536,0.03129582111191407,0.04025979383144324,99635.30752965095,128173.56429574947,315074.50716502155,405320.39899660397,0.037842517966968615,0.047137272894670956,120477.77567017978,150069.13108861318,380984.178548587,474560.2607224015
2026-05-12,3190947.7729480737,-8888.334923421498,3199836.107871495,0.013157377597897027,-0.2460065307703149,0.018885982434563443,0.025035718596411315,60432.04852674291,80110.19635130679,191102.91701433054,253330.6842734399,0.028111814607179684,0.03542629995899226,89953.19943784288,113358.3537770699,284456.99304296135,358470.589742692,0.03579735821846542,0.03908354263489855,114545.67939385607,125060.93094668341,362225.24301600055,395477.3880925573,0.019452635003515035,0.028044598251792036,62245.24387749236,89738.11811683397,196836.74416552667,283776.8461864154,0.03414707622810218,0.042501245428272855,109265.04749292175,135997.0197508958,345526.4187241034,430060.33740773564,0.04110733680745612,0.04752059756493223,131536.74061493305,152058.1239559004,415955.69633796555,480850.00843285816,0.017967034491544895,0.02573761580577805,57491.56571741792,82356.1523858527,181804.29391629295,260433.02086720482,0.029604470824644322,0.03808399490868195,94729.45469912513,121862.5420407947,299560.8383549759,385363.194306935,0.03579735821846542,0.044589787728315525,114545.67939385607,142680.01281538932,362225.24301600055,451193.8170786437
2026-05-13,3203673.6319103227,12725.85896224901,3190947.7729480737,0.012559029827648891,0.2806739374719837,0.01802711938266831,0.023897188802973087,57523.5964467945,76254.68139056662,181905.58397623943,241138.4754446463,0.02683339560136477,0.03381524582370678,85623.96393480955,107902.68335284879,270766.74832611124,341218.2450389362,0.03416942975692944,0.03730617093487778,109032.86578577962,119042.0430618684,344792.1956985081,376443.9933953487,0.018568002735937308,0.026769235991599204,59249.52697833289,85419.2339709149,187363.4555391258,270119.3353349201,0.032594196349907935,0.040568449531403525,104006.37825377096,129451.8036841884,328897.0464669223,409362.5468590117,0.039237930602718796,0.04535954051672675,125206.1872718366,144739.92479379714,395936.7289245874,457707.830709876,0.017149961716518242,0.02456716638192387,54724.63214546861,78392.54485404475,173054.48169454778,247898.9933156934,0.02825817145947803,0.0363520788588307,90170.34928620624,115997.58507661856,285143.6811573498,366816.57192127185,0.03416942975692944,0.04256201282677742,109032.86578577962,135813.16004179275,344792.1956985081,429478.92195703404
2026-05-14,3220151.985480979,16478.353570656385,3203673.6319103227,0.011932627165171971,0.3918004585461669,0.017127986588729664,0.022705276458044897,54872.47900202686,72740.29549387265,173522.01450616805,230025.01143432013,0.02549503502107638,0.03212865376150392,81677.77144165263,102929.72088450652,258287.79196227697,325492.35692044167,0.03246517217741976,0.03544546313171769,104007.81606022832,113555.69560593345,328901.593210162,359094.63939952396,0.017641892478195587,0.025434075479383922,56518.86574939226,81482.47696531918,178728.3465373589,257670.2166026134,0.030968506176776146,0.03854503011543188,99212.9866581897,123485.69662199842,313739.01130777673,390496.05977807555,0.037280873048359205,0.0430971574076545,119435.74995962459,138069.22679719134,377689.0039227773,436613.23145747953,0.01629457863135717,0.023341837782315675,52202.51190436835,74779.63022353285,165078.83719985792,236473.9540915301,0.026848747795241056,0.034538957997089316,86014.62536142419,110651.54900893322,272002.12822818424,349910.9214939761,0.03246517217741976,0.040439161100095815,104007.81606022832,129553.8741129506,328901.593210162,409685.3218956502
2026-05-15,3178887.872646114,-41264.11283486523,3220151.985480979,0.011366374633746042,-1.1747226429710727,0.016315192756336618,0.02162781714475811,52537.400347822244,69644.85832031239,166137.84744324072,220236.37961191573,0.024285190121068632,0.030604016205001788,78202.00318614222,98549.58354622856,247296.44765595396,311641.14646713587,0.030924565429703812,0.03376342924696837,99581.80076859718,108723.37372627175,314905.3039298732,343813.4958727269,0.016804711685010357,0.02422712336185568,54113.72569792151,78015.01939617218,171122.62588301674,246705.1529941181,0.029498922423396027,0.03671590895253687,94991.0136112481,118230.80711225045,300387.9602596003,373878.64007474633,0.03551174136887311,0.041052018969861506,114353.20447686377,132193.74039380235,361616.583885853,418033.3120614195,0.015521333454850232,0.022234171000356077,49981.05274194832,71597.40989232023,158053.9665175607,226410.88982840278,0.02557466362297718,0.03289994153173378,82354.30384353815,105942.81204562065,260427.1752631396,335020.5877872837,0.030924565429703812,0.03852015558482208,99581.80076859718,124040.75548750104,314905.3039298732,392251.31002853287
2026-05-18,3159526.726311831,-19361.14633428305,3178887.872646114,0.012399247093922434,-0.529415419558805,0.017797768672007948,0.023593155911283463,56577.110991607,74999.99720382797,178912.5341656257,237170.8156703561,0.0264920067072234,0.033385030075078724,84215.11884365197,106127.26723359353,266311.5889677058,335603.88630751247,0.033734707889766034,0.03683154175900638,107238.85379803642,117083.3414285643,339119.0316675936,370250.0349774158,0.018331770616282904,0.026428663370528585,58274.6432962321,84013.75747881988,184280.60264995578,265674.82842207624,0.032179515449561664,0.04005231589225085,102295.07141023983,127321.82126126744,323485.41906593053,402626.9510264574,0.038738724541143174,0.044782452040642184,123146.06164561842,142358.39369935365,389422.03967965726,450176.768132921,0.01693177067756262,0.024254609675053513,53824.20046932888,77102.68455179271,170207.06672058313,243820.09689714373,0.027898655800396934,0.03588958815561441,88686.69858700997,114088.97654214625,280451.9656957882,360781.0217907034,0.033734707889766034,0.04202051600292314,107238.85379803642,133578.50872402432,339119.0316675936,422412.3340165891
2026-05-19,3140532.665873201,-18994.060438629705,3159526.726311831,0.01215044055732082,-0.5337263813675984,0.017440633988831136,0.023119729471329245,55104.14921153449,73047.40316976405,174254.62003422054,230996.17117705772,0.025960411168678015,0.032715117325989904,82022.61291348234,103364.28754589234,259378.27644494365,326866.57736559596,0.03305777841415022,0.036092470404645846,104446.93441200194,114035.12486209733,330290.20736414567,360610.72782592213,0.017963920510364113,0.025898338895951882,56757.48696183668,81826.4939088412,179482.9330667142,258758.09369783252,0.03153379287238615,0.039248615641377604,99631.86136228555,124007.0500896731,315063.6094269487,392144.7242019545,0.037961383158038535,0.04388383564011722,119940.00465558656,138652.151558026,379283.5972828528,438456.601406226,0.016592013336741335,0.023767910330798007,52422.90958075659,75095.34791873937,165775.79584825347,237472.34110600152,0.027338834073080957,0.03516941828873325,86377.77692010382,111118.71703209278,273150.51428945217,351388.23649715865,0.03305777841415022,0.04117732133362548,104446.93441200194,130100.84727152002,330290.20736414567,411415.00289570604
2026-05-20,3179352.499527538,38819.8336543371,3140532.665873201,0.011923592415570618,0.9921461595501504,0.017115018189745732,0.022688085232291474,53750.27370191049,71252.67279812675,169973.2897554875,225320.7354168034,0.025475731538758133,0.032104327656468895,80007.36708448606,100824.689721037,253005.50958016122,318835.66389824374,0.03244059127856758,0.03541862571532428,101880.73661058277,111233.35103931247,322175.17738514463,351750.74105728505,0.01762853497704951,0.02541481815238313,55362.98994691226,79816.0666047864,175073.1463092472,252400.5643468275,0.030945058473687614,0.038515845872041966,97183.96698397225,120960.27211488529,307322.6877199568,382509.96627678996,0.0372526459573549,0.04306452653598488,116993.1515192823,135245.55232662382,369964.82944212074,427683.9887596161,0.016282241244480324,0.023324164586239107,51134.91050191838,73250.30078728682,161702.78513492594,231637.78978025136,0.026828419353726696,0.0345128069380915,84255.52735412348,108388.59758005162,266439.3718976505,342754.8407443777,0.03244059127856758,0.04040854272163055,101880.73661058277,126904.34839761353,322175.17738514463,401306.78591599816
2026-05-21,3189858.492979776,10505.99345223792,3179352.499527538,0.011358218255822939,0.2503744718934595,0.01573155051798044,0.02095566551887645,50016.14446078485,66625.44754670288,158164.93627609438,210688.1643756587,0.02186681169426814,0.029781737900602234,69522.30241686941,94686.64283455373,219848.82381633628,299425.45535205165,0.03090237432208331,0.03373920100376929,98249.54104225119,107268.8130433959,310692.3287597073,339213.77111990936,0.016792652819821733,0.024209738260581412,53389.76271639839,76971.29185168698,168833.2539197573,243404.59669689016,0.029477754340576097,0.03668956204432235,93720.17194316935,116649.05079218697,296369.2060430238,368876.68739997945,0.03548625855727793,0.04102256051965079,112823.32484296209,130425.18032517143,356778.67969681916,412440.63406572206,0.015510195526917398,0.022218216018461735,49312.37891666567,70639.5406333391,155939.43421793004,223381.84126936473,0.025556311542521734,0.03287633291725224,81252.52298142095,104525.45123576539,256943.0382564653,330538.49936188024,0.03090237432208331,0.03849251397025892,98249.54104225119,122381.27050444139,310692.3287597073,387003.5577392184
2026-05-22,3220789.3677756903,30930.87479591416,3189858.492979776,0.010848483367823293,0.8475590032906327,0.015025548928582162,0.020015215742720197,47929.374861520984,63845.70592573854,151565.99139042373,201897.84954664292,0.020885471438354956,0.02844519105044679,66621.6984475231,90736.13425670001,210676.3086830767,286932.85033000127,0.02951553547472142,0.03222505085649271,94150.381508886,102793.35216128848,297729.6481418803,325061.12115346355,0.016039031009469525,0.02312325198757537,51162.23928472235,73759.90173787878,161789.20633426655,233249.2894819089,0.028154849685211557,0.03504300539448593,89809.98638694106,111782.22837713706,284004.11361145,353486.4436008604,0.033893703842814045,0.03918154727083223,108116.11906154166,124983.59132995276,341893.1880124179,395232.81875032396,0.014814127921796965,0.021221105415492256,47254.971767432886,67692.3233400271,149433.3415520405,214061.92186306228,0.024409393662586393,0.03140090662239095,77862.51168308793,100164.44867669867,246222.8812600284,316747.7983934064,0.02951553547472142,0.036765044321804524,94150.381508886,117275.28887468606,297729.6481418803,370857.026098213
2026-05-26,3268968.041752665,48178.67397697456,3220789.3677756903,0.010390154227810273,1.3852237079842509,0.014390746193013936,0.019169608452972685,46349.562332817775,61741.27108975742,146570.18552365145,195243.0422775397,0.02000309739227404,0.02724343228752828,64425.763403617864,87745.35705338804,203732.1523505543,277475.18239342695,0.02826855656232556,0.030863599735155397,91047.06641830389,99405.15387827311,287916.10415846907,314346.6974148632,0.015361410457363974,0.022146335690758835,49475.86747511619,71328.68252798736,156456.43043401124,225561.09928749705,0.026965357328916594,0.033562500702598384,86849.73618324686,108097.74541889301,274642.9805237989,341835.08545273414,0.03246175509869666,0.037526196540583256,104552.4756812205,120863.97483097145,330623.95816202136,382205.4475271343,0.014188257347982148,0.020324551430438792,45697.388413646215,65461.09915196746,144507.83050851076,207006.17145833393,0.023378140166010565,0.03007427413009657,75296.06528505664,96862.90236178653,238107.06514951447,306307.39223774854,0.02826855656232556,0.035211786546018836,91047.06641830389,113409.74772780457,287916.10415846907,358633.11168496805
2026-05-27,3257641.810996117,-11326.230756547302,3268968.041752665,0.00997919119334124,-0.39341640959901353,0.013821547257744515,0.018411390597232815,45182.196273141,60186.24746657958,142878.6499118968,190325.62581293035,0.019211912447097246,0.026165869495219873,62803.127810511134,85535.3911645447,198600.92806387885,270486.6566334035,0.027150446904836756,0.029642848019281184,88753.9432512139,96901.52284156147,280664.6119951658,306429.5209181658,0.014753818720334188,0.021270378980368192,48229.76189058466,69532.18912279126,152515.89858183614,219880.08832560558,0.02589879326928292,0.032234999028350794,84662.32751724488,105375.18164960695,267725.7869656421,333225.58286673704,0.031177791349261293,0.03604191832254477,101919.20353316786,117819.87915985865,322296.82047509094,372579.171790959,0.01362706747863955,0.019520651974575243,44546.44809047975,63812.38745906252,140868.23763637448,201792.48730380228,0.022453461743321655,0.0288847427059261,73399.64886563456,94423.30079992082,232110.0698719995,298592.6947189487,0.027150446904836756,0.03381905046811776,88753.9432512139,110553.39518269747,280664.6119951658,349600.53184201074
2026-05-28,3265962.520542521,8320.709546403028,3257641.810996117,0.009771823789994584,0.2144704339066996,0.013534335768402166,0.018028802250524237,44090.01808320716,58731.38001348865,139424.87922094588,185724.9309675148,0.018812689271562117,0.025622143224382235,61285.003148318836,83467.76505507843,193800.19635927747,263948.24877785746,0.02658626113413882,0.029026870200792296,86608.51586863167,94559.14600845824,273880.17491171253,299022.2749871475,0.014447234647716712,0.020828380909392118,47063.91564167372,67851.40450578909,148829.16903371396,214564.98067970498,0.02536061683734456,0.031565156361156345,82615.80576198576,102827.97313273296,261254.11693793765,325170.6022780358,0.030529917437546468,0.03529296794476611,99455.53553081081,114971.84801101577,314506.01818916557,363572.9065135095,0.013343897275410984,0.019115013197526603,43469.637686015994,62269.86621000524,137463.06415010188,196914.6068175734,0.021986879235015477,0.0282845183014412,71625.37708930873,92140.82942265972,226499.3298706571,291374.88647266215,0.02658626113413882,0.03311629124210928,86608.51586863167,107881.01497541973,273880.17491171253,341149.72361306025
2026-05-29,3244178.714161057,-21783.806381463077,3265962.520542521,0.009426738602695578,-0.7582136848617493,0.01305638007722517,0.01739212758926304,42641.64798617547,56802.036859026644,134844.73081944665,179623.81221136084,0.018148332183223894,0.024717314987237695,59271.772720764864,80725.82435676226,187433.8027534523,255277.47096206574,0.025647385740944727,0.028001806389244592,83763.40057982216,91452.85017476094,264883.1303933067,289199.3050663724,0.01393704056506607,0.020092841067319647,45517.852132786546,65622.46585708355,143940.08693835852,207516.45778501753,0.024465024223374775,0.030450454732360587,79901.85217770691,99450.04388936632,252671.84214763876,314488.652094108,0.0294517745541324,0.034046621232494474,96188.39185726433,111194.98889643417,304174.40273774904,351629.42930986476,0.01287266678767964,0.01843997974919064,42041.647267994194,60224.2827404197,132947.36195225702,190445.90390969333,0.02121042782717238,0.02728567013292338,69272.46232821714,89113.97600201423,219058.7600853767,281803.13551995065,0.025647385740944727,0.031946812359607044,83763.40057982216,104337.09181728118,264883.1303933067,329942.8545807253
2026-06-01,3205194.950204011,-38983.76395704644,3244178.714161057,0.009666996457407729,-1.2976624993381092,0.013389146052804843,0.017835398103020733,43436.78262530301,57861.21888440836,137359.1673255857,182973.2398682773,0.018610875968589704,0.02534728143940813,60377.007669190265,82231.1109075775,190928.8625400953,260037.6049938607,0.02630105676512401,0.028715484174817337,85325.32851735697,93158.16252677109,269822.3802169659,294591.9762207433,0.014292251800714577,0.02060494425521604,46366.61906930827,66846.12155924703,146624.12366041073,211385.99687570674,0.025088560579173167,0.031226540846270058,81391.77419989379,101304.47913035013,257383.3892737932,320352.89122890006,0.030202407458052995,0.03491436229568437,97982.00739183469,113268.43097816661,309846.31307365187,358186.2288845803,0.013200750490557312,0.018909956711764864,42825.59375241717,61347.279050014586,135426.41840671533,193997.13005197677,0.02175101477903993,0.027981095862522475,70564.1791575639,90775.67559609543,223143.52735808352,287057.8910242245,0.02630105676512401,0.03276103591304428,85325.32851735697,106282.6553629642,269822.3802169659,336095.2667176767
2026-06-02,3240911.167104515,35716.21690050373,3205194.950204011,0.01089915985992108,0.9749751917460571,0.015095737736153424,0.020108712767883168,48384.78236152309,64452.34461872205,153006.11635395352,203816.2095332584,0.02098303368668209,0.028578066997306195,67254.7136125141,91598.27602635772,212678.07839787554,289659.1819880879,0.02965341131870189,0.03237558365261825,95044.96421502576,103770.05723327954,300558.567048679,328149.73378319404,0.016113954093245304,0.023231267574353072,51648.3642874891,74460.74151615465,163326.46857056514,235465.53945610806,0.028286369361207826,0.035206701694304544,90663.32823614878,112844.34248392393,286702.6174776863,356845.14331330225,0.03405203141328805,0.03936457593053767,109143.39913005922,126171.13998948169,345141.7328238272,398988.1773467152,0.01488332911896995,0.021320235509942526,47703.971334346796,68335.51119362802,150853.20285191762,216095.86044379612,0.024523417199620402,0.03154758959570249,78602.3329699695,101116.17486325421,248562.40158805103,319757.42085174826,0.02965341131870189,0.036936784777578724,95044.96421502576,118389.59604586771,300558.567048679,374380.7747722062
2026-06-03,3267484.221516604,26573.054412088823,3240911.167104515,0.010435662715734973,0.7388734502260005,0.014453777124508611,0.01925357062289585,46843.40768965974,62399.11203837859,148131.86166317068,197323.3180133084,0.02009071021265898,0.027362757504661814,65112.2070832672,88680.26635963134,205902.8778636732,280431.62520684366,0.02839237178554159,0.03099878115066323,92017.15478034489,100464.2959978134,290983.7929141407,317695.9988784289,0.015428692862126952,0.022243335814940014,50003.02299069296,72088.6754362949,158123.4425443542,227964.40788332437,0.027083464588104685,0.033709503203664136,87775.10282746814,109249.50537030051,277569.2467902849,345477.2702169467,0.032603936375079405,0.03769055988155814,105666.46148955994,122151.75641456319,334146.6905974778,386277.7704601027,0.014250401385889202,0.020413572207519402,46184.284987249965,66158.574127844,146047.53266603043,209211.7809930748,0.023480535547842258,0.03020599832889916,76098.3298665965,97894.95729766959,240644.04851326227,309571.036505558,0.02839237178554159,0.035366012857553995,92017.15478034489,114618.1060060086,290983.7929141407,362454.27607361216
2026-06-04,3297604.863449953,30120.64193334989,3267484.221516604,0.010019944132986756,0.8703521202137515,0.013877991579763153,0.01848657888406509,45346.118513216396,60404.60481350471,143397.01754969198,191016.13237304532,0.019290369898534186,0.02627272545976164,63030.97927067931,85845.71589600873,199321.4576462054,271467.9895991099,0.027261323678577688,0.02976390324037536,89075.94497740958,97253.0842086734,281682.8708604501,307541.2555755621,0.01481407024495192,0.02135724278065319,48404.74078181901,69784.4538008837,153069.23042058756,220677.81928158688,0.026004558550110392,0.032366640054604726,84969.4847499904,105757.48568192826,268697.10342091246,334434.534367539,0.03130511495941366,0.03618910601477852,102288.96918264755,118247.33289408043,323466.12212793814,373930.8991854441,0.013682717585721668,0.019600370253977664,44708.06381881331,64043.900540755414,141379.31144361553,202524.59595007644,0.022545157007349576,0.029002701982721632,73665.94479312924,94765.87110989126,232952.17153450975,299675.9971572052,0.027261323678577688,0.033957160430728314,89075.94497740958,110954.48591491274,281682.8708604501,350868.8921041957
2026-06-05,3225711.9606235777,-71892.9028263758,3297604.863449953,0.009648130188623243,-2.3318410386769157,0.013363015575842336,0.01780059024765713,44065.94515325516,58699.31297295395,139348.75393234388,185623.5260816042,0.018574554677909076,0.025297813269361844,61251.54184229005,83422.19207169638,193694.38241874258,263804.1343506012,0.026249727191514142,0.028659442565088226,86561.2280509715,94507.51718639953,273730.6377023277,298859.0103165304,0.014264358807767302,0.020564731308172872,47038.21897848863,67814.35797737238,148747.90904978287,214447.829270506,0.025039597332999656,0.031165598617170137,82570.69794412814,102771.82957230938,261111.47349322756,324993.06075114594,0.03014346394446502,0.03484622285377897,99401.23330449616,114909.07395548242,314334.2994719933,363374.39752005826,0.013174987689462984,0.018873051730202182,43445.9034806664,62235.867173657265,137388.010002743,196807.09242446296,0.021708565141971715,0.02792648749706453,71586.26999068605,92090.52098939431,226375.66236632856,291215.7972380289,0.026249727191514142,0.03269709893821276,86561.2280509715,107822.11247935469,273730.6377023277,340963.4575656256
2026-06-08,3262695.3277166057,36983.36709302804,3225711.9606235777,0.013736703746560983,0.7967532798665881,0.019717542020517675,0.026268113475810265,63603.11112968185,84733.36782193855,201130.69744259975,267950.43613414647,0.031040362296853304,0.037549728268939576,100127.26792304886,121124.60759528365,316630.2225267514,383029.6406952267,0.03737353443707317,0.040804411254982714,120556.2570444441,131623.27743140107,381232.35844516236,416229.3497794645,0.02042025141887372,0.02970866514266065,65869.84924080154,95831.59648484123,208298.7527328458,303046.116702284,0.03565058967614086,0.044372597272071754,114998.53352161101,143133.217744455,363657.29350751505,452626.97690130636,0.0429173141328999,0.04961295408238158,138438.8935163345,160037.09938540662,437782.2202651337,506081.74418461806,0.018799602987540055,0.027194072935154873,60642.1042118827,87720.246324999,191767.17141483945,277395.7752980117,0.031022558936527004,0.03977740183634115,100069.83941070501,128310.44086601592,316448.61762510973,405753.24071695807,0.03737353443707317,0.04655309917105448,120556.2570444441,150166.888800166,381232.35844516236,474869.39774975413
2026-06-09,3288064.153688724,25368.82597211795,3262695.3277166057,0.01300071167567153,0.5607507063908164,0.018661105567328265,0.024860707187364918,60885.50194454827,81112.91318394616,192536.8626273834,256501.55331277018,0.02937726604395935,0.03553786990903924,95849.06866271386,115949.24210922288,303101.3685800451,366663.69803545024,0.03537111627953766,0.03861817184157918,115405.17582136829,125999.32883247737,364943.209367717,398444.8627631528,0.019326164845621187,0.028116919234390476,63055.38774448916,91736.94101583098,199398.6440176531,290097.67918654665,0.03374048432566754,0.04199517978098029,110084.92056425086,137017.47685802326,348119.08502174116,433287.3061207649,0.04061786853893097,0.046954766099898744,132523.7299037774,153199.0959681657,419076.8305169035,484458.0787381221,0.01779234833679001,0.025737055121803968,58051.011787551084,83972.16949509454,183573.41772594405,265543.3156702101,0.029360416561089907,0.03764618805374356,95794.09393368129,122828.04186928982,302927.5232225516,388416.37284548156,0.03537111627953766,0.04405885364480847,115405.17582136829,143750.61593146634,364943.209367717,454579.36139552074
2026-06-10,3228419.4372004657,-59644.71648825798,3288064.153688724,0.012332714955169941,-1.521278824824064,0.01770226903353787,0.023583325511284305,58206.1962481298,77543.48723842672,184064.15407883743,245214.03738562865,0.027867816571943895,0.03371187905984028,91631.16871178131,110846.82109015035,289763.1977923858,350528.4260340636,0.03355369349033554,0.036633910303788465,110326.69678943098,120454.64727933485,348883.6485773881,380911.0401549025,0.018333156535091048,0.026672228335327768,60280.59482699705,87699.99788839191,190623.97836307433,277331.74411927577,0.0320068459341741,0.03983740233999105,105240.56278879553,130987.93461019987,332799.8806505558,414220.21936943155,0.038530859484761704,0.04454215742514853,126691.93788266214,146457.47115759095,400635.08488978253,463139.1892064046,0.016878149896312426,0.02441464533027649,55496.43965464994,80276.92013550592,175495.15133878207,253857.91117163154,0.02785183284162552,0.035711868549808574,91578.61318107923,117422.91483986929,289597.0026117283,371323.86038997275,0.03355369349033554,0.04179504144144529,110326.69678943098,137424.77756555096,348883.6485773881,434575.3040491505
2026-06-11,3335134.688772228,106715.25157176238,3228419.4372004657,0.01443629405777227,2.2211515594985785,0.0212338488722959,0.027645304165075622,68551.77042589727,89250.63731384913,216779.73218280633,282235.2965333755,0.032621202731357345,0.03946208123004521,105314.92496277098,127400.15007546161,333035.03449207987,402874.64848573116,0.039276914102987816,0.04288252047938914,126802.35292333896,138442.76263180692,400984.2479062614,437794.4554825568,0.021460225076944284,0.03122168418101832,69282.60776510379,100796.69207213385,219090.84277379603,318747.1275585801,0.0374662222752381,0.04663242901246241,120956.68023185173,150549.04022770457,382498.60774531495,476077.86667186086,0.04510303042296,0.05213966956136205,145611.50009412802,168328.72266111072,460463.9938112669,532302.1592359092,0.019994798844954118,0.02861789086309736,64551.59723396329,92390.55511410513,204130.07386114908,292164.58844789007,0.032602492671824225,0.041803206967126555,105254.52104290307,134958.2859099853,332844.020525695,426775.57258776354,0.039276914102987816,0.04892398069676849,126802.35292333896,157947.13022666777,400984.2479062614,499472.6814034973
2026-06-12,3379574.4421862224,44439.75341399433,3335134.688772228,0.013637002414830835,0.9372692561782014,0.020058198259805773,0.026114671684378643,66896.79281054897,87095.94742046908,211546.23344171167,275421.56881894916,0.030815070588195954,0.03727719142286719,102772.41085565714,124324.45421440693,324994.89893049083,393148.4441748456,0.03710227641014137,0.040508251840202805,123741.08908787802,135100.4758937818,391303.6816675019,427225.2167970229,0.0202720407346886,0.029493038924515717,67609.98626646359,98363.25719446193,213801.54917472875,311051.93080744357,0.03539183682441934,0.04405053987591813,118036.54269248727,146914.48359931883,373264.3220399637,464584.3894412997,0.04260581921736003,0.04925286204834332,142096.14561537586,164264.92873874298,449347.46687553613,519451.31449967774,0.018887750487868137,0.02703340935323447,62993.1918449636,90160.06128975189,199201.96331402933,285111.1476559943,0.030797396445094292,0.03948869648103775,102713.46520790448,131700.1214483068,324808.49642543844,416472.35189744306,0.03710227641014137,0.046215215638792835,123741.08908787802,154133.96882602674,391303.6816675019,487414.4062916338
2026-06-15,3422586.6430441765,43012.2008579541,3379574.4421862224,0.012910132428459193,0.9443441394961817,0.018531088923885455,0.02458440437228952,62627.19451304347,83084.82469296089,198044.57812761707,262737.28502555634,0.029172587199462092,0.035290268578881706,98590.93011175103,119266.08974707611,311771.8957876123,377152.4912228158,0.03512467676410282,0.038349109268591516,118706.45988201417,129603.66956473867,375382.7862025674,409842.78894041764,0.019191514565937366,0.027921021544962666,64859.152133886535,94361.1708130867,205102.64785045167,298396.22244955663,0.03350540583557859,0.04170258873935091,113234.01323699851,140937.0030765133,358077.39043057093,445681.9363199402,0.04033487357316222,0.04662762036569104,136314.7078566715,157581.51408785125,431064.9554075314,498316.50165552075,0.01788100879185019,0.02559249343268036,60430.200313444046,86491.73671690529,191097.07245070432,273510.8868090348,0.029155855111202448,0.0373838975377018,98534.38277390433,126341.66466772545,311593.07740439766,399527.42372723285,0.03512467676410282,0.04375188446529399,118706.45988201417,147862.75053639198,375382.7862025674,467583.07279228244
2026-06-16,3386523.34689568,-36063.296148497146,3422586.6430441765,0.012250614555001111,-0.9018281132548068,0.01758442285150635,0.023328502918009777,60184.21077720643,79843.82248939735,190319.1852356249,252488.3361606709,0.027682297089761342,0.03348745493495641,94745.06026819785,114613.7159699256,299610.1874974288,362440.39356057957,0.03333032242624198,0.03639003385755395,114075.91634441158,124548.04382078949,360739.72181916964,393855.496592155,0.018211110457373357,0.026494668031073202,62329.103406408176,90680.29691504069,197101.93128040942,286756.2771518688,0.03179377242449761,0.03957219985329699,108816.94083207178,135439.282653769,344109.3810411249,428296.6178452445,0.03827435481453726,0.04424563480524846,130997.2955593688,151434.5186974539,414249.8212898664,478877.9954553092,0.016967552252265043,0.024285093455279377,58072.917703756466,83117.83648511875,183642.69031538587,262841.67747841927,0.02766641976510142,0.03547413024892561,94690.71874888953,121413.28436358218,299438.3445249005,383942.51679062675,0.03333032242624198,0.04151680671049684,114075.91634441158,142094.8681091933,360739.72181916964,449343.4270462743
2026-06-17,3348867.6619953867,-37655.68490029266,3386523.34689568,0.012664125007382915,-0.9188747888714281,0.018177972066164397,0.024115939315727343,61560.12680128323,81669.19152503007,194670.2137408307,258260.65988361533,0.028616692596302007,0.03461779925989611,96911.0975883135,117233.98541178615,306459.7989259215,370726.41308019706,0.03445536285932624,0.03761835259169316,116683.89074887059,127395.42932352249,368986.8610166813,402859.7201573349,0.018825813049622435,0.027388975995302003,63754.055416839736,92753.40665565558,201608.02518980915,293312.02577169274,0.032866947746368384,0.04090793025193238,111304.68588427689,138535.66087134907,351976.3216439076,438088.2255101299,0.039566277411801576,0.04573911355132242,133992.12220481722,154896.57590786595,423720.294686845,489825.98163002013,0.01754027945514498,0.02510481886054302,59400.565885923104,85018.05519081594,187841.0825024146,268850.69664087956,0.028600279344266913,0.036671533332764863,96855.51372709816,124189.00379787135,306284.02732333436,392720.1123485746,0.03445536285932624,0.042918175878323375,116683.89074887059,145343.4046181171,368986.8610166813,459616.2014766854
2026-06-18,3371386.745451286,22519.083455899265,3348867.6619953867,0.013112159217665287,0.47640443061458754,0.018821076374946174,0.02496911834074806,63029.294036002604,83618.27295986708,199316.12846623512,264424.1965628494,0.029629100264483035,0.035842515404444525,99223.9357297462,120031.84076251577,313773.6353121595,379574.0085521919,0.035674332293035335,0.03894922297442527,119468.61777942376,130435.79327890054,377792.9410950666,412474.19517220807,0.019491836819736354,0.02835794923453836,65275.58199850607,94967.01915205235,206419.514708365,300312.0831173178,0.03402972187954786,0.04235518003934571,113961.03514911469,141841.89275175735,360376.43558170885,448543.44872488145,0.040966061908849355,0.04735728200804846,137189.9199658466,158593.27027674942,433832.61910828465,501515.95564921055,0.018160823333955127,0.025992982684408316,60818.19397829357,87047.05915062105,192324.01614934482,275266.97053536447,0.029612106340794,0.03796890693473188,99167.02532825357,127152.84459503597,313593.66882088815,402092.59988974396,0.035674332293035335,0.04443654457929518,119468.61777942376,148812.10715241803,377792.9410950666,470585.20201067463
2026-06-22,3430656.202605242,59269.45715395594,3371386.745451286,0.012433765006591466,1.3650097058663675,0.017847315375938474,0.02367727120430087,60170.202500327905,79825.23830663537,190274.8871745945,252429.56781469018,0.02809615593662045,0.033988102675232036,94723.00772285464,114587.03886231469,299540.45122594014,362356.03313914366,0.033828620987233465,0.03693407604453783,114049.36441325411,124519.0544320447,360655.75724043604,393763.8240957454,0.01848337215406254,0.026890771458606685,62314.595891449826,90659.19047050632,197056.05448995208,286689.53271383216,0.03226909909085906,0.04016381639963559,108791.61296257637,135407.75825647044,344029.28728523996,428196.9289479169,0.03884656817878439,0.044907120640028476,130966.80506422339,151399.27130217387,414153.4018782206,478766.5334046361,0.01722122237170543,0.024648163064014444,58059.40084443685,83098.49025374025,183599.9462531238,262780.4993231226,0.028080041241078567,0.03600447939554973,94668.67885189776,121385.0246110303,299368.648251011,383853.15160645003,0.033828620987233465,0.042137495726829725,114049.36441325411,142061.79457994393,360655.75724043604,449238.8393635861
2026-06-23,3350149.29790039,-80506.90470485203,3430656.202605242,0.011819277245256228,-2.0476576104035225,0.016965285124812567,0.022507119334039115,58202.06064240468,77214.18854609765,184051.0761452416,244172.70348735375,0.026707618839894944,0.03230838031327138,91624.65822990221,110838.94531785355,289742.60984098265,350503.5206552729,0.032156780352599994,0.035108761049959594,110318.85797246154,120446.08886182921,348858.8600616035,380883.97606241796,0.01756990740940516,0.02556180553835511,60276.311833275606,87693.76671994699,190610.4343477104,277312.0394345057,0.030674331419913443,0.038178884754795285,105233.08534649492,130978.62779258915,332776.2349018133,414190.7886280139,0.03692673611640558,0.04268777066715431,126682.93629971381,146447.06521466305,400606.6193851188,463106.28272555076,0.016370134195514578,0.023430028851714076,56160.30241532226,80380.37380735268,177594.46971627386,254185.06040697492,0.026692300546985962,0.03422510589684814,91572.10643332069,117414.57182984332,289576.42646865116,371297.47747574904,0.032156780352599994,0.04005502308851573,110318.85797246154,137415.01340411266,348858.8600616035,434544.42705956387
2026-06-24,3363211.187022928,13061.889122538269,3350149.29790039,0.015646028900696437,0.21961661002714772,0.023013206284066872,0.030456347176276974,77097.67687500347,102033.31010921483,243804.26123270375,322657.65715140256,0.03535479941512465,0.042768930927567665,118443.85643798896,143282.3039189411,374552.36119804316,453098.42878032365,0.04256824713643644,0.04647599668378917,142609.9832569828,155701.52765941713,450972.3641705434,492371.46257146384,0.02351719451473379,0.03415025534512974,78786.1126921223,114408.45396760544,249143.56409780678,361791.2981161611,0.04060582266975176,0.05054014064266378,136035.5683077366,169317.01668980703,430182.2386478651,535427.4193645334,0.04888258126930396,0.05650887780237689,163763.94531891742,189313.1772947719,517867.06582304864,598660.8313347528,0.021805839908221693,0.0312632414715221,73052.81925865721,104736.52646591012,231013.29835397005,331205.97784678184,0.03533452148707626,0.04530623868785247,118375.92235157477,151782.66373061642,374337.53475421167,479978.92671617767,0.04256824713643644,0.05302372013589178,142609.9832569828,177637.3787853246,450972.3641705434,561738.7145437005
2026-06-25,3423362.4639324853,60151.27690955717,3363211.187022928,0.014739844008308363,1.1717781995694665,0.021680330064011863,0.028692379982835334,72915.52860963422,96498.53334058453,230579.14720161463,305155.156221944,0.03330712423142544,0.0402918449323842,112018.89282269249,135509.9836223876,354234.8422899965,428520.19393885933,0.04010278432185839,0.04378420528286357,134874.13286204182,147255.52902223516,426509.45728421677,465662.8697632907,0.022155128362621873,0.032172344805569505,74512.37555909886,108202.38996285036,235628.8206366147,342166.000556349,0.03825401932847835,0.04761296262195132,128656.34575412971,160132.44853745122,406847.08801718336,506383.26467804465,0.04605140558067899,0.05323600315313997,154880.60242706968,179043.92135702822,489775.46904854296,566186.5926962745,0.02054289179428948,0.02945254066760676,69090.08349635589,99055.1142595428,218482.02757969426,313239.7749483785,0.033288020758068596,0.042682197195251584,111954.64380738775,143549.24309378877,354031.6690642105,453942.56456956826,0.04010278432185839,0.04995269844531957,134874.13286204182,168001.4742332816,426509.45728421677,531267.30884326
2026-06-26,3389324.4354675305,-34038.02846495481,3423362.4639324853,0.013913445049223039,-0.750914921039767,0.020464808231662305,0.027083723002603352,70058.45633184927,92717.40071065714,221544.29136408892,293198.1649761909,0.03143973860784214,0.03803285639132629,107629.62102593575,130200.25296620114,340354.7461427055,411729.35130328964,0.03785439558712506,0.04132941528306837,129589.31694781546,141485.56893633385,409797.4019805564,447416.65388358175,0.020912986654273245,0.03036858132994042,71592.73352096004,103962.6614077989,226396.10184371984,328758.8016615318,0.03610928280778891,0.04494351084704989,123615.16336370718,153857.92803113308,390905.4695631159,486541.4886526464,0.04346950351883642,0.05025129194677849,148811.8666721657,172028.38661471428,470584.441545345,544001.5239065201,0.01939114117970807,0.02780126478324808,66382.90484742809,95173.80630881958,209921.17701610507,300966.00152357254,0.031421706183167225,0.040289191996977544,107567.88950016996,137924.507584622,340159.53391784825,436155.58912457444,0.03785439558712506,0.04715206785686513,129589.31694781546,161418.61919798955,409797.4019805564,510450.49342502904
2026-06-29,3454403.998925757,65079.56345822662,3389324.4354675305,0.013971274136842484,1.3287356241824448,0.020549867049529272,0.027196292318472814,69650.1665365786,92177.0581091178,220253.16566562976,291489.4516385058,0.03157041303047817,0.03819093409076671,107002.37232200218,129441.46612716555,338371.21157888684,409329.8566333776,0.03801173154176782,0.04150119462091098,128834.09054894553,140661.01302974724,407409.16641104064,444809.17916062305,0.02099990825660363,0.03049480365262142,71175.50219668302,103356.78317461428,225076.70054783614,326842.8464599498,0.036259365470420586,0.04513031161547961,122894.75340344412,152961.26793860918,388627.3332396133,483706.0004732936,0.04365017780323336,0.050460153688403224,147944.61424100123,171025.83191355207,467841.9485565469,540831.167571938,0.019471737466131397,0.027916816450818123,65996.03559496776,94619.14815721981,208697.78902164375,299212.0184417383,0.03155230565681234,0.040456647807229226,106941.00055797446,137120.7049901459,338177.1370205369,433613.7421368772,0.03801173154176782,0.04734804815174437,128834.09054894553,160477.89657240044,407409.16641104064,507475.6672817137
2026-06-30,3496907.407153104,42503.40822734684,3454403.998925757,0.013213922831107656,0.8910187298129305,0.019435905037890194,0.025722042561664563,67139.46808562915,88854.32668555259,212313.64004277295,280982.052287026,0.029859052040991197,0.03612068956492192,103145.22877453228,124775.45447702214,326173.85270666017,394574.6322300437,0.035951201182515574,0.039251508326887286,124189.9731310662,135590.5673282671,392723.177649282,428775.02199173556,0.0198615505246835,0.028841749025088386,68609.81955733265,99631.05316827838,216963.29965433662,315061.05369309476,0.03429382692932762,0.042683899062449016,118464.73288313716,147447.43161106727,374618.37831415905,466269.71903288295,0.041283999970700515,0.04772482240013396,142611.6145904387,164860.8173470443,450977.52289988723,521335.67973365786,0.01841621843111279,0.02640350870351449,63617.05859352625,91208.38605109148,201174.8031959309,288426.24162937986,0.02984192622727151,0.0382635840435127,103086.06929513413,132177.87773314206,325986.7740065722,417983.1499239826,0.035951201182515574,0.044781417095729366,124189.9731310662,154693.1062930498,392723.177649282,489182.5542125639
2026-07-01,3413031.2984389737,-83876.10871413024,3496907.407153104,0.012526067364141797,-1.9745485764978583,0.01842416206749316,0.024383072459923293,64427.588804406085,85265.34669425662,203737.92477468777,269632.7010377595,0.02830472843494875,0.03424041418376734,98979.01452162936,119735.5579832062,312999.12644723017,378637.08013808867,0.034079748579571176,0.03720825705817664,119173.72524181791,130113.82971399465,376860.4090112453,411456.056983518,0.018827650426624813,0.02734038149045588,65838.5502361536,95606.7825483668,208199.77658966213,302335.1926132764,0.03250864953439185,0.040461973469512635,113679.73735335917,141491.7747335711,359486.8938463366,447436.27833754866,0.039134946624391216,0.045240489744533374,136851.284729375,158201.8036908928,432761.7604650447,500278.02961005375,0.017457555610799005,0.025029064638650022,61047.45552619027,87524.32152900909,193049.0048205942,276776.2066925798,0.028288494111571777,0.036271759525809535,98922.24459596231,126838.98455627952,312819.6041795238,401100.08730076486,0.034079748579571176,0.04245030445329283,119173.72524181791,148444.7840786241,376860.4090112453,469423.6244603517
2026-07-02,3362570.770126927,-50460.52831204655,3413031.2984389737,0.0162736475984165,-0.9432573339606549,0.02405991046106502,0.03223387488578493,82117.22744125419,110015.22385514996,259677.47385244395,347898.6846755641,0.036773008042240686,0.044484547132932366,125507.42738591555,151827.15166158188,396889.3338076858,480119.60990641685,0.04427581319051722,0.048340316678278206,151114.7361830724,164987.01379941503,477866.7543539682,521734.7479557823,0.02488314282482497,0.03578820027642015,84926.9452646548,122146.2476582243,268562.5817567606,386260.35024299694,0.042234668794579454,0.05256748812195454,144148.24647510351,179414.48224054984,455836.7795806652,567358.4090999672,0.05084343805872674,0.058775652874892025,173530.24541467766,200603.1428481911,548750.8184383715,634362.837188401,0.02283766884691765,0.032740517047608546,77945.67855791464,111744.40941056274,246485.87801035892,353366.8495277318,0.03675191669329969,0.0471236354665711,125435.44195185365,160834.44274363603,396661.69587769435,508603.1652738305,0.04427581319051722,0.05515069295379832,151114.7361830724,188231.04118191142,477866.7543539682,595238.8164797927
2026-07-06,3370409.6761317234,7838.90600479627,3362570.770126927,0.016790706709664947,0.11156899183885115,0.024824360830564603,0.03325803487202915,83473.67011594035,111832.49593254726,263966.92221990303,353645.4035683654,0.03794138893172874,0.04589794509830811,127580.60539984838,154335.0885964613,403445.2983266979,488050.4028486972,0.04568257909715506,0.04987622318159779,153610.90517610498,167712.33019476777,485760.33379664004,530352.9551096968,0.02567374957947315,0.03692529108019962,86329.7998954949,124163.90446470778,272998.79761633003,392640.74128802633,0.04357658185855182,0.05423770363599493,146529.34041960968,182378.11688520352,463366.4597681393,576730.2447296566,0.05245887570025579,0.06064311907475591,176396.68206340188,203916.77961010093,557815.28701692,644841.4766945011,0.02356328519602199,0.03378077446648607,79233.21404830809,113590.24481325611,250557.42272830408,359203.89358601696,0.03791962745188608,0.04862088461896837,127507.43088381476,163491.16543745695,403213.9001893511,517004.4600977628,0.04568257909715506,0.0569029840803557,153610.90517610498,191340.31100160195,485760.33379664004,605071.1909700359
2026-07-07,3325606.8252520785,-44802.850879644975,3370409.6761317234,0.015785841601937235,-0.8765658772240559,0.023338709603870363,0.03126765773231908,78661.01267731305,105384.81617098312,248747.96311568873,333256.0498984513,0.03567072942135358,0.04315111351205069,120224.97159640667,145436.930516874,380184.74187369476,459911.95633697155,0.04294863641329417,0.046891305557399246,144754.49974402995,158042.9099771077,457753.9207493953,499775.56356860994,0.024137265405039826,0.0347154414746542,81352.47287650574,117005.25985735905,257259.10757682813,370003.1193691226,0.040968675748293,0.050991766651358295,138081.2211603498,171863.1437247889,436651.1609641435,543478.9800072074,0.0493193953500053,0.057013840365068104,166226.56730862378,192159.99923985498,525654.5603265364,607663.2727741662,0.022153104938195792,0.031759113189188455,74665.03924005656,107041.2223982034,236111.5855844263,338494.0663069538,0.03565027029001624,0.04571109461993675,120156.01594218203,154065.11561360757,379966.6849487979,487196.6733161698,0.04294863641329417,0.05349753937712462,144754.49974402995,180308.62436589872,457753.9207493953,570185.9347679735
2026-07-08,3309298.994977668,-16307.830274410546,3325606.8252520785,0.016111773548180552,-0.3333566661371685,0.023820586417018137,0.03191324437864106,79217.90476994247,106130.90332154624,250509.0105393352,335615.38462721574,0.036407226755952066,0.04404205913054867,121076.12178809427,146466.57244270828,382876.3151103165,463167.96999700996,0.043835401465653734,0.04785947531784697,145779.310301843,159161.79777001526,460994.65628227225,503313.79744035663,0.024635630084531523,0.0354322148776726,81928.41955350347,117833.61563098623,259080.41088694625,372622.6103267353,0.04181456034275224,0.05204459906702265,139058.78727077172,173079.87387479848,439742.49643646844,547326.618579036,0.05033769813799211,0.05819101117556908,167403.3924951854,193520.4239337925,529376.0083239238,611965.3133921463,0.022610502446032972,0.03241484696846594,75193.64125690606,107799.03631783197,237783.17193342943,340890.4843355598,0.036386345202759525,0.04665489643995248,121006.6779522753,155155.84203213485,382656.7144196698,490645.85310283414,0.043835401465653734,0.054602108748090246,145779.310301843,181585.14552580516,460994.65628227225,574222.6491146778
2026-07-09,3340400.4763029986,31101.48132533068,3309298.994977668,0.015355460198279443,0.5795418057456256,0.02270240861643092,0.03041518380262531,75129.0580179272,100652.93719008898,237578.94179958524,318292.5347065494,0.034698211199963636,0.04197465189087022,114826.75545156252,138906.67331699427,363114.08355409384,439261.4698786381,0.04177769507922723,0.04561287223632352,138254.88433817014,150946.6322497102,437200.3321517586,477335.16304091044,0.023479192783545457,0.033768967994986944,77699.6690814739,111751.61184724333,245707.92773882067,353389.6256323456,0.039851715587462075,0.04960153934135482,131881.2423417241,164146.32429169075,417045.10645248636,519076.25430636783,0.0479747631705158,0.05545942868002827,158762.83554447957,183531.8315928532,502052.1681072941,580378.6109758649,0.021549127992328738,0.03089324033565543,71312.50760765863,102234.96919438806,225509.94969828648,323295.35917141585,0.034678309861481724,0.044464838287119605,114760.89597212563,147147.44465540943,362905.8175935602,465321.07698466425,0.04177769507922723,0.05203899527982801,138254.88433817014,172212.59477918246,437200.3321517586,544584.0412698383
2026-07-10,3347519.733528068,7119.257225069217,3340400.4763029986,0.014474683877603747,0.11563650783806656,0.02140021749526239,0.02867059436431248,71485.29671416225,95771.26707043947,226056.35682970335,302855.3383428703,0.03270795090166554,0.039567021056189915,109257.65477081867,132169.69598198758,345503.040884149,417957.27695508575,0.03938136152210494,0.0429965561334521,131549.5187858999,143625.716587572,415996.1044625519,454184.394990554,0.022132445973922412,0.031832008307710845,73931.23307304081,106331.65571275832,233791.08673557863,336250.2194291711,0.037565854598960266,0.046756436638029496,125484.99859509607,156185.2232159047,396818.4077435328,493901.0422240672,0.04522297098421913,0.05227832235636076,151062.83381552226,174630.53289950918,477702.6246565545,552230.2329714171,0.020313088080677014,0.029121229975481566,67853.84909987827,97276.57048062778,214572.71116498136,307615.5256886841,0.03268919108727071,0.041914372448892415,109194.98947787881,140010.7896922215,345304.8758282174,442752.9924262453,0.03938136152210494,0.0490540821477968,131549.5187858999,163860.27937110685,415996.1044625519,518171.70084420074
2026-07-13,3308236.3455995936,-39283.38792847423,3347519.733528068,0.013671952600086254,-0.8967015491109256,0.02021341272119032,0.027080591913422304,67664.79796613187,90652.81582580178,213974.8789881056,286669.3743172915,0.03089404633322809,0.03737272889557557,103418.42974901147,125105.94747373386,327037.79004499194,395619.7428503873,0.03719736559429536,0.04061207017674931,124518.91536216172,135949.70633609503,393763.38431816123,429910.7192530849,0.020905033563298158,0.03006668141623152,69980.01238320717,100648.80936253665,221296.2298177226,318279.4813696957,0.035482542334025896,0.04416343671955221,118778.51065889675,147837.9759191191,375610.63076470094,467504.7285735412,0.042715013395765854,0.04937909188981326,142989.35026024195,165297.48452484564,452172.02796995477,522716.5425949478,0.01918657289850043,0.027506236353598827,64227.431396505,92077.6689887592,203104.97147516496,291175.155643532,0.030876326893179425,0.03958990180575092,103359.1135737815,132527.97754318969,326850.21582917555,419090.2627321254,0.03719736559429536,0.04633366031593378,124518.91536216172,155102.84223417466,393763.38431816123,490478.25302575115
2026-07-14,3324463.2901292373,16226.944529643748,3308236.3455995936,0.01406238170080813,0.3155819972453928,0.02079064589205464,0.027853930693700617,68780.37038858605,92147.38588871248,217502.62873793236,291395.61983879044,0.03177628569437582,0.038439979592021806,105123.46326229052,127168.53761043318,332429.57943387266,402142.2255617552,0.038259608451845346,0.0417718265408448,126571.82724880417,138191.0747845045,400255.2617155848,436998.54862569645,0.02150201730756799,0.030925293768863313,71133.75516060794,102308.18084449825,224944.68482827765,323526.8747370233,0.03649581509030449,0.045424609237301676,120736.78194402742,150275.34326350043,381803.2283022189,475212.3608763022,0.043934823378673965,0.05078920754811952,145346.77953882795,168022.7023748902,459626.8739130541,531334.4381212358,0.019734482668363806,0.028291730235702483,65286.33282508639,93595.73024564992,206453.51180708827,295975.6868429647,0.031758060241378915,0.040720468171201105,105063.16915627112,134712.93281379892,332238.9127293677,425999.69797284016,0.038259608451845346,0.04765680777405098,126571.82724880417,157659.9835933687,400255.2617155848,498564.64401982306
2026-07-15,3314101.664687785,-10361.625441452488,3324463.2901292373,0.013296772116628976,-0.2690004360054532,0.019658723996113122,0.026337456688807572,65354.706255860816,87557.90791730951,206669.7275797753,276882.41617798794,0.0300462637539366,0.03634716079237197,99887.70085550292,120834.80175466534,315872.6449409388,382113.1941596531,0.03617660974359727,0.03949760931158966,120267.81105392081,131308.35220424656,380320.2121331655,415233.4687690103,0.02033136564413646,0.02924160306790353,67590.87872212644,97212.63594377578,213741.1258141307,307413.34693108377,0.0345088440060278,0.04295152061479098,114723.3850828358,142790.7535391018,362787.19774634595,451544.0099953106,0.04154284436874578,0.04802404977477662,138107.66107144745,159654.19051958414,436734.77130434447,504870.8800323472,0.018660062318299742,0.02675142075738557,62034.692168711365,88934.1162667296,196170.92120053826,281234.3690970963,0.030029030563970754,0.03850349089328081,99830.40974808965,128003.44201653746,315691.4745518395,404782.4251135549,0.03617660974359727,0.04506218976698178,120267.81105392081,149807.5956531683,380320.2121331655,473733.21305755177
2026-07-16,3314650.365350546,548.7006627609953,3314101.664687785,0.012703023447751594,-0.022800640038785243,0.018780891308439806,0.025161394580392675,62241.78314962071,83387.41966474557,196825.80038309025,263694.1743449103,0.0287045900791409,0.034724129416888475,95129.92976546133,115079.29510534418,300827.25171070534,363912.68405955425,0.03456119408546964,0.03773389908576226,114539.31085225256,125053.97777528559,362205.1039191599,395455.40023397864,0.01942349708913818,0.02793586038500868,64371.44403717119,92582.28140644281,203560.3794315255,292770.88021901646,0.03296790008269382,0.04103358083454927,109258.97254531614,135989.45855188053,345507.20805300353,430036.4267970056,0.03968780704623082,0.04587960333486096,131529.42739972117,152049.66978727796,415932.569920877,480823.2740042881,0.01782682346412674,0.025556873665357697,59079.90531855769,84698.07755857735,186827.06475373803,267838.8385226979,0.028688126413049943,0.036784171628086566,95075.36750226242,121906.48442680287,300654.7106847032,385502.15233254316,0.03456119408546964,0.043050001022513135,114539.31085225256,142672.0800535216,362205.1039191599,451168.73148300603
2026-07-17,3285571.577735971,-29078.787614574656,3314650.365350546,0.01206369056243541,-0.7681482931444105,0.017835664254548182,0.0238950419627008,59118.991037607804,79203.70957173283,186950.66464992182,250464.1213811552,0.027259911300691213,0.032976492097198155,90357.0749522596,109305.54157795725,285734.1595596904,345654.4722645802,0.032821757169091526,0.03583478249545162,108792.64939197613,118779.77489080606,344032.5647627771,375614.62861702504,0.018132662244393753,0.026190482302113946,60103.4355331578,86812.291731409,190063.75148587528,274524.5707702548,0.03130865236348922,0.03896839393335917,103777.23599527277,129166.60118833298,328172.4350218729,408460.65737774386,0.03769035185022157,0.043570520044738374,124930.33853052754,144421.04018480534,395064.4186123602,456699.42903468973,0.016929613872392914,0.024270616905513145,56115.750807370845,80448.60919314229,177453.58516172454,254400.83964309038,0.027244276237585064,0.03493285405178839,90305.25018462252,115790.19744549769,285570.27525474824,366160.7546483831,0.032821757169091526,0.04088332932582666,108792.64939197613,135513.942486598,344032.5647627771,428532.7129667115
2026-07-20,3259645.617243641,-25925.960492329672,3285571.577735971,0.012214204210249992,-0.685868568268894,0.01805819241657742,0.024193170459272793,59331.48374919402,79488.3932363082,187622.6256047195,251364.37017385673,0.02760002187197403,0.033387926068584435,90681.84740744902,109698.42093049093,286761.18023937393,346896.8658642389,0.0332312605771603,0.03628187816688964,109183.68524465575,119206.70769201187,345269.1287040308,376964.70867667126,0.018358895926770508,0.026517250052738237,60319.466655609875,87124.32309299444,190746.90187830658,275511.3005742684,0.03169927739245516,0.039454586370908026,104150.24483541909,129630.86759158444,329351.9925441129,409928.79665311263,0.03816059868845336,0.044114131294974886,125379.37844017094,144940.13595928243,396484.4074871495,458340.9540058065,0.01714083762078387,0.024573431294381356,56317.448905434954,80737.76742826703,178091.41055133112,255315.23827027908,0.027584191736690772,0.035368696737299685,90629.83636489064,116206.38474163481,286596.70688140945,367476.85443740344,0.0332312605771603,0.04139341361552124,109183.68524465575,136001.02328062576,345269.1287040308,430072.99768036255
2026-07-21,3295012.141003307,35366.52375966543,3259645.617243641,0.01221352038224163,0.8462900463597848,0.01805718140533655,0.024191815973357348,58860.01222767866,78856.74691071898,186131.70174482587,249366.9291093185,0.027598476649079228,0.03338605680239289,89961.25345177208,108826.71373296724,284482.46207128436,344140.2856673017,0.033229400082088766,0.036279846879049726,108316.06834121613,118259.44387356483,342525.48315269925,373969.1974653104,0.018357868080254986,0.026515765450223112,59840.1442297401,86431.99863768012,189231.1512789609,273321.97841563966,0.03169750266744216,0.03945237745489889,103322.62564749646,128600.769260703,326734.8308750185,406671.3397135896,0.038158462218016984,0.04411166150832118,124383.06412971612,143788.38410493414,393333.7850006922,454698.79484674335,0.017139877968836835,0.02457205551907161,55869.92810120983,80096.1930794092,176676.2255096694,253286.40203954888,0.02758264740006655,0.035366716575102305,89909.65570960364,115282.96268033027,284319.29568390996,364556.73748203344,0.033229400082088766,0.04139109615176308,108316.06834121613,134920.30516400465,342525.48315269925,426655.46692323236
2026-07-22,3298112.8018964664,3100.660893159453,3295012.141003307,0.011620116499276174,0.041771118461924626,0.017179858469279705,0.023016436796404506,56607.842236995115,75839.43868678811,179009.71489638567,239825.36271893958,0.026257582075283194,0.03176396791045877,86519.05173144894,104662.65991140109,273597.2644693133,330972.3912916243,0.03161492248511397,0.03451716082804655,104171.55342532898,113734.46400137716,329419.37622195465,359659.95470277977,0.017465936036023897,0.02522747528608324,57550.471292685914,83124.83735450514,181990.5697010223,262863.8161712816,0.030157453560018813,0.0375355514095602,99369.1756220054,123680.09761375465,314232.92417881597,391110.8096914209,0.036304502103365256,0.041968460334222725,119623.77520366861,138286.58634047958,378283.5919515654,437300.5826854444,0.016307122970937112,0.023378202092613112,53732.1681740717,77031.45972998912,169916.03504927733,243594.86423430472,0.026242521903288,0.03364839570719603,86469.42828187917,110871.87238049447,273440.34134331835,350607.6451698773,0.03161492248511397,0.039380075871945544,104171.55342532898,129757.82811169195,329419.37622195465,410330.281069572
2026-07-23,3303147.4313961896,5034.629499723204,3298112.8018964664,0.01108443899784451,0.09654665894924998,0.016387881585025008,0.021955398608385843,54049.08205153433,72411.3812210572,170918.20472417475,228984.89317728532,0.02504712984267428,0.030299675967526005,82608.25958488707,99931.74920181221,261230.2538306788,316011.93804244004,0.030157501409702508,0.03292594902995187,99462.84147255057,108593.49401027481,314529.12160551565,343402.7801483208,0.016660771218913385,0.024064510101567245,54949.10284656643,79367.46883734576,173764.32037799174,250981.97364844853,0.028767220564198278,0.03580519436923402,94877.53841776164,118089.56992356198,300029.1201902548,373432.00886817183,0.03463089539050118,0.04003374995742309,114216.59942854928,132035.82324249923,361184.6007933019,417533.9341816962,0.015555378451925225,0.022300486831693354,51303.39281063902,73549.52110813142,162235.57297592683,232584.00751632667,0.025032763931817175,0.03209723324331389,82560.87919037834,105860.2958652304,261080.42386759387,334759.6487134331,0.030157501409702508,0.03756468782049295,99462.84147255057,123892.57780001208,314529.12160551565,391782.73103765113
2026-07-24,3299575.9274482504,-3571.503947939258,3303147.4313961896,0.010602157365961273,-0.14497204396262364,0.01567484827089228,0.021000123788292697,51776.334803522834,69366.50495030104,163731.14687457882,219356.14896829627,0.023957334440591654,0.028981343377667973,79134.60772053979,95729.64993635494,250245.60214085114,302723.73340947455,0.028845354805240104,0.03149334784620613,95280.45963264059,104027.1710442625,301303.2689468744,328962.79904378625,0.015760601887450192,0.02274070344227782,52059.59164178904,75115.89616350246,164626.88364631796,237537.32036137153,0.027515564789725208,0.034247317820529234,90887.96715859626,113123.93989109009,287412.9881237463,357729.30794782477,0.03312411234575201,0.03829188983589362,109413.82661214955,126483.75755473788,345996.8996091371,399976.7608895011,0.014878567175701437,0.02133019729488674,49146.10094927386,70456.78640577909,155413.61711626872,222803.9216582504,0.023943593587523494,0.03070068931082145,79089.2196570225,101408.90303913233,250102.07248155214,320683.1086228295,0.028845354805240104,0.035930256078230235,95280.45963264059,118682.93307421354,301303.2689468744,375308.38790384436
